placar_casa,placar_visitante,data,round,stage,ano,equipe_casa,equipe_visitante,Pts_casa,3P_casa,2P_casa,LL_casa,RT_casa,RO_casa,RD_casa,AS_casa,ER_casa,IA%_casa,3PC_casa,3PT_casa,3P%_casa,2PC_casa,2PT_casa,2P%_casa,LLC_casa,LLT_casa,LL%_casa,EN_casa,BR_casa,B/E_casa,TO_casa,FC_casa,T/FC_casa,ET_casa,VI_casa,EF_casa,Pts_visitante,3P_visitante,2P_visitante,LL_visitante,RT_visitante,RO_visitante,RD_visitante,AS_visitante,ER_visitante,IA%_visitante,3PC_visitante,3PT_visitante,3P%_visitante,2PC_visitante,2PT_visitante,2P%_visitante,LLC_visitante,LLT_visitante,LL%_visitante,EN_visitante,BR_visitante,B/E_visitante,TO_visitante,FC_visitante,T/FC_visitante,ET_visitante,VI_visitante,EF_visitante
70,64,2012-12-17,4,1,2012-2013,Flamengo,Mogi,88.5,41.4,49.6,20.0,33.1,8.3,24.8,12.4,12.0,1.254,6.3,19.1,33.351000000000006,24.8,41.3,60.484000000000016,20.0,25.1,79.24199999999999,1.5,5.9,0.558,1.7,22.0,0.08000000000000002,12.0,2.3,102.6,72.28571428571429,57.42857142857143,38.285714285714285,16.0,34.57142857142857,10.857142857142858,23.714285714285715,11.714285714285714,17.285714285714285,0.7342857142857142,6.0,18.142857142857142,32.57142857142857,19.142857142857142,41.0,47.04571428571428,16.0,22.285714285714285,70.80142857142857,0.7142857142857143,5.428571428571429,0.3157142857142858,1.2857142857142858,22.857142857142858,0.06142857142857144,17.285714285714285,3.2857142857142856,77.28571428571429
