placar_casa,placar_visitante,data,round,stage,ano,equipe_casa,equipe_visitante,Pts_casa,3P_casa,2P_casa,LL_casa,RT_casa,RO_casa,RD_casa,AS_casa,ER_casa,IA%_casa,3PC_casa,3PT_casa,3P%_casa,2PC_casa,2PT_casa,2P%_casa,LLC_casa,LLT_casa,LL%_casa,EN_casa,BR_casa,B/E_casa,TO_casa,FC_casa,T/FC_casa,ET_casa,VI_casa,EF_casa,Pts_visitante,3P_visitante,2P_visitante,LL_visitante,RT_visitante,RO_visitante,RD_visitante,AS_visitante,ER_visitante,IA%_visitante,3PC_visitante,3PT_visitante,3P%_visitante,2PC_visitante,2PT_visitante,2P%_visitante,LLC_visitante,LLT_visitante,LL%_visitante,EN_visitante,BR_visitante,B/E_visitante,TO_visitante,FC_visitante,T/FC_visitante,ET_visitante,VI_visitante,EF_visitante
86,90,2013-01-17,15,1,2012-2013,Minas,Brasília,81.4,54.2,42.53333333333333,16.266666666666666,26.133333333333333,7.333333333333333,18.8,13.266666666666667,13.066666666666666,1.146,7.533333333333333,20.533333333333335,36.26133333333334,21.266666666666666,38.266666666666666,55.93733333333332,16.266666666666666,20.466666666666665,79.16666666666667,0.6666666666666666,7.4,0.6046666666666667,1.8666666666666667,22.266666666666666,0.08666666666666667,13.066666666666666,3.1333333333333333,90.13333333333334,86.2,50.2,39.06666666666667,18.133333333333333,31.666666666666668,9.533333333333333,22.133333333333333,16.2,12.733333333333333,1.4940000000000002,9.666666666666666,26.933333333333334,35.91133333333333,19.533333333333335,35.666666666666664,55.09733333333334,18.133333333333333,22.4,81.93066666666667,0.8666666666666667,7.6,0.7026666666666667,3.2666666666666666,23.066666666666666,0.14933333333333332,12.733333333333333,3.066666666666667,101.86666666666666
