placar_casa,placar_visitante,data,round,stage,ano,equipe_casa,equipe_visitante,Pts_casa,3P_casa,2P_casa,LL_casa,RT_casa,RO_casa,RD_casa,AS_casa,ER_casa,IA%_casa,3PC_casa,3PT_casa,3P%_casa,2PC_casa,2PT_casa,2P%_casa,LLC_casa,LLT_casa,LL%_casa,EN_casa,BR_casa,B/E_casa,TO_casa,FC_casa,T/FC_casa,ET_casa,VI_casa,EF_casa,Pts_visitante,3P_visitante,2P_visitante,LL_visitante,RT_visitante,RO_visitante,RD_visitante,AS_visitante,ER_visitante,IA%_visitante,3PC_visitante,3PT_visitante,3P%_visitante,2PC_visitante,2PT_visitante,2P%_visitante,LLC_visitante,LLT_visitante,LL%_visitante,EN_visitante,BR_visitante,B/E_visitante,TO_visitante,FC_visitante,T/FC_visitante,ET_visitante,VI_visitante,EF_visitante
53,73,2012-12-15,8,1,2012-2013,Tijuca,Brasília,71.86666666666666,29.6,38.93333333333333,15.933333333333334,26.266666666666666,7.4,18.866666666666667,10.6,11.733333333333333,0.9853333333333332,5.666666666666667,18.933333333333334,29.201999999999998,19.466666666666665,39.733333333333334,49.36866666666668,15.933333333333334,20.666666666666668,75.91799999999999,1.0666666666666667,7.866666666666666,0.7779999999999999,1.5333333333333334,19.533333333333335,0.08666666666666667,11.733333333333333,3.3333333333333335,76.2,85.0,27.2,39.06666666666667,21.533333333333335,29.2,7.533333333333333,21.666666666666668,14.333333333333334,13.466666666666667,1.1846666666666665,8.133333333333333,22.733333333333334,35.27533333333333,19.533333333333335,35.333333333333336,55.298,21.533333333333335,26.466666666666665,81.52400000000002,0.9333333333333333,7.533333333333333,0.636,2.8,24.466666666666665,0.11933333333333333,13.466666666666667,3.1333333333333333,98.13333333333334
