placar_casa,placar_visitante,data,round,stage,ano,equipe_casa,equipe_visitante,Pts_casa,3P_casa,2P_casa,LL_casa,RT_casa,RO_casa,RD_casa,AS_casa,ER_casa,IA%_casa,3PC_casa,3PT_casa,3P%_casa,2PC_casa,2PT_casa,2P%_casa,LLC_casa,LLT_casa,LL%_casa,EN_casa,BR_casa,B/E_casa,TO_casa,FC_casa,T/FC_casa,ET_casa,VI_casa,EF_casa,Pts_visitante,3P_visitante,2P_visitante,LL_visitante,RT_visitante,RO_visitante,RD_visitante,AS_visitante,ER_visitante,IA%_visitante,3PC_visitante,3PT_visitante,3P%_visitante,2PC_visitante,2PT_visitante,2P%_visitante,LLC_visitante,LLT_visitante,LL%_visitante,EN_visitante,BR_visitante,B/E_visitante,TO_visitante,FC_visitante,T/FC_visitante,ET_visitante,VI_visitante,EF_visitante
82,61,2012-12-22,10,1,2012-2013,Sesi Franca,Palmeiras,79.6,50.4,48.666666666666664,15.533333333333333,29.866666666666667,8.2,21.666666666666668,16.0,14.333333333333334,1.3306666666666667,5.133333333333334,15.8,33.116,24.333333333333332,44.333333333333336,54.57733333333332,15.533333333333333,21.533333333333335,71.686,2.933333333333333,8.8,0.7193333333333333,2.533333333333333,20.266666666666666,0.13533333333333333,14.333333333333334,3.6,95.4,76.14285714285714,54.0,36.0,13.142857142857142,26.571428571428573,7.857142857142857,18.714285714285715,12.285714285714286,11.142857142857142,1.2757142857142856,9.0,24.714285714285715,36.58142857142857,18.0,38.857142857142854,46.83142857142857,13.142857142857142,20.142857142857142,63.105714285714285,1.4285714285714286,8.428571428571429,0.7914285714285715,1.4285714285714286,23.857142857142858,0.055714285714285716,11.142857142857142,2.7142857142857144,79.85714285714286
