placar_casa,placar_visitante,data,round,stage,ano,equipe_casa,equipe_visitante,Pts_casa,3P_casa,2P_casa,LL_casa,RT_casa,RO_casa,RD_casa,AS_casa,ER_casa,IA%_casa,3PC_casa,3PT_casa,3P%_casa,2PC_casa,2PT_casa,2P%_casa,LLC_casa,LLT_casa,LL%_casa,EN_casa,BR_casa,B/E_casa,TO_casa,FC_casa,T/FC_casa,ET_casa,VI_casa,EF_casa,Pts_visitante,3P_visitante,2P_visitante,LL_visitante,RT_visitante,RO_visitante,RD_visitante,AS_visitante,ER_visitante,IA%_visitante,3PC_visitante,3PT_visitante,3P%_visitante,2PC_visitante,2PT_visitante,2P%_visitante,LLC_visitante,LLT_visitante,LL%_visitante,EN_visitante,BR_visitante,B/E_visitante,TO_visitante,FC_visitante,T/FC_visitante,ET_visitante,VI_visitante,EF_visitante
85,94,2013-01-15,4,1,2012-2013,Palmeiras,Pinheiros,74.41666666666667,53.0,35.333333333333336,14.583333333333334,27.083333333333332,8.833333333333334,18.25,10.916666666666666,12.166666666666666,1.0525000000000002,8.166666666666666,23.5,35.10166666666667,17.666666666666668,38.5,46.4175,14.583333333333334,21.333333333333332,67.075,1.3333333333333333,8.0,0.7208333333333333,1.4166666666666667,23.0,0.06000000000000002,12.166666666666666,3.0,76.5,89.53333333333333,52.4,38.13333333333333,19.4,29.066666666666666,6.933333333333334,22.133333333333333,16.866666666666667,14.2,1.3046666666666666,10.666666666666666,27.6,39.672000000000004,19.066666666666666,34.2,55.98733333333333,19.4,25.933333333333334,74.53466666666668,1.6,7.133333333333334,0.5506666666666666,2.6666666666666665,22.066666666666666,0.126,14.2,2.2666666666666666,101.26666666666667
