placar_casa,placar_visitante,data,round,stage,ano,equipe_casa,equipe_visitante,Pts_casa,3P_casa,2P_casa,LL_casa,RT_casa,RO_casa,RD_casa,AS_casa,ER_casa,IA%_casa,3PC_casa,3PT_casa,3P%_casa,2PC_casa,2PT_casa,2P%_casa,LLC_casa,LLT_casa,LL%_casa,EN_casa,BR_casa,B/E_casa,TO_casa,FC_casa,T/FC_casa,ET_casa,VI_casa,EF_casa,Pts_visitante,3P_visitante,2P_visitante,LL_visitante,RT_visitante,RO_visitante,RD_visitante,AS_visitante,ER_visitante,IA%_visitante,3PC_visitante,3PT_visitante,3P%_visitante,2PC_visitante,2PT_visitante,2P%_visitante,LLC_visitante,LLT_visitante,LL%_visitante,EN_visitante,BR_visitante,B/E_visitante,TO_visitante,FC_visitante,T/FC_visitante,ET_visitante,VI_visitante,EF_visitante
87,75,2018-12-13,9,1,2018-2019,Coop/São José Basketball,Brasília,79.13333333333334,24.6,39.2,15.333333333333334,35.46666666666667,9.733333333333333,25.733333333333334,18.4,13.733333333333333,1.4326666666666665,8.2,25.666666666666668,32.82066666666667,19.6,37.333333333333336,52.45466666666667,15.333333333333334,20.266666666666666,75.71866666666666,0.7333333333333333,7.333333333333333,0.5746666666666668,2.0,23.333333333333332,0.09000000000000002,13.733333333333333,2.3333333333333335,88.2,78.04466666666667,27.2,34.977999999999994,15.866666666666667,34.266666666666666,9.888666666666667,24.378,16.066666666666666,14.533333333333333,1.1513333333333335,9.066666666666666,26.088666666666665,34.784,17.488666666666667,36.11133333333333,48.63933333333333,15.866666666666667,20.84466666666667,77.30933333333333,0.9333333333333333,5.8,0.41266666666666674,2.1333333333333333,23.333333333333332,0.09333333333333334,14.533333333333333,2.244666666666667,81.08866666666667
