placar_casa,placar_visitante,data,round,stage,ano,equipe_casa,equipe_visitante,Pts_casa,3P_casa,2P_casa,LL_casa,RT_casa,RO_casa,RD_casa,AS_casa,ER_casa,IA%_casa,3PC_casa,3PT_casa,3P%_casa,2PC_casa,2PT_casa,2P%_casa,LLC_casa,LLT_casa,LL%_casa,EN_casa,BR_casa,B/E_casa,TO_casa,FC_casa,T/FC_casa,ET_casa,VI_casa,EF_casa,Pts_visitante,3P_visitante,2P_visitante,LL_visitante,RT_visitante,RO_visitante,RD_visitante,AS_visitante,ER_visitante,IA%_visitante,3PC_visitante,3PT_visitante,3P%_visitante,2PC_visitante,2PT_visitante,2P%_visitante,LLC_visitante,LLT_visitante,LL%_visitante,EN_visitante,BR_visitante,B/E_visitante,TO_visitante,FC_visitante,T/FC_visitante,ET_visitante,VI_visitante,EF_visitante
101,75,2018-10-25,2,1,2018-2019,Sesi Franca,R10 Score Vasco da Gama,79.93333333333334,25.2,36.93333333333333,17.8,35.2,10.266666666666667,24.933333333333334,15.4,13.666666666666666,1.2246666666666668,8.4,24.866666666666667,32.833333333333336,18.466666666666665,35.8,51.90933333333333,17.8,22.933333333333334,77.218,1.8,6.666666666666667,0.5059999999999999,1.5333333333333334,22.933333333333334,0.06999999999999999,13.666666666666666,2.1333333333333333,86.13333333333334,76.1,26.9,33.266666666666666,15.933333333333334,32.13333333333333,8.433333333333334,23.7,15.833333333333334,14.2,1.164,8.966666666666667,24.4,37.284000000000006,16.633333333333333,34.0,49.22133333333333,15.933333333333334,20.6,77.01533333333333,0.5333333333333333,6.166666666666667,0.438,1.2333333333333334,21.3,0.059333333333333335,14.2,3.7333333333333334,79.8
