placar_casa,placar_visitante,data,round,stage,ano,equipe_casa,equipe_visitante,Pts_casa,3P_casa,2P_casa,LL_casa,RT_casa,RO_casa,RD_casa,AS_casa,ER_casa,IA%_casa,3PC_casa,3PT_casa,3P%_casa,2PC_casa,2PT_casa,2P%_casa,LLC_casa,LLT_casa,LL%_casa,EN_casa,BR_casa,B/E_casa,TO_casa,FC_casa,T/FC_casa,ET_casa,VI_casa,EF_casa,Pts_visitante,3P_visitante,2P_visitante,LL_visitante,RT_visitante,RO_visitante,RD_visitante,AS_visitante,ER_visitante,IA%_visitante,3PC_visitante,3PT_visitante,3P%_visitante,2PC_visitante,2PT_visitante,2P%_visitante,LLC_visitante,LLT_visitante,LL%_visitante,EN_visitante,BR_visitante,B/E_visitante,TO_visitante,FC_visitante,T/FC_visitante,ET_visitante,VI_visitante,EF_visitante
76,91,2018-12-13,9,1,2018-2019,Botafogo,Pinheiros,75.33333333333333,23.5,40.5,11.333333333333334,34.583333333333336,9.833333333333334,24.75,17.416666666666668,14.916666666666666,1.2525000000000002,7.833333333333333,20.75,37.553333333333335,20.25,39.583333333333336,51.24916666666667,11.333333333333334,15.916666666666666,70.56166666666667,2.1666666666666665,7.75,0.5200000000000001,2.0,23.5,0.08833333333333333,14.916666666666666,2.75,85.08333333333333,79.86733333333333,29.9,36.333999999999996,13.633333333333333,33.49933333333333,9.800666666666666,23.700666666666667,14.566,11.999333333333334,1.3526666666666667,9.966000000000001,27.934,35.36266666666666,18.166,35.5,51.65666666666667,13.633333333333333,17.666,76.71866666666666,1.0,7.766666666666667,0.7126666666666667,2.4659999999999997,18.634,0.126,11.999333333333334,2.2666666666666666,86.76666666666667
