placar_casa,placar_visitante,data,round,stage,ano,equipe_casa,equipe_visitante,Pts_casa,3P_casa,2P_casa,LL_casa,RT_casa,RO_casa,RD_casa,AS_casa,ER_casa,IA%_casa,3PC_casa,3PT_casa,3P%_casa,2PC_casa,2PT_casa,2P%_casa,LLC_casa,LLT_casa,LL%_casa,EN_casa,BR_casa,B/E_casa,TO_casa,FC_casa,T/FC_casa,ET_casa,VI_casa,EF_casa,Pts_visitante,3P_visitante,2P_visitante,LL_visitante,RT_visitante,RO_visitante,RD_visitante,AS_visitante,ER_visitante,IA%_visitante,3PC_visitante,3PT_visitante,3P%_visitante,2PC_visitante,2PT_visitante,2P%_visitante,LLC_visitante,LLT_visitante,LL%_visitante,EN_visitante,BR_visitante,B/E_visitante,TO_visitante,FC_visitante,T/FC_visitante,ET_visitante,VI_visitante,EF_visitante
62,71,2018-10-22,2,1,2018-2019,Coop/São José Basketball,Minas,73.06666666666666,22.6,36.53333333333333,13.933333333333334,31.666666666666668,8.133333333333333,23.533333333333335,15.466666666666667,13.6,1.3173333333333335,7.533333333333333,23.2,32.7,18.266666666666666,35.93333333333333,50.934,13.933333333333334,18.066666666666666,76.47333333333333,0.2,8.533333333333333,0.6926666666666667,1.6666666666666667,21.866666666666667,0.07933333333333334,13.6,3.066666666666667,79.26666666666667,74.06666666666666,22.4,37.46666666666667,14.2,35.06666666666667,10.466666666666667,24.6,16.066666666666666,16.6,0.99,7.466666666666667,26.266666666666666,28.955333333333336,18.733333333333334,36.86666666666667,50.749333333333325,14.2,19.733333333333334,73.19466666666666,1.2,7.666666666666667,0.48133333333333334,2.2,24.533333333333335,0.09866666666666668,16.6,3.6666666666666665,76.0
