placar_casa,placar_visitante,data,round,stage,ano,equipe_casa,equipe_visitante,Pts_casa,3P_casa,2P_casa,LL_casa,RT_casa,RO_casa,RD_casa,AS_casa,ER_casa,IA%_casa,3PC_casa,3PT_casa,3P%_casa,2PC_casa,2PT_casa,2P%_casa,LLC_casa,LLT_casa,LL%_casa,EN_casa,BR_casa,B/E_casa,TO_casa,FC_casa,T/FC_casa,ET_casa,VI_casa,EF_casa,Pts_visitante,3P_visitante,2P_visitante,LL_visitante,RT_visitante,RO_visitante,RD_visitante,AS_visitante,ER_visitante,IA%_visitante,3PC_visitante,3PT_visitante,3P%_visitante,2PC_visitante,2PT_visitante,2P%_visitante,LLC_visitante,LLT_visitante,LL%_visitante,EN_visitante,BR_visitante,B/E_visitante,TO_visitante,FC_visitante,T/FC_visitante,ET_visitante,VI_visitante,EF_visitante
89,95,2018-11-19,5,1,2018-2019,Mogi,Sesi Franca,86.06600000000002,29.133333333333333,40.400666666666666,16.534,37.49,10.978000000000002,26.510666666666665,19.156000000000002,12.310000000000002,1.6766666666666665,9.711333333333334,26.75666666666667,37.17266666666667,20.199333333333332,38.132666666666665,52.96866666666666,16.534,22.15533333333333,74.31866666666664,1.4433333333333331,7.311333333333334,0.6453333333333333,2.29,20.377333333333333,0.11200000000000002,12.310000000000002,2.5113333333333334,99.35533333333336,81.66666666666667,29.8,38.13333333333333,13.733333333333333,34.333333333333336,8.466666666666667,25.866666666666667,16.733333333333334,12.133333333333333,1.4699999999999995,9.933333333333334,27.266666666666666,35.51,19.066666666666666,33.333333333333336,57.580666666666666,13.733333333333333,17.2,78.446,2.1333333333333333,6.2,0.52,1.6666666666666667,20.333333333333332,0.092,12.133333333333333,1.8666666666666667,93.4
