placar_casa,placar_visitante,data,round,stage,ano,equipe_casa,equipe_visitante,Pts_casa,3P_casa,2P_casa,LL_casa,RT_casa,RO_casa,RD_casa,AS_casa,ER_casa,IA%_casa,3PC_casa,3PT_casa,3P%_casa,2PC_casa,2PT_casa,2P%_casa,LLC_casa,LLT_casa,LL%_casa,EN_casa,BR_casa,B/E_casa,TO_casa,FC_casa,T/FC_casa,ET_casa,VI_casa,EF_casa,Pts_visitante,3P_visitante,2P_visitante,LL_visitante,RT_visitante,RO_visitante,RD_visitante,AS_visitante,ER_visitante,IA%_visitante,3PC_visitante,3PT_visitante,3P%_visitante,2PC_visitante,2PT_visitante,2P%_visitante,LLC_visitante,LLT_visitante,LL%_visitante,EN_visitante,BR_visitante,B/E_visitante,TO_visitante,FC_visitante,T/FC_visitante,ET_visitante,VI_visitante,EF_visitante
71,82,2018-11-07,4,1,2018-2019,Pinheiros,Paulistano,83.00066666666665,27.8,38.934,16.266666666666666,34.33266666666667,9.334,25.00066666666667,15.53266666666667,12.932666666666668,1.2360000000000002,9.266,25.067333333333337,36.66133333333333,19.465999999999998,37.0,52.98533333333334,16.266666666666666,21.399333333333335,75.99733333333333,1.4666666666666666,7.2,0.5666666666666667,2.7326666666666664,19.60066666666667,0.13533333333333336,12.932666666666668,2.3333333333333335,91.33333333333333,78.06666666666666,29.6,33.46666666666667,15.0,39.53333333333333,12.0,27.533333333333335,13.933333333333334,13.133333333333333,1.1266666666666665,9.866666666666667,32.2,30.67866666666667,16.733333333333334,33.2,50.722666666666655,15.0,20.333333333333332,74.49733333333333,1.6,6.133333333333334,0.4960000000000001,2.7333333333333334,22.333333333333332,0.12200000000000001,13.133333333333333,2.4,83.06666666666666
