placar_casa,placar_visitante,data,round,stage,ano,equipe_casa,equipe_visitante,Pts_casa,3P_casa,2P_casa,LL_casa,RT_casa,RO_casa,RD_casa,AS_casa,ER_casa,IA%_casa,3PC_casa,3PT_casa,3P%_casa,2PC_casa,2PT_casa,2P%_casa,LLC_casa,LLT_casa,LL%_casa,EN_casa,BR_casa,B/E_casa,TO_casa,FC_casa,T/FC_casa,ET_casa,VI_casa,EF_casa,Pts_visitante,3P_visitante,2P_visitante,LL_visitante,RT_visitante,RO_visitante,RD_visitante,AS_visitante,ER_visitante,IA%_visitante,3PC_visitante,3PT_visitante,3P%_visitante,2PC_visitante,2PT_visitante,2P%_visitante,LLC_visitante,LLT_visitante,LL%_visitante,EN_visitante,BR_visitante,B/E_visitante,TO_visitante,FC_visitante,T/FC_visitante,ET_visitante,VI_visitante,EF_visitante
78,81,2011-12-10,8,1,2011-2012,Espírito Santo,Paulistano,67.26666666666667,21.6,31.733333333333334,13.933333333333334,27.933333333333334,9.266666666666667,18.666666666666668,8.133333333333333,15.0,0.5760000000000002,7.2,21.666666666666668,32.368,15.866666666666667,34.06666666666667,47.06133333333334,13.933333333333334,20.266666666666666,69.83266666666665,1.2666666666666666,7.133333333333334,0.5013333333333333,1.4666666666666666,20.533333333333335,0.07666666666666666,15.0,3.6666666666666665,57.93333333333333,85.53333333333333,24.0,46.53333333333333,15.0,31.8,10.2,21.6,13.666666666666666,15.0,1.0326666666666666,8.0,22.4,36.11933333333333,23.266666666666666,41.2,56.45399999999999,15.0,19.733333333333334,75.73266666666669,1.7333333333333334,8.2,0.5920000000000001,1.8,21.866666666666667,0.08333333333333333,15.0,3.066666666666667,88.93333333333334
