placar_casa,placar_visitante,data,round,stage,ano,equipe_casa,equipe_visitante,Pts_casa,3P_casa,2P_casa,LL_casa,RT_casa,RO_casa,RD_casa,AS_casa,ER_casa,IA%_casa,3PC_casa,3PT_casa,3P%_casa,2PC_casa,2PT_casa,2P%_casa,LLC_casa,LLT_casa,LL%_casa,EN_casa,BR_casa,B/E_casa,TO_casa,FC_casa,T/FC_casa,ET_casa,VI_casa,EF_casa,Pts_visitante,3P_visitante,2P_visitante,LL_visitante,RT_visitante,RO_visitante,RD_visitante,AS_visitante,ER_visitante,IA%_visitante,3PC_visitante,3PT_visitante,3P%_visitante,2PC_visitante,2PT_visitante,2P%_visitante,LLC_visitante,LLT_visitante,LL%_visitante,EN_visitante,BR_visitante,B/E_visitante,TO_visitante,FC_visitante,T/FC_visitante,ET_visitante,VI_visitante,EF_visitante
120,93,2011-12-17,10,1,2011-2012,Paulistano,Brasília,87.26666666666667,23.4,47.733333333333334,16.133333333333333,30.933333333333334,10.066666666666666,20.866666666666667,13.866666666666667,14.933333333333334,1.046,7.8,21.133333333333333,36.882666666666665,23.866666666666667,40.93333333333333,58.44533333333333,16.133333333333333,21.533333333333335,74.21466666666667,1.9333333333333333,8.266666666666667,0.5986666666666666,2.0,22.0,0.09266666666666667,14.933333333333334,3.4,91.6,86.86666666666666,22.6,47.333333333333336,16.933333333333334,32.4,9.133333333333333,23.266666666666666,15.133333333333333,13.133333333333333,1.2659999999999996,7.533333333333333,22.666666666666668,32.96933333333333,23.666666666666668,39.333333333333336,59.937333333333335,16.933333333333334,20.733333333333334,81.45666666666666,1.6,7.933333333333334,0.7233333333333333,2.466666666666667,20.2,0.13066666666666668,13.133333333333333,2.8666666666666667,97.06666666666666
