placar_casa,placar_visitante,data,round,stage,ano,equipe_casa,equipe_visitante,Pts_casa,3P_casa,2P_casa,LL_casa,RT_casa,RO_casa,RD_casa,AS_casa,ER_casa,IA%_casa,3PC_casa,3PT_casa,3P%_casa,2PC_casa,2PT_casa,2P%_casa,LLC_casa,LLT_casa,LL%_casa,EN_casa,BR_casa,B/E_casa,TO_casa,FC_casa,T/FC_casa,ET_casa,VI_casa,EF_casa,Pts_visitante,3P_visitante,2P_visitante,LL_visitante,RT_visitante,RO_visitante,RD_visitante,AS_visitante,ER_visitante,IA%_visitante,3PC_visitante,3PT_visitante,3P%_visitante,2PC_visitante,2PT_visitante,2P%_visitante,LLC_visitante,LLT_visitante,LL%_visitante,EN_visitante,BR_visitante,B/E_visitante,TO_visitante,FC_visitante,T/FC_visitante,ET_visitante,VI_visitante,EF_visitante
94,82,2012-03-17,12,2,2011-2012,Sesi Franca,Tijuca,82.86666666666666,21.8,42.93333333333333,18.133333333333333,29.533333333333335,9.266666666666667,20.266666666666666,16.533333333333335,14.533333333333333,1.2779999999999998,7.266666666666667,19.133333333333333,38.096666666666664,21.466666666666665,42.53333333333333,51.126000000000005,18.133333333333333,22.2,82.74933333333335,1.6666666666666667,6.733333333333333,0.5046666666666667,2.6,22.133333333333333,0.11733333333333333,14.533333333333333,2.6,88.53333333333333,78.3076923076923,16.615384615384617,43.38461538461539,18.307692307692307,27.076923076923077,8.0,19.076923076923077,10.615384615384615,13.846153846153847,0.7976923076923076,5.538461538461538,18.23076923076923,29.560000000000002,21.692307692307693,41.15384615384615,53.360769230769236,18.307692307692307,24.307692307692307,75.95384615384616,1.2307692307692308,7.461538461538462,0.5607692307692308,1.6923076923076923,20.53846153846154,0.09153846153846155,13.846153846153847,2.3076923076923075,76.38461538461539
