placar_casa,placar_visitante,data,round,stage,ano,equipe_casa,equipe_visitante,Pts_casa,3P_casa,2P_casa,LL_casa,RT_casa,RO_casa,RD_casa,AS_casa,ER_casa,IA%_casa,3PC_casa,3PT_casa,3P%_casa,2PC_casa,2PT_casa,2P%_casa,LLC_casa,LLT_casa,LL%_casa,EN_casa,BR_casa,B/E_casa,TO_casa,FC_casa,T/FC_casa,ET_casa,VI_casa,EF_casa,Pts_visitante,3P_visitante,2P_visitante,LL_visitante,RT_visitante,RO_visitante,RD_visitante,AS_visitante,ER_visitante,IA%_visitante,3PC_visitante,3PT_visitante,3P%_visitante,2PC_visitante,2PT_visitante,2P%_visitante,LLC_visitante,LLT_visitante,LL%_visitante,EN_visitante,BR_visitante,B/E_visitante,TO_visitante,FC_visitante,T/FC_visitante,ET_visitante,VI_visitante,EF_visitante
74,72,2011-12-10,8,1,2011-2012,Joinville,Tijuca,73.06666666666666,23.0,36.266666666666666,13.8,28.4,8.933333333333334,19.466666666666665,11.066666666666666,13.866666666666667,0.8813333333333334,7.666666666666667,22.6,34.248666666666665,18.133333333333333,38.13333333333333,47.97066666666667,13.8,20.4,68.31466666666668,1.4,7.266666666666667,0.6,1.9333333333333333,21.0,0.09266666666666667,13.866666666666667,2.6666666666666665,66.33333333333333,75.28571428571429,17.571428571428573,40.57142857142857,17.142857142857142,26.571428571428573,8.714285714285714,17.857142857142858,12.285714285714286,14.714285714285714,0.8928571428571429,5.857142857142857,19.285714285714285,30.527142857142856,20.285714285714285,40.0,50.715714285714284,17.142857142857142,21.857142857142858,78.77857142857144,1.5714285714285714,5.714285714285714,0.39,2.2857142857142856,18.714285714285715,0.13428571428571429,14.714285714285714,2.142857142857143,69.57142857142857
