placar_casa,placar_visitante,data,round,stage,ano,equipe_casa,equipe_visitante,Pts_casa,3P_casa,2P_casa,LL_casa,RT_casa,RO_casa,RD_casa,AS_casa,ER_casa,IA%_casa,3PC_casa,3PT_casa,3P%_casa,2PC_casa,2PT_casa,2P%_casa,LLC_casa,LLT_casa,LL%_casa,EN_casa,BR_casa,B/E_casa,TO_casa,FC_casa,T/FC_casa,ET_casa,VI_casa,EF_casa,Pts_visitante,3P_visitante,2P_visitante,LL_visitante,RT_visitante,RO_visitante,RD_visitante,AS_visitante,ER_visitante,IA%_visitante,3PC_visitante,3PT_visitante,3P%_visitante,2PC_visitante,2PT_visitante,2P%_visitante,LLC_visitante,LLT_visitante,LL%_visitante,EN_visitante,BR_visitante,B/E_visitante,TO_visitante,FC_visitante,T/FC_visitante,ET_visitante,VI_visitante,EF_visitante
81,92,2011-12-17,10,1,2011-2012,Araraquara,Bauru Basket,83.06666666666666,21.8,45.46666666666667,15.8,28.0,7.666666666666667,20.333333333333332,15.266666666666667,13.666666666666666,1.1586666666666665,7.266666666666667,20.6,34.60466666666667,22.733333333333334,42.8,53.11666666666667,15.8,20.666666666666668,76.09933333333335,1.6,7.466666666666667,0.5606666666666666,2.2666666666666666,22.266666666666666,0.10266666666666668,13.666666666666666,2.2666666666666666,84.13333333333334,84.13333333333334,25.0,43.86666666666667,15.266666666666667,32.6,10.6,22.0,14.0,10.066666666666666,1.5906666666666667,8.333333333333334,21.866666666666667,38.908,21.933333333333334,41.46666666666667,53.52466666666667,15.266666666666667,19.666666666666668,77.27066666666666,1.7333333333333334,6.266666666666667,0.748,2.1333333333333333,17.2,0.12066666666666666,10.066666666666666,2.2666666666666666,91.6
