placar_casa,placar_visitante,data,round,stage,ano,equipe_casa,equipe_visitante,Pts_casa,3P_casa,2P_casa,LL_casa,RT_casa,RO_casa,RD_casa,AS_casa,ER_casa,IA%_casa,3PC_casa,3PT_casa,3P%_casa,2PC_casa,2PT_casa,2P%_casa,LLC_casa,LLT_casa,LL%_casa,EN_casa,BR_casa,B/E_casa,TO_casa,FC_casa,T/FC_casa,ET_casa,VI_casa,EF_casa,Pts_visitante,3P_visitante,2P_visitante,LL_visitante,RT_visitante,RO_visitante,RD_visitante,AS_visitante,ER_visitante,IA%_visitante,3PC_visitante,3PT_visitante,3P%_visitante,2PC_visitante,2PT_visitante,2P%_visitante,LLC_visitante,LLT_visitante,LL%_visitante,EN_visitante,BR_visitante,B/E_visitante,TO_visitante,FC_visitante,T/FC_visitante,ET_visitante,VI_visitante,EF_visitante
110,72,2011-11-26,4,1,2011-2012,Flamengo,Brasília,90.66666666666667,33.6,42.4,14.666666666666666,30.866666666666667,6.6,24.266666666666666,14.733333333333333,12.666666666666666,1.2733333333333332,11.2,26.333333333333332,41.88066666666667,21.2,35.666666666666664,59.25599999999999,14.666666666666666,19.133333333333333,74.99466666666667,2.2666666666666666,8.933333333333334,0.7906666666666669,1.2666666666666666,20.066666666666666,0.068,12.666666666666666,2.6666666666666665,99.73333333333333,93.33333333333333,24.2,53.2,15.933333333333334,34.06666666666667,10.4,23.666666666666668,17.733333333333334,11.666666666666666,1.6926666666666668,8.066666666666666,23.8,32.902,26.6,41.733333333333334,64.24,15.933333333333334,20.6,76.796,2.1333333333333333,8.6,0.8553333333333335,3.2,19.6,0.19533333333333333,11.666666666666666,2.066666666666667,109.73333333333333
