placar_casa,placar_visitante,data,round,stage,ano,equipe_casa,equipe_visitante,Pts_casa,3P_casa,2P_casa,LL_casa,RT_casa,RO_casa,RD_casa,AS_casa,ER_casa,IA%_casa,3PC_casa,3PT_casa,3P%_casa,2PC_casa,2PT_casa,2P%_casa,LLC_casa,LLT_casa,LL%_casa,EN_casa,BR_casa,B/E_casa,TO_casa,FC_casa,T/FC_casa,ET_casa,VI_casa,EF_casa,Pts_visitante,3P_visitante,2P_visitante,LL_visitante,RT_visitante,RO_visitante,RD_visitante,AS_visitante,ER_visitante,IA%_visitante,3PC_visitante,3PT_visitante,3P%_visitante,2PC_visitante,2PT_visitante,2P%_visitante,LLC_visitante,LLT_visitante,LL%_visitante,EN_visitante,BR_visitante,B/E_visitante,TO_visitante,FC_visitante,T/FC_visitante,ET_visitante,VI_visitante,EF_visitante
72,78,2011-12-15,9,1,2011-2012,Araraquara,L. Sorocabana,82.93333333333334,22.2,44.53333333333333,16.2,28.133333333333333,7.666666666666667,20.466666666666665,14.466666666666667,13.533333333333333,1.1006666666666667,7.4,20.666666666666668,35.43,22.266666666666666,41.8,53.52066666666666,16.2,21.4,75.88333333333334,1.6,7.333333333333333,0.5573333333333333,1.8,21.4,0.08733333333333335,13.533333333333333,2.4,83.13333333333334,72.16666666666667,24.0,32.0,16.166666666666668,30.0,10.833333333333334,19.166666666666668,7.333333333333333,13.833333333333334,0.5266666666666667,8.0,22.333333333333332,36.62166666666666,16.0,33.5,47.88166666666666,16.166666666666668,21.333333333333332,75.59833333333334,0.8333333333333334,6.666666666666667,0.48666666666666664,1.0,19.5,0.05666666666666667,13.833333333333334,2.1666666666666665,66.33333333333333
