placar_casa,placar_visitante,data,round,stage,ano,equipe_casa,equipe_visitante,Pts_casa,3P_casa,2P_casa,LL_casa,RT_casa,RO_casa,RD_casa,AS_casa,ER_casa,IA%_casa,3PC_casa,3PT_casa,3P%_casa,2PC_casa,2PT_casa,2P%_casa,LLC_casa,LLT_casa,LL%_casa,EN_casa,BR_casa,B/E_casa,TO_casa,FC_casa,T/FC_casa,ET_casa,VI_casa,EF_casa,Pts_visitante,3P_visitante,2P_visitante,LL_visitante,RT_visitante,RO_visitante,RD_visitante,AS_visitante,ER_visitante,IA%_visitante,3PC_visitante,3PT_visitante,3P%_visitante,2PC_visitante,2PT_visitante,2P%_visitante,LLC_visitante,LLT_visitante,LL%_visitante,EN_visitante,BR_visitante,B/E_visitante,TO_visitante,FC_visitante,T/FC_visitante,ET_visitante,VI_visitante,EF_visitante
73,77,2011-12-12,6,1,2011-2012,Limeira,Pinheiros,84.73333333333333,29.0,38.53333333333333,17.2,28.6,7.066666666666666,21.533333333333335,16.6,12.8,1.3446666666666665,9.666666666666666,26.6,37.197333333333326,19.266666666666666,36.0,53.675999999999995,17.2,21.866666666666667,79.62333333333332,1.9333333333333333,9.4,0.8153333333333334,3.4,20.466666666666665,0.17666666666666664,12.8,0.8666666666666667,91.6,88.4,26.6,44.13333333333333,17.666666666666668,31.466666666666665,8.6,22.866666666666667,14.666666666666666,12.8,1.2173333333333332,8.866666666666667,23.733333333333334,37.723333333333336,22.066666666666666,39.53333333333333,55.66133333333333,17.666666666666668,22.666666666666668,77.612,2.8666666666666667,8.533333333333333,0.7053333333333334,2.8666666666666667,19.133333333333333,0.15133333333333335,12.8,3.2,95.8
