placar_casa,placar_visitante,data,round,stage,ano,equipe_casa,equipe_visitante,Pts_casa,3P_casa,2P_casa,LL_casa,RT_casa,RO_casa,RD_casa,AS_casa,ER_casa,IA%_casa,3PC_casa,3PT_casa,3P%_casa,2PC_casa,2PT_casa,2P%_casa,LLC_casa,LLT_casa,LL%_casa,EN_casa,BR_casa,B/E_casa,TO_casa,FC_casa,T/FC_casa,ET_casa,VI_casa,EF_casa,Pts_visitante,3P_visitante,2P_visitante,LL_visitante,RT_visitante,RO_visitante,RD_visitante,AS_visitante,ER_visitante,IA%_visitante,3PC_visitante,3PT_visitante,3P%_visitante,2PC_visitante,2PT_visitante,2P%_visitante,LLC_visitante,LLT_visitante,LL%_visitante,EN_visitante,BR_visitante,B/E_visitante,TO_visitante,FC_visitante,T/FC_visitante,ET_visitante,VI_visitante,EF_visitante
78,63,2012-02-16,11,2,2011-2012,Paulistano,Bauru Basket,88.93333333333334,23.8,47.2,17.933333333333334,30.666666666666668,10.2,20.466666666666665,13.666666666666666,14.466666666666667,1.0913333333333335,7.933333333333334,21.466666666666665,36.85333333333333,23.6,41.6,56.68066666666667,17.933333333333334,23.0,75.85999999999999,1.7333333333333334,8.2,0.6253333333333333,1.8666666666666667,22.933333333333334,0.08600000000000001,14.466666666666667,3.1333333333333333,92.26666666666667,84.93333333333334,26.6,43.333333333333336,15.0,33.2,10.8,22.4,14.0,10.533333333333333,1.552,8.866666666666667,23.0,39.62400000000001,21.666666666666668,40.93333333333333,53.65933333333333,15.0,19.333333333333332,77.25600000000001,1.7333333333333334,6.4,0.7333333333333333,2.4,17.4,0.13399999999999998,10.533333333333333,2.2666666666666666,92.66666666666667
