placar_casa,placar_visitante,data,round,stage,ano,equipe_casa,equipe_visitante,Pts_casa,3P_casa,2P_casa,LL_casa,RT_casa,RO_casa,RD_casa,AS_casa,ER_casa,IA%_casa,3PC_casa,3PT_casa,3P%_casa,2PC_casa,2PT_casa,2P%_casa,LLC_casa,LLT_casa,LL%_casa,EN_casa,BR_casa,B/E_casa,TO_casa,FC_casa,T/FC_casa,ET_casa,VI_casa,EF_casa,Pts_visitante,3P_visitante,2P_visitante,LL_visitante,RT_visitante,RO_visitante,RD_visitante,AS_visitante,ER_visitante,IA%_visitante,3PC_visitante,3PT_visitante,3P%_visitante,2PC_visitante,2PT_visitante,2P%_visitante,LLC_visitante,LLT_visitante,LL%_visitante,EN_visitante,BR_visitante,B/E_visitante,TO_visitante,FC_visitante,T/FC_visitante,ET_visitante,VI_visitante,EF_visitante
82,73,2022-11-17,5,1,2022-2023,São Paulo,Bauru Basket,82.2,30.8,38.53333333333333,12.866666666666667,35.8,7.466666666666667,28.333333333333332,16.466666666666665,12.0,1.4386666666666663,10.266666666666667,29.7,34.45666666666666,19.266666666666666,33.2,58.346,12.866666666666667,17.633333333333333,73.47533333333332,1.0333333333333334,6.7,0.5766666666666667,2.2,19.1,0.13466666666666668,12.0,1.4666666666666666,93.23333333333333,78.46666666666667,29.8,36.93333333333333,11.733333333333333,33.333333333333336,8.6,24.733333333333334,16.6,10.6,1.726,9.933333333333334,28.466666666666665,34.580000000000005,18.466666666666665,34.8,53.08533333333334,11.733333333333333,15.733333333333333,75.14266666666666,1.1333333333333333,6.4,0.6506666666666666,1.7333333333333334,18.333333333333332,0.09933333333333332,10.6,1.8666666666666667,87.06666666666666
