placar_casa,placar_visitante,data,round,stage,ano,equipe_casa,equipe_visitante,Pts_casa,3P_casa,2P_casa,LL_casa,RT_casa,RO_casa,RD_casa,AS_casa,ER_casa,IA%_casa,3PC_casa,3PT_casa,3P%_casa,2PC_casa,2PT_casa,2P%_casa,LLC_casa,LLT_casa,LL%_casa,EN_casa,BR_casa,B/E_casa,TO_casa,FC_casa,T/FC_casa,ET_casa,VI_casa,EF_casa,Pts_visitante,3P_visitante,2P_visitante,LL_visitante,RT_visitante,RO_visitante,RD_visitante,AS_visitante,ER_visitante,IA%_visitante,3PC_visitante,3PT_visitante,3P%_visitante,2PC_visitante,2PT_visitante,2P%_visitante,LLC_visitante,LLT_visitante,LL%_visitante,EN_visitante,BR_visitante,B/E_visitante,TO_visitante,FC_visitante,T/FC_visitante,ET_visitante,VI_visitante,EF_visitante
76,92,2022-11-25,6,1,2022-2023,UNIFACISA,Corinthians,76.46666666666667,27.8,38.53333333333333,10.133333333333333,35.3,9.733333333333333,25.566666666666666,14.333333333333334,12.766666666666667,1.2006666666666668,9.266666666666667,25.833333333333332,35.318,19.266666666666666,38.6,50.130666666666684,10.133333333333333,14.266666666666667,71.86333333333333,1.4333333333333333,7.266666666666667,0.616,1.3,20.766666666666666,0.06333333333333332,12.766666666666667,2.1333333333333333,81.86666666666666,77.5,27.4,38.4,11.7,39.53333333333333,11.4,28.133333333333333,16.266666666666666,15.066666666666666,1.147333333333333,9.133333333333333,28.1,32.17400000000001,19.2,34.53333333333333,55.48866666666667,11.7,15.566666666666666,74.50333333333334,2.6666666666666665,5.433333333333334,0.36866666666666664,2.966666666666667,18.333333333333332,0.164,15.066666666666666,3.966666666666667,88.46666666666667
