placar_casa,placar_visitante,data,round,stage,ano,equipe_casa,equipe_visitante,Pts_casa,3P_casa,2P_casa,LL_casa,RT_casa,RO_casa,RD_casa,AS_casa,ER_casa,IA%_casa,3PC_casa,3PT_casa,3P%_casa,2PC_casa,2PT_casa,2P%_casa,LLC_casa,LLT_casa,LL%_casa,EN_casa,BR_casa,B/E_casa,TO_casa,FC_casa,T/FC_casa,ET_casa,VI_casa,EF_casa,Pts_visitante,3P_visitante,2P_visitante,LL_visitante,RT_visitante,RO_visitante,RD_visitante,AS_visitante,ER_visitante,IA%_visitante,3PC_visitante,3PT_visitante,3P%_visitante,2PC_visitante,2PT_visitante,2P%_visitante,LLC_visitante,LLT_visitante,LL%_visitante,EN_visitante,BR_visitante,B/E_visitante,TO_visitante,FC_visitante,T/FC_visitante,ET_visitante,VI_visitante,EF_visitante
84,90,2022-12-22,10,1,2022-2023,Paulistano,Flamengo,74.53333333333333,23.8,40.46666666666667,10.266666666666667,39.8,13.966666666666667,25.833333333333332,15.733333333333333,11.4,1.4920000000000002,7.933333333333334,26.7,29.907333333333334,20.233333333333334,43.2,47.682,10.266666666666667,14.533333333333333,70.07666666666667,1.5333333333333334,8.066666666666666,0.7866666666666666,2.2333333333333334,18.766666666666666,0.12200000000000003,11.4,1.3,82.96666666666667,81.5,34.9,34.86666666666667,11.733333333333333,43.46666666666667,12.433333333333334,31.033333333333335,19.6,12.333333333333334,1.6646666666666667,11.633333333333333,35.266666666666666,33.07933333333333,17.433333333333334,31.0,56.55866666666667,11.733333333333333,16.866666666666667,70.25,1.5333333333333334,6.033333333333333,0.5093333333333334,1.9333333333333333,16.066666666666666,0.12199999999999998,12.333333333333334,2.2,97.86666666666666
