placar_casa,placar_visitante,data,round,stage,ano,equipe_casa,equipe_visitante,Pts_casa,3P_casa,2P_casa,LL_casa,RT_casa,RO_casa,RD_casa,AS_casa,ER_casa,IA%_casa,3PC_casa,3PT_casa,3P%_casa,2PC_casa,2PT_casa,2P%_casa,LLC_casa,LLT_casa,LL%_casa,EN_casa,BR_casa,B/E_casa,TO_casa,FC_casa,T/FC_casa,ET_casa,VI_casa,EF_casa,Pts_visitante,3P_visitante,2P_visitante,LL_visitante,RT_visitante,RO_visitante,RD_visitante,AS_visitante,ER_visitante,IA%_visitante,3PC_visitante,3PT_visitante,3P%_visitante,2PC_visitante,2PT_visitante,2P%_visitante,LLC_visitante,LLT_visitante,LL%_visitante,EN_visitante,BR_visitante,B/E_visitante,TO_visitante,FC_visitante,T/FC_visitante,ET_visitante,VI_visitante,EF_visitante
85,87,2022-12-20,10,1,2022-2023,Rio Claro,BRB/Brasília,72.46666666666667,20.4,39.06666666666667,13.0,34.0,10.666666666666666,23.333333333333332,12.8,11.6,1.1926666666666668,6.8,23.6,27.836666666666662,19.533333333333335,39.733333333333334,49.58800000000001,13.0,18.266666666666666,71.73933333333335,1.7333333333333334,6.133333333333334,0.578,1.8,21.333333333333332,0.08466666666666668,11.6,2.466666666666667,73.33333333333333,76.2,28.6,35.86666666666667,11.733333333333333,36.86666666666667,9.466666666666667,27.4,15.933333333333334,15.066666666666666,1.1226666666666665,9.533333333333333,28.066666666666666,34.52133333333333,17.933333333333334,34.333333333333336,51.92866666666667,11.733333333333333,18.066666666666666,66.192,1.7333333333333334,5.133333333333334,0.3673333333333334,0.6666666666666666,19.0,0.036000000000000004,15.066666666666666,2.933333333333333,78.46666666666667
