placar_casa,placar_visitante,data,round,stage,ano,equipe_casa,equipe_visitante,Pts_casa,3P_casa,2P_casa,LL_casa,RT_casa,RO_casa,RD_casa,AS_casa,ER_casa,IA%_casa,3PC_casa,3PT_casa,3P%_casa,2PC_casa,2PT_casa,2P%_casa,LLC_casa,LLT_casa,LL%_casa,EN_casa,BR_casa,B/E_casa,TO_casa,FC_casa,T/FC_casa,ET_casa,VI_casa,EF_casa,Pts_visitante,3P_visitante,2P_visitante,LL_visitante,RT_visitante,RO_visitante,RD_visitante,AS_visitante,ER_visitante,IA%_visitante,3PC_visitante,3PT_visitante,3P%_visitante,2PC_visitante,2PT_visitante,2P%_visitante,LLC_visitante,LLT_visitante,LL%_visitante,EN_visitante,BR_visitante,B/E_visitante,TO_visitante,FC_visitante,T/FC_visitante,ET_visitante,VI_visitante,EF_visitante
75,80,2021-01-04,9,1,2020-2021,Pato Basquete,Corinthians,74.93333333333334,20.0,39.46666666666667,15.466666666666667,35.666666666666664,11.067333333333332,24.601333333333336,15.26533333333333,12.86533333333333,1.198,6.667333333333334,22.466666666666665,29.21866666666667,19.733333333333334,42.26733333333333,46.355999999999995,15.466666666666667,21.466666666666665,72.158,0.7993333333333333,7.666666666666667,0.6073333333333333,2.1333333333333333,21.734,0.10733333333333335,12.86533333333333,2.6006666666666667,78.46666666666667,79.8,29.6,35.46666666666667,14.733333333333333,34.733333333333334,8.666666666666666,26.066666666666666,17.933333333333334,13.133333333333333,1.3973333333333333,9.866666666666667,27.6,35.54666666666667,17.733333333333334,35.0,50.708666666666666,14.733333333333333,18.133333333333333,81.074,1.5333333333333334,7.0,0.5559999999999999,2.4,21.666666666666668,0.11533333333333334,13.133333333333333,2.2666666666666666,90.33333333333333
