placar_casa,placar_visitante,data,round,stage,ano,equipe_casa,equipe_visitante,Pts_casa,3P_casa,2P_casa,LL_casa,RT_casa,RO_casa,RD_casa,AS_casa,ER_casa,IA%_casa,3PC_casa,3PT_casa,3P%_casa,2PC_casa,2PT_casa,2P%_casa,LLC_casa,LLT_casa,LL%_casa,EN_casa,BR_casa,B/E_casa,TO_casa,FC_casa,T/FC_casa,ET_casa,VI_casa,EF_casa,Pts_visitante,3P_visitante,2P_visitante,LL_visitante,RT_visitante,RO_visitante,RD_visitante,AS_visitante,ER_visitante,IA%_visitante,3PC_visitante,3PT_visitante,3P%_visitante,2PC_visitante,2PT_visitante,2P%_visitante,LLC_visitante,LLT_visitante,LL%_visitante,EN_visitante,BR_visitante,B/E_visitante,TO_visitante,FC_visitante,T/FC_visitante,ET_visitante,VI_visitante,EF_visitante
98,91,2020-12-11,5,1,2020-2021,Mogi,UNIFACISA,80.36733333333333,31.1,36.60066666666667,12.666666666666666,34.53333333333333,9.866000000000001,24.667333333333332,18.133333333333333,14.466666666666667,1.2913333333333332,10.366666666666667,28.199333333333335,36.90933333333333,18.299333333333333,35.50066666666667,51.403999999999996,12.666666666666666,16.934,76.21333333333334,1.066,7.066000000000001,0.5013333333333333,2.1,20.533333333333335,0.10533333333333336,14.466666666666667,1.934,88.434,84.76533333333333,30.2,42.60000000000001,11.967333333333332,37.83266666666667,10.832,27.00066666666667,17.866666666666667,12.166666666666664,1.5353333333333332,10.065333333333335,28.2,35.41066666666666,21.3,39.43333333333333,54.347999999999985,11.967333333333332,15.734000000000004,75.28600000000002,1.6,6.699333333333333,0.5526666666666668,2.101333333333334,20.334000000000003,0.1066666666666667,12.166666666666664,1.800666666666667,97.066
