placar_casa,placar_visitante,data,round,stage,ano,equipe_casa,equipe_visitante,Pts_casa,3P_casa,2P_casa,LL_casa,RT_casa,RO_casa,RD_casa,AS_casa,ER_casa,IA%_casa,3PC_casa,3PT_casa,3P%_casa,2PC_casa,2PT_casa,2P%_casa,LLC_casa,LLT_casa,LL%_casa,EN_casa,BR_casa,B/E_casa,TO_casa,FC_casa,T/FC_casa,ET_casa,VI_casa,EF_casa,Pts_visitante,3P_visitante,2P_visitante,LL_visitante,RT_visitante,RO_visitante,RD_visitante,AS_visitante,ER_visitante,IA%_visitante,3PC_visitante,3PT_visitante,3P%_visitante,2PC_visitante,2PT_visitante,2P%_visitante,LLC_visitante,LLT_visitante,LL%_visitante,EN_visitante,BR_visitante,B/E_visitante,TO_visitante,FC_visitante,T/FC_visitante,ET_visitante,VI_visitante,EF_visitante
68,76,2012-12-22,10,1,2012-2013,Coop/São José Basketball,Paulistano,84.06666666666666,46.2,41.06666666666667,15.2,31.066666666666666,8.866666666666667,22.2,15.866666666666667,14.533333333333333,1.3106666666666664,9.266666666666667,24.8,37.852,20.533333333333335,37.46666666666667,54.187333333333335,15.2,19.333333333333332,77.558,0.9333333333333333,6.133333333333334,0.4713333333333333,2.466666666666667,21.0,0.12199999999999998,14.533333333333333,1.5333333333333334,94.13333333333334,81.06666666666666,49.0,42.666666666666664,15.4,32.46666666666667,9.933333333333334,22.533333333333335,16.066666666666666,14.933333333333334,1.1099999999999999,7.666666666666667,20.8,37.788666666666664,21.333333333333332,40.4,53.457333333333324,15.4,23.4,64.424,2.466666666666667,7.2,0.5053333333333333,1.8,22.933333333333334,0.08133333333333333,14.933333333333334,2.6666666666666665,94.13333333333334
