placar_casa,placar_visitante,data,round,stage,ano,equipe_casa,equipe_visitante,Pts_casa,3P_casa,2P_casa,LL_casa,RT_casa,RO_casa,RD_casa,AS_casa,ER_casa,IA%_casa,3PC_casa,3PT_casa,3P%_casa,2PC_casa,2PT_casa,2P%_casa,LLC_casa,LLT_casa,LL%_casa,EN_casa,BR_casa,B/E_casa,TO_casa,FC_casa,T/FC_casa,ET_casa,VI_casa,EF_casa,Pts_visitante,3P_visitante,2P_visitante,LL_visitante,RT_visitante,RO_visitante,RD_visitante,AS_visitante,ER_visitante,IA%_visitante,3PC_visitante,3PT_visitante,3P%_visitante,2PC_visitante,2PT_visitante,2P%_visitante,LLC_visitante,LLT_visitante,LL%_visitante,EN_visitante,BR_visitante,B/E_visitante,TO_visitante,FC_visitante,T/FC_visitante,ET_visitante,VI_visitante,EF_visitante
70,94,2013-01-05,11,1,2012-2013,Tijuca,Flamengo,68.4,40.6,39.06666666666667,14.933333333333334,26.8,7.533333333333333,19.266666666666666,9.533333333333333,11.666666666666666,0.9226666666666666,4.8,17.6,26.269999999999996,19.533333333333335,40.13333333333333,48.74933333333333,14.933333333333334,20.466666666666665,72.90599999999999,1.0,6.8,0.6973333333333332,1.6666666666666667,19.866666666666667,0.09266666666666669,11.666666666666666,3.3333333333333335,71.46666666666667,85.46666666666667,43.4,46.666666666666664,19.2,32.2,7.733333333333333,24.466666666666665,12.733333333333333,11.0,1.486,6.533333333333333,19.466666666666665,34.830000000000005,23.333333333333332,41.4,56.748000000000005,19.2,24.066666666666666,79.66333333333334,1.5333333333333334,5.8,0.6479999999999999,1.2666666666666666,21.066666666666666,0.060666666666666674,11.0,2.1333333333333333,97.6
