placar_casa,placar_visitante,data,round,stage,ano,equipe_casa,equipe_visitante,Pts_casa,3P_casa,2P_casa,LL_casa,RT_casa,RO_casa,RD_casa,AS_casa,ER_casa,IA%_casa,3PC_casa,3PT_casa,3P%_casa,2PC_casa,2PT_casa,2P%_casa,LLC_casa,LLT_casa,LL%_casa,EN_casa,BR_casa,B/E_casa,TO_casa,FC_casa,T/FC_casa,ET_casa,VI_casa,EF_casa,Pts_visitante,3P_visitante,2P_visitante,LL_visitante,RT_visitante,RO_visitante,RD_visitante,AS_visitante,ER_visitante,IA%_visitante,3PC_visitante,3PT_visitante,3P%_visitante,2PC_visitante,2PT_visitante,2P%_visitante,LLC_visitante,LLT_visitante,LL%_visitante,EN_visitante,BR_visitante,B/E_visitante,TO_visitante,FC_visitante,T/FC_visitante,ET_visitante,VI_visitante,EF_visitante
85,44,2013-01-10,13,1,2012-2013,Bauru Basket,Suzano,82.6,51.0,40.666666666666664,15.133333333333333,33.733333333333334,10.8,22.933333333333334,13.733333333333333,12.8,1.1119999999999999,8.933333333333334,23.733333333333334,38.923333333333325,20.333333333333332,40.86666666666667,50.599333333333334,15.133333333333333,20.4,74.57199999999999,1.4666666666666666,5.866666666666666,0.48799999999999993,1.4,19.466666666666665,0.07933333333333333,12.8,3.066666666666667,92.26666666666667,76.9090909090909,59.45454545454545,39.63636363636363,13.545454545454545,27.181818181818183,9.727272727272727,17.454545454545453,11.636363636363637,17.727272727272727,0.6827272727272727,7.909090909090909,22.727272727272727,34.86090909090909,19.818181818181817,39.81818181818182,50.24363636363637,13.545454545454545,20.727272727272727,65.71818181818182,0.5454545454545454,8.0,0.489090909090909,2.3636363636363638,19.272727272727273,0.1290909090909091,17.727272727272727,3.272727272727273,76.81818181818181
