placar_casa,placar_visitante,data,round,stage,ano,equipe_casa,equipe_visitante,Pts_casa,3P_casa,2P_casa,LL_casa,RT_casa,RO_casa,RD_casa,AS_casa,ER_casa,IA%_casa,3PC_casa,3PT_casa,3P%_casa,2PC_casa,2PT_casa,2P%_casa,LLC_casa,LLT_casa,LL%_casa,EN_casa,BR_casa,B/E_casa,TO_casa,FC_casa,T/FC_casa,ET_casa,VI_casa,EF_casa,Pts_visitante,3P_visitante,2P_visitante,LL_visitante,RT_visitante,RO_visitante,RD_visitante,AS_visitante,ER_visitante,IA%_visitante,3PC_visitante,3PT_visitante,3P%_visitante,2PC_visitante,2PT_visitante,2P%_visitante,LLC_visitante,LLT_visitante,LL%_visitante,EN_visitante,BR_visitante,B/E_visitante,TO_visitante,FC_visitante,T/FC_visitante,ET_visitante,VI_visitante,EF_visitante
94,67,2013-01-10,13,1,2012-2013,Flamengo,Joinville,87.73333333333333,47.6,47.733333333333334,20.0,33.0,7.733333333333333,25.266666666666666,13.133333333333333,10.8,1.606,6.666666666666667,19.466666666666665,35.43600000000001,23.866666666666667,41.266666666666666,58.224000000000004,20.0,25.466666666666665,78.58399999999999,1.6666666666666667,6.066666666666666,0.716,1.3333333333333333,21.0,0.064,10.8,2.1333333333333333,102.4,73.46666666666667,55.6,42.53333333333333,16.133333333333333,32.46666666666667,11.066666666666666,21.4,11.8,16.666666666666668,0.7406666666666666,4.933333333333334,19.933333333333334,25.000666666666667,21.266666666666666,44.6,47.76266666666666,16.133333333333333,22.866666666666667,71.87266666666666,1.4666666666666666,8.666666666666666,0.5453333333333333,3.0,22.666666666666668,0.13666666666666666,16.666666666666668,3.6666666666666665,78.06666666666666
