placar_casa,placar_visitante,data,round,stage,ano,equipe_casa,equipe_visitante,Pts_casa,3P_casa,2P_casa,LL_casa,RT_casa,RO_casa,RD_casa,AS_casa,ER_casa,IA%_casa,3PC_casa,3PT_casa,3P%_casa,2PC_casa,2PT_casa,2P%_casa,LLC_casa,LLT_casa,LL%_casa,EN_casa,BR_casa,B/E_casa,TO_casa,FC_casa,T/FC_casa,ET_casa,VI_casa,EF_casa,Pts_visitante,3P_visitante,2P_visitante,LL_visitante,RT_visitante,RO_visitante,RD_visitante,AS_visitante,ER_visitante,IA%_visitante,3PC_visitante,3PT_visitante,3P%_visitante,2PC_visitante,2PT_visitante,2P%_visitante,LLC_visitante,LLT_visitante,LL%_visitante,EN_visitante,BR_visitante,B/E_visitante,TO_visitante,FC_visitante,T/FC_visitante,ET_visitante,VI_visitante,EF_visitante
87,66,2023-10-24,2,1,2023-2024,Bauru Basket,São Paulo,78.80066666666667,30.4,35.33266666666667,13.066,31.86733333333333,7.732666666666668,24.13266666666667,16.934,11.800666666666666,1.4833333333333336,10.132666666666667,28.266666666666666,35.66133333333333,17.667333333333332,32.2,54.804,13.066,16.466,77.262,1.4006666666666665,7.999333333333334,0.7033333333333334,1.5326666666666668,19.666,0.08133333333333334,11.800666666666666,2.7993333333333337,89.26666666666667,85.13333333333334,34.0,36.666666666666664,14.466666666666667,34.266666666666666,8.666666666666666,25.6,16.8,11.266666666666667,1.6700000000000002,11.333333333333334,30.2,36.992666666666665,18.333333333333332,33.733333333333334,55.07,14.466666666666667,18.733333333333334,76.46666666666665,1.2,7.266666666666667,0.6906666666666667,0.8,22.466666666666665,0.03266666666666666,11.266666666666667,1.2,94.46666666666667
