placar_casa,placar_visitante,data,round,stage,ano,equipe_casa,equipe_visitante,Pts_casa,3P_casa,2P_casa,LL_casa,RT_casa,RO_casa,RD_casa,AS_casa,ER_casa,IA%_casa,3PC_casa,3PT_casa,3P%_casa,2PC_casa,2PT_casa,2P%_casa,LLC_casa,LLT_casa,LL%_casa,EN_casa,BR_casa,B/E_casa,TO_casa,FC_casa,T/FC_casa,ET_casa,VI_casa,EF_casa,Pts_visitante,3P_visitante,2P_visitante,LL_visitante,RT_visitante,RO_visitante,RD_visitante,AS_visitante,ER_visitante,IA%_visitante,3PC_visitante,3PT_visitante,3P%_visitante,2PC_visitante,2PT_visitante,2P%_visitante,LLC_visitante,LLT_visitante,LL%_visitante,EN_visitante,BR_visitante,B/E_visitante,TO_visitante,FC_visitante,T/FC_visitante,ET_visitante,VI_visitante,EF_visitante
92,55,2023-11-16,5,1,2023-2024,Flamengo,BRB/Brasília,81.23333333333333,30.8,36.13333333333333,14.3,39.46666666666667,12.266666666666667,27.2,18.0,14.766666666666667,1.2866666666666668,10.266666666666667,31.4,33.376666666666665,18.066666666666666,31.3,57.21866666666668,14.3,18.466666666666665,76.99666666666667,1.4,6.866666666666666,0.48799999999999993,1.3666666666666667,17.5,0.08466666666666668,14.766666666666667,2.533333333333333,93.63333333333334,76.3,27.8,32.93333333333333,15.566666666666666,35.266666666666666,9.833333333333334,25.433333333333334,15.233333333333333,16.2,0.9933333333333333,9.266666666666667,27.0,33.821999999999996,16.466666666666665,34.833333333333336,46.882,15.566666666666666,21.666666666666668,71.22866666666667,1.6,6.633333333333334,0.436,1.3333333333333333,21.866666666666667,0.059333333333333356,16.2,3.6666666666666665,76.36666666666666
