placar_casa,placar_visitante,data,round,stage,ano,equipe_casa,equipe_visitante,Pts_casa,3P_casa,2P_casa,LL_casa,RT_casa,RO_casa,RD_casa,AS_casa,ER_casa,IA%_casa,3PC_casa,3PT_casa,3P%_casa,2PC_casa,2PT_casa,2P%_casa,LLC_casa,LLT_casa,LL%_casa,EN_casa,BR_casa,B/E_casa,TO_casa,FC_casa,T/FC_casa,ET_casa,VI_casa,EF_casa,Pts_visitante,3P_visitante,2P_visitante,LL_visitante,RT_visitante,RO_visitante,RD_visitante,AS_visitante,ER_visitante,IA%_visitante,3PC_visitante,3PT_visitante,3P%_visitante,2PC_visitante,2PT_visitante,2P%_visitante,LLC_visitante,LLT_visitante,LL%_visitante,EN_visitante,BR_visitante,B/E_visitante,TO_visitante,FC_visitante,T/FC_visitante,ET_visitante,VI_visitante,EF_visitante
78,82,2023-10-27,2,1,2023-2024,Coop/São José Basketball,Fortaleza B. C. / CFO,81.08333333333333,25.85,43.13333333333333,12.1,35.48266666666667,9.483333333333333,25.99933333333333,20.449333333333332,12.766666666666667,1.7019999999999997,8.616000000000001,24.89933333333333,34.40200000000001,21.566666666666666,38.71666666666667,55.732000000000006,12.1,17.215999999999998,69.49266666666668,2.3666666666666667,6.266,0.5320000000000001,2.1659999999999995,20.616666666666667,0.10866666666666668,12.766666666666667,1.5833333333333333,94.13333333333334,75.43266666666666,25.7,35.534,14.200666666666667,35.833333333333336,9.066,26.767333333333333,12.166666666666666,11.9,1.0393333333333334,8.566,26.36733333333333,32.970666666666666,17.766000000000002,37.3,47.47400000000001,14.200666666666667,20.966,68.77666666666666,1.4006666666666665,6.267333333333332,0.55,0.9326666666666666,20.566,0.046666666666666676,11.9,2.667333333333333,74.634
