placar_casa,placar_visitante,data,round,stage,ano,equipe_casa,equipe_visitante,Pts_casa,3P_casa,2P_casa,LL_casa,RT_casa,RO_casa,RD_casa,AS_casa,ER_casa,IA%_casa,3PC_casa,3PT_casa,3P%_casa,2PC_casa,2PT_casa,2P%_casa,LLC_casa,LLT_casa,LL%_casa,EN_casa,BR_casa,B/E_casa,TO_casa,FC_casa,T/FC_casa,ET_casa,VI_casa,EF_casa,Pts_visitante,3P_visitante,2P_visitante,LL_visitante,RT_visitante,RO_visitante,RD_visitante,AS_visitante,ER_visitante,IA%_visitante,3PC_visitante,3PT_visitante,3P%_visitante,2PC_visitante,2PT_visitante,2P%_visitante,LLC_visitante,LLT_visitante,LL%_visitante,EN_visitante,BR_visitante,B/E_visitante,TO_visitante,FC_visitante,T/FC_visitante,ET_visitante,VI_visitante,EF_visitante
87,83,2023-11-16,5,1,2023-2024,Pato Basquete,Sesi Franca,78.06666666666666,27.7,38.86666666666667,11.5,36.63333333333333,10.7,25.933333333333334,16.9,12.533333333333333,1.444,9.233333333333333,29.366666666666667,31.113333333333337,19.433333333333334,34.56666666666667,55.90533333333334,11.5,16.433333333333334,69.53,0.9,7.3,0.6060000000000001,1.2333333333333334,19.7,0.05999999999999999,12.533333333333333,2.966666666666667,87.4,91.53333333333333,31.0,43.24466666666667,17.288666666666664,37.778,10.4,27.378,19.288666666666664,11.044666666666666,2.366666666666667,10.333333333333334,29.422,35.346666666666664,21.622,36.51133333333333,58.91600000000001,17.288666666666664,22.088666666666665,78.098,2.066666666666667,5.4,0.5219999999999999,3.244666666666667,20.8,0.16133333333333333,11.044666666666666,2.0446666666666666,107.422
