placar_casa,placar_visitante,data,round,stage,ano,equipe_casa,equipe_visitante,Pts_casa,3P_casa,2P_casa,LL_casa,RT_casa,RO_casa,RD_casa,AS_casa,ER_casa,IA%_casa,3PC_casa,3PT_casa,3P%_casa,2PC_casa,2PT_casa,2P%_casa,LLC_casa,LLT_casa,LL%_casa,EN_casa,BR_casa,B/E_casa,TO_casa,FC_casa,T/FC_casa,ET_casa,VI_casa,EF_casa,Pts_visitante,3P_visitante,2P_visitante,LL_visitante,RT_visitante,RO_visitante,RD_visitante,AS_visitante,ER_visitante,IA%_visitante,3PC_visitante,3PT_visitante,3P%_visitante,2PC_visitante,2PT_visitante,2P%_visitante,LLC_visitante,LLT_visitante,LL%_visitante,EN_visitante,BR_visitante,B/E_visitante,TO_visitante,FC_visitante,T/FC_visitante,ET_visitante,VI_visitante,EF_visitante
94,67,2023-11-07,4,1,2023-2024,Cerrado,União Corinthians,73.26733333333331,28.6,33.644,11.021333333333333,35.57733333333333,9.822666666666667,25.756000000000004,14.533999999999997,15.822666666666663,0.9546666666666668,9.533999999999999,32.02133333333333,29.03133333333334,16.82266666666667,32.622,52.163999999999994,11.021333333333333,16.88933333333333,64.828,1.3106666666666666,6.600666666666667,0.43000000000000005,1.5786666666666667,16.045333333333332,0.10466666666666669,15.822666666666663,2.9546666666666663,71.578,78.02199999999999,30.2,34.35666666666667,13.467333333333332,36.82333333333334,8.244,28.578,17.000666666666667,12.867333333333333,1.3760000000000001,10.066666666666666,30.82266666666667,33.10466666666666,17.176666666666666,33.15533333333333,51.462,13.467333333333332,18.932666666666666,70.26533333333333,1.4226666666666667,6.6226666666666665,0.5346666666666667,2.6439999999999997,20.378,0.13133333333333336,12.867333333333333,2.2439999999999998,86.04333333333334
