placar_casa,placar_visitante,data,round,stage,ano,equipe_casa,equipe_visitante,Pts_casa,3P_casa,2P_casa,LL_casa,RT_casa,RO_casa,RD_casa,AS_casa,ER_casa,IA%_casa,3PC_casa,3PT_casa,3P%_casa,2PC_casa,2PT_casa,2P%_casa,LLC_casa,LLT_casa,LL%_casa,EN_casa,BR_casa,B/E_casa,TO_casa,FC_casa,T/FC_casa,ET_casa,VI_casa,EF_casa,Pts_visitante,3P_visitante,2P_visitante,LL_visitante,RT_visitante,RO_visitante,RD_visitante,AS_visitante,ER_visitante,IA%_visitante,3PC_visitante,3PT_visitante,3P%_visitante,2PC_visitante,2PT_visitante,2P%_visitante,LLC_visitante,LLT_visitante,LL%_visitante,EN_visitante,BR_visitante,B/E_visitante,TO_visitante,FC_visitante,T/FC_visitante,ET_visitante,VI_visitante,EF_visitante
78,80,2023-11-03,3,1,2023-2024,Pato Basquete,BRB/Brasília,76.16666666666667,25.2,39.53333333333333,11.433333333333334,37.86666666666667,11.933333333333334,25.933333333333334,15.533333333333333,13.5,1.2306666666666666,8.4,28.5,28.961999999999996,19.766666666666666,35.733333333333334,55.057333333333325,11.433333333333334,15.933333333333334,71.12000000000002,0.7,7.166666666666667,0.5593333333333333,1.5666666666666667,20.166666666666668,0.07800000000000001,13.5,3.2,84.23333333333333,76.98333333333333,26.95,33.53333333333333,16.5,36.766666666666666,10.55,26.216666666666665,16.616666666666667,17.116666666666667,1.014,8.983333333333333,26.583333333333332,33.449333333333335,16.766666666666666,36.03333333333333,46.269999999999996,16.5,22.733333333333334,72.334,1.8166666666666667,6.8,0.41133333333333333,1.2666666666666666,21.016666666666666,0.05733333333333335,17.116666666666667,3.933333333333333,78.21666666666667
