placar_casa,placar_visitante,data,round,stage,ano,equipe_casa,equipe_visitante,Pts_casa,3P_casa,2P_casa,LL_casa,RT_casa,RO_casa,RD_casa,AS_casa,ER_casa,IA%_casa,3PC_casa,3PT_casa,3P%_casa,2PC_casa,2PT_casa,2P%_casa,LLC_casa,LLT_casa,LL%_casa,EN_casa,BR_casa,B/E_casa,TO_casa,FC_casa,T/FC_casa,ET_casa,VI_casa,EF_casa,Pts_visitante,3P_visitante,2P_visitante,LL_visitante,RT_visitante,RO_visitante,RD_visitante,AS_visitante,ER_visitante,IA%_visitante,3PC_visitante,3PT_visitante,3P%_visitante,2PC_visitante,2PT_visitante,2P%_visitante,LLC_visitante,LLT_visitante,LL%_visitante,EN_visitante,BR_visitante,B/E_visitante,TO_visitante,FC_visitante,T/FC_visitante,ET_visitante,VI_visitante,EF_visitante
81,71,2023-12-18,10,1,2023-2024,R10 Score Vasco da Gama,UNIFACISA,72.334,26.8,32.666000000000004,12.866000000000001,37.599333333333334,9.8,27.799333333333333,19.399333333333335,16.800666666666665,1.2160000000000002,8.934,26.667333333333332,33.519999999999996,16.334,31.799333333333333,51.63866666666665,12.866000000000001,18.200666666666667,71.718,1.6,7.800666666666667,0.4600000000000001,2.734,22.066666666666666,0.12466666666666668,16.800666666666665,4.066666666666666,84.53333333333333,78.66666666666667,27.2,36.13333333333333,15.333333333333334,36.733333333333334,10.133333333333333,26.6,15.533333333333333,13.0,1.2233333333333334,9.066666666666666,28.666666666666668,31.534,18.066666666666666,33.13333333333333,54.17333333333333,15.333333333333334,19.666666666666668,76.82133333333333,1.1333333333333333,7.2,0.5426666666666667,1.9333333333333333,19.4,0.10200000000000002,13.0,2.533333333333333,88.06666666666666
