placar_casa,placar_visitante,data,round,stage,ano,equipe_casa,equipe_visitante,Pts_casa,3P_casa,2P_casa,LL_casa,RT_casa,RO_casa,RD_casa,AS_casa,ER_casa,IA%_casa,3PC_casa,3PT_casa,3P%_casa,2PC_casa,2PT_casa,2P%_casa,LLC_casa,LLT_casa,LL%_casa,EN_casa,BR_casa,B/E_casa,TO_casa,FC_casa,T/FC_casa,ET_casa,VI_casa,EF_casa,Pts_visitante,3P_visitante,2P_visitante,LL_visitante,RT_visitante,RO_visitante,RD_visitante,AS_visitante,ER_visitante,IA%_visitante,3PC_visitante,3PT_visitante,3P%_visitante,2PC_visitante,2PT_visitante,2P%_visitante,LLC_visitante,LLT_visitante,LL%_visitante,EN_visitante,BR_visitante,B/E_visitante,TO_visitante,FC_visitante,T/FC_visitante,ET_visitante,VI_visitante,EF_visitante
67,68,2023-12-06,8,1,2023-2024,Minas,Cerrado,86.26666666666667,32.2,38.266666666666666,15.8,36.53333333333333,10.333333333333334,26.2,20.8,12.2,1.7820000000000007,10.733333333333333,28.066666666666666,37.65533333333334,19.133333333333333,35.13333333333333,54.392,15.8,20.8,75.45466666666667,1.0666666666666667,5.933333333333334,0.4886666666666667,2.1333333333333333,20.066666666666666,0.11066666666666668,12.2,2.6666666666666665,101.13333333333334,72.53466666666667,24.4,37.2,10.932666666666668,41.065333333333335,13.133999999999999,27.93333333333333,16.467333333333332,13.666666666666668,1.258,8.133333333333333,28.466,28.782666666666664,18.599999999999998,38.666666666666664,48.314666666666675,10.932666666666668,17.73466666666667,63.16733333333333,1.666666666666667,7.0,0.5399999999999999,2.066666666666666,16.73333333333333,0.12133333333333335,13.666666666666668,2.5333333333333337,78.26600000000002
