placar_casa,placar_visitante,data,round,stage,ano,equipe_casa,equipe_visitante,Pts_casa,3P_casa,2P_casa,LL_casa,RT_casa,RO_casa,RD_casa,AS_casa,ER_casa,IA%_casa,3PC_casa,3PT_casa,3P%_casa,2PC_casa,2PT_casa,2P%_casa,LLC_casa,LLT_casa,LL%_casa,EN_casa,BR_casa,B/E_casa,TO_casa,FC_casa,T/FC_casa,ET_casa,VI_casa,EF_casa,Pts_visitante,3P_visitante,2P_visitante,LL_visitante,RT_visitante,RO_visitante,RD_visitante,AS_visitante,ER_visitante,IA%_visitante,3PC_visitante,3PT_visitante,3P%_visitante,2PC_visitante,2PT_visitante,2P%_visitante,LLC_visitante,LLT_visitante,LL%_visitante,EN_visitante,BR_visitante,B/E_visitante,TO_visitante,FC_visitante,T/FC_visitante,ET_visitante,VI_visitante,EF_visitante
75,71,2023-10-26,2,1,2023-2024,Bauru Basket,Paulistano,79.35600000000001,30.933333333333334,35.57733333333333,12.844,31.82266666666667,7.810666666666666,24.010666666666665,17.22266666666667,11.789333333333333,1.5060000000000002,10.310666666666666,28.533333333333335,35.93733333333333,17.789333333333335,32.46666666666667,54.72,12.844,16.177333333333333,77.37533333333334,1.4226666666666667,8.277333333333333,0.7246666666666667,1.5773333333333333,19.510666666666665,0.08533333333333334,11.789333333333333,2.9106666666666663,90.23333333333333,80.83333333333333,26.1,41.53333333333333,13.2,39.46666666666667,14.666666666666666,24.8,14.366666666666667,12.433333333333334,1.2313333333333332,8.7,27.0,32.12866666666667,20.766666666666666,40.86666666666667,51.092000000000006,13.2,18.066666666666666,72.30133333333333,2.2666666666666666,7.266666666666667,0.6400000000000001,2.566666666666667,21.066666666666666,0.12133333333333335,12.433333333333334,2.3666666666666667,88.8
