placar_casa,placar_visitante,data,round,stage,ano,equipe_casa,equipe_visitante,Pts_casa,3P_casa,2P_casa,LL_casa,RT_casa,RO_casa,RD_casa,AS_casa,ER_casa,IA%_casa,3PC_casa,3PT_casa,3P%_casa,2PC_casa,2PT_casa,2P%_casa,LLC_casa,LLT_casa,LL%_casa,EN_casa,BR_casa,B/E_casa,TO_casa,FC_casa,T/FC_casa,ET_casa,VI_casa,EF_casa,Pts_visitante,3P_visitante,2P_visitante,LL_visitante,RT_visitante,RO_visitante,RD_visitante,AS_visitante,ER_visitante,IA%_visitante,3PC_visitante,3PT_visitante,3P%_visitante,2PC_visitante,2PT_visitante,2P%_visitante,LLC_visitante,LLT_visitante,LL%_visitante,EN_visitante,BR_visitante,B/E_visitante,TO_visitante,FC_visitante,T/FC_visitante,ET_visitante,VI_visitante,EF_visitante
74,55,2023-03-11,6,2,2022-2023,Bauru Basket,Pato Basquete,75.53299999999999,30.2,34.266,11.065,33.835,7.465999999999999,26.366999999999997,18.534,11.635000000000002,1.6270000000000002,10.065999999999999,28.0,35.785,17.133999999999997,32.400999999999996,52.455,11.065,14.865999999999996,72.15299999999999,2.035,6.6659999999999995,0.5700000000000001,1.765,18.165,0.10500000000000002,11.635000000000002,1.9659999999999997,87.699,78.399,22.85,42.7,12.849,36.964999999999996,13.065999999999999,23.899,13.299000000000001,13.665000000000001,1.0920000000000003,7.615,25.782999999999998,29.611000000000008,21.35,41.233,51.74100000000001,12.849,18.734,66.571,0.29900000000000004,7.633,0.587,1.25,19.6,0.06399999999999999,13.665000000000001,2.8850000000000002,79.95
