placar_casa,placar_visitante,data,round,stage,ano,equipe_casa,equipe_visitante,Pts_casa,3P_casa,2P_casa,LL_casa,RT_casa,RO_casa,RD_casa,AS_casa,ER_casa,IA%_casa,3PC_casa,3PT_casa,3P%_casa,2PC_casa,2PT_casa,2P%_casa,LLC_casa,LLT_casa,LL%_casa,EN_casa,BR_casa,B/E_casa,TO_casa,FC_casa,T/FC_casa,ET_casa,VI_casa,EF_casa,Pts_visitante,3P_visitante,2P_visitante,LL_visitante,RT_visitante,RO_visitante,RD_visitante,AS_visitante,ER_visitante,IA%_visitante,3PC_visitante,3PT_visitante,3P%_visitante,2PC_visitante,2PT_visitante,2P%_visitante,LLC_visitante,LLT_visitante,LL%_visitante,EN_visitante,BR_visitante,B/E_visitante,TO_visitante,FC_visitante,T/FC_visitante,ET_visitante,VI_visitante,EF_visitante
79,77,2023-03-22,7,2,2022-2023,Fortaleza B. C. / CFO,Bauru Basket,73.899,26.1,34.201,13.600999999999999,36.45,10.849,25.601,11.75,12.65,0.9349999999999999,8.699000000000002,27.951,31.451,17.099,36.65,46.44,13.600999999999999,20.249000000000002,67.28999999999999,0.851,6.0009999999999994,0.49000000000000005,1.199,20.099,0.06200000000000001,12.65,3.101,71.201,76.99999999999999,30.9,34.199,11.898,33.80200000000001,7.598999999999999,26.199999999999996,18.100999999999996,11.702,1.5880000000000003,10.299,28.1,36.55,17.100999999999996,31.901,53.202,11.898,15.199000000000002,76.47,2.0020000000000002,6.499,0.554,1.7979999999999996,17.897999999999996,0.10700000000000003,11.702,2.0989999999999993,89.599
