placar_casa,placar_visitante,data,round,stage,ano,equipe_casa,equipe_visitante,Pts_casa,3P_casa,2P_casa,LL_casa,RT_casa,RO_casa,RD_casa,AS_casa,ER_casa,IA%_casa,3PC_casa,3PT_casa,3P%_casa,2PC_casa,2PT_casa,2P%_casa,LLC_casa,LLT_casa,LL%_casa,EN_casa,BR_casa,B/E_casa,TO_casa,FC_casa,T/FC_casa,ET_casa,VI_casa,EF_casa,Pts_visitante,3P_visitante,2P_visitante,LL_visitante,RT_visitante,RO_visitante,RD_visitante,AS_visitante,ER_visitante,IA%_visitante,3PC_visitante,3PT_visitante,3P%_visitante,2PC_visitante,2PT_visitante,2P%_visitante,LLC_visitante,LLT_visitante,LL%_visitante,EN_visitante,BR_visitante,B/E_visitante,TO_visitante,FC_visitante,T/FC_visitante,ET_visitante,VI_visitante,EF_visitante
78,83,2009-11-29,6,1,2009-2010,Bauru Basket,Minas,79.66666666666667,29.0,39.06666666666667,11.6,32.2,10.733333333333333,21.466666666666665,13.733333333333333,9.533333333333333,1.636,9.666666666666666,24.666666666666668,39.126666666666665,19.533333333333335,38.4,51.193333333333335,11.6,16.533333333333335,70.92333333333335,1.6666666666666667,7.066666666666666,0.7880000000000001,1.8,17.4,0.11600000000000002,9.533333333333333,0.4,86.13333333333334,84.6,22.6,44.266666666666666,17.733333333333334,33.46666666666667,8.866666666666667,24.6,17.8,14.6,1.430666666666667,7.533333333333333,22.266666666666666,33.444,22.133333333333333,39.733333333333334,56.12066666666667,17.733333333333334,24.466666666666665,72.31466666666667,1.0666666666666667,6.333333333333333,0.5026666666666666,2.066666666666667,18.933333333333334,0.10600000000000001,14.6,0.3333333333333333,90.6
