placar_casa,placar_visitante,data,round,stage,ano,equipe_casa,equipe_visitante,Pts_casa,3P_casa,2P_casa,LL_casa,RT_casa,RO_casa,RD_casa,AS_casa,ER_casa,IA%_casa,3PC_casa,3PT_casa,3P%_casa,2PC_casa,2PT_casa,2P%_casa,LLC_casa,LLT_casa,LL%_casa,EN_casa,BR_casa,B/E_casa,TO_casa,FC_casa,T/FC_casa,ET_casa,VI_casa,EF_casa,Pts_visitante,3P_visitante,2P_visitante,LL_visitante,RT_visitante,RO_visitante,RD_visitante,AS_visitante,ER_visitante,IA%_visitante,3PC_visitante,3PT_visitante,3P%_visitante,2PC_visitante,2PT_visitante,2P%_visitante,LLC_visitante,LLT_visitante,LL%_visitante,EN_visitante,BR_visitante,B/E_visitante,TO_visitante,FC_visitante,T/FC_visitante,ET_visitante,VI_visitante,EF_visitante
63,59,2010-02-05,1,2,2009-2010,Bauru Basket,Araraquara,79.2,27.6,40.13333333333333,11.466666666666667,32.2,10.333333333333334,21.866666666666667,13.666666666666666,9.733333333333333,1.6119999999999997,9.2,23.4,40.065333333333335,20.066666666666666,39.6,51.214000000000006,11.466666666666667,17.2,67.64333333333333,2.1333333333333333,6.8,0.7966666666666666,2.4,15.4,0.17200000000000004,9.733333333333333,1.4,85.06666666666666,74.86666666666666,25.4,39.2,10.266666666666667,28.333333333333332,7.933333333333334,20.4,15.866666666666667,14.2,1.1773333333333333,8.466666666666667,25.8,32.35466666666667,19.6,38.8,51.065999999999995,10.266666666666667,13.8,74.916,2.8666666666666667,8.266666666666667,0.6286666666666665,3.066666666666667,20.733333333333334,0.15333333333333335,14.2,1.4666666666666666,76.13333333333334
