placar_casa,placar_visitante,data,round,stage,ano,equipe_casa,equipe_visitante,Pts_casa,3P_casa,2P_casa,LL_casa,RT_casa,RO_casa,RD_casa,AS_casa,ER_casa,IA%_casa,3PC_casa,3PT_casa,3P%_casa,2PC_casa,2PT_casa,2P%_casa,LLC_casa,LLT_casa,LL%_casa,EN_casa,BR_casa,B/E_casa,TO_casa,FC_casa,T/FC_casa,ET_casa,VI_casa,EF_casa,Pts_visitante,3P_visitante,2P_visitante,LL_visitante,RT_visitante,RO_visitante,RD_visitante,AS_visitante,ER_visitante,IA%_visitante,3PC_visitante,3PT_visitante,3P%_visitante,2PC_visitante,2PT_visitante,2P%_visitante,LLC_visitante,LLT_visitante,LL%_visitante,EN_visitante,BR_visitante,B/E_visitante,TO_visitante,FC_visitante,T/FC_visitante,ET_visitante,VI_visitante,EF_visitante
74,66,2013-11-30,6,1,2013-2014,Limeira,Minas,82.8,25.4,42.8,14.6,32.6,8.4,24.2,15.4,10.466666666666667,1.657333333333333,8.466666666666667,22.4,38.44533333333334,21.4,39.333333333333336,54.62466666666667,14.6,18.666666666666668,77.59400000000001,1.5333333333333334,7.6,0.8166666666666667,2.2666666666666666,21.466666666666665,0.10733333333333334,10.466666666666667,2.0,94.26666666666667,71.06666666666666,25.2,37.333333333333336,14.533333333333333,30.266666666666666,8.333333333333334,21.933333333333334,13.733333333333333,14.133333333333333,1.0633333333333332,6.4,19.133333333333333,32.008,18.666666666666668,39.733333333333334,47.22866666666666,14.533333333333333,18.8,78.90266666666668,0.8,6.866666666666666,0.5106666666666667,2.933333333333333,20.333333333333332,0.14666666666666667,14.133333333333333,2.466666666666667,74.0
