placar_casa,placar_visitante,data,round,stage,ano,equipe_casa,equipe_visitante,Pts_casa,3P_casa,2P_casa,LL_casa,RT_casa,RO_casa,RD_casa,AS_casa,ER_casa,IA%_casa,3PC_casa,3PT_casa,3P%_casa,2PC_casa,2PT_casa,2P%_casa,LLC_casa,LLT_casa,LL%_casa,EN_casa,BR_casa,B/E_casa,TO_casa,FC_casa,T/FC_casa,ET_casa,VI_casa,EF_casa,Pts_visitante,3P_visitante,2P_visitante,LL_visitante,RT_visitante,RO_visitante,RD_visitante,AS_visitante,ER_visitante,IA%_visitante,3PC_visitante,3PT_visitante,3P%_visitante,2PC_visitante,2PT_visitante,2P%_visitante,LLC_visitante,LLT_visitante,LL%_visitante,EN_visitante,BR_visitante,B/E_visitante,TO_visitante,FC_visitante,T/FC_visitante,ET_visitante,VI_visitante,EF_visitante
95,101,2014-01-16,17,1,2013-2014,Uberlândia,Flamengo,82.46666666666667,27.4,40.53333333333333,14.533333333333333,33.13333333333333,9.533333333333333,23.6,17.866666666666667,11.733333333333333,1.7746666666666668,9.133333333333333,22.066666666666666,41.656,20.266666666666666,37.86666666666667,54.187333333333335,14.533333333333333,18.8,77.97000000000001,3.6,7.333333333333333,0.6726666666666664,2.6,19.266666666666666,0.13533333333333333,11.733333333333333,3.066666666666667,96.86666666666666,79.73333333333333,24.2,38.666666666666664,16.866666666666667,37.46666666666667,11.266666666666667,26.2,14.8,14.0,1.1213333333333335,8.066666666666666,24.333333333333332,33.214,19.333333333333332,36.06666666666667,54.233333333333334,16.866666666666667,22.2,75.796,2.1333333333333333,7.666666666666667,0.5366666666666667,2.2,20.266666666666666,0.11000000000000003,14.0,2.4,89.53333333333333
