placar_casa,placar_visitante,data,round,stage,ano,equipe_casa,equipe_visitante,Pts_casa,3P_casa,2P_casa,LL_casa,RT_casa,RO_casa,RD_casa,AS_casa,ER_casa,IA%_casa,3PC_casa,3PT_casa,3P%_casa,2PC_casa,2PT_casa,2P%_casa,LLC_casa,LLT_casa,LL%_casa,EN_casa,BR_casa,B/E_casa,TO_casa,FC_casa,T/FC_casa,ET_casa,VI_casa,EF_casa,Pts_visitante,3P_visitante,2P_visitante,LL_visitante,RT_visitante,RO_visitante,RD_visitante,AS_visitante,ER_visitante,IA%_visitante,3PC_visitante,3PT_visitante,3P%_visitante,2PC_visitante,2PT_visitante,2P%_visitante,LLC_visitante,LLT_visitante,LL%_visitante,EN_visitante,BR_visitante,B/E_visitante,TO_visitante,FC_visitante,T/FC_visitante,ET_visitante,VI_visitante,EF_visitante
68,80,2013-11-28,5,1,2013-2014,Macaé Basquete,Paulistano,82.33333333333333,26.0,37.333333333333336,19.0,37.0,11.0,26.0,14.666666666666666,13.0,1.1766666666666667,8.666666666666666,24.0,36.01,18.666666666666668,38.333333333333336,49.04333333333333,19.0,27.0,71.78000000000002,1.3333333333333333,10.666666666666666,0.8733333333333334,1.0,21.0,0.043333333333333335,13.0,1.3333333333333333,89.66666666666667,77.06666666666666,26.6,38.4,12.066666666666666,32.0,9.333333333333334,22.666666666666668,12.4,13.933333333333334,0.9706666666666668,8.866666666666667,21.733333333333334,41.45466666666666,19.2,38.8,49.95066666666667,12.066666666666666,18.533333333333335,63.93066666666667,1.8,5.8,0.478,2.0,21.866666666666667,0.098,13.933333333333334,3.066666666666667,76.4
