placar_casa,placar_visitante,data,round,stage,ano,equipe_casa,equipe_visitante,Pts_casa,3P_casa,2P_casa,LL_casa,RT_casa,RO_casa,RD_casa,AS_casa,ER_casa,IA%_casa,3PC_casa,3PT_casa,3P%_casa,2PC_casa,2PT_casa,2P%_casa,LLC_casa,LLT_casa,LL%_casa,EN_casa,BR_casa,B/E_casa,TO_casa,FC_casa,T/FC_casa,ET_casa,VI_casa,EF_casa,Pts_visitante,3P_visitante,2P_visitante,LL_visitante,RT_visitante,RO_visitante,RD_visitante,AS_visitante,ER_visitante,IA%_visitante,3PC_visitante,3PT_visitante,3P%_visitante,2PC_visitante,2PT_visitante,2P%_visitante,LLC_visitante,LLT_visitante,LL%_visitante,EN_visitante,BR_visitante,B/E_visitante,TO_visitante,FC_visitante,T/FC_visitante,ET_visitante,VI_visitante,EF_visitante
69,81,2014-01-13,16,1,2013-2014,Limeira,Uberlândia,77.6,25.2,39.333333333333336,13.066666666666666,32.46666666666667,8.333333333333334,24.133333333333333,15.8,11.0,1.5486666666666664,8.4,20.933333333333334,40.86333333333333,19.666666666666668,37.8,52.36066666666666,13.066666666666666,17.533333333333335,74.85066666666667,1.0,8.933333333333334,0.8866666666666665,2.2,20.933333333333334,0.10666666666666669,11.0,1.9333333333333333,90.86666666666666,83.26666666666667,28.4,40.13333333333333,14.733333333333333,33.333333333333336,9.8,23.533333333333335,18.0,11.333333333333334,1.8366666666666664,9.466666666666667,22.6,41.85133333333333,20.066666666666666,37.86666666666667,53.599333333333334,14.733333333333333,18.8,79.02266666666668,3.6666666666666665,7.4,0.692,2.3333333333333335,19.0,0.12466666666666668,11.333333333333334,2.8,98.0
