placar_casa,placar_visitante,data,round,stage,ano,equipe_casa,equipe_visitante,Pts_casa,3P_casa,2P_casa,LL_casa,RT_casa,RO_casa,RD_casa,AS_casa,ER_casa,IA%_casa,3PC_casa,3PT_casa,3P%_casa,2PC_casa,2PT_casa,2P%_casa,LLC_casa,LLT_casa,LL%_casa,EN_casa,BR_casa,B/E_casa,TO_casa,FC_casa,T/FC_casa,ET_casa,VI_casa,EF_casa,Pts_visitante,3P_visitante,2P_visitante,LL_visitante,RT_visitante,RO_visitante,RD_visitante,AS_visitante,ER_visitante,IA%_visitante,3PC_visitante,3PT_visitante,3P%_visitante,2PC_visitante,2PT_visitante,2P%_visitante,LLC_visitante,LLT_visitante,LL%_visitante,EN_visitante,BR_visitante,B/E_visitante,TO_visitante,FC_visitante,T/FC_visitante,ET_visitante,VI_visitante,EF_visitante
82,68,2014-01-16,17,1,2013-2014,Sesi Franca,Macaé Basquete,75.2,18.4,41.6,15.2,33.4,10.0,23.4,14.866666666666667,15.4,1.122,6.133333333333334,18.0,32.907333333333334,20.8,40.266666666666666,51.71066666666666,15.2,20.8,72.69000000000001,1.4,9.533333333333333,0.6726666666666666,2.1333333333333333,17.8,0.13933333333333336,15.4,2.2666666666666666,82.73333333333333,79.14285714285714,22.928571428571427,39.285714285714285,16.928571428571427,31.714285714285715,8.142857142857142,23.571428571428573,14.071428571428571,10.928571428571429,1.775714285714286,7.642857142857143,21.857142857142858,35.08,19.642857142857142,38.214285714285715,51.16857142857143,16.928571428571427,21.714285714285715,79.75428571428573,1.0,9.357142857142858,1.2321428571428572,1.2142857142857142,21.214285714285715,0.057857142857142864,10.928571428571429,1.6428571428571428,87.0
