placar_casa,placar_visitante,data,round,stage,ano,equipe_casa,equipe_visitante,Pts_casa,3P_casa,2P_casa,LL_casa,RT_casa,RO_casa,RD_casa,AS_casa,ER_casa,IA%_casa,3PC_casa,3PT_casa,3P%_casa,2PC_casa,2PT_casa,2P%_casa,LLC_casa,LLT_casa,LL%_casa,EN_casa,BR_casa,B/E_casa,TO_casa,FC_casa,T/FC_casa,ET_casa,VI_casa,EF_casa,Pts_visitante,3P_visitante,2P_visitante,LL_visitante,RT_visitante,RO_visitante,RD_visitante,AS_visitante,ER_visitante,IA%_visitante,3PC_visitante,3PT_visitante,3P%_visitante,2PC_visitante,2PT_visitante,2P%_visitante,LLC_visitante,LLT_visitante,LL%_visitante,EN_visitante,BR_visitante,B/E_visitante,TO_visitante,FC_visitante,T/FC_visitante,ET_visitante,VI_visitante,EF_visitante
59,65,2013-12-19,11,1,2013-2014,Minas,Sesi Franca,69.0,15.6,38.666666666666664,14.733333333333333,29.4,7.533333333333333,21.866666666666667,13.4,13.0,1.0859999999999999,5.2,17.2,29.310000000000002,19.333333333333332,39.2,49.76066666666666,14.733333333333333,19.533333333333335,77.38333333333335,1.4,7.866666666666666,0.6353333333333333,2.933333333333333,22.0,0.13733333333333334,13.0,2.533333333333333,72.93333333333334,74.73333333333333,18.0,40.8,15.933333333333334,31.466666666666665,9.533333333333333,21.933333333333334,13.666666666666666,14.533333333333333,1.06,6.0,17.533333333333335,32.885999999999996,20.4,41.4,49.45799999999999,15.933333333333334,21.733333333333334,73.546,1.5333333333333334,8.866666666666667,0.6473333333333334,2.533333333333333,19.066666666666666,0.1446666666666667,14.533333333333333,2.2666666666666666,78.4
