placar_casa,placar_visitante,data,round,stage,ano,equipe_casa,equipe_visitante,Pts_casa,3P_casa,2P_casa,LL_casa,RT_casa,RO_casa,RD_casa,AS_casa,ER_casa,IA%_casa,3PC_casa,3PT_casa,3P%_casa,2PC_casa,2PT_casa,2P%_casa,LLC_casa,LLT_casa,LL%_casa,EN_casa,BR_casa,B/E_casa,TO_casa,FC_casa,T/FC_casa,ET_casa,VI_casa,EF_casa,Pts_visitante,3P_visitante,2P_visitante,LL_visitante,RT_visitante,RO_visitante,RD_visitante,AS_visitante,ER_visitante,IA%_visitante,3PC_visitante,3PT_visitante,3P%_visitante,2PC_visitante,2PT_visitante,2P%_visitante,LLC_visitante,LLT_visitante,LL%_visitante,EN_visitante,BR_visitante,B/E_visitante,TO_visitante,FC_visitante,T/FC_visitante,ET_visitante,VI_visitante,EF_visitante
90,95,2014-01-11,15,1,2013-2014,Espírito Santo,Palmeiras,71.46666666666667,21.8,34.93333333333333,14.733333333333333,30.133333333333333,9.333333333333334,20.8,11.6,12.533333333333333,1.1246666666666667,7.266666666666667,23.2,30.978000000000005,17.466666666666665,37.0,47.32866666666667,14.733333333333333,19.466666666666665,76.038,1.8,7.266666666666667,0.6599999999999999,1.0,17.866666666666667,0.05933333333333334,12.533333333333333,2.3333333333333335,68.73333333333333,77.06666666666666,22.6,40.0,14.466666666666667,36.86666666666667,12.533333333333333,24.333333333333332,14.533333333333333,12.533333333333333,1.2833333333333334,7.533333333333333,23.8,31.916666666666668,20.0,40.733333333333334,49.861999999999995,14.466666666666667,22.066666666666666,65.30866666666667,2.6666666666666665,9.533333333333333,0.8453333333333333,2.6,20.4,0.12933333333333333,12.533333333333333,3.466666666666667,83.46666666666667
