placar_casa,placar_visitante,data,round,stage,ano,equipe_casa,equipe_visitante,Pts_casa,3P_casa,2P_casa,LL_casa,RT_casa,RO_casa,RD_casa,AS_casa,ER_casa,IA%_casa,3PC_casa,3PT_casa,3P%_casa,2PC_casa,2PT_casa,2P%_casa,LLC_casa,LLT_casa,LL%_casa,EN_casa,BR_casa,B/E_casa,TO_casa,FC_casa,T/FC_casa,ET_casa,VI_casa,EF_casa,Pts_visitante,3P_visitante,2P_visitante,LL_visitante,RT_visitante,RO_visitante,RD_visitante,AS_visitante,ER_visitante,IA%_visitante,3PC_visitante,3PT_visitante,3P%_visitante,2PC_visitante,2PT_visitante,2P%_visitante,LLC_visitante,LLT_visitante,LL%_visitante,EN_visitante,BR_visitante,B/E_visitante,TO_visitante,FC_visitante,T/FC_visitante,ET_visitante,VI_visitante,EF_visitante
78,85,2013-11-23,4,1,2013-2014,Brasília,Mogi,87.33333333333333,36.2,41.86666666666667,12.666666666666666,32.2,8.333333333333334,23.866666666666667,16.666666666666668,12.8,1.4366666666666665,10.933333333333334,27.466666666666665,39.82933333333334,20.933333333333334,38.53333333333333,54.44133333333333,12.666666666666666,15.8,79.95333333333333,1.1333333333333333,6.4,0.53,2.8666666666666667,21.933333333333334,0.13799999999999998,12.8,2.066666666666667,96.8,76.4,41.6,39.06666666666667,18.933333333333334,34.86666666666667,11.066666666666666,23.8,13.066666666666666,14.933333333333334,0.9466666666666667,6.133333333333334,19.066666666666666,33.260666666666665,19.533333333333335,42.266666666666666,46.504,18.933333333333334,24.133333333333333,78.07266666666666,0.4666666666666667,6.533333333333333,0.4493333333333333,1.8,21.466666666666665,0.09133333333333334,14.933333333333334,2.533333333333333,81.6
