placar_casa,placar_visitante,data,round,stage,ano,equipe_casa,equipe_visitante,Pts_casa,3P_casa,2P_casa,LL_casa,RT_casa,RO_casa,RD_casa,AS_casa,ER_casa,IA%_casa,3PC_casa,3PT_casa,3P%_casa,2PC_casa,2PT_casa,2P%_casa,LLC_casa,LLT_casa,LL%_casa,EN_casa,BR_casa,B/E_casa,TO_casa,FC_casa,T/FC_casa,ET_casa,VI_casa,EF_casa,Pts_visitante,3P_visitante,2P_visitante,LL_visitante,RT_visitante,RO_visitante,RD_visitante,AS_visitante,ER_visitante,IA%_visitante,3PC_visitante,3PT_visitante,3P%_visitante,2PC_visitante,2PT_visitante,2P%_visitante,LLC_visitante,LLT_visitante,LL%_visitante,EN_visitante,BR_visitante,B/E_visitante,TO_visitante,FC_visitante,T/FC_visitante,ET_visitante,VI_visitante,EF_visitante
92,75,2013-11-23,4,1,2013-2014,Sesi Franca,Uberlândia,72.8,16.0,42.53333333333333,14.266666666666667,27.8,7.6,20.2,13.4,13.0,1.1866666666666665,5.333333333333333,15.333333333333334,34.077333333333335,21.266666666666666,41.93333333333333,50.65866666666667,14.266666666666667,19.733333333333334,70.88533333333335,2.466666666666667,9.466666666666667,0.7859999999999999,2.933333333333333,19.666666666666668,0.1553333333333333,13.0,2.0,77.26666666666667,84.26666666666667,31.2,38.0,15.066666666666666,31.8,8.4,23.4,16.133333333333333,9.866666666666667,1.8613333333333333,10.4,23.8,44.11466666666668,19.0,36.93333333333333,51.79666666666665,15.066666666666666,18.866666666666667,80.64200000000001,2.533333333333333,5.866666666666666,0.6466666666666666,2.1333333333333333,18.533333333333335,0.11533333333333334,9.866666666666667,2.2666666666666666,95.2
