placar_casa,placar_visitante,data,round,stage,ano,equipe_casa,equipe_visitante,Pts_casa,3P_casa,2P_casa,LL_casa,RT_casa,RO_casa,RD_casa,AS_casa,ER_casa,IA%_casa,3PC_casa,3PT_casa,3P%_casa,2PC_casa,2PT_casa,2P%_casa,LLC_casa,LLT_casa,LL%_casa,EN_casa,BR_casa,B/E_casa,TO_casa,FC_casa,T/FC_casa,ET_casa,VI_casa,EF_casa,Pts_visitante,3P_visitante,2P_visitante,LL_visitante,RT_visitante,RO_visitante,RD_visitante,AS_visitante,ER_visitante,IA%_visitante,3PC_visitante,3PT_visitante,3P%_visitante,2PC_visitante,2PT_visitante,2P%_visitante,LLC_visitante,LLT_visitante,LL%_visitante,EN_visitante,BR_visitante,B/E_visitante,TO_visitante,FC_visitante,T/FC_visitante,ET_visitante,VI_visitante,EF_visitante
77,87,2014-01-11,15,1,2013-2014,Coop/São José Basketball,Brasília,82.86666666666666,24.8,42.4,15.666666666666666,34.53333333333333,10.4,24.133333333333333,16.0,13.333333333333334,1.2280000000000002,8.266666666666667,23.4,36.30466666666667,21.2,40.266666666666666,52.62666666666666,15.666666666666666,19.8,79.718,0.6666666666666666,8.066666666666666,0.6140000000000001,1.8666666666666667,15.0,0.13,13.333333333333334,2.933333333333333,91.66666666666667,82.33333333333333,31.8,38.13333333333333,12.4,34.2,8.2,26.0,14.4,11.533333333333333,1.4893333333333334,10.6,28.0,37.943999999999996,19.066666666666666,35.86666666666667,53.75733333333333,12.4,15.4,80.72866666666667,1.2666666666666666,8.0,0.738,2.4,19.866666666666667,0.12533333333333332,11.533333333333333,1.8,92.6
