placar_casa,placar_visitante,data,round,stage,ano,equipe_casa,equipe_visitante,Pts_casa,3P_casa,2P_casa,LL_casa,RT_casa,RO_casa,RD_casa,AS_casa,ER_casa,IA%_casa,3PC_casa,3PT_casa,3P%_casa,2PC_casa,2PT_casa,2P%_casa,LLC_casa,LLT_casa,LL%_casa,EN_casa,BR_casa,B/E_casa,TO_casa,FC_casa,T/FC_casa,ET_casa,VI_casa,EF_casa,Pts_visitante,3P_visitante,2P_visitante,LL_visitante,RT_visitante,RO_visitante,RD_visitante,AS_visitante,ER_visitante,IA%_visitante,3PC_visitante,3PT_visitante,3P%_visitante,2PC_visitante,2PT_visitante,2P%_visitante,LLC_visitante,LLT_visitante,LL%_visitante,EN_visitante,BR_visitante,B/E_visitante,TO_visitante,FC_visitante,T/FC_visitante,ET_visitante,VI_visitante,EF_visitante
71,84,2013-11-21,3,1,2013-2014,Palmeiras,Flamengo,82.2,41.2,42.0,18.6,33.8,9.933333333333334,23.866666666666667,13.066666666666666,12.733333333333333,1.222,7.2,22.533333333333335,31.993333333333332,21.0,41.4,50.67866666666667,18.6,26.466666666666665,69.45133333333334,2.533333333333333,7.666666666666667,0.7,2.0,19.466666666666665,0.098,12.733333333333333,2.8666666666666667,87.46666666666667,89.66666666666667,27.2,45.2,17.266666666666666,32.4,8.933333333333334,23.466666666666665,14.2,12.333333333333334,1.2353333333333336,9.066666666666666,23.133333333333333,40.12866666666667,22.6,39.86666666666667,56.86599999999999,17.266666666666666,22.666666666666668,77.46066666666665,1.8,7.933333333333334,0.6746666666666667,1.2666666666666666,20.6,0.061333333333333344,12.333333333333334,2.0,96.4
