placar_casa,placar_visitante,data,round,stage,ano,equipe_casa,equipe_visitante,Pts_casa,3P_casa,2P_casa,LL_casa,RT_casa,RO_casa,RD_casa,AS_casa,ER_casa,IA%_casa,3PC_casa,3PT_casa,3P%_casa,2PC_casa,2PT_casa,2P%_casa,LLC_casa,LLT_casa,LL%_casa,EN_casa,BR_casa,B/E_casa,TO_casa,FC_casa,T/FC_casa,ET_casa,VI_casa,EF_casa,Pts_visitante,3P_visitante,2P_visitante,LL_visitante,RT_visitante,RO_visitante,RD_visitante,AS_visitante,ER_visitante,IA%_visitante,3PC_visitante,3PT_visitante,3P%_visitante,2PC_visitante,2PT_visitante,2P%_visitante,LLC_visitante,LLT_visitante,LL%_visitante,EN_visitante,BR_visitante,B/E_visitante,TO_visitante,FC_visitante,T/FC_visitante,ET_visitante,VI_visitante,EF_visitante
98,86,2014-01-18,18,1,2013-2014,Uberlândia,Macaé Basquete,83.46666666666667,28.6,40.4,14.466666666666667,33.2,9.8,23.4,17.733333333333334,12.333333333333334,1.5766666666666667,9.533333333333333,22.2,42.882,20.2,38.2,53.34866666666665,14.466666666666667,18.733333333333334,77.892,3.466666666666667,7.666666666666667,0.6533333333333334,2.466666666666667,20.0,0.12466666666666668,12.333333333333334,2.933333333333333,97.26666666666667,78.4,22.4,39.46666666666667,16.533333333333335,31.333333333333332,8.0,23.333333333333332,14.133333333333333,10.933333333333334,1.7480000000000002,7.466666666666667,21.533333333333335,34.702,19.733333333333334,38.266666666666666,51.34733333333334,16.533333333333335,21.133333333333333,80.07866666666669,1.0,9.466666666666667,1.2166666666666666,1.3333333333333333,21.2,0.06333333333333334,10.933333333333334,1.8666666666666667,86.53333333333333
