placar_casa,placar_visitante,data,round,stage,ano,equipe_casa,equipe_visitante,Pts_casa,3P_casa,2P_casa,LL_casa,RT_casa,RO_casa,RD_casa,AS_casa,ER_casa,IA%_casa,3PC_casa,3PT_casa,3P%_casa,2PC_casa,2PT_casa,2P%_casa,LLC_casa,LLT_casa,LL%_casa,EN_casa,BR_casa,B/E_casa,TO_casa,FC_casa,T/FC_casa,ET_casa,VI_casa,EF_casa,Pts_visitante,3P_visitante,2P_visitante,LL_visitante,RT_visitante,RO_visitante,RD_visitante,AS_visitante,ER_visitante,IA%_visitante,3PC_visitante,3PT_visitante,3P%_visitante,2PC_visitante,2PT_visitante,2P%_visitante,LLC_visitante,LLT_visitante,LL%_visitante,EN_visitante,BR_visitante,B/E_visitante,TO_visitante,FC_visitante,T/FC_visitante,ET_visitante,VI_visitante,EF_visitante
80,58,2013-11-30,6,1,2013-2014,Flamengo,Paulistano,86.26666666666667,25.4,43.333333333333336,17.533333333333335,33.2,9.533333333333333,23.666666666666668,14.4,12.466666666666667,1.2426666666666668,8.466666666666667,23.333333333333332,36.376666666666665,21.666666666666668,38.86666666666667,56.04666666666667,17.533333333333335,22.666666666666668,79.49333333333334,2.4,8.066666666666666,0.6673333333333334,1.8666666666666667,20.8,0.09000000000000001,12.466666666666667,2.2666666666666666,94.13333333333334,77.2,26.2,39.06666666666667,11.933333333333334,32.333333333333336,9.533333333333333,22.8,12.133333333333333,13.866666666666667,0.9480000000000002,8.733333333333333,22.133333333333333,39.97266666666667,19.533333333333335,39.333333333333336,49.977333333333334,11.933333333333334,18.133333333333333,64.57866666666666,1.7333333333333334,5.866666666666666,0.49466666666666664,1.9333333333333333,21.933333333333334,0.09466666666666668,13.866666666666667,2.8666666666666667,76.2
