placar_casa,placar_visitante,data,round,stage,ano,equipe_casa,equipe_visitante,Pts_casa,3P_casa,2P_casa,LL_casa,RT_casa,RO_casa,RD_casa,AS_casa,ER_casa,IA%_casa,3PC_casa,3PT_casa,3P%_casa,2PC_casa,2PT_casa,2P%_casa,LLC_casa,LLT_casa,LL%_casa,EN_casa,BR_casa,B/E_casa,TO_casa,FC_casa,T/FC_casa,ET_casa,VI_casa,EF_casa,Pts_visitante,3P_visitante,2P_visitante,LL_visitante,RT_visitante,RO_visitante,RD_visitante,AS_visitante,ER_visitante,IA%_visitante,3PC_visitante,3PT_visitante,3P%_visitante,2PC_visitante,2PT_visitante,2P%_visitante,LLC_visitante,LLT_visitante,LL%_visitante,EN_visitante,BR_visitante,B/E_visitante,TO_visitante,FC_visitante,T/FC_visitante,ET_visitante,VI_visitante,EF_visitante
54,52,2009-11-15,3,1,2009-2010,Espírito Santo,Paulistano,74.8,20.6,38.266666666666666,15.933333333333334,30.266666666666666,8.866666666666667,21.4,13.6,16.066666666666666,0.9893333333333334,6.866666666666666,20.933333333333334,33.18266666666667,19.133333333333333,37.333333333333336,51.07399999999999,15.933333333333334,23.8,65.56599999999999,1.4,9.2,0.6286666666666666,1.8,20.866666666666667,0.088,16.066666666666666,0.4,73.46666666666667,79.8,20.8,41.333333333333336,17.666666666666668,30.933333333333334,10.333333333333334,20.6,13.6,16.866666666666667,0.9239999999999999,6.933333333333334,20.933333333333334,34.303333333333335,20.666666666666668,40.13333333333333,51.27866666666667,17.666666666666668,24.466666666666665,73.02333333333333,1.2,7.533333333333333,0.5139999999999999,3.066666666666667,23.6,0.13533333333333333,16.866666666666667,0.06666666666666667,77.8
