placar_casa,placar_visitante,data,round,stage,ano,equipe_casa,equipe_visitante,Pts_casa,3P_casa,2P_casa,LL_casa,RT_casa,RO_casa,RD_casa,AS_casa,ER_casa,IA%_casa,3PC_casa,3PT_casa,3P%_casa,2PC_casa,2PT_casa,2P%_casa,LLC_casa,LLT_casa,LL%_casa,EN_casa,BR_casa,B/E_casa,TO_casa,FC_casa,T/FC_casa,ET_casa,VI_casa,EF_casa,Pts_visitante,3P_visitante,2P_visitante,LL_visitante,RT_visitante,RO_visitante,RD_visitante,AS_visitante,ER_visitante,IA%_visitante,3PC_visitante,3PT_visitante,3P%_visitante,2PC_visitante,2PT_visitante,2P%_visitante,LLC_visitante,LLT_visitante,LL%_visitante,EN_visitante,BR_visitante,B/E_visitante,TO_visitante,FC_visitante,T/FC_visitante,ET_visitante,VI_visitante,EF_visitante
93,76,2010-02-28,4,2,2009-2010,Coop/São José Basketball,Joinville,76.26666666666667,27.2,37.06666666666667,12.0,32.53333333333333,10.933333333333334,21.6,16.266666666666666,14.333333333333334,1.2133333333333336,9.066666666666666,26.6,33.931999999999995,18.533333333333335,33.6,55.98733333333334,12.0,18.533333333333335,65.84866666666666,1.4666666666666666,7.6,0.5780000000000001,1.4666666666666666,18.6,0.07733333333333334,14.333333333333334,1.0,80.66666666666667,82.8,30.6,37.46666666666667,14.733333333333333,33.03333333333333,10.633333333333333,22.4,14.466666666666667,12.166666666666666,1.3306666666666664,10.2,27.9,36.64933333333333,18.733333333333334,37.03333333333333,50.73266666666667,14.733333333333333,20.466666666666665,71.06333333333333,1.3,7.3,0.646,2.2333333333333334,19.633333333333333,0.12133333333333335,12.166666666666666,2.2666666666666666,85.93333333333334
