placar_casa,placar_visitante,data,round,stage,ano,equipe_casa,equipe_visitante,Pts_casa,3P_casa,2P_casa,LL_casa,RT_casa,RO_casa,RD_casa,AS_casa,ER_casa,IA%_casa,3PC_casa,3PT_casa,3P%_casa,2PC_casa,2PT_casa,2P%_casa,LLC_casa,LLT_casa,LL%_casa,EN_casa,BR_casa,B/E_casa,TO_casa,FC_casa,T/FC_casa,ET_casa,VI_casa,EF_casa,Pts_visitante,3P_visitante,2P_visitante,LL_visitante,RT_visitante,RO_visitante,RD_visitante,AS_visitante,ER_visitante,IA%_visitante,3PC_visitante,3PT_visitante,3P%_visitante,2PC_visitante,2PT_visitante,2P%_visitante,LLC_visitante,LLT_visitante,LL%_visitante,EN_visitante,BR_visitante,B/E_visitante,TO_visitante,FC_visitante,T/FC_visitante,ET_visitante,VI_visitante,EF_visitante
78,87,2010-01-22,11,1,2009-2010,Londrina,Minas,79.22222222222223,23.666666666666668,37.77777777777778,17.77777777777778,30.77777777777778,11.777777777777779,19.0,13.222222222222221,15.777777777777779,0.8377777777777777,7.888888888888889,25.88888888888889,29.933333333333337,18.88888888888889,37.22222222222222,51.16,17.77777777777778,24.22222222222222,72.98444444444445,0.4444444444444444,7.111111111111111,0.4511111111111112,3.3333333333333335,19.11111111111111,0.1877777777777778,15.777777777777779,2.4444444444444446,75.11111111111111,87.13333333333334,25.8,44.0,17.333333333333332,31.8,8.533333333333333,23.266666666666666,17.333333333333332,13.733333333333333,1.4453333333333338,8.6,23.666666666666668,36.318666666666665,22.0,39.13333333333333,56.24266666666666,17.333333333333332,22.466666666666665,76.95,0.8666666666666667,6.133333333333334,0.5146666666666666,1.9333333333333333,18.866666666666667,0.10266666666666667,13.733333333333333,1.0,93.26666666666667
