placar_casa,placar_visitante,data,round,stage,ano,equipe_casa,equipe_visitante,Pts_casa,3P_casa,2P_casa,LL_casa,RT_casa,RO_casa,RD_casa,AS_casa,ER_casa,IA%_casa,3PC_casa,3PT_casa,3P%_casa,2PC_casa,2PT_casa,2P%_casa,LLC_casa,LLT_casa,LL%_casa,EN_casa,BR_casa,B/E_casa,TO_casa,FC_casa,T/FC_casa,ET_casa,VI_casa,EF_casa,Pts_visitante,3P_visitante,2P_visitante,LL_visitante,RT_visitante,RO_visitante,RD_visitante,AS_visitante,ER_visitante,IA%_visitante,3PC_visitante,3PT_visitante,3P%_visitante,2PC_visitante,2PT_visitante,2P%_visitante,LLC_visitante,LLT_visitante,LL%_visitante,EN_visitante,BR_visitante,B/E_visitante,TO_visitante,FC_visitante,T/FC_visitante,ET_visitante,VI_visitante,EF_visitante
77,71,2014-12-03,8,1,2014-2015,Limeira,Bauru Basket,81.66666666666667,25.4,39.06666666666667,17.2,29.6,8.2,21.4,16.933333333333334,11.733333333333333,1.736666666666667,8.466666666666667,20.666666666666668,40.980000000000004,19.533333333333335,36.13333333333333,54.31399999999999,17.2,22.133333333333333,77.90733333333333,1.2666666666666666,8.733333333333333,0.8566666666666667,1.8666666666666667,22.866666666666667,0.08133333333333333,11.733333333333333,2.533333333333333,93.33333333333333,83.4,26.4,38.93333333333333,18.066666666666666,37.93333333333333,12.266666666666667,25.666666666666668,16.066666666666666,12.066666666666666,1.4306666666666665,8.8,24.866666666666667,35.336666666666666,19.466666666666665,37.2,53.00333333333334,18.066666666666666,23.4,76.63199999999999,1.5333333333333334,10.133333333333333,0.9,1.5333333333333334,18.133333333333333,0.08533333333333333,12.066666666666666,2.2,97.86666666666666
