placar_casa,placar_visitante,data,round,stage,ano,equipe_casa,equipe_visitante,Pts_casa,3P_casa,2P_casa,LL_casa,RT_casa,RO_casa,RD_casa,AS_casa,ER_casa,IA%_casa,3PC_casa,3PT_casa,3P%_casa,2PC_casa,2PT_casa,2P%_casa,LLC_casa,LLT_casa,LL%_casa,EN_casa,BR_casa,B/E_casa,TO_casa,FC_casa,T/FC_casa,ET_casa,VI_casa,EF_casa,Pts_visitante,3P_visitante,2P_visitante,LL_visitante,RT_visitante,RO_visitante,RD_visitante,AS_visitante,ER_visitante,IA%_visitante,3PC_visitante,3PT_visitante,3P%_visitante,2PC_visitante,2PT_visitante,2P%_visitante,LLC_visitante,LLT_visitante,LL%_visitante,EN_visitante,BR_visitante,B/E_visitante,TO_visitante,FC_visitante,T/FC_visitante,ET_visitante,VI_visitante,EF_visitante
72,85,2014-12-17,11,1,2014-2015,Minas,Limeira,73.2,21.4,37.333333333333336,14.466666666666667,35.266666666666666,10.666666666666666,24.6,15.333333333333334,14.8,1.1073333333333333,7.133333333333334,21.933333333333334,32.97666666666666,18.666666666666668,38.333333333333336,48.88333333333333,14.466666666666667,20.466666666666665,69.51533333333333,1.9333333333333333,10.266666666666667,0.7206666666666667,2.6,22.266666666666666,0.1246666666666667,14.8,3.533333333333333,81.4,81.46666666666667,26.8,38.4,16.266666666666666,29.8,8.2,21.6,16.733333333333334,12.533333333333333,1.4386666666666668,8.933333333333334,22.6,39.713333333333345,19.2,35.0,54.878,16.266666666666666,20.466666666666665,79.72466666666666,1.2666666666666666,8.866666666666667,0.7586666666666666,2.466666666666667,22.333333333333332,0.11466666666666665,12.533333333333333,2.8666666666666667,93.13333333333334
