placar_casa,placar_visitante,data,round,stage,ano,equipe_casa,equipe_visitante,Pts_casa,3P_casa,2P_casa,LL_casa,RT_casa,RO_casa,RD_casa,AS_casa,ER_casa,IA%_casa,3PC_casa,3PT_casa,3P%_casa,2PC_casa,2PT_casa,2P%_casa,LLC_casa,LLT_casa,LL%_casa,EN_casa,BR_casa,B/E_casa,TO_casa,FC_casa,T/FC_casa,ET_casa,VI_casa,EF_casa,Pts_visitante,3P_visitante,2P_visitante,LL_visitante,RT_visitante,RO_visitante,RD_visitante,AS_visitante,ER_visitante,IA%_visitante,3PC_visitante,3PT_visitante,3P%_visitante,2PC_visitante,2PT_visitante,2P%_visitante,LLC_visitante,LLT_visitante,LL%_visitante,EN_visitante,BR_visitante,B/E_visitante,TO_visitante,FC_visitante,T/FC_visitante,ET_visitante,VI_visitante,EF_visitante
82,70,2014-12-19,12,1,2014-2015,Minas,Rio Claro,73.86666666666666,21.8,37.06666666666667,15.0,34.6,10.333333333333334,24.266666666666666,15.6,15.333333333333334,1.0693333333333335,7.266666666666667,21.6,34.577999999999996,18.533333333333335,37.86666666666667,49.068000000000005,15.0,21.0,69.766,2.1333333333333333,10.6,0.7166666666666667,2.466666666666667,22.333333333333332,0.11733333333333335,15.333333333333334,3.6,82.13333333333334,75.18181818181819,18.0,43.27272727272727,13.909090909090908,32.54545454545455,9.0,23.545454545454547,17.0,13.636363636363637,1.4218181818181816,6.0,21.363636363636363,28.013636363636365,21.636363636363637,41.63636363636363,51.84909090909091,13.909090909090908,17.181818181818183,80.54,1.8181818181818181,10.727272727272727,0.8336363636363636,0.9090909090909091,17.181818181818183,0.06090909090909091,13.636363636363637,3.272727272727273,84.0909090909091
