placar_casa,placar_visitante,data,round,stage,ano,equipe_casa,equipe_visitante,Pts_casa,3P_casa,2P_casa,LL_casa,RT_casa,RO_casa,RD_casa,AS_casa,ER_casa,IA%_casa,3PC_casa,3PT_casa,3P%_casa,2PC_casa,2PT_casa,2P%_casa,LLC_casa,LLT_casa,LL%_casa,EN_casa,BR_casa,B/E_casa,TO_casa,FC_casa,T/FC_casa,ET_casa,VI_casa,EF_casa,Pts_visitante,3P_visitante,2P_visitante,LL_visitante,RT_visitante,RO_visitante,RD_visitante,AS_visitante,ER_visitante,IA%_visitante,3PC_visitante,3PT_visitante,3P%_visitante,2PC_visitante,2PT_visitante,2P%_visitante,LLC_visitante,LLT_visitante,LL%_visitante,EN_visitante,BR_visitante,B/E_visitante,TO_visitante,FC_visitante,T/FC_visitante,ET_visitante,VI_visitante,EF_visitante
89,71,2014-12-16,11,1,2014-2015,Paulistano,Coop/São José Basketball,79.13333333333334,21.4,41.2,16.533333333333335,37.86666666666667,14.0,23.866666666666667,10.666666666666666,12.333333333333334,0.9733333333333333,7.133333333333334,24.0,30.096666666666668,20.6,42.46666666666667,48.60866666666667,16.533333333333335,21.466666666666665,77.618,1.8666666666666667,9.466666666666667,0.8466666666666669,0.9333333333333333,24.8,0.03933333333333334,12.333333333333334,2.8666666666666667,82.06666666666666,75.33333333333333,20.2,41.733333333333334,13.4,36.733333333333334,10.2,26.533333333333335,16.0,13.933333333333334,1.2173333333333334,6.733333333333333,20.466666666666665,32.24999999999999,20.866666666666667,39.666666666666664,52.56266666666667,13.4,18.666666666666668,70.07666666666667,0.6,7.8,0.5860000000000001,1.4666666666666666,18.466666666666665,0.08266666666666667,13.933333333333334,2.8,85.6
