placar_casa,placar_visitante,data,round,stage,ano,equipe_casa,equipe_visitante,Pts_casa,3P_casa,2P_casa,LL_casa,RT_casa,RO_casa,RD_casa,AS_casa,ER_casa,IA%_casa,3PC_casa,3PT_casa,3P%_casa,2PC_casa,2PT_casa,2P%_casa,LLC_casa,LLT_casa,LL%_casa,EN_casa,BR_casa,B/E_casa,TO_casa,FC_casa,T/FC_casa,ET_casa,VI_casa,EF_casa,Pts_visitante,3P_visitante,2P_visitante,LL_visitante,RT_visitante,RO_visitante,RD_visitante,AS_visitante,ER_visitante,IA%_visitante,3PC_visitante,3PT_visitante,3P%_visitante,2PC_visitante,2PT_visitante,2P%_visitante,LLC_visitante,LLT_visitante,LL%_visitante,EN_visitante,BR_visitante,B/E_visitante,TO_visitante,FC_visitante,T/FC_visitante,ET_visitante,VI_visitante,EF_visitante
64,69,2015-11-19,6,1,2015-2016,Fortaleza B. C. / CFO,Minas,82.0,28.4,40.4,13.2,35.06666666666667,10.866666666666667,24.2,13.266666666666667,13.733333333333333,1.0273333333333332,9.466666666666667,26.466666666666665,35.99133333333334,20.2,37.333333333333336,54.24066666666667,13.2,19.0,68.97066666666665,1.3333333333333333,8.933333333333334,0.6713333333333334,3.533333333333333,20.066666666666666,0.18600000000000003,13.733333333333333,2.533333333333333,89.13333333333334,73.0,18.4,39.6,15.0,32.333333333333336,9.266666666666667,23.066666666666666,16.533333333333335,12.8,1.4326666666666665,6.133333333333334,21.533333333333335,28.788,19.8,37.93333333333333,52.56733333333334,15.0,21.733333333333334,69.68066666666667,2.066666666666667,10.066666666666666,0.8693333333333333,1.8666666666666667,21.933333333333334,0.09133333333333334,12.8,2.466666666666667,80.73333333333333
