placar_casa,placar_visitante,data,round,stage,ano,equipe_casa,equipe_visitante,Pts_casa,3P_casa,2P_casa,LL_casa,RT_casa,RO_casa,RD_casa,AS_casa,ER_casa,IA%_casa,3PC_casa,3PT_casa,3P%_casa,2PC_casa,2PT_casa,2P%_casa,LLC_casa,LLT_casa,LL%_casa,EN_casa,BR_casa,B/E_casa,TO_casa,FC_casa,T/FC_casa,ET_casa,VI_casa,EF_casa,Pts_visitante,3P_visitante,2P_visitante,LL_visitante,RT_visitante,RO_visitante,RD_visitante,AS_visitante,ER_visitante,IA%_visitante,3PC_visitante,3PT_visitante,3P%_visitante,2PC_visitante,2PT_visitante,2P%_visitante,LLC_visitante,LLT_visitante,LL%_visitante,EN_visitante,BR_visitante,B/E_visitante,TO_visitante,FC_visitante,T/FC_visitante,ET_visitante,VI_visitante,EF_visitante
85,69,2016-01-13,1,2,2015-2016,Flamengo,Bauru Basket,84.93333333333334,25.8,43.46666666666667,15.666666666666666,35.53333333333333,8.8,26.733333333333334,19.533333333333335,12.733333333333333,1.6266666666666665,8.6,22.8,37.48400000000001,21.733333333333334,39.0,55.285333333333334,15.666666666666666,19.866666666666667,78.16000000000001,1.1333333333333333,10.266666666666667,0.8506666666666667,2.2666666666666666,18.6,0.12400000000000003,12.733333333333333,1.3333333333333333,104.13333333333334,84.46666666666667,31.6,35.86666666666667,17.0,38.0,9.066666666666666,28.933333333333334,17.4,12.533333333333333,1.5480000000000003,10.533333333333333,27.933333333333334,37.946666666666665,17.933333333333334,32.53333333333333,55.932,17.0,21.4,78.52933333333334,1.4666666666666666,8.133333333333333,0.7053333333333333,1.2666666666666666,18.6,0.06666666666666667,12.533333333333333,1.8,100.33333333333333
