placar_casa,placar_visitante,data,round,stage,ano,equipe_casa,equipe_visitante,Pts_casa,3P_casa,2P_casa,LL_casa,RT_casa,RO_casa,RD_casa,AS_casa,ER_casa,IA%_casa,3PC_casa,3PT_casa,3P%_casa,2PC_casa,2PT_casa,2P%_casa,LLC_casa,LLT_casa,LL%_casa,EN_casa,BR_casa,B/E_casa,TO_casa,FC_casa,T/FC_casa,ET_casa,VI_casa,EF_casa,Pts_visitante,3P_visitante,2P_visitante,LL_visitante,RT_visitante,RO_visitante,RD_visitante,AS_visitante,ER_visitante,IA%_visitante,3PC_visitante,3PT_visitante,3P%_visitante,2PC_visitante,2PT_visitante,2P%_visitante,LLC_visitante,LLT_visitante,LL%_visitante,EN_visitante,BR_visitante,B/E_visitante,TO_visitante,FC_visitante,T/FC_visitante,ET_visitante,VI_visitante,EF_visitante
82,88,2019-01-09,1,2,2018-2019,R10 Score Vasco da Gama,Bauru Basket,72.8,24.2,36.0,12.6,36.666666666666664,9.733333333333333,26.933333333333334,16.333333333333332,14.133333333333333,1.1906666666666665,8.066666666666666,24.133333333333333,33.07666666666667,18.0,39.13333333333333,45.91266666666665,12.6,18.2,69.68733333333333,0.7333333333333333,6.933333333333334,0.508,1.6666666666666667,19.333333333333332,0.08733333333333336,14.133333333333333,2.2666666666666666,77.46666666666667,76.60133333333333,27.8,33.46666666666667,15.334666666666664,37.6,9.201333333333334,28.40066666666667,17.132,13.132666666666667,1.3913333333333333,9.266,26.132666666666662,35.642,16.733333333333334,33.20066666666667,50.33066666666665,15.334666666666664,21.0,72.99666666666668,1.068,6.000666666666667,0.4806666666666667,1.6666666666666667,21.266,0.076,13.132666666666667,2.667333333333333,86.73333333333333
