placar_casa,placar_visitante,data,round,stage,ano,equipe_casa,equipe_visitante,Pts_casa,3P_casa,2P_casa,LL_casa,RT_casa,RO_casa,RD_casa,AS_casa,ER_casa,IA%_casa,3PC_casa,3PT_casa,3P%_casa,2PC_casa,2PT_casa,2P%_casa,LLC_casa,LLT_casa,LL%_casa,EN_casa,BR_casa,B/E_casa,TO_casa,FC_casa,T/FC_casa,ET_casa,VI_casa,EF_casa,Pts_visitante,3P_visitante,2P_visitante,LL_visitante,RT_visitante,RO_visitante,RD_visitante,AS_visitante,ER_visitante,IA%_visitante,3PC_visitante,3PT_visitante,3P%_visitante,2PC_visitante,2PT_visitante,2P%_visitante,LLC_visitante,LLT_visitante,LL%_visitante,EN_visitante,BR_visitante,B/E_visitante,TO_visitante,FC_visitante,T/FC_visitante,ET_visitante,VI_visitante,EF_visitante
81,77,2018-11-29,7,1,2018-2019,R10 Score Vasco da Gama,Coop/São José Basketball,74.46666666666667,24.6,34.13333333333333,15.733333333333333,34.8,9.4,25.4,16.2,14.4,1.166,8.2,24.266666666666666,33.925333333333334,17.066666666666666,36.666666666666664,46.62,15.733333333333333,21.466666666666665,73.262,0.8,6.733333333333333,0.4806666666666668,1.4,21.066666666666666,0.06933333333333333,14.4,2.8666666666666667,77.8,75.36666666666666,23.9,36.93333333333333,14.533333333333333,35.1,10.233333333333333,24.866666666666667,16.2,13.866666666666667,1.2659999999999998,7.966666666666667,26.033333333333335,31.19066666666667,18.466666666666665,36.13333333333333,50.978000000000016,14.533333333333333,19.3,75.34933333333333,0.6,7.766666666666667,0.612,1.8,22.7,0.08066666666666668,13.866666666666667,2.8,81.63333333333334
