placar_casa,placar_visitante,data,round,stage,ano,equipe_casa,equipe_visitante,Pts_casa,3P_casa,2P_casa,LL_casa,RT_casa,RO_casa,RD_casa,AS_casa,ER_casa,IA%_casa,3PC_casa,3PT_casa,3P%_casa,2PC_casa,2PT_casa,2P%_casa,LLC_casa,LLT_casa,LL%_casa,EN_casa,BR_casa,B/E_casa,TO_casa,FC_casa,T/FC_casa,ET_casa,VI_casa,EF_casa,Pts_visitante,3P_visitante,2P_visitante,LL_visitante,RT_visitante,RO_visitante,RD_visitante,AS_visitante,ER_visitante,IA%_visitante,3PC_visitante,3PT_visitante,3P%_visitante,2PC_visitante,2PT_visitante,2P%_visitante,LLC_visitante,LLT_visitante,LL%_visitante,EN_visitante,BR_visitante,B/E_visitante,TO_visitante,FC_visitante,T/FC_visitante,ET_visitante,VI_visitante,EF_visitante
80,63,2016-12-12,9,1,2016-2017,Pinheiros,L. Sorocabana,84.2,24.0,41.6,18.6,38.4,12.0,26.4,15.666666666666666,11.866666666666667,1.3633333333333335,8.0,25.6,31.161333333333335,20.8,40.86666666666667,50.783333333333324,18.6,24.266666666666666,78.098,2.0,9.333333333333334,0.8046666666666666,1.8666666666666667,20.733333333333334,0.09333333333333334,11.866666666666667,3.3333333333333335,94.26666666666667,73.93333333333334,22.4,38.13333333333333,13.4,34.93333333333333,12.333333333333334,22.6,13.8,15.2,0.9693333333333334,7.466666666666667,24.133333333333333,30.892,19.066666666666666,39.13333333333333,48.376,13.4,18.066666666666666,76.22533333333332,1.8,9.6,0.6993333333333333,2.066666666666667,23.266666666666666,0.09266666666666669,15.2,4.066666666666666,77.73333333333333
