placar_casa,placar_visitante,data,round,stage,ano,equipe_casa,equipe_visitante,Pts_casa,3P_casa,2P_casa,LL_casa,RT_casa,RO_casa,RD_casa,AS_casa,ER_casa,IA%_casa,3PC_casa,3PT_casa,3P%_casa,2PC_casa,2PT_casa,2P%_casa,LLC_casa,LLT_casa,LL%_casa,EN_casa,BR_casa,B/E_casa,TO_casa,FC_casa,T/FC_casa,ET_casa,VI_casa,EF_casa,Pts_visitante,3P_visitante,2P_visitante,LL_visitante,RT_visitante,RO_visitante,RD_visitante,AS_visitante,ER_visitante,IA%_visitante,3PC_visitante,3PT_visitante,3P%_visitante,2PC_visitante,2PT_visitante,2P%_visitante,LLC_visitante,LLT_visitante,LL%_visitante,EN_visitante,BR_visitante,B/E_visitante,TO_visitante,FC_visitante,T/FC_visitante,ET_visitante,VI_visitante,EF_visitante
74,67,2016-12-21,12,1,2016-2017,Pinheiros,Mogi,84.46666666666667,22.4,44.8,17.266666666666666,37.46666666666667,12.0,25.466666666666665,16.4,12.6,1.3579999999999999,7.466666666666667,25.0,29.686,22.4,41.2,54.24666666666667,17.266666666666666,22.8,76.55933333333334,2.466666666666667,8.666666666666666,0.7180000000000001,2.4,20.066666666666666,0.12933333333333336,12.6,3.2,94.93333333333334,81.0,27.2,38.53333333333333,15.266666666666667,34.93333333333333,9.733333333333333,25.2,18.0,12.4,1.5086666666666664,9.066666666666666,24.866666666666667,34.87199999999999,19.266666666666666,37.266666666666666,52.466,15.266666666666667,19.6,78.83133333333333,1.6666666666666667,9.6,0.8333333333333335,2.1333333333333333,21.066666666666666,0.1,12.4,2.4,95.13333333333334
