placar_casa,placar_visitante,data,round,stage,ano,equipe_casa,equipe_visitante,Pts_casa,3P_casa,2P_casa,LL_casa,RT_casa,RO_casa,RD_casa,AS_casa,ER_casa,IA%_casa,3PC_casa,3PT_casa,3P%_casa,2PC_casa,2PT_casa,2P%_casa,LLC_casa,LLT_casa,LL%_casa,EN_casa,BR_casa,B/E_casa,TO_casa,FC_casa,T/FC_casa,ET_casa,VI_casa,EF_casa,Pts_visitante,3P_visitante,2P_visitante,LL_visitante,RT_visitante,RO_visitante,RD_visitante,AS_visitante,ER_visitante,IA%_visitante,3PC_visitante,3PT_visitante,3P%_visitante,2PC_visitante,2PT_visitante,2P%_visitante,LLC_visitante,LLT_visitante,LL%_visitante,EN_visitante,BR_visitante,B/E_visitante,TO_visitante,FC_visitante,T/FC_visitante,ET_visitante,VI_visitante,EF_visitante
96,86,2013-01-10,13,1,2012-2013,Sesi Franca,Espírito Santo,79.46666666666667,61.6,50.8,13.466666666666667,30.866666666666667,8.533333333333333,22.333333333333332,16.2,14.666666666666666,1.3293333333333335,5.066666666666666,15.2,34.22466666666666,25.4,45.733333333333334,55.54266666666668,13.466666666666667,19.866666666666667,68.56666666666666,3.466666666666667,9.4,0.7546666666666668,3.3333333333333335,19.066666666666666,0.17933333333333337,14.666666666666666,3.2,97.33333333333333,77.0,44.8,33.733333333333334,15.666666666666666,27.533333333333335,7.733333333333333,19.8,10.933333333333334,13.6,0.8659999999999999,9.2,23.666666666666668,38.946000000000005,16.866666666666667,35.733333333333334,47.14933333333334,15.666666666666666,20.6,75.42599999999999,1.0,7.666666666666667,0.594,1.8666666666666667,20.666666666666668,0.09000000000000001,13.6,3.8,81.86666666666666
