placar_casa,placar_visitante,data,round,stage,ano,equipe_casa,equipe_visitante,Pts_casa,3P_casa,2P_casa,LL_casa,RT_casa,RO_casa,RD_casa,AS_casa,ER_casa,IA%_casa,3PC_casa,3PT_casa,3P%_casa,2PC_casa,2PT_casa,2P%_casa,LLC_casa,LLT_casa,LL%_casa,EN_casa,BR_casa,B/E_casa,TO_casa,FC_casa,T/FC_casa,ET_casa,VI_casa,EF_casa,Pts_visitante,3P_visitante,2P_visitante,LL_visitante,RT_visitante,RO_visitante,RD_visitante,AS_visitante,ER_visitante,IA%_visitante,3PC_visitante,3PT_visitante,3P%_visitante,2PC_visitante,2PT_visitante,2P%_visitante,LLC_visitante,LLT_visitante,LL%_visitante,EN_visitante,BR_visitante,B/E_visitante,TO_visitante,FC_visitante,T/FC_visitante,ET_visitante,VI_visitante,EF_visitante
76,73,2013-01-17,15,1,2012-2013,Paulistano,Bauru Basket,77.86666666666666,59.0,43.46666666666667,15.0,35.6,12.666666666666666,22.933333333333334,13.533333333333333,14.133333333333333,0.998,6.466666666666667,20.266666666666666,33.489333333333335,21.733333333333334,43.93333333333333,50.00133333333333,15.0,22.666666666666668,65.67933333333333,2.933333333333333,6.666666666666667,0.4913333333333333,2.2,22.733333333333334,0.10066666666666667,14.133333333333333,2.533333333333333,88.26666666666667,83.2,56.8,41.6,15.4,32.86666666666667,10.533333333333333,22.333333333333332,14.2,12.4,1.214,8.733333333333333,23.4,38.642,20.8,41.266666666666666,51.187333333333335,15.4,20.6,75.43599999999999,1.4666666666666666,6.8,0.6073333333333333,1.6666666666666667,19.2,0.09266666666666667,12.4,2.8666666666666667,94.06666666666666
