placar_casa,placar_visitante,data,round,stage,ano,equipe_casa,equipe_visitante,Pts_casa,3P_casa,2P_casa,LL_casa,RT_casa,RO_casa,RD_casa,AS_casa,ER_casa,IA%_casa,3PC_casa,3PT_casa,3P%_casa,2PC_casa,2PT_casa,2P%_casa,LLC_casa,LLT_casa,LL%_casa,EN_casa,BR_casa,B/E_casa,TO_casa,FC_casa,T/FC_casa,ET_casa,VI_casa,EF_casa,Pts_visitante,3P_visitante,2P_visitante,LL_visitante,RT_visitante,RO_visitante,RD_visitante,AS_visitante,ER_visitante,IA%_visitante,3PC_visitante,3PT_visitante,3P%_visitante,2PC_visitante,2PT_visitante,2P%_visitante,LLC_visitante,LLT_visitante,LL%_visitante,EN_visitante,BR_visitante,B/E_visitante,TO_visitante,FC_visitante,T/FC_visitante,ET_visitante,VI_visitante,EF_visitante
90,105,2013-01-21,2,1,2012-2013,Minas,Flamengo,81.86666666666666,60.8,43.333333333333336,16.933333333333334,25.533333333333335,7.2,18.333333333333332,13.4,13.466666666666667,1.1379999999999997,7.2,20.333333333333332,34.73800000000001,21.666666666666668,38.06666666666667,57.23066666666667,16.933333333333334,20.933333333333334,80.5,0.7333333333333333,7.333333333333333,0.5913333333333334,1.9333333333333333,21.466666666666665,0.09,13.466666666666667,3.0,90.06666666666666,91.53333333333333,66.0,49.06666666666667,20.666666666666668,33.0,7.6,25.4,14.133333333333333,10.866666666666667,1.6273333333333333,7.266666666666667,19.6,37.96133333333333,24.533333333333335,41.266666666666666,59.95399999999999,20.666666666666668,26.933333333333334,77.22933333333334,1.8,7.666666666666667,0.8493333333333335,1.6,20.466666666666665,0.07933333333333333,10.866666666666667,1.7333333333333334,109.73333333333333
