placar_casa,placar_visitante,data,round,stage,ano,equipe_casa,equipe_visitante,Pts_casa,3P_casa,2P_casa,LL_casa,RT_casa,RO_casa,RD_casa,AS_casa,ER_casa,IA%_casa,3PC_casa,3PT_casa,3P%_casa,2PC_casa,2PT_casa,2P%_casa,LLC_casa,LLT_casa,LL%_casa,EN_casa,BR_casa,B/E_casa,TO_casa,FC_casa,T/FC_casa,ET_casa,VI_casa,EF_casa,Pts_visitante,3P_visitante,2P_visitante,LL_visitante,RT_visitante,RO_visitante,RD_visitante,AS_visitante,ER_visitante,IA%_visitante,3PC_visitante,3PT_visitante,3P%_visitante,2PC_visitante,2PT_visitante,2P%_visitante,LLC_visitante,LLT_visitante,LL%_visitante,EN_visitante,BR_visitante,B/E_visitante,TO_visitante,FC_visitante,T/FC_visitante,ET_visitante,VI_visitante,EF_visitante
86,75,2013-01-21,6,1,2012-2013,Brasília,L. Sorocabana,85.8,53.8,38.8,17.4,30.8,9.133333333333333,21.666666666666668,17.0,11.933333333333334,1.6260000000000001,9.866666666666667,27.066666666666666,36.62266666666667,19.4,35.13333333333333,55.61333333333334,17.4,21.6,81.93666666666668,0.8666666666666667,8.0,0.7726666666666665,3.2666666666666666,22.466666666666665,0.15399999999999997,11.933333333333334,3.0,103.0,75.8,62.6,42.666666666666664,16.733333333333334,27.066666666666666,8.2,18.866666666666667,10.0,11.333333333333334,0.9166666666666665,5.466666666666667,18.6,30.148666666666667,21.333333333333332,40.666666666666664,52.18866666666667,16.733333333333334,23.0,72.758,2.066666666666667,8.6,0.7986666666666669,1.7333333333333334,19.4,0.088,11.333333333333334,2.066666666666667,81.46666666666667
