placar_casa,placar_visitante,data,round,stage,ano,equipe_casa,equipe_visitante,Pts_casa,3P_casa,2P_casa,LL_casa,RT_casa,RO_casa,RD_casa,AS_casa,ER_casa,IA%_casa,3PC_casa,3PT_casa,3P%_casa,2PC_casa,2PT_casa,2P%_casa,LLC_casa,LLT_casa,LL%_casa,EN_casa,BR_casa,B/E_casa,TO_casa,FC_casa,T/FC_casa,ET_casa,VI_casa,EF_casa,Pts_visitante,3P_visitante,2P_visitante,LL_visitante,RT_visitante,RO_visitante,RD_visitante,AS_visitante,ER_visitante,IA%_visitante,3PC_visitante,3PT_visitante,3P%_visitante,2PC_visitante,2PT_visitante,2P%_visitante,LLC_visitante,LLT_visitante,LL%_visitante,EN_visitante,BR_visitante,B/E_visitante,TO_visitante,FC_visitante,T/FC_visitante,ET_visitante,VI_visitante,EF_visitante
84,85,2013-01-12,14,1,2012-2013,Fortaleza B. C. / CFO,Pinheiros,76.9090909090909,64.63636363636364,43.09090909090909,13.090909090909092,29.636363636363637,8.454545454545455,21.181818181818183,13.454545454545455,11.272727272727273,1.3063636363636364,6.909090909090909,20.727272727272727,34.20727272727273,21.545454545454547,42.0,51.46454545454546,13.090909090909092,18.181818181818183,71.09909090909092,1.1818181818181819,7.454545454545454,0.7536363636363638,2.6363636363636362,20.545454545454547,0.1309090909090909,11.272727272727273,2.3636363636363638,86.9090909090909,89.26666666666667,49.8,37.733333333333334,19.533333333333335,30.0,7.333333333333333,22.666666666666668,17.533333333333335,14.533333333333333,1.3073333333333335,10.666666666666666,27.666666666666668,39.514,18.866666666666667,34.2,55.43200000000001,19.533333333333335,25.933333333333334,75.14066666666666,1.7333333333333334,7.666666666666667,0.588,2.533333333333333,22.266666666666666,0.11866666666666667,14.533333333333333,2.466666666666667,102.6
