placar_casa,placar_visitante,data,round,stage,ano,equipe_casa,equipe_visitante,Pts_casa,3P_casa,2P_casa,LL_casa,RT_casa,RO_casa,RD_casa,AS_casa,ER_casa,IA%_casa,3PC_casa,3PT_casa,3P%_casa,2PC_casa,2PT_casa,2P%_casa,LLC_casa,LLT_casa,LL%_casa,EN_casa,BR_casa,B/E_casa,TO_casa,FC_casa,T/FC_casa,ET_casa,VI_casa,EF_casa,Pts_visitante,3P_visitante,2P_visitante,LL_visitante,RT_visitante,RO_visitante,RD_visitante,AS_visitante,ER_visitante,IA%_visitante,3PC_visitante,3PT_visitante,3P%_visitante,2PC_visitante,2PT_visitante,2P%_visitante,LLC_visitante,LLT_visitante,LL%_visitante,EN_visitante,BR_visitante,B/E_visitante,TO_visitante,FC_visitante,T/FC_visitante,ET_visitante,VI_visitante,EF_visitante
108,66,2012-12-20,9,1,2012-2013,Sesi Franca,Suzano,76.93333333333334,44.2,47.06666666666667,15.866666666666667,29.733333333333334,8.0,21.733333333333334,14.666666666666666,14.0,1.27,4.666666666666667,15.133333333333333,31.782666666666664,23.533333333333335,44.06666666666667,53.11733333333333,15.866666666666667,21.733333333333334,72.80666666666667,2.1333333333333333,8.066666666666666,0.6793333333333332,2.4,20.733333333333334,0.128,14.0,3.466666666666667,90.26666666666667,79.28571428571429,60.0,40.0,14.0,26.428571428571427,8.428571428571429,18.0,11.857142857142858,16.0,0.7514285714285714,8.428571428571429,24.571428571428573,34.958571428571425,20.0,39.57142857142857,51.285714285714285,14.0,20.428571428571427,67.87571428571428,0.42857142857142855,8.714285714285714,0.5757142857142856,2.857142857142857,20.714285714285715,0.15,16.0,3.0,80.42857142857143
