placar_casa,placar_visitante,data,round,stage,ano,equipe_casa,equipe_visitante,Pts_casa,3P_casa,2P_casa,LL_casa,RT_casa,RO_casa,RD_casa,AS_casa,ER_casa,IA%_casa,3PC_casa,3PT_casa,3P%_casa,2PC_casa,2PT_casa,2P%_casa,LLC_casa,LLT_casa,LL%_casa,EN_casa,BR_casa,B/E_casa,TO_casa,FC_casa,T/FC_casa,ET_casa,VI_casa,EF_casa,Pts_visitante,3P_visitante,2P_visitante,LL_visitante,RT_visitante,RO_visitante,RD_visitante,AS_visitante,ER_visitante,IA%_visitante,3PC_visitante,3PT_visitante,3P%_visitante,2PC_visitante,2PT_visitante,2P%_visitante,LLC_visitante,LLT_visitante,LL%_visitante,EN_visitante,BR_visitante,B/E_visitante,TO_visitante,FC_visitante,T/FC_visitante,ET_visitante,VI_visitante,EF_visitante
91,67,2013-01-12,14,1,2012-2013,Bauru Basket,Palmeiras,82.73333333333333,53.6,40.53333333333333,15.0,33.06666666666667,10.8,22.266666666666666,14.333333333333334,12.6,1.2026666666666668,9.066666666666666,23.866666666666667,39.27733333333333,20.266666666666666,40.93333333333333,50.33866666666667,15.0,20.2,74.79466666666667,1.3333333333333333,6.533333333333333,0.5713333333333334,1.4,19.4,0.07933333333333333,12.6,3.0,93.0,75.0909090909091,53.45454545454545,35.63636363636363,14.090909090909092,27.363636363636363,9.0,18.363636363636363,11.0,12.0,1.0836363636363637,8.454545454545455,23.90909090909091,35.9,17.818181818181817,39.0,46.23,14.090909090909092,21.0,65.89999999999999,1.4545454545454546,8.272727272727273,0.7536363636363638,1.4545454545454546,23.454545454545453,0.06000000000000001,12.0,3.0,77.54545454545455
