placar_casa,placar_visitante,data,round,stage,ano,equipe_casa,equipe_visitante,Pts_casa,3P_casa,2P_casa,LL_casa,RT_casa,RO_casa,RD_casa,AS_casa,ER_casa,IA%_casa,3PC_casa,3PT_casa,3P%_casa,2PC_casa,2PT_casa,2P%_casa,LLC_casa,LLT_casa,LL%_casa,EN_casa,BR_casa,B/E_casa,TO_casa,FC_casa,T/FC_casa,ET_casa,VI_casa,EF_casa,Pts_visitante,3P_visitante,2P_visitante,LL_visitante,RT_visitante,RO_visitante,RD_visitante,AS_visitante,ER_visitante,IA%_visitante,3PC_visitante,3PT_visitante,3P%_visitante,2PC_visitante,2PT_visitante,2P%_visitante,LLC_visitante,LLT_visitante,LL%_visitante,EN_visitante,BR_visitante,B/E_visitante,TO_visitante,FC_visitante,T/FC_visitante,ET_visitante,VI_visitante,EF_visitante
111,114,2015-11-27,3,1,2015-2016,Brasília,Bauru Basket,85.4,27.2,42.266666666666666,15.933333333333334,34.666666666666664,11.2,23.466666666666665,16.133333333333333,15.733333333333333,1.0526666666666664,9.066666666666666,22.266666666666666,41.21666666666667,21.133333333333333,38.733333333333334,54.864000000000004,15.933333333333334,19.133333333333333,82.76200000000001,2.2666666666666666,7.866666666666666,0.5586666666666666,3.3333333333333335,22.6,0.15333333333333332,15.733333333333333,2.6666666666666665,97.66666666666667,77.53333333333333,27.6,31.333333333333332,18.6,34.4,9.0,25.4,16.0,11.933333333333334,1.4899999999999998,9.2,28.666666666666668,32.30199999999999,15.666666666666666,29.533333333333335,53.96133333333333,18.6,23.333333333333332,79.14000000000001,1.0,8.066666666666666,0.7493333333333333,1.0666666666666667,19.333333333333332,0.051333333333333335,11.933333333333334,2.1333333333333333,87.06666666666666
