placar_casa,placar_visitante,data,round,stage,ano,equipe_casa,equipe_visitante,Pts_casa,3P_casa,2P_casa,LL_casa,RT_casa,RO_casa,RD_casa,AS_casa,ER_casa,IA%_casa,3PC_casa,3PT_casa,3P%_casa,2PC_casa,2PT_casa,2P%_casa,LLC_casa,LLT_casa,LL%_casa,EN_casa,BR_casa,B/E_casa,TO_casa,FC_casa,T/FC_casa,ET_casa,VI_casa,EF_casa,Pts_visitante,3P_visitante,2P_visitante,LL_visitante,RT_visitante,RO_visitante,RD_visitante,AS_visitante,ER_visitante,IA%_visitante,3PC_visitante,3PT_visitante,3P%_visitante,2PC_visitante,2PT_visitante,2P%_visitante,LLC_visitante,LLT_visitante,LL%_visitante,EN_visitante,BR_visitante,B/E_visitante,TO_visitante,FC_visitante,T/FC_visitante,ET_visitante,VI_visitante,EF_visitante
90,79,2016-01-12,1,2,2015-2016,Brasília,Caxias do Sul Basquete,86.73333333333333,26.4,44.13333333333333,16.2,36.0,11.733333333333333,24.266666666666666,18.066666666666666,15.4,1.2993333333333335,8.8,22.266666666666666,39.73666666666666,22.066666666666666,41.266666666666666,53.81333333333334,16.2,19.733333333333334,83.13466666666667,1.9333333333333333,8.333333333333334,0.596,3.0,23.2,0.12933333333333338,15.4,2.6,100.53333333333333,65.92857142857143,19.928571428571427,31.142857142857142,14.857142857142858,32.57142857142857,8.857142857142858,23.714285714285715,12.428571428571429,15.357142857142858,0.8921428571428575,6.642857142857143,23.428571428571427,28.947857142857146,15.571428571428571,35.285714285714285,44.60214285714286,14.857142857142858,21.142857142857142,68.42642857142859,1.1428571428571428,12.642857142857142,0.8992857142857142,1.4285714285714286,22.928571428571427,0.05928571428571429,15.357142857142858,3.357142857142857,66.85714285714286
