placar_casa,placar_visitante,data,round,stage,ano,equipe_casa,equipe_visitante,Pts_casa,3P_casa,2P_casa,LL_casa,RT_casa,RO_casa,RD_casa,AS_casa,ER_casa,IA%_casa,3PC_casa,3PT_casa,3P%_casa,2PC_casa,2PT_casa,2P%_casa,LLC_casa,LLT_casa,LL%_casa,EN_casa,BR_casa,B/E_casa,TO_casa,FC_casa,T/FC_casa,ET_casa,VI_casa,EF_casa,Pts_visitante,3P_visitante,2P_visitante,LL_visitante,RT_visitante,RO_visitante,RD_visitante,AS_visitante,ER_visitante,IA%_visitante,3PC_visitante,3PT_visitante,3P%_visitante,2PC_visitante,2PT_visitante,2P%_visitante,LLC_visitante,LLT_visitante,LL%_visitante,EN_visitante,BR_visitante,B/E_visitante,TO_visitante,FC_visitante,T/FC_visitante,ET_visitante,VI_visitante,EF_visitante
73,59,2015-12-02,7,1,2015-2016,Pinheiros,L. Sorocabana,83.4,22.8,44.13333333333333,16.466666666666665,37.6,11.066666666666666,26.533333333333335,14.266666666666667,12.866666666666667,1.1666666666666667,7.6,18.866666666666667,38.68933333333334,22.066666666666666,45.266666666666666,49.00666666666667,16.466666666666665,21.666666666666668,75.21266666666666,1.6,8.266666666666667,0.6666666666666665,3.066666666666667,21.666666666666668,0.14466666666666667,12.866666666666667,2.6,94.06666666666666,78.33333333333333,20.4,43.2,14.733333333333333,36.266666666666666,15.333333333333334,20.933333333333334,12.2,13.6,1.0586666666666666,6.8,20.666666666666668,32.842666666666666,21.6,46.46666666666667,46.939333333333344,14.733333333333333,19.0,76.69466666666666,1.0666666666666667,11.4,1.0273333333333334,1.8,22.6,0.08466666666666667,13.6,3.6666666666666665,83.4
