placar_casa,placar_visitante,data,round,stage,ano,equipe_casa,equipe_visitante,Pts_casa,3P_casa,2P_casa,LL_casa,RT_casa,RO_casa,RD_casa,AS_casa,ER_casa,IA%_casa,3PC_casa,3PT_casa,3P%_casa,2PC_casa,2PT_casa,2P%_casa,LLC_casa,LLT_casa,LL%_casa,EN_casa,BR_casa,B/E_casa,TO_casa,FC_casa,T/FC_casa,ET_casa,VI_casa,EF_casa,Pts_visitante,3P_visitante,2P_visitante,LL_visitante,RT_visitante,RO_visitante,RD_visitante,AS_visitante,ER_visitante,IA%_visitante,3PC_visitante,3PT_visitante,3P%_visitante,2PC_visitante,2PT_visitante,2P%_visitante,LLC_visitante,LLT_visitante,LL%_visitante,EN_visitante,BR_visitante,B/E_visitante,TO_visitante,FC_visitante,T/FC_visitante,ET_visitante,VI_visitante,EF_visitante
71,79,2015-11-18,5,1,2015-2016,Bauru Basket,Pinheiros,77.8,28.4,31.2,18.2,35.266666666666666,9.066666666666666,26.2,15.8,12.2,1.4253333333333331,9.466666666666667,28.0,34.12533333333334,15.6,29.333333333333332,53.82066666666666,18.2,22.8,79.39399999999999,0.9333333333333333,7.0,0.622,1.3333333333333333,19.133333333333333,0.06733333333333333,12.2,2.4,88.13333333333334,82.73333333333333,25.2,42.0,15.533333333333333,36.86666666666667,11.466666666666667,25.4,14.333333333333334,12.6,1.1926666666666668,8.4,21.4,37.996,21.0,43.93333333333333,48.04466666666667,15.533333333333333,20.0,77.19666666666667,1.6,8.066666666666666,0.6686666666666666,3.066666666666667,21.066666666666666,0.14933333333333332,12.6,2.466666666666667,92.06666666666666
