placar_casa,placar_visitante,data,round,stage,ano,equipe_casa,equipe_visitante,Pts_casa,3P_casa,2P_casa,LL_casa,RT_casa,RO_casa,RD_casa,AS_casa,ER_casa,IA%_casa,3PC_casa,3PT_casa,3P%_casa,2PC_casa,2PT_casa,2P%_casa,LLC_casa,LLT_casa,LL%_casa,EN_casa,BR_casa,B/E_casa,TO_casa,FC_casa,T/FC_casa,ET_casa,VI_casa,EF_casa,Pts_visitante,3P_visitante,2P_visitante,LL_visitante,RT_visitante,RO_visitante,RD_visitante,AS_visitante,ER_visitante,IA%_visitante,3PC_visitante,3PT_visitante,3P%_visitante,2PC_visitante,2PT_visitante,2P%_visitante,LLC_visitante,LLT_visitante,LL%_visitante,EN_visitante,BR_visitante,B/E_visitante,TO_visitante,FC_visitante,T/FC_visitante,ET_visitante,VI_visitante,EF_visitante
94,106,2015-11-25,4,1,2015-2016,Brasília,Sesi Franca,85.46666666666667,28.0,42.53333333333333,14.933333333333334,34.2,10.8,23.4,16.466666666666665,15.333333333333334,1.1253333333333335,9.333333333333334,22.533333333333335,41.832,21.266666666666666,38.8,55.09799999999999,14.933333333333334,18.266666666666666,80.78400000000002,2.2666666666666666,7.8,0.568,3.6666666666666665,22.2,0.16999999999999998,15.333333333333334,2.6,98.2,72.6,25.8,35.2,11.6,33.733333333333334,8.8,24.933333333333334,14.866666666666667,15.133333333333333,1.064,8.6,23.333333333333332,37.372,17.6,34.4,51.71,11.6,16.866666666666667,68.38466666666666,2.4,8.6,0.6226666666666668,3.3333333333333335,22.6,0.14733333333333337,15.133333333333333,4.0,81.2
