placar_casa,placar_visitante,data,round,stage,ano,equipe_casa,equipe_visitante,Pts_casa,3P_casa,2P_casa,LL_casa,RT_casa,RO_casa,RD_casa,AS_casa,ER_casa,IA%_casa,3PC_casa,3PT_casa,3P%_casa,2PC_casa,2PT_casa,2P%_casa,LLC_casa,LLT_casa,LL%_casa,EN_casa,BR_casa,B/E_casa,TO_casa,FC_casa,T/FC_casa,ET_casa,VI_casa,EF_casa,Pts_visitante,3P_visitante,2P_visitante,LL_visitante,RT_visitante,RO_visitante,RD_visitante,AS_visitante,ER_visitante,IA%_visitante,3PC_visitante,3PT_visitante,3P%_visitante,2PC_visitante,2PT_visitante,2P%_visitante,LLC_visitante,LLT_visitante,LL%_visitante,EN_visitante,BR_visitante,B/E_visitante,TO_visitante,FC_visitante,T/FC_visitante,ET_visitante,VI_visitante,EF_visitante
66,50,2015-12-22,14,1,2015-2016,Fortaleza B. C. / CFO,Caxias do Sul Basquete,78.8,28.0,37.733333333333334,13.066666666666666,35.0,10.733333333333333,24.266666666666666,11.8,13.133333333333333,1.0386666666666666,9.333333333333334,27.2,35.00933333333333,18.866666666666667,37.266666666666666,50.806666666666665,13.066666666666666,18.8,68.06533333333333,1.6666666666666667,9.333333333333334,0.7786666666666666,2.2666666666666666,21.066666666666666,0.10533333333333333,13.133333333333333,2.4,82.06666666666666,65.33333333333333,20.0,31.0,14.333333333333334,32.083333333333336,8.666666666666666,23.416666666666668,12.5,14.833333333333334,0.9275000000000002,6.666666666666667,23.083333333333332,29.838333333333335,15.5,35.416666666666664,44.22833333333333,14.333333333333334,21.0,66.28916666666667,1.0833333333333333,12.583333333333334,0.9316666666666666,1.1666666666666667,22.833333333333332,0.04750000000000001,14.833333333333334,3.1666666666666665,65.83333333333333
