placar_casa,placar_visitante,data,round,stage,ano,equipe_casa,equipe_visitante,Pts_casa,3P_casa,2P_casa,LL_casa,RT_casa,RO_casa,RD_casa,AS_casa,ER_casa,IA%_casa,3PC_casa,3PT_casa,3P%_casa,2PC_casa,2PT_casa,2P%_casa,LLC_casa,LLT_casa,LL%_casa,EN_casa,BR_casa,B/E_casa,TO_casa,FC_casa,T/FC_casa,ET_casa,VI_casa,EF_casa,Pts_visitante,3P_visitante,2P_visitante,LL_visitante,RT_visitante,RO_visitante,RD_visitante,AS_visitante,ER_visitante,IA%_visitante,3PC_visitante,3PT_visitante,3P%_visitante,2PC_visitante,2PT_visitante,2P%_visitante,LLC_visitante,LLT_visitante,LL%_visitante,EN_visitante,BR_visitante,B/E_visitante,TO_visitante,FC_visitante,T/FC_visitante,ET_visitante,VI_visitante,EF_visitante
65,56,2016-01-13,1,2,2015-2016,L. Sorocabana,Rio Claro,69.4,15.0,42.0,12.4,34.93333333333333,15.266666666666667,19.666666666666668,11.2,13.266666666666667,1.0073333333333332,5.0,18.466666666666665,25.447333333333336,21.0,45.266666666666666,46.12466666666666,12.4,16.6,73.92266666666666,0.9333333333333333,12.066666666666666,1.1006666666666667,2.0,19.4,0.13133333333333336,13.266666666666667,3.933333333333333,74.4,76.66666666666667,25.8,37.86666666666667,13.0,32.733333333333334,8.933333333333334,23.8,17.8,15.4,1.22,8.6,23.4,36.82733333333333,18.933333333333334,35.46666666666667,53.29266666666667,13.0,19.066666666666666,67.65533333333335,2.2666666666666666,10.6,0.7093333333333333,2.6,22.0,0.11933333333333333,15.4,3.6666666666666665,87.6
