placar_casa,placar_visitante,data,round,stage,ano,equipe_casa,equipe_visitante,Pts_casa,3P_casa,2P_casa,LL_casa,RT_casa,RO_casa,RD_casa,AS_casa,ER_casa,IA%_casa,3PC_casa,3PT_casa,3P%_casa,2PC_casa,2PT_casa,2P%_casa,LLC_casa,LLT_casa,LL%_casa,EN_casa,BR_casa,B/E_casa,TO_casa,FC_casa,T/FC_casa,ET_casa,VI_casa,EF_casa,Pts_visitante,3P_visitante,2P_visitante,LL_visitante,RT_visitante,RO_visitante,RD_visitante,AS_visitante,ER_visitante,IA%_visitante,3PC_visitante,3PT_visitante,3P%_visitante,2PC_visitante,2PT_visitante,2P%_visitante,LLC_visitante,LLT_visitante,LL%_visitante,EN_visitante,BR_visitante,B/E_visitante,TO_visitante,FC_visitante,T/FC_visitante,ET_visitante,VI_visitante,EF_visitante
82,50,2015-12-08,9,1,2015-2016,Paulistano,Minas,81.33333333333333,26.2,42.4,12.733333333333333,38.46666666666667,12.2,26.266666666666666,14.066666666666666,13.466666666666667,1.264,8.733333333333333,22.666666666666668,37.87533333333333,21.2,43.0,49.69733333333333,12.733333333333333,16.866666666666667,75.77733333333332,1.5333333333333334,9.333333333333334,0.7793333333333332,1.3333333333333333,19.466666666666665,0.07533333333333332,13.466666666666667,3.933333333333333,91.2,74.73333333333333,19.8,39.86666666666667,15.066666666666666,32.333333333333336,9.933333333333334,22.4,15.933333333333334,12.533333333333333,1.4426666666666668,6.6,21.733333333333334,30.573333333333334,19.933333333333334,38.8,51.66799999999999,15.066666666666666,21.6,70.81866666666669,1.9333333333333333,9.533333333333333,0.8486666666666666,2.3333333333333335,22.466666666666665,0.10933333333333334,12.533333333333333,3.066666666666667,81.8
