placar_casa,placar_visitante,data,round,stage,ano,equipe_casa,equipe_visitante,Pts_casa,3P_casa,2P_casa,LL_casa,RT_casa,RO_casa,RD_casa,AS_casa,ER_casa,IA%_casa,3PC_casa,3PT_casa,3P%_casa,2PC_casa,2PT_casa,2P%_casa,LLC_casa,LLT_casa,LL%_casa,EN_casa,BR_casa,B/E_casa,TO_casa,FC_casa,T/FC_casa,ET_casa,VI_casa,EF_casa,Pts_visitante,3P_visitante,2P_visitante,LL_visitante,RT_visitante,RO_visitante,RD_visitante,AS_visitante,ER_visitante,IA%_visitante,3PC_visitante,3PT_visitante,3P%_visitante,2PC_visitante,2PT_visitante,2P%_visitante,LLC_visitante,LLT_visitante,LL%_visitante,EN_visitante,BR_visitante,B/E_visitante,TO_visitante,FC_visitante,T/FC_visitante,ET_visitante,VI_visitante,EF_visitante
96,79,2009-04-09,5,2,2008-2009,Pinheiros,Lajeado,85.22222222222223,28.5,38.333333333333336,18.38888888888889,31.055555555555557,9.333333333333334,21.72222222222222,14.88888888888889,12.61111111111111,1.2111111111111112,9.5,24.444444444444443,39.39611111111111,19.166666666666668,35.5,54.40722222222222,18.38888888888889,25.38888888888889,72.75666666666666,2.611111111111111,6.944444444444445,0.5783333333333334,1.7222222222222223,17.666666666666668,0.10055555555555556,12.61111111111111,0.0,88.94444444444444,73.52941176470588,17.647058823529413,39.76470588235294,16.11764705882353,28.294117647058822,9.588235294117647,18.705882352941178,10.470588235294118,14.882352941176471,0.7205882352941176,5.882352941176471,20.294117647058822,28.610000000000003,19.88235294117647,39.705882352941174,50.80647058823529,16.11764705882353,23.058823529411764,70.11529411764705,0.23529411764705882,8.470588235294118,0.6223529411764706,1.0588235294117647,22.352941176470587,0.050588235294117656,14.882352941176471,0.0,65.76470588235294
