placar_casa,placar_visitante,data,round,stage,ano,equipe_casa,equipe_visitante,Pts_casa,3P_casa,2P_casa,LL_casa,RT_casa,RO_casa,RD_casa,AS_casa,ER_casa,IA%_casa,3PC_casa,3PT_casa,3P%_casa,2PC_casa,2PT_casa,2P%_casa,LLC_casa,LLT_casa,LL%_casa,EN_casa,BR_casa,B/E_casa,TO_casa,FC_casa,T/FC_casa,ET_casa,VI_casa,EF_casa,Pts_visitante,3P_visitante,2P_visitante,LL_visitante,RT_visitante,RO_visitante,RD_visitante,AS_visitante,ER_visitante,IA%_visitante,3PC_visitante,3PT_visitante,3P%_visitante,2PC_visitante,2PT_visitante,2P%_visitante,LLC_visitante,LLT_visitante,LL%_visitante,EN_visitante,BR_visitante,B/E_visitante,TO_visitante,FC_visitante,T/FC_visitante,ET_visitante,VI_visitante,EF_visitante
88,77,2009-05-01,12,2,2008-2009,Coop/São José Basketball,Saldanha,76.08333333333333,23.625,37.666666666666664,14.791666666666666,28.75,9.458333333333334,19.291666666666668,12.625,14.083333333333334,0.971666666666667,7.875,24.583333333333332,32.03291666666667,18.833333333333332,37.375,50.93291666666667,14.791666666666666,21.125,70.31583333333333,0.5833333333333334,7.125,0.5262500000000001,2.0416666666666665,22.75,0.09708333333333334,14.083333333333334,0.0,70.95833333333333,72.5,23.375,36.416666666666664,12.708333333333334,29.958333333333332,10.083333333333334,19.875,10.875,18.083333333333332,0.6479166666666666,7.791666666666667,23.666666666666668,33.044999999999995,18.208333333333332,37.0,49.87125,12.708333333333334,20.833333333333332,61.841249999999995,3.25,10.0,0.5724999999999999,1.875,22.333333333333332,0.08750000000000002,18.083333333333332,0.0,64.33333333333333
