placar_casa,placar_visitante,data,round,stage,ano,equipe_casa,equipe_visitante,Pts_casa,3P_casa,2P_casa,LL_casa,RT_casa,RO_casa,RD_casa,AS_casa,ER_casa,IA%_casa,3PC_casa,3PT_casa,3P%_casa,2PC_casa,2PT_casa,2P%_casa,LLC_casa,LLT_casa,LL%_casa,EN_casa,BR_casa,B/E_casa,TO_casa,FC_casa,T/FC_casa,ET_casa,VI_casa,EF_casa,Pts_visitante,3P_visitante,2P_visitante,LL_visitante,RT_visitante,RO_visitante,RD_visitante,AS_visitante,ER_visitante,IA%_visitante,3PC_visitante,3PT_visitante,3P%_visitante,2PC_visitante,2PT_visitante,2P%_visitante,LLC_visitante,LLT_visitante,LL%_visitante,EN_visitante,BR_visitante,B/E_visitante,TO_visitante,FC_visitante,T/FC_visitante,ET_visitante,VI_visitante,EF_visitante
92,86,2009-05-29,2,5,2008-2009,Flamengo,Joinville,92.96875,29.53125,44.5,18.9375,33.28125,8.5,24.78125,17.78125,13.59375,1.4056250000000001,9.84375,25.1875,39.300625,22.25,37.53125,59.5003125,18.9375,24.5625,78.0134375,2.09375,8.8125,0.6853125000000001,1.78125,19.71875,0.0890625,13.59375,0.0,104.78125,82.96969696969697,29.454545454545453,38.18181818181818,15.333333333333334,33.93939393939394,9.454545454545455,24.484848484848484,16.333333333333332,14.393939393939394,1.218787878787879,9.818181818181818,26.484848484848484,37.29393939393938,19.09090909090909,36.515151515151516,52.129393939393935,15.333333333333334,21.818181818181817,70.44606060606061,1.696969696969697,8.636363636363637,0.6451515151515155,2.8484848484848486,19.848484848484848,0.15545454545454543,14.393939393939394,0.0,89.75757575757575
