placar_casa,placar_visitante,data,round,stage,ano,equipe_casa,equipe_visitante,Pts_casa,3P_casa,2P_casa,LL_casa,RT_casa,RO_casa,RD_casa,AS_casa,ER_casa,IA%_casa,3PC_casa,3PT_casa,3P%_casa,2PC_casa,2PT_casa,2P%_casa,LLC_casa,LLT_casa,LL%_casa,EN_casa,BR_casa,B/E_casa,TO_casa,FC_casa,T/FC_casa,ET_casa,VI_casa,EF_casa,Pts_visitante,3P_visitante,2P_visitante,LL_visitante,RT_visitante,RO_visitante,RD_visitante,AS_visitante,ER_visitante,IA%_visitante,3PC_visitante,3PT_visitante,3P%_visitante,2PC_visitante,2PT_visitante,2P%_visitante,LLC_visitante,LLT_visitante,LL%_visitante,EN_visitante,BR_visitante,B/E_visitante,TO_visitante,FC_visitante,T/FC_visitante,ET_visitante,VI_visitante,EF_visitante
74,47,2009-05-19,2,4,2008-2009,Minas,Bauru Basket,86.58620689655173,23.379310344827587,46.758620689655174,16.448275862068964,35.0,9.724137931034482,25.275862068965516,17.482758620689655,15.517241379310345,1.2089655172413794,7.793103448275862,21.03448275862069,37.28758620689655,23.379310344827587,40.689655172413794,57.79758620689654,16.448275862068964,22.896551724137932,72.1555172413793,1.2758620689655173,7.310344827586207,0.49793103448275877,3.0689655172413794,18.517241379310345,0.17379310344827584,15.517241379310345,0.0,96.93103448275862,81.62068965517241,26.586206896551722,40.206896551724135,14.827586206896552,29.93103448275862,9.206896551724139,20.724137931034484,13.379310344827585,10.241379310344827,1.576551724137931,8.862068965517242,23.06896551724138,37.966551724137936,20.103448275862068,37.6551724137931,53.63758620689655,14.827586206896552,20.17241379310345,74.43344827586206,1.5517241379310345,6.689655172413793,0.7668965517241378,1.8620689655172413,18.379310344827587,0.10344827586206896,10.241379310344827,0.0,86.13793103448276
