placar_casa,placar_visitante,data,round,stage,ano,equipe_casa,equipe_visitante,Pts_casa,3P_casa,2P_casa,LL_casa,RT_casa,RO_casa,RD_casa,AS_casa,ER_casa,IA%_casa,3PC_casa,3PT_casa,3P%_casa,2PC_casa,2PT_casa,2P%_casa,LLC_casa,LLT_casa,LL%_casa,EN_casa,BR_casa,B/E_casa,TO_casa,FC_casa,T/FC_casa,ET_casa,VI_casa,EF_casa,Pts_visitante,3P_visitante,2P_visitante,LL_visitante,RT_visitante,RO_visitante,RD_visitante,AS_visitante,ER_visitante,IA%_visitante,3PC_visitante,3PT_visitante,3P%_visitante,2PC_visitante,2PT_visitante,2P%_visitante,LLC_visitante,LLT_visitante,LL%_visitante,EN_visitante,BR_visitante,B/E_visitante,TO_visitante,FC_visitante,T/FC_visitante,ET_visitante,VI_visitante,EF_visitante
75,64,2009-04-17,8,2,2008-2009,Joinville,Minas,82.85714285714286,28.857142857142858,38.38095238095238,15.619047619047619,34.142857142857146,9.952380952380953,24.19047619047619,16.142857142857142,14.380952380952381,1.200952380952381,9.619047619047619,27.476190476190474,35.054761904761904,19.19047619047619,36.333333333333336,52.48,15.619047619047619,23.19047619047619,67.35761904761905,1.7142857142857142,8.857142857142858,0.6776190476190478,3.0476190476190474,20.428571428571427,0.16190476190476188,14.380952380952381,0.0,88.0952380952381,87.55,23.7,47.6,16.25,34.95,10.0,24.95,16.5,15.1,1.141,7.9,21.05,37.736,23.8,40.65,58.98499999999999,16.25,22.75,71.91349999999997,1.3,6.75,0.4590000000000001,3.25,18.85,0.183,15.1,0.0,97.4
