placar_casa,placar_visitante,data,round,stage,ano,equipe_casa,equipe_visitante,Pts_casa,3P_casa,2P_casa,LL_casa,RT_casa,RO_casa,RD_casa,AS_casa,ER_casa,IA%_casa,3PC_casa,3PT_casa,3P%_casa,2PC_casa,2PT_casa,2P%_casa,LLC_casa,LLT_casa,LL%_casa,EN_casa,BR_casa,B/E_casa,TO_casa,FC_casa,T/FC_casa,ET_casa,VI_casa,EF_casa,Pts_visitante,3P_visitante,2P_visitante,LL_visitante,RT_visitante,RO_visitante,RD_visitante,AS_visitante,ER_visitante,IA%_visitante,3PC_visitante,3PT_visitante,3P%_visitante,2PC_visitante,2PT_visitante,2P%_visitante,LLC_visitante,LLT_visitante,LL%_visitante,EN_visitante,BR_visitante,B/E_visitante,TO_visitante,FC_visitante,T/FC_visitante,ET_visitante,VI_visitante,EF_visitante
78,84,2009-04-08,5,2,2008-2009,Bauru Basket,Minas,80.70588235294117,24.88235294117647,40.0,15.823529411764707,28.705882352941178,8.470588235294118,20.235294117647058,13.0,11.411764705882353,1.3176470588235292,8.294117647058824,22.529411764705884,36.387058823529415,20.0,36.94117647058823,54.484117647058824,15.823529411764707,21.0,76.74294117647058,1.2352941176470589,6.0588235294117645,0.5864705882352941,2.235294117647059,18.58823529411765,0.1223529411764706,11.411764705882353,0.0,82.94117647058823,88.47058823529412,23.647058823529413,48.588235294117645,16.235294117647058,35.0,10.588235294117647,24.41176470588235,17.235294117647058,15.294117647058824,1.175294117647059,7.882352941176471,21.11764705882353,37.449999999999996,24.294117647058822,42.0,58.18,16.235294117647058,23.11764705882353,70.77941176470587,1.2941176470588236,7.352941176470588,0.4894117647058824,3.3529411764705883,19.11764705882353,0.18705882352941175,15.294117647058824,0.0,98.29411764705883
