placar_casa,placar_visitante,data,round,stage,ano,equipe_casa,equipe_visitante,Pts_casa,3P_casa,2P_casa,LL_casa,RT_casa,RO_casa,RD_casa,AS_casa,ER_casa,IA%_casa,3PC_casa,3PT_casa,3P%_casa,2PC_casa,2PT_casa,2P%_casa,LLC_casa,LLT_casa,LL%_casa,EN_casa,BR_casa,B/E_casa,TO_casa,FC_casa,T/FC_casa,ET_casa,VI_casa,EF_casa,Pts_visitante,3P_visitante,2P_visitante,LL_visitante,RT_visitante,RO_visitante,RD_visitante,AS_visitante,ER_visitante,IA%_visitante,3PC_visitante,3PT_visitante,3P%_visitante,2PC_visitante,2PT_visitante,2P%_visitante,LLC_visitante,LLT_visitante,LL%_visitante,EN_visitante,BR_visitante,B/E_visitante,TO_visitante,FC_visitante,T/FC_visitante,ET_visitante,VI_visitante,EF_visitante
85,75,2009-05-18,2,4,2008-2009,Joinville,Limeira,82.58620689655173,29.482758620689655,37.793103448275865,15.310344827586206,33.44827586206897,9.206896551724139,24.24137931034483,16.103448275862068,14.413793103448276,1.2000000000000002,9.827586206896552,26.620689655172413,37.11103448275861,18.896551724137932,35.93103448275862,52.3503448275862,15.310344827586206,21.96551724137931,70.0651724137931,1.7586206896551724,8.793103448275861,0.6555172413793106,3.0,19.82758620689655,0.16448275862068965,14.413793103448276,0.0,89.03448275862068,85.72413793103448,27.20689655172414,40.275862068965516,18.24137931034483,29.689655172413794,7.413793103448276,22.275862068965516,17.06896551724138,14.689655172413794,1.279655172413793,9.068965517241379,24.689655172413794,37.50482758620689,20.137931034482758,36.48275862068966,55.36413793103446,18.24137931034483,24.0,76.05344827586208,2.7241379310344827,8.862068965517242,0.6482758620689657,4.241379310344827,20.82758620689655,0.21241379310344824,14.689655172413794,0.0,93.17241379310344
