placar_casa,placar_visitante,data,round,stage,ano,equipe_casa,equipe_visitante,Pts_casa,3P_casa,2P_casa,LL_casa,RT_casa,RO_casa,RD_casa,AS_casa,ER_casa,IA%_casa,3PC_casa,3PT_casa,3P%_casa,2PC_casa,2PT_casa,2P%_casa,LLC_casa,LLT_casa,LL%_casa,EN_casa,BR_casa,B/E_casa,TO_casa,FC_casa,T/FC_casa,ET_casa,VI_casa,EF_casa,Pts_visitante,3P_visitante,2P_visitante,LL_visitante,RT_visitante,RO_visitante,RD_visitante,AS_visitante,ER_visitante,IA%_visitante,3PC_visitante,3PT_visitante,3P%_visitante,2PC_visitante,2PT_visitante,2P%_visitante,LLC_visitante,LLT_visitante,LL%_visitante,EN_visitante,BR_visitante,B/E_visitante,TO_visitante,FC_visitante,T/FC_visitante,ET_visitante,VI_visitante,EF_visitante
76,66,2009-05-20,3,4,2008-2009,Brasília,Sesi Franca,87.13333333333334,22.7,44.6,19.833333333333332,33.166666666666664,8.2,24.966666666666665,15.4,15.733333333333333,1.089,7.566666666666666,21.9,35.07733333333333,22.3,38.233333333333334,58.52666666666668,19.833333333333332,26.2,75.75766666666668,2.2333333333333334,8.1,0.551,3.8666666666666667,22.933333333333334,0.18133333333333332,15.733333333333333,0.0,95.3,85.06666666666666,22.2,44.6,18.266666666666666,30.9,9.1,21.8,16.533333333333335,12.766666666666667,1.3840000000000001,7.4,21.433333333333334,35.75966666666667,22.3,43.166666666666664,51.759333333333316,18.266666666666666,24.2,75.46266666666666,0.9,8.866666666666667,0.732,2.2666666666666666,22.6,0.10933333333333331,12.766666666666667,0.0,90.03333333333333
