placar_casa,placar_visitante,data,round,stage,ano,equipe_casa,equipe_visitante,Pts_casa,3P_casa,2P_casa,LL_casa,RT_casa,RO_casa,RD_casa,AS_casa,ER_casa,IA%_casa,3PC_casa,3PT_casa,3P%_casa,2PC_casa,2PT_casa,2P%_casa,LLC_casa,LLT_casa,LL%_casa,EN_casa,BR_casa,B/E_casa,TO_casa,FC_casa,T/FC_casa,ET_casa,VI_casa,EF_casa,Pts_visitante,3P_visitante,2P_visitante,LL_visitante,RT_visitante,RO_visitante,RD_visitante,AS_visitante,ER_visitante,IA%_visitante,3PC_visitante,3PT_visitante,3P%_visitante,2PC_visitante,2PT_visitante,2P%_visitante,LLC_visitante,LLT_visitante,LL%_visitante,EN_visitante,BR_visitante,B/E_visitante,TO_visitante,FC_visitante,T/FC_visitante,ET_visitante,VI_visitante,EF_visitante
64,86,2009-04-15,7,2,2008-2009,Espírito Santo,Pinheiros,75.6842105263158,20.526315789473685,39.473684210526315,15.68421052631579,27.157894736842106,7.421052631578948,19.736842105263158,11.947368421052632,12.263157894736842,1.083157894736842,6.842105263157895,21.42105263157895,32.17894736842105,19.736842105263158,36.526315789473685,54.56473684210526,15.68421052631579,24.210526315789473,65.84210526315788,0.7894736842105263,7.894736842105263,0.6642105263157895,1.4210526315789473,22.210526315789473,0.06526315789473684,12.263157894736842,0.0,71.94736842105263,86.2,28.8,39.0,18.4,31.0,8.9,22.1,15.35,12.45,1.2675,9.6,24.55,39.5535,19.5,35.55,55.25899999999999,18.4,25.05,73.6955,2.7,7.2,0.607,1.85,17.8,0.10699999999999998,12.45,0.0,91.5
