placar_casa,placar_visitante,data,round,stage,ano,equipe_casa,equipe_visitante,Pts_casa,3P_casa,2P_casa,LL_casa,RT_casa,RO_casa,RD_casa,AS_casa,ER_casa,IA%_casa,3PC_casa,3PT_casa,3P%_casa,2PC_casa,2PT_casa,2P%_casa,LLC_casa,LLT_casa,LL%_casa,EN_casa,BR_casa,B/E_casa,TO_casa,FC_casa,T/FC_casa,ET_casa,VI_casa,EF_casa,Pts_visitante,3P_visitante,2P_visitante,LL_visitante,RT_visitante,RO_visitante,RD_visitante,AS_visitante,ER_visitante,IA%_visitante,3PC_visitante,3PT_visitante,3P%_visitante,2PC_visitante,2PT_visitante,2P%_visitante,LLC_visitante,LLT_visitante,LL%_visitante,EN_visitante,BR_visitante,B/E_visitante,TO_visitante,FC_visitante,T/FC_visitante,ET_visitante,VI_visitante,EF_visitante
76,87,2009-05-01,12,2,2008-2009,Assis,Joinville,76.04347826086956,22.565217391304348,34.08695652173913,19.391304347826086,28.782608695652176,8.217391304347826,20.565217391304348,11.608695652173912,12.91304347826087,1.0452173913043479,7.521739130434782,21.73913043478261,34.89434782608696,17.043478260869566,32.73913043478261,52.07434782608695,19.391304347826086,26.608695652173914,73.80739130434782,1.2608695652173914,6.521739130434782,0.5417391304347826,3.260869565217391,20.652173913043477,0.16478260869565217,12.91304347826087,0.0,76.17391304347827,82.96,28.56,39.04,15.36,33.92,9.52,24.4,16.28,14.12,1.2344,9.52,26.84,35.596399999999996,19.52,36.72,52.954399999999985,15.36,22.4,68.8388,1.76,8.8,0.6708000000000002,3.04,20.24,0.16079999999999997,14.12,0.0,89.32
