placar_casa,placar_visitante,data,round,stage,ano,equipe_casa,equipe_visitante,Pts_casa,3P_casa,2P_casa,LL_casa,RT_casa,RO_casa,RD_casa,AS_casa,ER_casa,IA%_casa,3PC_casa,3PT_casa,3P%_casa,2PC_casa,2PT_casa,2P%_casa,LLC_casa,LLT_casa,LL%_casa,EN_casa,BR_casa,B/E_casa,TO_casa,FC_casa,T/FC_casa,ET_casa,VI_casa,EF_casa,Pts_visitante,3P_visitante,2P_visitante,LL_visitante,RT_visitante,RO_visitante,RD_visitante,AS_visitante,ER_visitante,IA%_visitante,3PC_visitante,3PT_visitante,3P%_visitante,2PC_visitante,2PT_visitante,2P%_visitante,LLC_visitante,LLT_visitante,LL%_visitante,EN_visitante,BR_visitante,B/E_visitante,TO_visitante,FC_visitante,T/FC_visitante,ET_visitante,VI_visitante,EF_visitante
76,68,2009-06-28,5,6,2008-2009,Flamengo,Brasília,92.23684210526316,29.289473684210527,43.526315789473685,19.42105263157895,33.18421052631579,8.526315789473685,24.657894736842106,17.236842105263158,13.578947368421053,1.3694736842105264,9.763157894736842,25.763157894736842,38.370789473684205,21.763157894736842,37.421052631578945,58.36973684210527,19.42105263157895,25.36842105263158,77.38736842105263,1.9736842105263157,8.657894736842104,0.6773684210526317,1.736842105263158,19.973684210526315,0.08526315789473685,13.578947368421053,0.0,101.86842105263158,85.6829268292683,21.951219512195124,43.75609756097561,19.975609756097562,33.707317073170735,8.414634146341463,25.29268292682927,15.21951219512195,15.731707317073171,1.062926829268293,7.317073170731708,21.951219512195124,33.75439024390245,21.878048780487806,37.80487804878049,57.922926829268306,19.975609756097562,26.414634146341463,75.71536585365855,1.9268292682926829,7.682926829268292,0.5231707317073171,3.8292682926829267,23.365853658536587,0.17512195121951218,15.731707317073171,0.0,93.39024390243902
