placar_casa,placar_visitante,data,round,stage,ano,equipe_casa,equipe_visitante,Pts_casa,3P_casa,2P_casa,LL_casa,RT_casa,RO_casa,RD_casa,AS_casa,ER_casa,IA%_casa,3PC_casa,3PT_casa,3P%_casa,2PC_casa,2PT_casa,2P%_casa,LLC_casa,LLT_casa,LL%_casa,EN_casa,BR_casa,B/E_casa,TO_casa,FC_casa,T/FC_casa,ET_casa,VI_casa,EF_casa,Pts_visitante,3P_visitante,2P_visitante,LL_visitante,RT_visitante,RO_visitante,RD_visitante,AS_visitante,ER_visitante,IA%_visitante,3PC_visitante,3PT_visitante,3P%_visitante,2PC_visitante,2PT_visitante,2P%_visitante,LLC_visitante,LLT_visitante,LL%_visitante,EN_visitante,BR_visitante,B/E_visitante,TO_visitante,FC_visitante,T/FC_visitante,ET_visitante,VI_visitante,EF_visitante
77,72,2009-04-03,4,2,2008-2009,Brasília,Sesi Franca,87.52941176470588,22.058823529411764,44.8235294117647,20.647058823529413,33.88235294117647,8.235294117647058,25.647058823529413,15.235294117647058,15.823529411764707,1.0211764705882354,7.352941176470588,20.823529411764707,35.43411764705883,22.41176470588235,37.88235294117647,59.44647058823529,20.647058823529413,27.294117647058822,75.64294117647059,2.176470588235294,7.647058823529412,0.5111764705882353,4.235294117647059,23.294117647058822,0.19352941176470587,15.823529411764707,0.0,97.11764705882354,86.375,20.8125,47.75,17.8125,32.0,9.9375,22.0625,17.25,12.6875,1.42625,6.9375,20.5,35.30625,23.875,45.3125,53.332499999999996,17.8125,24.0,73.81125,1.25,9.375,0.766875,2.1875,21.0625,0.11812500000000001,12.6875,0.0,93.3125
