placar_casa,placar_visitante,data,round,stage,ano,equipe_casa,equipe_visitante,Pts_casa,3P_casa,2P_casa,LL_casa,RT_casa,RO_casa,RD_casa,AS_casa,ER_casa,IA%_casa,3PC_casa,3PT_casa,3P%_casa,2PC_casa,2PT_casa,2P%_casa,LLC_casa,LLT_casa,LL%_casa,EN_casa,BR_casa,B/E_casa,TO_casa,FC_casa,T/FC_casa,ET_casa,VI_casa,EF_casa,Pts_visitante,3P_visitante,2P_visitante,LL_visitante,RT_visitante,RO_visitante,RD_visitante,AS_visitante,ER_visitante,IA%_visitante,3PC_visitante,3PT_visitante,3P%_visitante,2PC_visitante,2PT_visitante,2P%_visitante,LLC_visitante,LLT_visitante,LL%_visitante,EN_visitante,BR_visitante,B/E_visitante,TO_visitante,FC_visitante,T/FC_visitante,ET_visitante,VI_visitante,EF_visitante
89,77,2009-04-23,10,2,2008-2009,Bauru Basket,Limeira,80.77272727272727,26.045454545454547,39.72727272727273,15.0,28.59090909090909,8.5,20.09090909090909,13.363636363636363,10.909090909090908,1.486363636363636,8.681818181818182,22.818181818181817,37.555454545454545,19.863636363636363,36.95454545454545,54.025,15.0,20.454545454545453,74.45,1.1363636363636365,6.590909090909091,0.714090909090909,1.9090909090909092,18.681818181818183,0.105,10.909090909090908,0.0,83.63636363636364,85.36363636363636,27.136363636363637,39.90909090909091,18.318181818181817,29.454545454545453,7.2727272727272725,22.181818181818183,16.318181818181817,15.227272727272727,1.1968181818181818,9.045454545454545,23.772727272727273,38.38227272727273,19.954545454545453,36.72727272727273,54.456363636363626,18.318181818181817,24.363636363636363,74.69681818181817,2.727272727272727,8.454545454545455,0.5954545454545456,4.363636363636363,20.954545454545453,0.21772727272727269,15.227272727272727,0.0,91.18181818181819
