placar_casa,placar_visitante,data,round,stage,ano,equipe_casa,equipe_visitante,Pts_casa,3P_casa,2P_casa,LL_casa,RT_casa,RO_casa,RD_casa,AS_casa,ER_casa,IA%_casa,3PC_casa,3PT_casa,3P%_casa,2PC_casa,2PT_casa,2P%_casa,LLC_casa,LLT_casa,LL%_casa,EN_casa,BR_casa,B/E_casa,TO_casa,FC_casa,T/FC_casa,ET_casa,VI_casa,EF_casa,Pts_visitante,3P_visitante,2P_visitante,LL_visitante,RT_visitante,RO_visitante,RD_visitante,AS_visitante,ER_visitante,IA%_visitante,3PC_visitante,3PT_visitante,3P%_visitante,2PC_visitante,2PT_visitante,2P%_visitante,LLC_visitante,LLT_visitante,LL%_visitante,EN_visitante,BR_visitante,B/E_visitante,TO_visitante,FC_visitante,T/FC_visitante,ET_visitante,VI_visitante,EF_visitante
75,85,2009-04-08,5,2,2008-2009,Saldanha,Brasília,72.61111111111111,22.0,38.111111111111114,12.5,29.72222222222222,10.0,19.72222222222222,10.38888888888889,18.166666666666668,0.631111111111111,7.333333333333333,21.833333333333332,33.60388888888889,19.055555555555557,37.55555555555556,51.787222222222226,12.5,20.77777777777778,60.251666666666665,3.2777777777777777,10.055555555555555,0.57,1.8888888888888888,22.22222222222222,0.08944444444444447,18.166666666666668,0.0,65.22222222222223,86.94444444444444,21.833333333333332,44.55555555555556,20.555555555555557,33.72222222222222,7.888888888888889,25.833333333333332,15.055555555555555,15.61111111111111,1.02,7.277777777777778,20.944444444444443,34.915,22.27777777777778,37.55555555555556,59.61611111111112,20.555555555555557,27.27777777777778,75.35000000000001,2.111111111111111,7.388888888888889,0.49666666666666676,4.277777777777778,22.88888888888889,0.19999999999999998,15.61111111111111,0.0,96.11111111111111
