placar_casa,placar_visitante,data,round,stage,ano,equipe_casa,equipe_visitante,Pts_casa,3P_casa,2P_casa,LL_casa,RT_casa,RO_casa,RD_casa,AS_casa,ER_casa,IA%_casa,3PC_casa,3PT_casa,3P%_casa,2PC_casa,2PT_casa,2P%_casa,LLC_casa,LLT_casa,LL%_casa,EN_casa,BR_casa,B/E_casa,TO_casa,FC_casa,T/FC_casa,ET_casa,VI_casa,EF_casa,Pts_visitante,3P_visitante,2P_visitante,LL_visitante,RT_visitante,RO_visitante,RD_visitante,AS_visitante,ER_visitante,IA%_visitante,3PC_visitante,3PT_visitante,3P%_visitante,2PC_visitante,2PT_visitante,2P%_visitante,LLC_visitante,LLT_visitante,LL%_visitante,EN_visitante,BR_visitante,B/E_visitante,TO_visitante,FC_visitante,T/FC_visitante,ET_visitante,VI_visitante,EF_visitante
94,97,2009-05-08,14,2,2008-2009,Coop/São José Basketball,Pinheiros,76.76923076923077,23.76923076923077,37.69230769230769,15.307692307692308,29.115384615384617,9.423076923076923,19.692307692307693,12.76923076923077,14.153846153846153,0.9711538461538465,7.923076923076923,24.615384615384617,32.18423076923077,18.846153846153847,37.15384615384615,51.26192307692308,15.307692307692308,21.384615384615383,71.68,0.6538461538461539,6.961538461538462,0.5115384615384616,2.076923076923077,22.76923076923077,0.09807692307692308,14.153846153846153,0.0,72.46153846153847,86.34615384615384,27.346153846153847,40.84615384615385,18.153846153846153,32.0,9.115384615384615,22.884615384615383,15.115384615384615,12.76923076923077,1.24,9.115384615384615,24.115384615384617,38.22461538461538,20.423076923076923,36.88461538461539,55.530384615384605,18.153846153846153,24.46153846153846,74.67346153846152,2.8076923076923075,7.423076923076923,0.6061538461538463,1.9230769230769231,17.76923076923077,0.11038461538461537,12.76923076923077,0.0,92.26923076923077
