placar_casa,placar_visitante,data,round,stage,ano,equipe_casa,equipe_visitante,Pts_casa,3P_casa,2P_casa,LL_casa,RT_casa,RO_casa,RD_casa,AS_casa,ER_casa,IA%_casa,3PC_casa,3PT_casa,3P%_casa,2PC_casa,2PT_casa,2P%_casa,LLC_casa,LLT_casa,LL%_casa,EN_casa,BR_casa,B/E_casa,TO_casa,FC_casa,T/FC_casa,ET_casa,VI_casa,EF_casa,Pts_visitante,3P_visitante,2P_visitante,LL_visitante,RT_visitante,RO_visitante,RD_visitante,AS_visitante,ER_visitante,IA%_visitante,3PC_visitante,3PT_visitante,3P%_visitante,2PC_visitante,2PT_visitante,2P%_visitante,LLC_visitante,LLT_visitante,LL%_visitante,EN_visitante,BR_visitante,B/E_visitante,TO_visitante,FC_visitante,T/FC_visitante,ET_visitante,VI_visitante,EF_visitante
74,86,2021-11-21,5,1,2021-2022,Cerrado,Mogi,74.434,24.4,39.99933333333333,10.032666666666668,39.334666666666664,11.633999999999999,27.700666666666667,13.566666666666666,13.667333333333334,1.0506666666666666,8.134,28.566666666666666,28.851333333333336,20.000666666666667,40.800666666666665,49.06866666666666,10.032666666666668,14.300666666666666,70.57466666666667,1.898,7.666666666666667,0.5906666666666667,2.1326666666666667,17.900666666666666,0.11800000000000001,13.667333333333334,2.3993333333333333,77.96866666666666,79.03333333333333,27.4,39.266666666666666,12.366666666666667,39.43333333333333,11.333333333333334,28.1,20.2,15.033333333333333,1.3746666666666667,9.133333333333333,28.3,31.952666666666666,19.633333333333333,37.63333333333333,52.32266666666668,12.366666666666667,15.766666666666667,78.22066666666666,2.566666666666667,6.733333333333333,0.46466666666666673,2.6,20.366666666666667,0.1273333333333333,15.033333333333333,2.1666666666666665,92.4
