placar_casa,placar_visitante,data,round,stage,ano,equipe_casa,equipe_visitante,Pts_casa,3P_casa,2P_casa,LL_casa,RT_casa,RO_casa,RD_casa,AS_casa,ER_casa,IA%_casa,3PC_casa,3PT_casa,3P%_casa,2PC_casa,2PT_casa,2P%_casa,LLC_casa,LLT_casa,LL%_casa,EN_casa,BR_casa,B/E_casa,TO_casa,FC_casa,T/FC_casa,ET_casa,VI_casa,EF_casa,Pts_visitante,3P_visitante,2P_visitante,LL_visitante,RT_visitante,RO_visitante,RD_visitante,AS_visitante,ER_visitante,IA%_visitante,3PC_visitante,3PT_visitante,3P%_visitante,2PC_visitante,2PT_visitante,2P%_visitante,LLC_visitante,LLT_visitante,LL%_visitante,EN_visitante,BR_visitante,B/E_visitante,TO_visitante,FC_visitante,T/FC_visitante,ET_visitante,VI_visitante,EF_visitante
81,85,2022-01-03,11,1,2021-2022,UNIFACISA,Sesi Franca,78.2,28.6,37.2,12.4,37.53333333333333,12.133333333333333,25.4,16.533333333333335,12.133333333333333,1.402666666666667,9.533333333333333,28.6,32.78933333333333,18.6,37.06666666666667,50.808666666666674,12.4,16.933333333333334,71.884,1.6,6.933333333333334,0.5920000000000001,0.9333333333333333,19.733333333333334,0.05066666666666666,12.133333333333333,2.3333333333333335,85.93333333333334,88.53333333333333,31.4,43.2,13.933333333333334,40.13333333333333,9.533333333333333,30.6,19.066666666666666,12.733333333333333,1.5733333333333333,10.466666666666667,28.333333333333332,36.713333333333345,21.6,36.666666666666664,59.22933333333334,13.933333333333334,18.4,76.59266666666667,2.933333333333333,6.533333333333333,0.5466666666666666,2.6666666666666665,16.466666666666665,0.1886666666666667,12.733333333333333,2.0,106.8
