placar_casa,placar_visitante,data,round,stage,ano,equipe_casa,equipe_visitante,Pts_casa,3P_casa,2P_casa,LL_casa,RT_casa,RO_casa,RD_casa,AS_casa,ER_casa,IA%_casa,3PC_casa,3PT_casa,3P%_casa,2PC_casa,2PT_casa,2P%_casa,LLC_casa,LLT_casa,LL%_casa,EN_casa,BR_casa,B/E_casa,TO_casa,FC_casa,T/FC_casa,ET_casa,VI_casa,EF_casa,Pts_visitante,3P_visitante,2P_visitante,LL_visitante,RT_visitante,RO_visitante,RD_visitante,AS_visitante,ER_visitante,IA%_visitante,3PC_visitante,3PT_visitante,3P%_visitante,2PC_visitante,2PT_visitante,2P%_visitante,LLC_visitante,LLT_visitante,LL%_visitante,EN_visitante,BR_visitante,B/E_visitante,TO_visitante,FC_visitante,T/FC_visitante,ET_visitante,VI_visitante,EF_visitante
90,78,2022-01-10,12,1,2021-2022,Paulistano,União Corinthians,75.33333333333333,25.8,37.2,12.333333333333334,40.0,11.733333333333333,28.266666666666666,15.133333333333333,13.0,1.246,8.6,27.666666666666668,31.228666666666662,18.6,40.13333333333333,46.62599999999999,12.333333333333334,17.0,73.60333333333332,1.2,7.2,0.566,2.466666666666667,20.133333333333333,0.12599999999999997,13.0,3.2,81.86666666666666,73.85714285714286,25.5,37.57142857142857,10.785714285714286,36.857142857142854,10.0,26.857142857142858,14.357142857142858,13.714285714285714,1.1314285714285712,8.5,29.428571428571427,28.69214285714285,18.785714285714285,38.5,49.29571428571429,10.785714285714286,16.0,66.84857142857143,2.142857142857143,9.714285714285714,0.7335714285714285,2.5,19.785714285714285,0.1292857142857143,13.714285714285714,2.357142857142857,77.71428571428571
