placar_casa,placar_visitante,data,round,stage,ano,equipe_casa,equipe_visitante,Pts_casa,3P_casa,2P_casa,LL_casa,RT_casa,RO_casa,RD_casa,AS_casa,ER_casa,IA%_casa,3PC_casa,3PT_casa,3P%_casa,2PC_casa,2PT_casa,2P%_casa,LLC_casa,LLT_casa,LL%_casa,EN_casa,BR_casa,B/E_casa,TO_casa,FC_casa,T/FC_casa,ET_casa,VI_casa,EF_casa,Pts_visitante,3P_visitante,2P_visitante,LL_visitante,RT_visitante,RO_visitante,RD_visitante,AS_visitante,ER_visitante,IA%_visitante,3PC_visitante,3PT_visitante,3P%_visitante,2PC_visitante,2PT_visitante,2P%_visitante,LLC_visitante,LLT_visitante,LL%_visitante,EN_visitante,BR_visitante,B/E_visitante,TO_visitante,FC_visitante,T/FC_visitante,ET_visitante,VI_visitante,EF_visitante
74,69,2021-11-02,3,1,2021-2022,Paulistano,Corinthians,74.86666666666666,26.6,36.666666666666664,11.6,42.53333333333333,13.733333333333333,28.8,17.266666666666666,11.933333333333334,1.6486666666666667,8.866666666666667,29.333333333333332,30.383333333333336,18.333333333333332,38.733333333333334,47.97666666666667,11.6,17.333333333333332,68.35066666666667,1.6666666666666667,8.0,0.7253333333333333,1.7333333333333334,18.8,0.09066666666666669,11.933333333333334,2.533333333333333,85.86666666666666,82.66600000000001,36.4,34.132666666666665,12.133333333333333,36.26733333333333,10.066,26.199333333333332,18.466666666666665,13.132666666666667,1.4613333333333334,12.133333333333333,30.39933333333333,40.08533333333333,17.067333333333334,33.867333333333335,50.167333333333325,12.133333333333333,15.934,76.79266666666668,1.3326666666666669,6.466666666666667,0.4933333333333333,1.9993333333333334,18.732666666666667,0.10933333333333334,13.132666666666667,2.066666666666667,93.86666666666666
