placar_casa,placar_visitante,data,round,stage,ano,equipe_casa,equipe_visitante,Pts_casa,3P_casa,2P_casa,LL_casa,RT_casa,RO_casa,RD_casa,AS_casa,ER_casa,IA%_casa,3PC_casa,3PT_casa,3P%_casa,2PC_casa,2PT_casa,2P%_casa,LLC_casa,LLT_casa,LL%_casa,EN_casa,BR_casa,B/E_casa,TO_casa,FC_casa,T/FC_casa,ET_casa,VI_casa,EF_casa,Pts_visitante,3P_visitante,2P_visitante,LL_visitante,RT_visitante,RO_visitante,RD_visitante,AS_visitante,ER_visitante,IA%_visitante,3PC_visitante,3PT_visitante,3P%_visitante,2PC_visitante,2PT_visitante,2P%_visitante,LLC_visitante,LLT_visitante,LL%_visitante,EN_visitante,BR_visitante,B/E_visitante,TO_visitante,FC_visitante,T/FC_visitante,ET_visitante,VI_visitante,EF_visitante
55,68,2021-10-30,2,1,2021-2022,Pato Basquete,Paulistano,72.59866666666667,24.2,35.8,12.600666666666665,35.166000000000004,10.2,24.968000000000004,15.033333333333335,14.367999999999999,1.3306666666666667,8.065999999999999,25.432,31.790000000000003,17.899999999999995,38.434,46.454,12.600666666666665,19.334,64.99066666666666,1.068,7.600666666666667,0.5619999999999999,1.7013333333333336,22.49933333333333,0.07533333333333332,14.367999999999999,2.732666666666667,73.09866666666667,75.26666666666667,27.6,35.93333333333333,11.733333333333333,41.9,13.633333333333333,28.266666666666666,17.566666666666666,11.6,1.696,9.2,29.633333333333333,31.20266666666667,17.966666666666665,37.96666666666667,47.895999999999994,11.733333333333333,17.566666666666666,68.256,1.6333333333333333,7.7,0.7173333333333333,1.8,19.166666666666668,0.09200000000000001,11.6,2.3333333333333335,86.36666666666666
