placar_casa,placar_visitante,data,round,stage,ano,equipe_casa,equipe_visitante,Pts_casa,3P_casa,2P_casa,LL_casa,RT_casa,RO_casa,RD_casa,AS_casa,ER_casa,IA%_casa,3PC_casa,3PT_casa,3P%_casa,2PC_casa,2PT_casa,2P%_casa,LLC_casa,LLT_casa,LL%_casa,EN_casa,BR_casa,B/E_casa,TO_casa,FC_casa,T/FC_casa,ET_casa,VI_casa,EF_casa,Pts_visitante,3P_visitante,2P_visitante,LL_visitante,RT_visitante,RO_visitante,RD_visitante,AS_visitante,ER_visitante,IA%_visitante,3PC_visitante,3PT_visitante,3P%_visitante,2PC_visitante,2PT_visitante,2P%_visitante,LLC_visitante,LLT_visitante,LL%_visitante,EN_visitante,BR_visitante,B/E_visitante,TO_visitante,FC_visitante,T/FC_visitante,ET_visitante,VI_visitante,EF_visitante
85,86,2021-11-19,5,1,2021-2022,Cerrado,Pato Basquete,74.70066666666666,25.0,39.79933333333334,9.899333333333335,38.868,11.234,27.634,13.633333333333333,13.500666666666666,1.0746666666666664,8.334,28.2,29.884666666666668,19.900666666666666,40.734,48.907999999999994,9.899333333333335,13.633999999999999,72.2826666666667,1.7979999999999998,7.500000000000001,0.5860000000000002,2.166,17.567333333333334,0.12200000000000001,13.500666666666666,2.5660000000000003,78.93533333333333,72.19933333333333,24.2,35.867333333333335,12.133999999999999,35.266666666666666,9.999333333333334,25.267333333333333,15.132666666666667,14.400666666666666,1.342,8.065999999999999,26.266000000000002,30.32,17.932666666666666,37.0,48.356,12.133999999999999,19.6,61.29800000000001,1.0006666666666666,7.267333333333334,0.5493333333333333,1.4006666666666665,22.466,0.060000000000000005,14.400666666666666,2.6,72.13266666666667
