placar_casa,placar_visitante,data,round,stage,ano,equipe_casa,equipe_visitante,Pts_casa,3P_casa,2P_casa,LL_casa,RT_casa,RO_casa,RD_casa,AS_casa,ER_casa,IA%_casa,3PC_casa,3PT_casa,3P%_casa,2PC_casa,2PT_casa,2P%_casa,LLC_casa,LLT_casa,LL%_casa,EN_casa,BR_casa,B/E_casa,TO_casa,FC_casa,T/FC_casa,ET_casa,VI_casa,EF_casa,Pts_visitante,3P_visitante,2P_visitante,LL_visitante,RT_visitante,RO_visitante,RD_visitante,AS_visitante,ER_visitante,IA%_visitante,3PC_visitante,3PT_visitante,3P%_visitante,2PC_visitante,2PT_visitante,2P%_visitante,LLC_visitante,LLT_visitante,LL%_visitante,EN_visitante,BR_visitante,B/E_visitante,TO_visitante,FC_visitante,T/FC_visitante,ET_visitante,VI_visitante,EF_visitante
76,64,2021-11-12,4,1,2021-2022,Caxias do Sul Basquete,BRB/Brasília,75.51066666666665,25.433333333333334,37.82266666666667,12.256,35.910666666666664,9.777333333333333,26.133333333333333,16.6,12.956,1.324,8.477333333333332,23.956000000000003,35.583999999999996,18.910666666666664,36.38933333333333,51.652666666666654,12.256,18.166666666666668,67.03666666666668,0.9106666666666666,6.066666666666666,0.47400000000000003,1.5,21.056,0.07066666666666667,12.956,2.3,83.76666666666667,72.434,26.5,33.666000000000004,12.266,39.733333333333334,10.266666666666667,29.466666666666665,14.233333333333333,15.766666666666667,0.964,8.832666666666666,27.299333333333333,32.21066666666666,16.834,37.034,46.003333333333316,12.266,15.800666666666666,77.338,0.43333333333333335,6.1,0.40800000000000003,1.566,18.966666666666665,0.08666666666666667,15.766666666666667,2.0326666666666666,76.10066666666667
