placar_casa,placar_visitante,data,round,stage,ano,equipe_casa,equipe_visitante,Pts_casa,3P_casa,2P_casa,LL_casa,RT_casa,RO_casa,RD_casa,AS_casa,ER_casa,IA%_casa,3PC_casa,3PT_casa,3P%_casa,2PC_casa,2PT_casa,2P%_casa,LLC_casa,LLT_casa,LL%_casa,EN_casa,BR_casa,B/E_casa,TO_casa,FC_casa,T/FC_casa,ET_casa,VI_casa,EF_casa,Pts_visitante,3P_visitante,2P_visitante,LL_visitante,RT_visitante,RO_visitante,RD_visitante,AS_visitante,ER_visitante,IA%_visitante,3PC_visitante,3PT_visitante,3P%_visitante,2PC_visitante,2PT_visitante,2P%_visitante,LLC_visitante,LLT_visitante,LL%_visitante,EN_visitante,BR_visitante,B/E_visitante,TO_visitante,FC_visitante,T/FC_visitante,ET_visitante,VI_visitante,EF_visitante
64,110,2022-01-05,11,1,2021-2022,Fortaleza B. C. / CFO,Sesi Franca,72.36666666666666,22.4,37.46666666666667,12.5,39.06666666666667,10.366666666666667,28.7,13.433333333333334,13.766666666666667,1.0366666666666664,7.466666666666667,25.733333333333334,29.832,18.733333333333334,39.4,47.14866666666668,12.5,18.066666666666666,69.55666666666666,0.9333333333333333,5.933333333333334,0.45000000000000007,2.2,18.966666666666665,0.12000000000000001,13.766666666666667,3.0,74.73333333333333,89.44466666666668,31.4,43.644666666666666,14.4,40.822,9.533333333333333,31.288666666666664,18.488666666666667,12.888666666666667,1.4973333333333332,10.466666666666667,28.64466666666667,36.27133333333334,21.822,36.31133333333333,60.396,14.4,18.84466666666667,77.468,2.9113333333333333,6.2,0.506,2.822,16.4,0.198,12.888666666666667,1.9113333333333336,107.778
