placar_casa,placar_visitante,data,round,stage,ano,equipe_casa,equipe_visitante,Pts_casa,3P_casa,2P_casa,LL_casa,RT_casa,RO_casa,RD_casa,AS_casa,ER_casa,IA%_casa,3PC_casa,3PT_casa,3P%_casa,2PC_casa,2PT_casa,2P%_casa,LLC_casa,LLT_casa,LL%_casa,EN_casa,BR_casa,B/E_casa,TO_casa,FC_casa,T/FC_casa,ET_casa,VI_casa,EF_casa,Pts_visitante,3P_visitante,2P_visitante,LL_visitante,RT_visitante,RO_visitante,RD_visitante,AS_visitante,ER_visitante,IA%_visitante,3PC_visitante,3PT_visitante,3P%_visitante,2PC_visitante,2PT_visitante,2P%_visitante,LLC_visitante,LLT_visitante,LL%_visitante,EN_visitante,BR_visitante,B/E_visitante,TO_visitante,FC_visitante,T/FC_visitante,ET_visitante,VI_visitante,EF_visitante
80,89,2021-10-28,2,1,2021-2022,Pinheiros,Sesi Franca,69.91000000000001,22.566666666666666,35.666000000000004,11.677333333333333,37.290666666666674,9.678,27.611333333333334,17.009999999999998,14.532,1.184666666666667,7.521333333333333,26.35533333333333,28.279999999999998,17.834,39.844,44.682666666666655,11.677333333333333,16.288666666666664,71.84999999999998,1.4453333333333334,8.023333333333333,0.5513333333333335,2.39,18.589333333333336,0.13066666666666665,14.532,1.8566666666666667,74.63266666666667,87.46733333333331,25.0,47.79933333333334,14.666,37.400666666666666,8.367333333333333,29.033333333333335,20.20066666666667,11.166666666666666,1.842,8.332666666666666,23.365999999999996,36.025999999999996,23.90066666666667,42.33266666666667,56.51066666666667,14.666,19.633333333333333,74.71000000000001,3.066666666666667,8.8,0.7900000000000001,2.0673333333333335,18.934000000000005,0.11200000000000002,11.166666666666666,1.3333333333333333,106.33266666666668
