placar_casa,placar_visitante,data,round,stage,ano,equipe_casa,equipe_visitante,Pts_casa,3P_casa,2P_casa,LL_casa,RT_casa,RO_casa,RD_casa,AS_casa,ER_casa,IA%_casa,3PC_casa,3PT_casa,3P%_casa,2PC_casa,2PT_casa,2P%_casa,LLC_casa,LLT_casa,LL%_casa,EN_casa,BR_casa,B/E_casa,TO_casa,FC_casa,T/FC_casa,ET_casa,VI_casa,EF_casa,Pts_visitante,3P_visitante,2P_visitante,LL_visitante,RT_visitante,RO_visitante,RD_visitante,AS_visitante,ER_visitante,IA%_visitante,3PC_visitante,3PT_visitante,3P%_visitante,2PC_visitante,2PT_visitante,2P%_visitante,LLC_visitante,LLT_visitante,LL%_visitante,EN_visitante,BR_visitante,B/E_visitante,TO_visitante,FC_visitante,T/FC_visitante,ET_visitante,VI_visitante,EF_visitante
92,87,2010-02-07,2,2,2009-2010,Minas,Pinheiros,90.06666666666666,26.0,47.2,16.866666666666667,32.06666666666667,9.533333333333333,22.533333333333335,19.333333333333332,14.066666666666666,1.502,8.666666666666666,21.933333333333334,39.60933333333334,23.6,42.333333333333336,55.83333333333334,16.866666666666667,22.2,74.528,0.9333333333333333,6.666666666666667,0.52,2.2,20.4,0.11333333333333333,14.066666666666666,1.6666666666666667,98.93333333333334,88.13333333333334,31.4,39.46666666666667,17.266666666666666,31.133333333333333,8.733333333333333,22.4,14.933333333333334,13.666666666666666,1.1513333333333333,10.466666666666667,25.066666666666666,42.49333333333333,19.733333333333334,37.8,52.217999999999996,17.266666666666666,22.866666666666667,75.18133333333336,2.8,6.8,0.5079999999999999,2.1333333333333333,19.333333333333332,0.132,13.666666666666666,1.7333333333333334,91.2
