placar_casa,placar_visitante,data,round,stage,ano,equipe_casa,equipe_visitante,Pts_casa,3P_casa,2P_casa,LL_casa,RT_casa,RO_casa,RD_casa,AS_casa,ER_casa,IA%_casa,3PC_casa,3PT_casa,3P%_casa,2PC_casa,2PT_casa,2P%_casa,LLC_casa,LLT_casa,LL%_casa,EN_casa,BR_casa,B/E_casa,TO_casa,FC_casa,T/FC_casa,ET_casa,VI_casa,EF_casa,Pts_visitante,3P_visitante,2P_visitante,LL_visitante,RT_visitante,RO_visitante,RD_visitante,AS_visitante,ER_visitante,IA%_visitante,3PC_visitante,3PT_visitante,3P%_visitante,2PC_visitante,2PT_visitante,2P%_visitante,LLC_visitante,LLT_visitante,LL%_visitante,EN_visitante,BR_visitante,B/E_visitante,TO_visitante,FC_visitante,T/FC_visitante,ET_visitante,VI_visitante,EF_visitante
105,70,2010-02-02,8,1,2009-2010,Flamengo,Paulistano,87.0,28.4,40.666666666666664,17.933333333333334,32.4,8.866666666666667,23.533333333333335,13.333333333333334,11.733333333333333,1.278,9.466666666666667,26.733333333333334,36.568000000000005,20.333333333333332,37.8,53.85600000000001,17.933333333333334,24.933333333333334,73.15466666666666,1.3333333333333333,9.2,0.8573333333333334,2.533333333333333,20.533333333333335,0.12933333333333333,11.733333333333333,1.0,90.53333333333333,75.86666666666666,19.6,41.2,15.066666666666666,30.266666666666666,10.2,20.066666666666666,12.2,15.066666666666666,0.9233333333333333,6.533333333333333,22.533333333333335,29.75466666666667,20.6,39.93333333333333,51.773999999999994,15.066666666666666,21.933333333333334,69.03533333333331,1.3333333333333333,7.4,0.5793333333333333,2.6,21.533333333333335,0.12666666666666668,15.066666666666666,1.1333333333333333,71.06666666666666
