placar_casa,placar_visitante,data,round,stage,ano,equipe_casa,equipe_visitante,Pts_casa,3P_casa,2P_casa,LL_casa,RT_casa,RO_casa,RD_casa,AS_casa,ER_casa,IA%_casa,3PC_casa,3PT_casa,3P%_casa,2PC_casa,2PT_casa,2P%_casa,LLC_casa,LLT_casa,LL%_casa,EN_casa,BR_casa,B/E_casa,TO_casa,FC_casa,T/FC_casa,ET_casa,VI_casa,EF_casa,Pts_visitante,3P_visitante,2P_visitante,LL_visitante,RT_visitante,RO_visitante,RD_visitante,AS_visitante,ER_visitante,IA%_visitante,3PC_visitante,3PT_visitante,3P%_visitante,2PC_visitante,2PT_visitante,2P%_visitante,LLC_visitante,LLT_visitante,LL%_visitante,EN_visitante,BR_visitante,B/E_visitante,TO_visitante,FC_visitante,T/FC_visitante,ET_visitante,VI_visitante,EF_visitante
79,100,2010-02-05,1,2,2009-2010,Espírito Santo,Flamengo,73.2,21.2,38.4,13.6,35.266666666666666,10.733333333333333,24.533333333333335,12.466666666666667,15.733333333333333,0.8706666666666666,7.066666666666666,21.266666666666666,32.67733333333333,19.2,39.06666666666667,49.486666666666665,13.6,21.866666666666667,63.138,1.8666666666666667,8.866666666666667,0.6266666666666666,2.8,20.933333333333334,0.13466666666666668,15.733333333333333,2.6,74.53333333333333,86.73333333333333,27.6,41.333333333333336,17.8,32.53333333333333,9.133333333333333,23.4,12.533333333333333,11.4,1.2586666666666666,9.2,26.266666666666666,36.49066666666667,20.666666666666668,38.733333333333334,53.448,17.8,24.6,73.43599999999998,1.6666666666666667,9.4,0.914,2.8,20.8,0.14333333333333334,11.4,1.0,90.2
