placar_casa,placar_visitante,data,round,stage,ano,equipe_casa,equipe_visitante,Pts_casa,3P_casa,2P_casa,LL_casa,RT_casa,RO_casa,RD_casa,AS_casa,ER_casa,IA%_casa,3PC_casa,3PT_casa,3P%_casa,2PC_casa,2PT_casa,2P%_casa,LLC_casa,LLT_casa,LL%_casa,EN_casa,BR_casa,B/E_casa,TO_casa,FC_casa,T/FC_casa,ET_casa,VI_casa,EF_casa,Pts_visitante,3P_visitante,2P_visitante,LL_visitante,RT_visitante,RO_visitante,RD_visitante,AS_visitante,ER_visitante,IA%_visitante,3PC_visitante,3PT_visitante,3P%_visitante,2PC_visitante,2PT_visitante,2P%_visitante,LLC_visitante,LLT_visitante,LL%_visitante,EN_visitante,BR_visitante,B/E_visitante,TO_visitante,FC_visitante,T/FC_visitante,ET_visitante,VI_visitante,EF_visitante
98,89,2010-02-26,3,2,2009-2010,Sesi Franca,Brasília,83.73333333333333,28.0,38.4,17.333333333333332,28.266666666666666,7.8,20.466666666666665,13.066666666666666,11.533333333333333,1.4226666666666665,9.333333333333334,24.466666666666665,37.68866666666668,19.2,37.93333333333333,51.10466666666666,17.333333333333332,22.6,76.77399999999999,0.26666666666666666,7.066666666666666,0.6553333333333333,2.2666666666666666,21.333333333333332,0.11266666666666668,11.533333333333333,1.8,83.73333333333333,90.26666666666667,22.6,49.733333333333334,17.933333333333334,36.13333333333333,10.333333333333334,25.8,18.6,14.733333333333333,1.4020000000000001,7.533333333333333,23.8,32.15533333333333,24.866666666666667,41.333333333333336,60.232,17.933333333333334,23.866666666666667,75.156,2.1333333333333333,7.0,0.5393333333333333,3.0,19.866666666666667,0.16533333333333333,14.733333333333333,1.7333333333333334,103.2
