placar_casa,placar_visitante,data,round,stage,ano,equipe_casa,equipe_visitante,Pts_casa,3P_casa,2P_casa,LL_casa,RT_casa,RO_casa,RD_casa,AS_casa,ER_casa,IA%_casa,3PC_casa,3PT_casa,3P%_casa,2PC_casa,2PT_casa,2P%_casa,LLC_casa,LLT_casa,LL%_casa,EN_casa,BR_casa,B/E_casa,TO_casa,FC_casa,T/FC_casa,ET_casa,VI_casa,EF_casa,Pts_visitante,3P_visitante,2P_visitante,LL_visitante,RT_visitante,RO_visitante,RD_visitante,AS_visitante,ER_visitante,IA%_visitante,3PC_visitante,3PT_visitante,3P%_visitante,2PC_visitante,2PT_visitante,2P%_visitante,LLC_visitante,LLT_visitante,LL%_visitante,EN_visitante,BR_visitante,B/E_visitante,TO_visitante,FC_visitante,T/FC_visitante,ET_visitante,VI_visitante,EF_visitante
88,93,2010-01-17,10,1,2009-2010,Assis,Londrina,69.66666666666667,20.4,33.733333333333334,15.533333333333333,29.933333333333334,8.2,21.733333333333334,9.666666666666666,13.4,0.7933333333333333,6.8,21.066666666666666,32.321333333333335,16.866666666666667,34.733333333333334,48.40533333333334,15.533333333333333,22.933333333333334,67.77333333333334,1.6666666666666667,5.266666666666667,0.39866666666666656,3.3333333333333335,19.666666666666668,0.1753333333333333,13.4,0.9333333333333333,64.93333333333334,77.5,22.125,38.25,17.125,31.625,12.75,18.875,13.875,16.25,0.8587499999999999,7.375,25.625,28.317500000000003,19.125,38.125,50.47125,17.125,23.25,73.1225,0.375,7.0,0.42375,3.75,18.375,0.21125000000000002,16.25,2.625,74.125
