placar_casa,placar_visitante,data,round,stage,ano,equipe_casa,equipe_visitante,Pts_casa,3P_casa,2P_casa,LL_casa,RT_casa,RO_casa,RD_casa,AS_casa,ER_casa,IA%_casa,3PC_casa,3PT_casa,3P%_casa,2PC_casa,2PT_casa,2P%_casa,LLC_casa,LLT_casa,LL%_casa,EN_casa,BR_casa,B/E_casa,TO_casa,FC_casa,T/FC_casa,ET_casa,VI_casa,EF_casa,Pts_visitante,3P_visitante,2P_visitante,LL_visitante,RT_visitante,RO_visitante,RD_visitante,AS_visitante,ER_visitante,IA%_visitante,3PC_visitante,3PT_visitante,3P%_visitante,2PC_visitante,2PT_visitante,2P%_visitante,LLC_visitante,LLT_visitante,LL%_visitante,EN_visitante,BR_visitante,B/E_visitante,TO_visitante,FC_visitante,T/FC_visitante,ET_visitante,VI_visitante,EF_visitante
105,80,2010-01-17,10,1,2009-2010,Minas,Espírito Santo,84.2,24.6,43.06666666666667,16.533333333333335,32.0,8.933333333333334,23.066666666666666,17.266666666666666,14.466666666666667,1.4020000000000001,8.2,22.733333333333334,35.79333333333333,21.533333333333335,39.46666666666667,54.73133333333333,16.533333333333335,22.333333333333332,74.21666666666667,0.8666666666666667,6.066666666666666,0.49066666666666664,1.8666666666666667,18.933333333333334,0.09866666666666667,14.466666666666667,0.8,88.66666666666667,72.53333333333333,19.8,38.0,14.733333333333333,34.2,10.533333333333333,23.666666666666668,11.866666666666667,16.266666666666666,0.8006666666666666,6.6,21.066666666666666,30.654,19.0,38.6,49.626000000000005,14.733333333333333,22.6,64.62533333333333,1.6666666666666667,9.0,0.6159999999999999,2.6,20.8,0.12733333333333335,16.266666666666666,1.8,72.0
