placar_casa,placar_visitante,data,round,stage,ano,equipe_casa,equipe_visitante,Pts_casa,3P_casa,2P_casa,LL_casa,RT_casa,RO_casa,RD_casa,AS_casa,ER_casa,IA%_casa,3PC_casa,3PT_casa,3P%_casa,2PC_casa,2PT_casa,2P%_casa,LLC_casa,LLT_casa,LL%_casa,EN_casa,BR_casa,B/E_casa,TO_casa,FC_casa,T/FC_casa,ET_casa,VI_casa,EF_casa,Pts_visitante,3P_visitante,2P_visitante,LL_visitante,RT_visitante,RO_visitante,RD_visitante,AS_visitante,ER_visitante,IA%_visitante,3PC_visitante,3PT_visitante,3P%_visitante,2PC_visitante,2PT_visitante,2P%_visitante,LLC_visitante,LLT_visitante,LL%_visitante,EN_visitante,BR_visitante,B/E_visitante,TO_visitante,FC_visitante,T/FC_visitante,ET_visitante,VI_visitante,EF_visitante
94,101,2010-01-29,13,1,2009-2010,Minas,Flamengo,87.66666666666667,25.0,46.0,16.666666666666668,32.6,9.0,23.6,17.6,13.866666666666667,1.3886666666666665,8.333333333333334,22.0,38.178666666666665,23.0,41.06666666666667,56.08866666666667,16.666666666666668,21.733333333333334,75.88733333333333,0.9333333333333333,6.066666666666666,0.4800000000000001,2.0,19.266666666666666,0.10600000000000001,13.866666666666667,1.4,95.26666666666667,86.4,27.8,40.53333333333333,18.066666666666666,32.4,8.866666666666667,23.533333333333335,13.466666666666667,12.6,1.2346666666666666,9.266666666666667,26.0,36.77,20.266666666666666,37.666666666666664,53.88533333333333,18.066666666666666,24.733333333333334,74.03999999999999,1.3333333333333333,9.066666666666666,0.8126666666666666,2.3333333333333335,20.4,0.116,12.6,0.9333333333333333,89.8
