placar_casa,placar_visitante,data,round,stage,ano,equipe_casa,equipe_visitante,Pts_casa,3P_casa,2P_casa,LL_casa,RT_casa,RO_casa,RD_casa,AS_casa,ER_casa,IA%_casa,3PC_casa,3PT_casa,3P%_casa,2PC_casa,2PT_casa,2P%_casa,LLC_casa,LLT_casa,LL%_casa,EN_casa,BR_casa,B/E_casa,TO_casa,FC_casa,T/FC_casa,ET_casa,VI_casa,EF_casa,Pts_visitante,3P_visitante,2P_visitante,LL_visitante,RT_visitante,RO_visitante,RD_visitante,AS_visitante,ER_visitante,IA%_visitante,3PC_visitante,3PT_visitante,3P%_visitante,2PC_visitante,2PT_visitante,2P%_visitante,LLC_visitante,LLT_visitante,LL%_visitante,EN_visitante,BR_visitante,B/E_visitante,TO_visitante,FC_visitante,T/FC_visitante,ET_visitante,VI_visitante,EF_visitante
100,87,2010-02-26,3,2,2009-2010,Flamengo,Joinville,89.26666666666667,29.6,42.266666666666666,17.4,33.06666666666667,8.933333333333334,24.133333333333333,12.6,11.4,1.2886666666666668,9.866666666666667,25.733333333333334,39.68266666666667,21.133333333333333,38.4,55.13466666666667,17.4,24.2,72.97599999999998,1.7333333333333334,9.533333333333333,0.9473333333333332,2.7333333333333334,20.466666666666665,0.14333333333333334,11.4,1.2666666666666666,95.4,83.33333333333333,29.4,38.266666666666666,15.666666666666666,32.43333333333333,10.433333333333334,22.0,14.066666666666666,11.5,1.3646666666666671,9.8,26.9,36.72866666666666,19.133333333333333,38.166666666666664,50.217333333333336,15.666666666666666,21.133333333333333,73.35799999999999,1.3,7.3,0.6733333333333333,2.3,19.833333333333332,0.12400000000000003,11.5,2.0,86.33333333333333
