placar_casa,placar_visitante,data,round,stage,ano,equipe_casa,equipe_visitante,Pts_casa,3P_casa,2P_casa,LL_casa,RT_casa,RO_casa,RD_casa,AS_casa,ER_casa,IA%_casa,3PC_casa,3PT_casa,3P%_casa,2PC_casa,2PT_casa,2P%_casa,LLC_casa,LLT_casa,LL%_casa,EN_casa,BR_casa,B/E_casa,TO_casa,FC_casa,T/FC_casa,ET_casa,VI_casa,EF_casa,Pts_visitante,3P_visitante,2P_visitante,LL_visitante,RT_visitante,RO_visitante,RD_visitante,AS_visitante,ER_visitante,IA%_visitante,3PC_visitante,3PT_visitante,3P%_visitante,2PC_visitante,2PT_visitante,2P%_visitante,LLC_visitante,LLT_visitante,LL%_visitante,EN_visitante,BR_visitante,B/E_visitante,TO_visitante,FC_visitante,T/FC_visitante,ET_visitante,VI_visitante,EF_visitante
83,82,2019-12-01,8,1,2019-2020,Pinheiros,UNIFACISA,78.19933333333333,27.4,36.26733333333333,14.533999999999999,36.53333333333333,11.133999999999999,25.39933333333333,15.200666666666667,14.400666666666666,1.0946666666666667,9.133333333333333,25.733333333333334,35.268,18.13266666666667,35.33266666666667,51.51133333333333,14.533999999999999,19.800666666666665,73.64266666666667,1.2660000000000002,7.532666666666667,0.5386666666666666,1.6006666666666665,20.8,0.07733333333333332,14.400666666666666,2.734,85.466,82.44444444444444,26.666666666666668,43.333333333333336,12.444444444444445,38.44444444444444,11.0,27.444444444444443,18.333333333333332,12.666666666666666,1.4755555555555555,8.88888888888889,28.444444444444443,31.421111111111106,21.666666666666668,39.111111111111114,55.59777777777777,12.444444444444445,17.22222222222222,73.04111111111109,1.6666666666666667,7.666666666666667,0.6322222222222221,2.2222222222222223,20.444444444444443,0.1111111111111111,12.666666666666666,2.2222222222222223,94.55555555555556
