placar_casa,placar_visitante,data,round,stage,ano,equipe_casa,equipe_visitante,Pts_casa,3P_casa,2P_casa,LL_casa,RT_casa,RO_casa,RD_casa,AS_casa,ER_casa,IA%_casa,3PC_casa,3PT_casa,3P%_casa,2PC_casa,2PT_casa,2P%_casa,LLC_casa,LLT_casa,LL%_casa,EN_casa,BR_casa,B/E_casa,TO_casa,FC_casa,T/FC_casa,ET_casa,VI_casa,EF_casa,Pts_visitante,3P_visitante,2P_visitante,LL_visitante,RT_visitante,RO_visitante,RD_visitante,AS_visitante,ER_visitante,IA%_visitante,3PC_visitante,3PT_visitante,3P%_visitante,2PC_visitante,2PT_visitante,2P%_visitante,LLC_visitante,LLT_visitante,LL%_visitante,EN_visitante,BR_visitante,B/E_visitante,TO_visitante,FC_visitante,T/FC_visitante,ET_visitante,VI_visitante,EF_visitante
102,76,2019-11-01,3,1,2019-2020,Corinthians,Botafogo,79.03333333333333,25.5,39.333999999999996,14.199333333333335,36.70066666666666,10.033333333333333,26.667333333333335,17.365999999999996,14.133333333333333,1.3066666666666664,8.499333333333333,23.09933333333333,36.44266666666667,19.665999999999997,40.40066666666666,49.01000000000001,14.199333333333335,19.032666666666668,74.60133333333332,2.6340000000000003,7.3340000000000005,0.5400000000000001,2.4,21.067333333333337,0.11333333333333336,14.133333333333333,1.799333333333333,88.49933333333333,76.63333333333334,28.5,33.13333333333333,15.0,33.06666666666667,10.166666666666666,22.9,15.7,14.0,1.186,9.5,26.033333333333335,36.93733333333333,16.566666666666666,33.46666666666667,49.43399999999999,15.0,18.966666666666665,79.062,0.9666666666666667,6.433333333333334,0.4806666666666667,2.2333333333333334,23.233333333333334,0.0986666666666667,14.0,2.6666666666666665,82.53333333333333
