placar_casa,placar_visitante,data,round,stage,ano,equipe_casa,equipe_visitante,Pts_casa,3P_casa,2P_casa,LL_casa,RT_casa,RO_casa,RD_casa,AS_casa,ER_casa,IA%_casa,3PC_casa,3PT_casa,3P%_casa,2PC_casa,2PT_casa,2P%_casa,LLC_casa,LLT_casa,LL%_casa,EN_casa,BR_casa,B/E_casa,TO_casa,FC_casa,T/FC_casa,ET_casa,VI_casa,EF_casa,Pts_visitante,3P_visitante,2P_visitante,LL_visitante,RT_visitante,RO_visitante,RD_visitante,AS_visitante,ER_visitante,IA%_visitante,3PC_visitante,3PT_visitante,3P%_visitante,2PC_visitante,2PT_visitante,2P%_visitante,LLC_visitante,LLT_visitante,LL%_visitante,EN_visitante,BR_visitante,B/E_visitante,TO_visitante,FC_visitante,T/FC_visitante,ET_visitante,VI_visitante,EF_visitante
82,78,2019-01-05,1,2,2018-2019,Paulistano,Corinthians,80.2,28.0,36.4,15.8,41.06666666666667,12.466666666666667,28.6,16.6,13.0,1.336666666666667,9.333333333333334,30.066666666666666,31.51933333333334,18.2,35.6,50.83133333333334,15.8,21.666666666666668,73.06133333333334,2.8,6.266666666666667,0.5026666666666667,2.8666666666666667,21.6,0.13399999999999998,13.0,2.0,89.93333333333334,78.6923076923077,20.53846153846154,41.53846153846154,16.615384615384617,37.23076923076923,11.461538461538462,25.76923076923077,17.0,14.0,1.2776923076923077,6.846153846153846,21.846153846153847,31.62307692307692,20.76923076923077,42.0,49.9723076923077,16.615384615384617,21.307692307692307,78.24307692307693,1.7692307692307692,6.461538461538462,0.47384615384615386,1.4615384615384615,24.307692307692307,0.06076923076923077,14.0,1.9230769230769231,85.76923076923077
