placar_casa,placar_visitante,data,round,stage,ano,equipe_casa,equipe_visitante,Pts_casa,3P_casa,2P_casa,LL_casa,RT_casa,RO_casa,RD_casa,AS_casa,ER_casa,IA%_casa,3PC_casa,3PT_casa,3P%_casa,2PC_casa,2PT_casa,2P%_casa,LLC_casa,LLT_casa,LL%_casa,EN_casa,BR_casa,B/E_casa,TO_casa,FC_casa,T/FC_casa,ET_casa,VI_casa,EF_casa,Pts_visitante,3P_visitante,2P_visitante,LL_visitante,RT_visitante,RO_visitante,RD_visitante,AS_visitante,ER_visitante,IA%_visitante,3PC_visitante,3PT_visitante,3P%_visitante,2PC_visitante,2PT_visitante,2P%_visitante,LLC_visitante,LLT_visitante,LL%_visitante,EN_visitante,BR_visitante,B/E_visitante,TO_visitante,FC_visitante,T/FC_visitante,ET_visitante,VI_visitante,EF_visitante
102,73,2018-12-07,8,1,2018-2019,Flamengo,Botafogo,79.73200000000001,25.8,39.19866666666666,14.733333333333336,41.931999999999995,13.334666666666664,28.60133333333334,18.66666666666667,13.133333333333333,1.4673333333333336,8.6,28.934000000000005,30.145999999999997,19.601333333333336,39.93266666666667,49.28733333333333,14.733333333333336,18.733333333333334,78.04533333333332,1.2666666666666666,7.399333333333333,0.6046666666666668,1.8013333333333341,20.667333333333332,0.08600000000000001,13.133333333333333,1.7986666666666664,91.66666666666667,75.36363636363636,23.59090909090909,40.45454545454545,11.318181818181818,35.13636363636363,9.909090909090908,25.227272727272727,17.59090909090909,14.818181818181818,1.2781818181818183,7.863636363636363,21.045454545454547,37.07090909090909,20.227272727272727,39.5,51.306363636363635,11.318181818181818,15.909090909090908,70.44181818181818,2.227272727272727,7.818181818181818,0.5272727272727273,2.0454545454545454,23.363636363636363,0.09090909090909091,14.818181818181818,2.772727272727273,85.86363636363636
