placar_casa,placar_visitante,data,round,stage,ano,equipe_casa,equipe_visitante,Pts_casa,3P_casa,2P_casa,LL_casa,RT_casa,RO_casa,RD_casa,AS_casa,ER_casa,IA%_casa,3PC_casa,3PT_casa,3P%_casa,2PC_casa,2PT_casa,2P%_casa,LLC_casa,LLT_casa,LL%_casa,EN_casa,BR_casa,B/E_casa,TO_casa,FC_casa,T/FC_casa,ET_casa,VI_casa,EF_casa,Pts_visitante,3P_visitante,2P_visitante,LL_visitante,RT_visitante,RO_visitante,RD_visitante,AS_visitante,ER_visitante,IA%_visitante,3PC_visitante,3PT_visitante,3P%_visitante,2PC_visitante,2PT_visitante,2P%_visitante,LLC_visitante,LLT_visitante,LL%_visitante,EN_visitante,BR_visitante,B/E_visitante,TO_visitante,FC_visitante,T/FC_visitante,ET_visitante,VI_visitante,EF_visitante
88,86,2018-11-10,4,1,2018-2019,Pinheiros,Fortaleza B. C. / CFO,82.30066666666666,28.2,37.934,16.166666666666668,34.199333333333335,9.567333333333332,24.634000000000004,15.399333333333336,12.799333333333333,1.238,9.399333333333335,25.667333333333335,36.39666666666666,18.965999999999998,36.86666666666667,51.92600000000001,16.166666666666668,21.099333333333334,76.52933333333334,1.4666666666666666,7.366666666666666,0.5833333333333334,2.4659999999999997,19.167333333333335,0.12466666666666668,12.799333333333333,2.3333333333333335,89.76666666666667,73.90066666666665,25.5,35.66733333333333,12.733333333333333,37.60066666666667,10.766666666666667,26.834000000000003,13.000666666666666,13.532666666666668,0.9953333333333333,8.5,26.032666666666664,32.402666666666676,17.832666666666665,38.333333333333336,47.11333333333334,12.733333333333333,18.132666666666662,70.42733333333335,1.9006666666666665,6.5,0.49866666666666665,2.3326666666666664,20.20066666666667,0.11866666666666668,13.532666666666668,2.5,76.29933333333335
