placar_casa,placar_visitante,data,round,stage,ano,equipe_casa,equipe_visitante,Pts_casa,3P_casa,2P_casa,LL_casa,RT_casa,RO_casa,RD_casa,AS_casa,ER_casa,IA%_casa,3PC_casa,3PT_casa,3P%_casa,2PC_casa,2PT_casa,2P%_casa,LLC_casa,LLT_casa,LL%_casa,EN_casa,BR_casa,B/E_casa,TO_casa,FC_casa,T/FC_casa,ET_casa,VI_casa,EF_casa,Pts_visitante,3P_visitante,2P_visitante,LL_visitante,RT_visitante,RO_visitante,RD_visitante,AS_visitante,ER_visitante,IA%_visitante,3PC_visitante,3PT_visitante,3P%_visitante,2PC_visitante,2PT_visitante,2P%_visitante,LLC_visitante,LLT_visitante,LL%_visitante,EN_visitante,BR_visitante,B/E_visitante,TO_visitante,FC_visitante,T/FC_visitante,ET_visitante,VI_visitante,EF_visitante
65,54,2018-11-16,5,1,2018-2019,Fortaleza B. C. / CFO,Botafogo,73.46733333333331,24.0,36.867333333333335,12.6,38.10066666666667,10.633333333333333,27.467333333333336,12.767333333333333,13.966000000000001,0.9566666666666668,8.0,24.99933333333333,31.741333333333337,18.432666666666666,38.5,48.454,12.6,18.032666666666664,70.21333333333335,2.034,6.333333333333333,0.46999999999999986,2.4659999999999997,20.467333333333336,0.12133333333333335,13.966000000000001,3.033333333333333,76.59933333333335,73.42857142857143,22.928571428571427,39.57142857142857,10.928571428571429,37.0,10.357142857142858,26.642857142857142,16.714285714285715,14.785714285714286,1.2457142857142858,7.642857142857143,21.571428571428573,35.08714285714286,19.785714285714285,39.5,50.519999999999996,10.928571428571429,15.071428571428571,71.20714285714287,2.142857142857143,7.285714285714286,0.48714285714285716,2.2142857142857144,22.285714285714285,0.10285714285714287,14.785714285714286,2.857142857142857,83.78571428571429
