placar_casa,placar_visitante,data,round,stage,ano,equipe_casa,equipe_visitante,Pts_casa,3P_casa,2P_casa,LL_casa,RT_casa,RO_casa,RD_casa,AS_casa,ER_casa,IA%_casa,3PC_casa,3PT_casa,3P%_casa,2PC_casa,2PT_casa,2P%_casa,LLC_casa,LLT_casa,LL%_casa,EN_casa,BR_casa,B/E_casa,TO_casa,FC_casa,T/FC_casa,ET_casa,VI_casa,EF_casa,Pts_visitante,3P_visitante,2P_visitante,LL_visitante,RT_visitante,RO_visitante,RD_visitante,AS_visitante,ER_visitante,IA%_visitante,3PC_visitante,3PT_visitante,3P%_visitante,2PC_visitante,2PT_visitante,2P%_visitante,LLC_visitante,LLT_visitante,LL%_visitante,EN_visitante,BR_visitante,B/E_visitante,TO_visitante,FC_visitante,T/FC_visitante,ET_visitante,VI_visitante,EF_visitante
79,61,2018-11-21,6,1,2018-2019,Pinheiros,Brasília,80.80066666666666,27.6,37.20066666666666,16.0,33.866,9.467333333333332,24.40066666666667,14.866000000000001,12.466000000000001,1.2300000000000002,9.199333333333334,26.00066666666667,35.13199999999999,18.59933333333333,36.46666666666667,51.48733333333334,16.0,20.866,76.62933333333334,1.2666666666666666,7.133333333333334,0.58,2.3326666666666664,19.20066666666667,0.11733333333333335,12.466000000000001,2.2666666666666666,86.93333333333334,80.8,26.4,37.86666666666667,16.533333333333335,34.6,10.866666666666667,23.733333333333334,17.466666666666665,14.866666666666667,1.2133333333333334,8.8,25.2,35.05866666666666,18.933333333333334,38.53333333333333,49.343333333333334,16.533333333333335,21.6,77.01466666666667,1.2666666666666666,6.533333333333333,0.43733333333333335,2.2666666666666666,23.866666666666667,0.09666666666666668,14.866666666666667,2.533333333333333,85.66666666666667
