placar_casa,placar_visitante,data,round,stage,ano,equipe_casa,equipe_visitante,Pts_casa,3P_casa,2P_casa,LL_casa,RT_casa,RO_casa,RD_casa,AS_casa,ER_casa,IA%_casa,3PC_casa,3PT_casa,3P%_casa,2PC_casa,2PT_casa,2P%_casa,LLC_casa,LLT_casa,LL%_casa,EN_casa,BR_casa,B/E_casa,TO_casa,FC_casa,T/FC_casa,ET_casa,VI_casa,EF_casa,Pts_visitante,3P_visitante,2P_visitante,LL_visitante,RT_visitante,RO_visitante,RD_visitante,AS_visitante,ER_visitante,IA%_visitante,3PC_visitante,3PT_visitante,3P%_visitante,2PC_visitante,2PT_visitante,2P%_visitante,LLC_visitante,LLT_visitante,LL%_visitante,EN_visitante,BR_visitante,B/E_visitante,TO_visitante,FC_visitante,T/FC_visitante,ET_visitante,VI_visitante,EF_visitante
82,91,2018-10-31,3,1,2018-2019,Fortaleza B. C. / CFO,Sesi Franca,72.534,24.8,33.867333333333335,13.866666666666667,37.06733333333333,10.466666666666667,26.60066666666667,12.600666666666664,13.999333333333336,0.9253333333333332,8.266666666666667,26.132666666666662,31.480000000000008,16.932666666666663,38.6,44.377333333333326,13.866666666666667,19.465999999999998,71.61266666666667,1.5340000000000003,6.533333333333333,0.48066666666666663,2.199333333333333,20.867333333333338,0.11066666666666669,13.999333333333336,2.3333333333333335,71.73266666666669,80.06666666666666,27.4,36.4,16.266666666666666,35.0,10.133333333333333,24.866666666666667,16.066666666666666,13.466666666666667,1.2926666666666664,9.133333333333333,26.2,33.61066666666667,18.2,34.06666666666667,53.59533333333332,16.266666666666666,21.2,75.83466666666666,2.1333333333333333,6.933333333333334,0.53,1.4666666666666666,21.8,0.07133333333333332,13.466666666666667,2.0,88.2
