placar_casa,placar_visitante,data,round,stage,ano,equipe_casa,equipe_visitante,Pts_casa,3P_casa,2P_casa,LL_casa,RT_casa,RO_casa,RD_casa,AS_casa,ER_casa,IA%_casa,3PC_casa,3PT_casa,3P%_casa,2PC_casa,2PT_casa,2P%_casa,LLC_casa,LLT_casa,LL%_casa,EN_casa,BR_casa,B/E_casa,TO_casa,FC_casa,T/FC_casa,ET_casa,VI_casa,EF_casa,Pts_visitante,3P_visitante,2P_visitante,LL_visitante,RT_visitante,RO_visitante,RD_visitante,AS_visitante,ER_visitante,IA%_visitante,3PC_visitante,3PT_visitante,3P%_visitante,2PC_visitante,2PT_visitante,2P%_visitante,LLC_visitante,LLT_visitante,LL%_visitante,EN_visitante,BR_visitante,B/E_visitante,TO_visitante,FC_visitante,T/FC_visitante,ET_visitante,VI_visitante,EF_visitante
100,72,2018-10-20,1,1,2018-2019,Mogi,Fortaleza B. C. / CFO,83.17733333333332,28.266666666666666,38.355999999999995,16.555999999999997,39.62266666666666,12.155999999999999,27.466666666666665,17.333333333333332,12.377333333333334,1.538,9.422666666666665,29.689333333333334,32.43,19.17733333333333,35.71066666666666,53.616,16.555999999999997,22.310666666666666,74.29199999999999,1.577333333333333,7.689333333333334,0.6653333333333333,1.3560000000000003,20.0,0.06866666666666667,12.377333333333334,2.4893333333333336,94.24399999999999,74.28933333333335,26.8,33.42266666666667,14.066666666666666,36.28933333333334,9.733333333333333,26.556,13.422666666666665,14.310666666666668,0.9566666666666667,8.933333333333334,26.510666666666665,33.918666666666674,16.710666666666665,37.0,45.68999999999999,14.066666666666666,19.97733333333333,70.56400000000001,1.422666666666667,6.533333333333333,0.47400000000000003,2.444,21.489333333333335,0.11600000000000002,14.310666666666668,2.6666666666666665,74.844
