placar_casa,placar_visitante,data,round,stage,ano,equipe_casa,equipe_visitante,Pts_casa,3P_casa,2P_casa,LL_casa,RT_casa,RO_casa,RD_casa,AS_casa,ER_casa,IA%_casa,3PC_casa,3PT_casa,3P%_casa,2PC_casa,2PT_casa,2P%_casa,LLC_casa,LLT_casa,LL%_casa,EN_casa,BR_casa,B/E_casa,TO_casa,FC_casa,T/FC_casa,ET_casa,VI_casa,EF_casa,Pts_visitante,3P_visitante,2P_visitante,LL_visitante,RT_visitante,RO_visitante,RD_visitante,AS_visitante,ER_visitante,IA%_visitante,3PC_visitante,3PT_visitante,3P%_visitante,2PC_visitante,2PT_visitante,2P%_visitante,LLC_visitante,LLT_visitante,LL%_visitante,EN_visitante,BR_visitante,B/E_visitante,TO_visitante,FC_visitante,T/FC_visitante,ET_visitante,VI_visitante,EF_visitante
69,80,2021-12-03,6,1,2021-2022,Pato Basquete,UNIFACISA,70.03266666666667,23.3,36.00066666666667,10.734,36.166666666666664,10.499333333333334,25.667333333333332,13.832666666666666,14.467333333333332,1.0886666666666664,7.766000000000001,26.099333333333334,29.308666666666664,17.999333333333333,38.233333333333334,47.34600000000001,10.734,18.466666666666665,57.98466666666666,1.134,7.500666666666666,0.5593333333333333,1.5339999999999998,21.899333333333335,0.06866666666666667,14.467333333333332,2.1666666666666665,68.29933333333334,79.966,30.1,37.99933333333333,11.866666666666667,37.366,12.100666666666665,25.267333333333333,17.767333333333333,14.1,1.3366666666666664,10.033999999999999,28.233999999999998,35.58400000000001,19.000666666666667,38.10066666666667,50.276,11.866666666666667,16.167333333333332,72.346,1.6,7.033333333333333,0.5139999999999999,1.5333333333333334,20.134,0.07866666666666669,14.1,2.9673333333333334,87.96733333333333
