placar_casa,placar_visitante,data,round,stage,ano,equipe_casa,equipe_visitante,Pts_casa,3P_casa,2P_casa,LL_casa,RT_casa,RO_casa,RD_casa,AS_casa,ER_casa,IA%_casa,3PC_casa,3PT_casa,3P%_casa,2PC_casa,2PT_casa,2P%_casa,LLC_casa,LLT_casa,LL%_casa,EN_casa,BR_casa,B/E_casa,TO_casa,FC_casa,T/FC_casa,ET_casa,VI_casa,EF_casa,Pts_visitante,3P_visitante,2P_visitante,LL_visitante,RT_visitante,RO_visitante,RD_visitante,AS_visitante,ER_visitante,IA%_visitante,3PC_visitante,3PT_visitante,3P%_visitante,2PC_visitante,2PT_visitante,2P%_visitante,LLC_visitante,LLT_visitante,LL%_visitante,EN_visitante,BR_visitante,B/E_visitante,TO_visitante,FC_visitante,T/FC_visitante,ET_visitante,VI_visitante,EF_visitante
81,64,2022-01-09,11,1,2021-2022,Flamengo,Pinheiros,88.06666666666666,37.4,37.333333333333336,13.333333333333334,42.4,12.133333333333333,30.266666666666666,20.066666666666666,13.866666666666667,1.8060000000000003,12.466666666666667,32.53333333333333,38.75666666666667,18.666666666666668,32.53333333333333,57.92399999999999,13.333333333333334,18.4,72.39866666666668,1.1333333333333333,6.2,0.536,2.066666666666667,16.666666666666668,0.12866666666666668,13.866666666666667,2.466666666666667,105.93333333333334,77.6,26.8,37.86666666666667,12.933333333333334,43.43333333333333,15.1,28.333333333333332,15.7,13.566666666666666,1.184666666666667,8.933333333333334,28.3,31.921333333333333,18.933333333333334,40.9,46.49533333333333,12.933333333333334,19.0,67.686,1.7,7.333333333333333,0.5506666666666666,3.2333333333333334,17.533333333333335,0.18533333333333332,13.566666666666666,2.466666666666667,86.33333333333333
