placar_casa,placar_visitante,data,round,stage,ano,equipe_casa,equipe_visitante,Pts_casa,3P_casa,2P_casa,LL_casa,RT_casa,RO_casa,RD_casa,AS_casa,ER_casa,IA%_casa,3PC_casa,3PT_casa,3P%_casa,2PC_casa,2PT_casa,2P%_casa,LLC_casa,LLT_casa,LL%_casa,EN_casa,BR_casa,B/E_casa,TO_casa,FC_casa,T/FC_casa,ET_casa,VI_casa,EF_casa,Pts_visitante,3P_visitante,2P_visitante,LL_visitante,RT_visitante,RO_visitante,RD_visitante,AS_visitante,ER_visitante,IA%_visitante,3PC_visitante,3PT_visitante,3P%_visitante,2PC_visitante,2PT_visitante,2P%_visitante,LLC_visitante,LLT_visitante,LL%_visitante,EN_visitante,BR_visitante,B/E_visitante,TO_visitante,FC_visitante,T/FC_visitante,ET_visitante,VI_visitante,EF_visitante
99,87,2021-12-13,8,1,2021-2022,UNIFACISA,Corinthians,79.066,29.4,37.99933333333333,11.666666666666666,37.532666666666664,12.200666666666667,25.334,17.334,13.4,1.3606666666666667,9.800666666666666,28.667333333333332,34.092666666666666,19.000666666666667,37.800666666666665,50.833999999999996,11.666666666666666,15.934,71.95666666666668,1.4666666666666666,7.4,0.5686666666666667,1.2,19.600666666666665,0.06400000000000002,13.4,3.067333333333333,87.20066666666666,74.8,32.6,30.8,11.4,36.53333333333333,11.466666666666667,25.066666666666666,15.666666666666666,12.466666666666667,1.3253333333333333,10.866666666666667,33.8,32.465333333333334,15.4,30.733333333333334,50.211999999999996,11.4,15.333333333333334,75.52,1.0666666666666667,6.0,0.4906666666666667,2.3333333333333335,17.733333333333334,0.132,12.466666666666667,2.533333333333333,80.66666666666667
