placar_casa,placar_visitante,data,round,stage,ano,equipe_casa,equipe_visitante,Pts_casa,3P_casa,2P_casa,LL_casa,RT_casa,RO_casa,RD_casa,AS_casa,ER_casa,IA%_casa,3PC_casa,3PT_casa,3P%_casa,2PC_casa,2PT_casa,2P%_casa,LLC_casa,LLT_casa,LL%_casa,EN_casa,BR_casa,B/E_casa,TO_casa,FC_casa,T/FC_casa,ET_casa,VI_casa,EF_casa,Pts_visitante,3P_visitante,2P_visitante,LL_visitante,RT_visitante,RO_visitante,RD_visitante,AS_visitante,ER_visitante,IA%_visitante,3PC_visitante,3PT_visitante,3P%_visitante,2PC_visitante,2PT_visitante,2P%_visitante,LLC_visitante,LLT_visitante,LL%_visitante,EN_visitante,BR_visitante,B/E_visitante,TO_visitante,FC_visitante,T/FC_visitante,ET_visitante,VI_visitante,EF_visitante
92,80,2022-04-16,11,2,2021-2022,Pinheiros,Flamengo,81.86600000000001,27.8,42.5,11.565999999999999,39.866,13.0,26.865999999999996,17.715999999999998,13.15,1.379,9.266,27.415999999999997,34.283,21.25,41.25,51.782999999999994,11.565999999999999,16.266000000000002,69.852,2.2159999999999997,6.616,0.508,2.35,16.484,0.13499999999999998,13.15,2.5840000000000005,92.41600000000001,84.999,40.65,31.198999999999995,13.15,40.65,12.099,28.551000000000005,17.25,10.7,1.6280000000000001,13.550999999999998,39.248999999999995,34.351,15.600999999999999,28.301000000000005,55.112,13.15,17.4,74.617,1.451,5.2,0.488,3.0510000000000006,18.201,0.17099999999999999,10.7,1.8009999999999997,97.799
