placar_casa,placar_visitante,data,round,stage,ano,equipe_casa,equipe_visitante,Pts_casa,3P_casa,2P_casa,LL_casa,RT_casa,RO_casa,RD_casa,AS_casa,ER_casa,IA%_casa,3PC_casa,3PT_casa,3P%_casa,2PC_casa,2PT_casa,2P%_casa,LLC_casa,LLT_casa,LL%_casa,EN_casa,BR_casa,B/E_casa,TO_casa,FC_casa,T/FC_casa,ET_casa,VI_casa,EF_casa,Pts_visitante,3P_visitante,2P_visitante,LL_visitante,RT_visitante,RO_visitante,RD_visitante,AS_visitante,ER_visitante,IA%_visitante,3PC_visitante,3PT_visitante,3P%_visitante,2PC_visitante,2PT_visitante,2P%_visitante,LLC_visitante,LLT_visitante,LL%_visitante,EN_visitante,BR_visitante,B/E_visitante,TO_visitante,FC_visitante,T/FC_visitante,ET_visitante,VI_visitante,EF_visitante
68,72,2022-01-10,12,1,2021-2022,Mogi,Pato Basquete,76.4,26.8,36.8,12.8,39.0,10.4,28.6,17.6,15.266666666666667,1.1893333333333334,8.933333333333334,27.666666666666668,32.63533333333333,18.4,36.06666666666667,51.24599999999999,12.8,17.0,75.27333333333334,2.8,7.066666666666666,0.4806666666666667,2.2,19.4,0.11066666666666669,15.266666666666667,2.8,86.4,71.53333333333333,25.4,34.8,11.333333333333334,38.13333333333333,10.466666666666667,27.666666666666668,13.333333333333334,14.133333333333333,0.9813333333333333,8.466666666666667,26.266666666666666,31.884666666666657,17.4,37.666666666666664,46.57066666666666,11.333333333333334,19.066666666666666,59.26933333333334,1.6,7.666666666666667,0.5733333333333335,1.5333333333333334,20.866666666666667,0.07466666666666666,14.133333333333333,2.2,72.26666666666667
