placar_casa,placar_visitante,data,round,stage,ano,equipe_casa,equipe_visitante,Pts_casa,3P_casa,2P_casa,LL_casa,RT_casa,RO_casa,RD_casa,AS_casa,ER_casa,IA%_casa,3PC_casa,3PT_casa,3P%_casa,2PC_casa,2PT_casa,2P%_casa,LLC_casa,LLT_casa,LL%_casa,EN_casa,BR_casa,B/E_casa,TO_casa,FC_casa,T/FC_casa,ET_casa,VI_casa,EF_casa,Pts_visitante,3P_visitante,2P_visitante,LL_visitante,RT_visitante,RO_visitante,RD_visitante,AS_visitante,ER_visitante,IA%_visitante,3PC_visitante,3PT_visitante,3P%_visitante,2PC_visitante,2PT_visitante,2P%_visitante,LLC_visitante,LLT_visitante,LL%_visitante,EN_visitante,BR_visitante,B/E_visitante,TO_visitante,FC_visitante,T/FC_visitante,ET_visitante,VI_visitante,EF_visitante
82,76,2014-01-30,3,2,2013-2014,Mogi,Goiânia,76.23076923076923,41.53846153846154,38.65384615384615,18.423076923076923,33.36538461538461,10.307692307692308,23.057692307692307,12.596153846153847,14.461538461538462,0.9836538461538461,6.384615384615385,18.76923076923077,34.50576923076923,19.326923076923077,40.92307692307692,47.47769230769231,18.423076923076923,24.48076923076923,74.76903846153847,0.6538461538461539,7.365384615384615,0.5465384615384618,1.3461538461538463,22.076923076923077,0.06519230769230767,14.461538461538462,2.8076923076923075,81.6923076923077,75.72222222222223,22.833333333333332,38.666666666666664,14.222222222222221,32.5,8.444444444444445,24.055555555555557,14.5,12.833333333333334,1.405,7.611111111111111,21.944444444444443,35.633333333333326,19.333333333333332,37.166666666666664,52.524444444444455,14.222222222222221,18.666666666666668,76.72666666666666,1.0555555555555556,8.0,0.7411111111111112,1.5555555555555556,22.61111111111111,0.06944444444444443,12.833333333333334,2.888888888888889,82.83333333333333
