placar_casa,placar_visitante,data,round,stage,ano,equipe_casa,equipe_visitante,Pts_casa,3P_casa,2P_casa,LL_casa,RT_casa,RO_casa,RD_casa,AS_casa,ER_casa,IA%_casa,3PC_casa,3PT_casa,3P%_casa,2PC_casa,2PT_casa,2P%_casa,LLC_casa,LLT_casa,LL%_casa,EN_casa,BR_casa,B/E_casa,TO_casa,FC_casa,T/FC_casa,ET_casa,VI_casa,EF_casa,Pts_visitante,3P_visitante,2P_visitante,LL_visitante,RT_visitante,RO_visitante,RD_visitante,AS_visitante,ER_visitante,IA%_visitante,3PC_visitante,3PT_visitante,3P%_visitante,2PC_visitante,2PT_visitante,2P%_visitante,LLC_visitante,LLT_visitante,LL%_visitante,EN_visitante,BR_visitante,B/E_visitante,TO_visitante,FC_visitante,T/FC_visitante,ET_visitante,VI_visitante,EF_visitante
95,84,2013-02-16,6,2,2012-2013,Bauru Basket,Fortaleza B. C. / CFO,81.95959595959596,33.96969696969697,40.888888888888886,14.585858585858587,31.04040404040404,10.030303030303031,21.01010101010101,13.676767676767676,10.808080808080808,1.4440404040404038,8.828282828282829,22.87878787878788,38.889494949494946,20.444444444444443,39.5959595959596,52.16676767676767,14.585858585858587,19.636363636363637,74.77848484848484,1.4848484848484849,6.656565656565657,0.7055555555555555,1.9292929292929293,18.141414141414142,0.1106060606060607,10.808080808080808,1.8181818181818181,88.94949494949495,77.6,62.55,41.7,14.9,31.45,9.2,22.25,12.3,11.15,1.2000000000000002,7.0,20.95,33.97099999999999,20.85,41.55,50.6185,14.9,20.05,73.203,1.0,6.45,0.6995,2.6,20.35,0.1285,11.15,2.6,87.2
