placar_casa,placar_visitante,data,round,stage,ano,equipe_casa,equipe_visitante,Pts_casa,3P_casa,2P_casa,LL_casa,RT_casa,RO_casa,RD_casa,AS_casa,ER_casa,IA%_casa,3PC_casa,3PT_casa,3P%_casa,2PC_casa,2PT_casa,2P%_casa,LLC_casa,LLT_casa,LL%_casa,EN_casa,BR_casa,B/E_casa,TO_casa,FC_casa,T/FC_casa,ET_casa,VI_casa,EF_casa,Pts_visitante,3P_visitante,2P_visitante,LL_visitante,RT_visitante,RO_visitante,RD_visitante,AS_visitante,ER_visitante,IA%_visitante,3PC_visitante,3PT_visitante,3P%_visitante,2PC_visitante,2PT_visitante,2P%_visitante,LLC_visitante,LLT_visitante,LL%_visitante,EN_visitante,BR_visitante,B/E_visitante,TO_visitante,FC_visitante,T/FC_visitante,ET_visitante,VI_visitante,EF_visitante
73,96,2020-02-13,5,2,2019-2020,Brasília,São Paulo,84.53089506172837,29.34259259259259,41.703734567901236,16.09567901234568,34.666666666666664,9.410462962962962,25.256203703703704,16.953703703703702,13.762345679012345,1.384135802469136,8.910493827160494,24.74688271604938,35.90024691358023,20.85182098765432,37.87966049382716,55.26496913580245,16.09567901234568,20.87966049382716,77.18216049382717,1.617283950617284,7.595679012345679,0.611296296296296,2.9012345679012346,21.71604938271605,0.14206790123456792,13.762345679012345,2.071018518518518,96.27774691358026,86.90863636363636,33.0,38.90909090909091,14.999545454545453,41.86409090909091,11.545454545454545,30.31863636363636,18.81772727272727,12.500454545454545,1.6,11.0,31.454090909090908,35.26090909090909,19.454545454545453,34.40954545454545,56.819090909090896,14.999545454545453,20.590454545454545,72.77363636363637,2.4086363636363632,5.091363636363637,0.4068181818181817,2.8177272727272724,17.863636363636363,0.15954545454545455,12.500454545454545,1.8636363636363635,101.95500000000001
