placar_casa,placar_visitante,data,round,stage,ano,equipe_casa,equipe_visitante,Pts_casa,3P_casa,2P_casa,LL_casa,RT_casa,RO_casa,RD_casa,AS_casa,ER_casa,IA%_casa,3PC_casa,3PT_casa,3P%_casa,2PC_casa,2PT_casa,2P%_casa,LLC_casa,LLT_casa,LL%_casa,EN_casa,BR_casa,B/E_casa,TO_casa,FC_casa,T/FC_casa,ET_casa,VI_casa,EF_casa,Pts_visitante,3P_visitante,2P_visitante,LL_visitante,RT_visitante,RO_visitante,RD_visitante,AS_visitante,ER_visitante,IA%_visitante,3PC_visitante,3PT_visitante,3P%_visitante,2PC_visitante,2PT_visitante,2P%_visitante,LLC_visitante,LLT_visitante,LL%_visitante,EN_visitante,BR_visitante,B/E_visitante,TO_visitante,FC_visitante,T/FC_visitante,ET_visitante,VI_visitante,EF_visitante
50,97,2014-01-13,16,1,2013-2014,Espírito Santo,Pinheiros,73.96428571428571,30.267857142857142,36.660714285714285,15.446428571428571,29.598214285714285,9.008928571428571,20.589285714285715,10.919642857142858,13.866071428571429,0.9005357142857139,7.285714285714286,22.267857142857142,32.48892857142858,18.330357142857142,37.38392857142857,49.261160714285715,15.446428571428571,21.741071428571427,71.65383928571426,1.3214285714285714,7.75,0.6164285714285714,1.6607142857142858,20.544642857142858,0.08294642857142857,13.866071428571429,2.5625,72.3125,86.11428571428571,33.707142857142856,40.642857142857146,16.564285714285713,30.307142857142857,7.9071428571428575,22.4,15.764285714285714,12.8,1.3292142857142857,9.635714285714286,24.764285714285716,39.02385714285713,20.321428571428573,36.31428571428572,56.27414285714285,16.564285714285713,22.15,74.47999999999996,2.2928571428571427,7.214285714285714,0.5974999999999999,2.5142857142857142,19.692857142857143,0.1338571428571428,12.8,1.9285714285714286,95.2
