placar_casa,placar_visitante,data,round,stage,ano,equipe_casa,equipe_visitante,Pts_casa,3P_casa,2P_casa,LL_casa,RT_casa,RO_casa,RD_casa,AS_casa,ER_casa,IA%_casa,3PC_casa,3PT_casa,3P%_casa,2PC_casa,2PT_casa,2P%_casa,LLC_casa,LLT_casa,LL%_casa,EN_casa,BR_casa,B/E_casa,TO_casa,FC_casa,T/FC_casa,ET_casa,VI_casa,EF_casa,Pts_visitante,3P_visitante,2P_visitante,LL_visitante,RT_visitante,RO_visitante,RD_visitante,AS_visitante,ER_visitante,IA%_visitante,3PC_visitante,3PT_visitante,3P%_visitante,2PC_visitante,2PT_visitante,2P%_visitante,LLC_visitante,LLT_visitante,LL%_visitante,EN_visitante,BR_visitante,B/E_visitante,TO_visitante,FC_visitante,T/FC_visitante,ET_visitante,VI_visitante,EF_visitante
63,71,2010-04-02,13,2,2009-2010,Joinville,Saldanha,81.89285714285714,28.928571428571427,37.785714285714285,15.178571428571429,33.080357142857146,9.651785714285714,23.428571428571427,15.071428571428571,13.6875,1.1985714285714284,9.642857142857142,26.455357142857142,36.56499999999999,18.892857142857142,36.99107142857143,51.06160714285714,15.178571428571429,21.464285714285715,70.30410714285715,1.5625,7.919642857142857,0.6280357142857144,2.5625,19.776785714285715,0.13874999999999996,13.6875,0.9285714285714286,85.64285714285714,72.20408163265306,19.653061224489797,40.44897959183673,12.10204081632653,29.244897959183675,9.36734693877551,19.877551020408163,10.122448979591837,15.0,0.733673469387755,6.551020408163265,20.959183673469386,31.498367346938757,20.224489795918366,40.59183673469388,50.24265306122451,12.10204081632653,20.346938775510203,59.44306122448978,2.5714285714285716,9.36734693877551,0.6855102040816328,1.8775510204081634,20.591836734693878,0.0953061224489796,15.0,1.4489795918367347,64.79591836734694
