placar_casa,placar_visitante,data,round,stage,ano,equipe_casa,equipe_visitante,Pts_casa,3P_casa,2P_casa,LL_casa,RT_casa,RO_casa,RD_casa,AS_casa,ER_casa,IA%_casa,3PC_casa,3PT_casa,3P%_casa,2PC_casa,2PT_casa,2P%_casa,LLC_casa,LLT_casa,LL%_casa,EN_casa,BR_casa,B/E_casa,TO_casa,FC_casa,T/FC_casa,ET_casa,VI_casa,EF_casa,Pts_visitante,3P_visitante,2P_visitante,LL_visitante,RT_visitante,RO_visitante,RD_visitante,AS_visitante,ER_visitante,IA%_visitante,3PC_visitante,3PT_visitante,3P%_visitante,2PC_visitante,2PT_visitante,2P%_visitante,LLC_visitante,LLT_visitante,LL%_visitante,EN_visitante,BR_visitante,B/E_visitante,TO_visitante,FC_visitante,T/FC_visitante,ET_visitante,VI_visitante,EF_visitante
79,61,2022-02-09,3,2,2021-2022,Cerrado,Caxias do Sul Basquete,76.49020408163265,25.653061224489797,39.34632653061225,11.489591836734691,38.97938775510204,11.836938775510204,27.143673469387753,15.265510204081632,13.530816326530612,1.1855102040816325,8.551224489795919,27.510816326530616,31.467142857142854,19.674081632653063,40.20428571428572,48.95530612244898,11.489591836734691,16.306734693877555,71.14122448979592,1.8153061224489793,7.2246938775510205,0.5493877551020407,2.51,19.062244897959186,0.1320408163265306,13.530816326530612,2.4481632653061225,82.63326530612247,73.27442477876106,23.20353982300885,35.89398230088496,14.17716814159292,33.66805309734513,9.101858407079645,24.566194690265483,14.898407079646015,13.977876106194694,1.1184955752212387,7.734601769911507,23.694601769911504,32.6446017699115,17.946725663716812,36.45150442477876,49.32893805309736,14.17716814159292,20.061946902654867,70.53053097345132,1.3184070796460177,7.920530973451325,0.5807079646017699,1.7123008849557524,21.79619469026548,0.0826548672566372,13.977876106194694,3.0354867256637172,77.14601769911505
