placar_casa,placar_visitante,data,round,stage,ano,equipe_casa,equipe_visitante,Pts_casa,3P_casa,2P_casa,LL_casa,RT_casa,RO_casa,RD_casa,AS_casa,ER_casa,IA%_casa,3PC_casa,3PT_casa,3P%_casa,2PC_casa,2PT_casa,2P%_casa,LLC_casa,LLT_casa,LL%_casa,EN_casa,BR_casa,B/E_casa,TO_casa,FC_casa,T/FC_casa,ET_casa,VI_casa,EF_casa,Pts_visitante,3P_visitante,2P_visitante,LL_visitante,RT_visitante,RO_visitante,RD_visitante,AS_visitante,ER_visitante,IA%_visitante,3PC_visitante,3PT_visitante,3P%_visitante,2PC_visitante,2PT_visitante,2P%_visitante,LLC_visitante,LLT_visitante,LL%_visitante,EN_visitante,BR_visitante,B/E_visitante,TO_visitante,FC_visitante,T/FC_visitante,ET_visitante,VI_visitante,EF_visitante
70,73,2016-01-15,2,2,2015-2016,Paulistano,Rio Claro,80.66009852216749,30.133004926108374,41.073891625615765,15.660098522167488,33.66009852216749,10.891625615763546,22.76847290640394,13.25615763546798,13.798029556650246,1.0671428571428572,7.975369458128079,22.911330049261085,35.140591133004925,20.536945812807883,39.97536945812808,51.63467980295564,15.660098522167488,21.660098522167488,71.91482758620693,1.522167487684729,8.413793103448276,0.6761083743842364,1.7684729064039408,22.039408866995075,0.0839901477832512,13.798029556650246,2.438423645320197,85.67980295566502,77.5111111111111,22.333333333333332,41.06666666666667,14.11111111111111,31.288888888888888,8.4,22.88888888888889,17.0,14.377777777777778,1.2788888888888894,7.444444444444445,22.11111111111111,33.01622222222222,20.533333333333335,38.333333333333336,53.542666666666676,14.11111111111111,18.511111111111113,75.876,1.7555555555555555,10.511111111111111,0.7711111111111112,1.8888888888888888,20.31111111111111,0.09511111111111109,14.377777777777778,3.311111111111111,86.95555555555555
