placar_casa,placar_visitante,data,round,stage,ano,equipe_casa,equipe_visitante,Pts_casa,3P_casa,2P_casa,LL_casa,RT_casa,RO_casa,RD_casa,AS_casa,ER_casa,IA%_casa,3PC_casa,3PT_casa,3P%_casa,2PC_casa,2PT_casa,2P%_casa,LLC_casa,LLT_casa,LL%_casa,EN_casa,BR_casa,B/E_casa,TO_casa,FC_casa,T/FC_casa,ET_casa,VI_casa,EF_casa,Pts_visitante,3P_visitante,2P_visitante,LL_visitante,RT_visitante,RO_visitante,RD_visitante,AS_visitante,ER_visitante,IA%_visitante,3PC_visitante,3PT_visitante,3P%_visitante,2PC_visitante,2PT_visitante,2P%_visitante,LLC_visitante,LLT_visitante,LL%_visitante,EN_visitante,BR_visitante,B/E_visitante,TO_visitante,FC_visitante,T/FC_visitante,ET_visitante,VI_visitante,EF_visitante
83,104,2020-01-30,3,2,2019-2020,Coop/São José Basketball,Fortaleza B. C. / CFO,79.63856140350879,28.189473684210526,40.013999999999996,15.192982456140351,33.38242105263158,9.417578947368423,23.964947368421054,16.849087719298243,14.024526315789473,1.2959298245614037,8.143894736842107,23.708736842105264,34.47129824561405,20.007052631578947,37.59294736842105,53.413333333333334,15.192982456140351,20.0000350877193,75.40203508771924,0.8667017543859648,7.207052631578948,0.5418947368421048,2.1544210526315783,20.049157894736844,0.11529824561403507,14.024526315789473,2.164947368421052,88.30526315789474,76.82577981651376,29.76605504587156,38.972477064220186,13.495366972477063,35.406743119266054,10.527522935779816,24.87922018348624,13.550504587155965,12.816422018348621,1.1738990825688074,8.119266055045872,24.662018348623853,33.19646788990824,19.486238532110093,39.12995412844037,49.93339449541283,13.495366972477063,18.984724770642202,70.84233944954127,1.4404128440366972,8.55197247706422,0.7342201834862384,2.426605504587156,20.588715596330275,0.12100917431192655,12.816422018348621,2.643715596330275,83.16811926605506
