placar_casa,placar_visitante,data,round,stage,ano,equipe_casa,equipe_visitante,Pts_casa,3P_casa,2P_casa,LL_casa,RT_casa,RO_casa,RD_casa,AS_casa,ER_casa,IA%_casa,3PC_casa,3PT_casa,3P%_casa,2PC_casa,2PT_casa,2P%_casa,LLC_casa,LLT_casa,LL%_casa,EN_casa,BR_casa,B/E_casa,TO_casa,FC_casa,T/FC_casa,ET_casa,VI_casa,EF_casa,Pts_visitante,3P_visitante,2P_visitante,LL_visitante,RT_visitante,RO_visitante,RD_visitante,AS_visitante,ER_visitante,IA%_visitante,3PC_visitante,3PT_visitante,3P%_visitante,2PC_visitante,2PT_visitante,2P%_visitante,LLC_visitante,LLT_visitante,LL%_visitante,EN_visitante,BR_visitante,B/E_visitante,TO_visitante,FC_visitante,T/FC_visitante,ET_visitante,VI_visitante,EF_visitante
78,73,2015-01-09,15,1,2014-2015,Limeira,Flamengo,81.76388888888889,32.625,39.27777777777778,15.131944444444445,29.32638888888889,7.75,21.57638888888889,15.76388888888889,12.305555555555555,1.4218055555555553,9.118055555555555,23.22222222222222,39.63826388888887,19.63888888888889,36.84722222222222,53.37520833333336,15.131944444444445,19.666666666666668,76.89465277777782,1.6111111111111112,7.909722222222222,0.713611111111111,2.3194444444444446,21.395833333333332,0.11291666666666665,12.305555555555555,1.8888888888888888,91.04861111111111,88.9144385026738,34.524064171122994,44.06417112299465,17.16042780748663,33.55614973262032,8.88770053475936,24.668449197860962,15.695187165775401,12.219251336898395,1.4480748663101601,9.229946524064172,23.97326203208556,38.62112299465241,22.032085561497325,38.6524064171123,57.25834224598928,17.16042780748663,22.636363636363637,75.91090909090909,1.8770053475935828,8.240641711229946,0.7414973262032087,1.7219251336898396,19.705882352941178,0.08989304812834227,12.219251336898395,1.679144385026738,101.01604278074866
