placar_casa,placar_visitante,data,round,stage,ano,equipe_casa,equipe_visitante,Pts_casa,3P_casa,2P_casa,LL_casa,RT_casa,RO_casa,RD_casa,AS_casa,ER_casa,IA%_casa,3PC_casa,3PT_casa,3P%_casa,2PC_casa,2PT_casa,2P%_casa,LLC_casa,LLT_casa,LL%_casa,EN_casa,BR_casa,B/E_casa,TO_casa,FC_casa,T/FC_casa,ET_casa,VI_casa,EF_casa,Pts_visitante,3P_visitante,2P_visitante,LL_visitante,RT_visitante,RO_visitante,RD_visitante,AS_visitante,ER_visitante,IA%_visitante,3PC_visitante,3PT_visitante,3P%_visitante,2PC_visitante,2PT_visitante,2P%_visitante,LLC_visitante,LLT_visitante,LL%_visitante,EN_visitante,BR_visitante,B/E_visitante,TO_visitante,FC_visitante,T/FC_visitante,ET_visitante,VI_visitante,EF_visitante
89,97,2019-11-23,6,1,2019-2020,Minas,Sesi Franca,78.19428057553955,25.899280575539567,41.52881294964029,15.179856115107913,33.65474820143885,9.926223021582732,23.72841726618705,15.735575539568345,14.316510791366905,1.1829136690647493,7.161942446043167,21.25,33.82989208633093,20.76435251798561,39.634892086330936,52.50521582733813,15.179856115107913,20.651079136690647,73.2574820143884,1.4424820143884893,7.897517985611511,0.5904316546762586,2.3920863309352516,21.447877697841726,0.11708633093525192,14.316510791366905,2.622230215827339,86.09176258992804,80.49526813880126,28.36277602523659,41.19558359621451,15.886435331230285,32.64195583596214,9.205047318611987,23.436908517350158,15.205047318611987,13.627760252365931,1.2395583596214506,7.804416403785489,21.873817034700316,35.480063091482684,20.597791798107256,38.89274447949527,53.35656151419555,15.886435331230285,21.399053627760253,73.94936908517344,1.8769716088328077,8.315457413249211,0.6615457413249212,2.5662460567823344,20.638801261829652,0.1305362776025236,13.627760252365931,2.2854889589905363,88.89905362776025
