placar_casa,placar_visitante,data,round,stage,ano,equipe_casa,equipe_visitante,Pts_casa,3P_casa,2P_casa,LL_casa,RT_casa,RO_casa,RD_casa,AS_casa,ER_casa,IA%_casa,3PC_casa,3PT_casa,3P%_casa,2PC_casa,2PT_casa,2P%_casa,LLC_casa,LLT_casa,LL%_casa,EN_casa,BR_casa,B/E_casa,TO_casa,FC_casa,T/FC_casa,ET_casa,VI_casa,EF_casa,Pts_visitante,3P_visitante,2P_visitante,LL_visitante,RT_visitante,RO_visitante,RD_visitante,AS_visitante,ER_visitante,IA%_visitante,3PC_visitante,3PT_visitante,3P%_visitante,2PC_visitante,2PT_visitante,2P%_visitante,LLC_visitante,LLT_visitante,LL%_visitante,EN_visitante,BR_visitante,B/E_visitante,TO_visitante,FC_visitante,T/FC_visitante,ET_visitante,VI_visitante,EF_visitante
51,64,2024-02-10,4,2,2023-2024,Fortaleza B. C. / CFO,Paulistano,76.64683139534885,27.33139534883721,39.4593023255814,13.283459302325582,36.33566860465116,10.377994186046514,25.958023255813956,13.787819767441862,13.05220930232558,1.1475290697674423,7.968052325581396,24.841540697674418,32.31412790697673,19.7296511627907,39.23543604651163,50.36898255813955,13.283459302325582,19.14686046511628,69.32334302325576,1.4113372093023253,8.005813953488373,0.6668604651162787,2.369011627906979,20.370552325581393,0.1198546511627907,13.05220930232558,2.6569767441860463,82.42000000000002,79.66266375545851,28.87008733624454,39.17903930131004,14.364628820960698,36.65390829694323,11.707467248908298,24.946441048034934,15.021855895196508,13.31655021834061,1.240393013100436,8.706331877729257,25.83301310043668,34.00912663755457,19.58951965065502,38.673624454148474,50.9572489082969,14.364628820960698,19.63532751091703,72.8323362445415,1.7806550218340602,7.665917030567685,0.6266812227074239,1.9836681222707417,21.043689956331878,0.0980131004366812,13.31655021834061,2.444301310043669,87.08524017467245
