placar_casa,placar_visitante,data,round,stage,ano,equipe_casa,equipe_visitante,Pts_casa,3P_casa,2P_casa,LL_casa,RT_casa,RO_casa,RD_casa,AS_casa,ER_casa,IA%_casa,3PC_casa,3PT_casa,3P%_casa,2PC_casa,2PT_casa,2P%_casa,LLC_casa,LLT_casa,LL%_casa,EN_casa,BR_casa,B/E_casa,TO_casa,FC_casa,T/FC_casa,ET_casa,VI_casa,EF_casa,Pts_visitante,3P_visitante,2P_visitante,LL_visitante,RT_visitante,RO_visitante,RD_visitante,AS_visitante,ER_visitante,IA%_visitante,3PC_visitante,3PT_visitante,3P%_visitante,2PC_visitante,2PT_visitante,2P%_visitante,LLC_visitante,LLT_visitante,LL%_visitante,EN_visitante,BR_visitante,B/E_visitante,TO_visitante,FC_visitante,T/FC_visitante,ET_visitante,VI_visitante,EF_visitante
83,73,2017-04-24,2,4,2016-2017,Flamengo,Pinheiros,88.12323943661971,31.890845070422536,43.83802816901409,16.8943661971831,34.79577464788732,9.257042253521126,25.538732394366196,16.87323943661972,12.31338028169014,1.520950704225352,9.130281690140846,24.02112676056338,38.08788732394367,21.919014084507044,38.764084507042256,56.74028169014084,16.8943661971831,22.200704225352112,76.01408450704221,1.7605633802816902,8.461267605633802,0.7528169014084506,1.8943661971830985,19.619718309859156,0.10035211267605634,12.31338028169014,1.869718309859155,102.07394366197182,84.05263157894737,28.973684210526315,41.06015037593985,16.545112781954888,33.161654135338345,9.233082706766917,23.928571428571427,15.601503759398497,13.263157894736842,1.2634586466165414,8.81578947368421,23.76691729323308,37.139999999999986,20.530075187969924,38.233082706766915,54.13296992481205,16.545112781954888,22.075187969924812,74.8758270676691,2.082706766917293,8.221804511278195,0.6543233082706764,2.6353383458646618,20.165413533834588,0.13721804511278182,13.263157894736842,2.330827067669173,93.69548872180451
