placar_casa,placar_visitante,data,round,stage,ano,equipe_casa,equipe_visitante,Pts_casa,3P_casa,2P_casa,LL_casa,RT_casa,RO_casa,RD_casa,AS_casa,ER_casa,IA%_casa,3PC_casa,3PT_casa,3P%_casa,2PC_casa,2PT_casa,2P%_casa,LLC_casa,LLT_casa,LL%_casa,EN_casa,BR_casa,B/E_casa,TO_casa,FC_casa,T/FC_casa,ET_casa,VI_casa,EF_casa,Pts_visitante,3P_visitante,2P_visitante,LL_visitante,RT_visitante,RO_visitante,RD_visitante,AS_visitante,ER_visitante,IA%_visitante,3PC_visitante,3PT_visitante,3P%_visitante,2PC_visitante,2PT_visitante,2P%_visitante,LLC_visitante,LLT_visitante,LL%_visitante,EN_visitante,BR_visitante,B/E_visitante,TO_visitante,FC_visitante,T/FC_visitante,ET_visitante,VI_visitante,EF_visitante
79,89,2015-03-13,11,2,2014-2015,Coop/São José Basketball,Mogi,80.31958762886597,30.262886597938145,40.03092783505155,15.54639175257732,33.01546391752577,9.396907216494846,23.61855670103093,16.587628865979383,13.922680412371134,1.2903608247422669,8.24742268041237,23.65463917525773,34.81567010309279,20.015463917525775,37.34020618556701,53.775773195876305,15.54639175257732,20.34536082474227,75.91695876288658,0.8402061855670103,7.170103092783505,0.5432989690721648,2.3350515463917527,19.02061855670103,0.1306185567010309,13.922680412371134,1.9793814432989691,89.5618556701031,79.59803921568627,33.64705882352941,39.509803921568626,17.852941176470587,35.44117647058823,11.529411764705882,23.91176470588235,14.068627450980392,14.53921568627451,1.0611764705882358,7.411764705882353,20.068627450980394,36.83823529411766,19.754901960784313,40.57843137254902,48.81117647058822,17.852941176470587,23.80392156862745,74.31892156862743,1.2156862745098038,8.450980392156863,0.617156862745098,1.588235294117647,22.147058823529413,0.07578431372549019,14.53921568627451,2.9215686274509802,87.87254901960785
