placar_casa,placar_visitante,data,round,stage,ano,equipe_casa,equipe_visitante,Pts_casa,3P_casa,2P_casa,LL_casa,RT_casa,RO_casa,RD_casa,AS_casa,ER_casa,IA%_casa,3PC_casa,3PT_casa,3P%_casa,2PC_casa,2PT_casa,2P%_casa,LLC_casa,LLT_casa,LL%_casa,EN_casa,BR_casa,B/E_casa,TO_casa,FC_casa,T/FC_casa,ET_casa,VI_casa,EF_casa,Pts_visitante,3P_visitante,2P_visitante,LL_visitante,RT_visitante,RO_visitante,RD_visitante,AS_visitante,ER_visitante,IA%_visitante,3PC_visitante,3PT_visitante,3P%_visitante,2PC_visitante,2PT_visitante,2P%_visitante,LLC_visitante,LLT_visitante,LL%_visitante,EN_visitante,BR_visitante,B/E_visitante,TO_visitante,FC_visitante,T/FC_visitante,ET_visitante,VI_visitante,EF_visitante
88,77,2016-11-15,3,1,2016-2017,Vitória,Brasília,71.40625,18.28125,38.6875,14.4375,35.65625,11.84375,23.8125,12.65625,15.0,0.893125,6.09375,20.90625,29.488437500000003,19.34375,41.5625,46.91156250000002,14.4375,20.0,71.91624999999999,1.1875,10.5625,0.7378125000000001,1.75,19.90625,0.091875,15.0,3.75,74.34375,86.51020408163265,30.955102040816328,42.628571428571426,16.379591836734694,34.12244897959184,9.130612244897959,24.991836734693877,16.775510204081634,13.391836734693877,1.4140816326530616,9.16734693877551,24.926530612244896,36.704040816326525,21.314285714285713,37.857142857142854,56.586612244898,16.379591836734694,20.79591836734694,78.86942857142851,1.7469387755102042,7.918367346938775,0.6588163265306118,3.085714285714286,21.791836734693877,0.15179591836734696,13.391836734693877,1.9714285714285715,99.73469387755102
