placar_casa,placar_visitante,data,round,stage,ano,equipe_casa,equipe_visitante,Pts_casa,3P_casa,2P_casa,LL_casa,RT_casa,RO_casa,RD_casa,AS_casa,ER_casa,IA%_casa,3PC_casa,3PT_casa,3P%_casa,2PC_casa,2PT_casa,2P%_casa,LLC_casa,LLT_casa,LL%_casa,EN_casa,BR_casa,B/E_casa,TO_casa,FC_casa,T/FC_casa,ET_casa,VI_casa,EF_casa,Pts_visitante,3P_visitante,2P_visitante,LL_visitante,RT_visitante,RO_visitante,RD_visitante,AS_visitante,ER_visitante,IA%_visitante,3PC_visitante,3PT_visitante,3P%_visitante,2PC_visitante,2PT_visitante,2P%_visitante,LLC_visitante,LLT_visitante,LL%_visitante,EN_visitante,BR_visitante,B/E_visitante,TO_visitante,FC_visitante,T/FC_visitante,ET_visitante,VI_visitante,EF_visitante
84,78,2022-02-17,4,2,2021-2022,Corinthians,Rio Claro,80.24536363636363,28.60909090909091,37.49090909090909,14.145636363636365,36.663636363636364,10.599727272727275,26.06363636363636,17.24509090909091,13.090727272727271,1.3865454545454554,9.536363636363637,26.799727272727267,35.706181818181825,18.745454545454546,37.23654545454546,50.525454545454544,14.145636363636365,18.490909090909092,76.73109090909088,1.6274545454545455,6.899909090909091,0.5491818181818184,2.1362727272727278,21.054727272727273,0.10390909090909091,13.090727272727271,1.9815454545454545,89.93627272727272,78.11616071428571,23.678571428571427,39.19660714285715,15.24098214285714,33.27669642857143,8.937589285714285,24.339107142857138,16.615982142857142,14.116160714285716,1.265178571428572,7.892857142857143,23.509017857142858,33.478125,19.59803571428571,36.91053571428571,53.08437500000002,15.24098214285714,20.14303571428572,75.17401785714289,1.8660714285714286,8.732142857142858,0.6441071428571431,1.6160714285714286,22.026785714285715,0.07642857142857142,14.116160714285716,3.0892857142857144,86.41071428571429
