placar_casa,placar_visitante,data,round,stage,ano,equipe_casa,equipe_visitante,Pts_casa,3P_casa,2P_casa,LL_casa,RT_casa,RO_casa,RD_casa,AS_casa,ER_casa,IA%_casa,3PC_casa,3PT_casa,3P%_casa,2PC_casa,2PT_casa,2P%_casa,LLC_casa,LLT_casa,LL%_casa,EN_casa,BR_casa,B/E_casa,TO_casa,FC_casa,T/FC_casa,ET_casa,VI_casa,EF_casa,Pts_visitante,3P_visitante,2P_visitante,LL_visitante,RT_visitante,RO_visitante,RD_visitante,AS_visitante,ER_visitante,IA%_visitante,3PC_visitante,3PT_visitante,3P%_visitante,2PC_visitante,2PT_visitante,2P%_visitante,LLC_visitante,LLT_visitante,LL%_visitante,EN_visitante,BR_visitante,B/E_visitante,TO_visitante,FC_visitante,T/FC_visitante,ET_visitante,VI_visitante,EF_visitante
82,90,2024-02-17,5,2,2023-2024,São Paulo,Corinthians,85.04690058479532,32.1140350877193,38.83608187134502,14.096257309941521,37.099532163742694,8.958947368421052,28.14023391812865,17.678362573099417,11.760350877192986,1.5899415204678375,10.704678362573096,29.51748538011696,36.055789473684214,19.418304093567254,34.18707602339181,56.8848538011696,14.096257309941521,18.60497076023392,75.81918128654969,1.8830409356725146,6.596549707602341,0.5830994152046778,2.3712280701754382,18.125789473684208,0.1393567251461987,11.760350877192986,1.8685380116959067,98.93573099415205,79.82412087912088,28.203296703296704,37.89010989010989,13.730879120879123,37.6482967032967,10.62346153846154,27.02467032967033,17.051923076923075,13.41478021978022,1.3610439560439564,9.401153846153848,27.24708791208791,34.55412087912086,18.945054945054945,36.620934065934065,51.91153846153843,13.730879120879123,18.310384615384613,75.1824175824176,2.0165934065934064,6.299395604395604,0.49620879120879136,2.381813186813187,20.15945054945055,0.1214835164835165,13.41478021978022,2.3020879120879125,89.65104395604395
