placar_casa,placar_visitante,data,round,stage,ano,equipe_casa,equipe_visitante,Pts_casa,3P_casa,2P_casa,LL_casa,RT_casa,RO_casa,RD_casa,AS_casa,ER_casa,IA%_casa,3PC_casa,3PT_casa,3P%_casa,2PC_casa,2PT_casa,2P%_casa,LLC_casa,LLT_casa,LL%_casa,EN_casa,BR_casa,B/E_casa,TO_casa,FC_casa,T/FC_casa,ET_casa,VI_casa,EF_casa,Pts_visitante,3P_visitante,2P_visitante,LL_visitante,RT_visitante,RO_visitante,RD_visitante,AS_visitante,ER_visitante,IA%_visitante,3PC_visitante,3PT_visitante,3P%_visitante,2PC_visitante,2PT_visitante,2P%_visitante,LLC_visitante,LLT_visitante,LL%_visitante,EN_visitante,BR_visitante,B/E_visitante,TO_visitante,FC_visitante,T/FC_visitante,ET_visitante,VI_visitante,EF_visitante
85,80,2010-03-19,9,2,2009-2010,Paulistano,Pinheiros,77.08695652173913,21.32608695652174,40.47826086956522,15.282608695652174,30.73913043478261,10.434782608695652,20.304347826086957,13.543478260869565,15.717391304347826,0.9543478260869565,7.108695652173913,22.891304347826086,31.63065217391304,20.23913043478261,38.91304347826087,52.13065217391303,15.282608695652174,22.08695652173913,69.17108695652173,1.0869565217391304,7.804347826086956,0.5423913043478263,2.652173913043478,22.282608695652176,0.12239130434782605,15.717391304347826,1.108695652173913,74.84782608695652,87.22448979591837,27.857142857142858,41.265306122448976,18.102040816326532,31.163265306122447,8.83673469387755,22.3265306122449,14.89795918367347,13.142857142857142,1.1920408163265308,9.285714285714286,24.224489795918366,38.73959183673469,20.632653061224488,37.61224489795919,54.8838775510204,18.102040816326532,23.836734693877553,76.04653061224491,2.673469387755102,7.244897959183674,0.5751020408163265,2.2448979591836733,18.755102040816325,0.12612244897959182,13.142857142857142,0.8979591836734694,91.9795918367347
