placar_casa,placar_visitante,data,round,stage,ano,equipe_casa,equipe_visitante,Pts_casa,3P_casa,2P_casa,LL_casa,RT_casa,RO_casa,RD_casa,AS_casa,ER_casa,IA%_casa,3PC_casa,3PT_casa,3P%_casa,2PC_casa,2PT_casa,2P%_casa,LLC_casa,LLT_casa,LL%_casa,EN_casa,BR_casa,B/E_casa,TO_casa,FC_casa,T/FC_casa,ET_casa,VI_casa,EF_casa,Pts_visitante,3P_visitante,2P_visitante,LL_visitante,RT_visitante,RO_visitante,RD_visitante,AS_visitante,ER_visitante,IA%_visitante,3PC_visitante,3PT_visitante,3P%_visitante,2PC_visitante,2PT_visitante,2P%_visitante,LLC_visitante,LLT_visitante,LL%_visitante,EN_visitante,BR_visitante,B/E_visitante,TO_visitante,FC_visitante,T/FC_visitante,ET_visitante,VI_visitante,EF_visitante
96,88,2013-05-23,4,5,2012-2013,Coop/São José Basketball,Flamengo,80.79838709677419,34.524193548387096,38.87096774193548,16.04032258064516,30.887096774193548,8.919354838709678,21.967741935483872,16.419354838709676,13.82258064516129,1.2995161290322574,8.629032258064516,24.524193548387096,35.16459677419355,19.43548387096774,35.82258064516129,54.42596774193547,16.04032258064516,21.120967741935484,75.53169354838707,0.8951612903225806,6.548387096774194,0.5059677419354839,2.379032258064516,19.85483870967742,0.1262903225806452,13.82258064516129,1.4838709677419355,88.33064516129032,90.4885496183206,36.98473282442748,45.81679389312977,17.442748091603054,32.47328244274809,8.198473282442748,24.27480916030534,15.312977099236642,12.0,1.4422137404580149,9.076335877862595,23.16793893129771,39.393740458015266,22.908396946564885,39.786259541984734,57.795419847328226,17.442748091603054,23.099236641221374,75.64412213740458,1.786259541984733,7.9465648854961835,0.7306106870229007,1.702290076335878,19.717557251908396,0.08801526717557254,12.0,1.5419847328244274,102.07633587786259
