placar_casa,placar_visitante,data,round,stage,ano,equipe_casa,equipe_visitante,Pts_casa,3P_casa,2P_casa,LL_casa,RT_casa,RO_casa,RD_casa,AS_casa,ER_casa,IA%_casa,3PC_casa,3PT_casa,3P%_casa,2PC_casa,2PT_casa,2P%_casa,LLC_casa,LLT_casa,LL%_casa,EN_casa,BR_casa,B/E_casa,TO_casa,FC_casa,T/FC_casa,ET_casa,VI_casa,EF_casa,Pts_visitante,3P_visitante,2P_visitante,LL_visitante,RT_visitante,RO_visitante,RD_visitante,AS_visitante,ER_visitante,IA%_visitante,3PC_visitante,3PT_visitante,3P%_visitante,2PC_visitante,2PT_visitante,2P%_visitante,LLC_visitante,LLT_visitante,LL%_visitante,EN_visitante,BR_visitante,B/E_visitante,TO_visitante,FC_visitante,T/FC_visitante,ET_visitante,VI_visitante,EF_visitante
100,69,2023-11-06,4,1,2023-2024,Coop/São José Basketball,Pato Basquete,80.04239393939396,28.081818181818182,40.43633333333333,14.76969696969697,33.672666666666665,9.478818181818182,24.193939393939395,17.360545454545452,13.802999999999999,1.3622424242424245,8.27878787878788,24.051454545454543,34.52942424242425,20.218212121212122,37.77572727272727,53.697757575757606,14.76969696969697,19.545454545454547,74.89721212121209,0.9788181818181818,7.127272727272727,0.545939393939394,2.1575757575757577,19.97578787878788,0.11554545454545462,13.802999999999999,2.1151818181818176,89.36363636363636,74.24992424242424,24.90909090909091,36.78795454545455,12.553106060606057,35.719318181818174,10.765075757575756,24.95469696969697,14.681742424242422,13.96196969696969,1.1299242424242422,8.302803030303032,26.151363636363634,31.648636363636363,18.393863636363633,38.01522727272727,48.47136363636365,12.553106060606057,18.288030303030304,68.40590909090909,1.1288636363636366,7.515227272727273,0.5619696969696971,1.6062121212121212,20.70439393939394,0.07871212121212123,13.96196969696969,3.053181818181819,76.59848484848484
