placar_casa,placar_visitante,data,round,stage,ano,equipe_casa,equipe_visitante,Pts_casa,3P_casa,2P_casa,LL_casa,RT_casa,RO_casa,RD_casa,AS_casa,ER_casa,IA%_casa,3PC_casa,3PT_casa,3P%_casa,2PC_casa,2PT_casa,2P%_casa,LLC_casa,LLT_casa,LL%_casa,EN_casa,BR_casa,B/E_casa,TO_casa,FC_casa,T/FC_casa,ET_casa,VI_casa,EF_casa,Pts_visitante,3P_visitante,2P_visitante,LL_visitante,RT_visitante,RO_visitante,RD_visitante,AS_visitante,ER_visitante,IA%_visitante,3PC_visitante,3PT_visitante,3P%_visitante,2PC_visitante,2PT_visitante,2P%_visitante,LLC_visitante,LLT_visitante,LL%_visitante,EN_visitante,BR_visitante,B/E_visitante,TO_visitante,FC_visitante,T/FC_visitante,ET_visitante,VI_visitante,EF_visitante
80,93,2022-12-13,9,1,2022-2023,Cerrado,Paulistano,77.04194444444445,26.833333333333332,37.88847222222223,12.319305555555554,39.208194444444445,11.791805555555555,27.41722222222222,15.069583333333334,13.541805555555555,1.1723611111111116,8.944583333333334,28.583750000000002,31.389444444444443,18.944861111111113,38.514027777777784,49.400416666666665,12.319305555555554,17.47263888888889,70.65041666666667,1.8187499999999999,6.7501388888888885,0.5118055555555553,2.5415277777777776,18.48680555555556,0.13875000000000004,13.541805555555555,2.5688888888888886,82.70875000000001,79.88179802955663,29.497536945812808,38.935985221674876,14.551724137931034,36.22906403940887,11.463103448275863,24.765960591133005,14.987733990147785,13.376822660098522,1.2387438423645318,8.798004926108375,25.918768472906404,34.324999999999996,19.46795566502463,38.283325123152714,51.154581280788165,14.551724137931034,19.847241379310343,72.97672413793106,1.7513546798029545,7.635467980295567,0.6234482758620693,1.9384482758620687,21.13054187192118,0.09551724137931028,13.376822660098522,2.4458128078817736,87.07396551724133
