placar_casa,placar_visitante,data,round,stage,ano,equipe_casa,equipe_visitante,Pts_casa,3P_casa,2P_casa,LL_casa,RT_casa,RO_casa,RD_casa,AS_casa,ER_casa,IA%_casa,3PC_casa,3PT_casa,3P%_casa,2PC_casa,2PT_casa,2P%_casa,LLC_casa,LLT_casa,LL%_casa,EN_casa,BR_casa,B/E_casa,TO_casa,FC_casa,T/FC_casa,ET_casa,VI_casa,EF_casa,Pts_visitante,3P_visitante,2P_visitante,LL_visitante,RT_visitante,RO_visitante,RD_visitante,AS_visitante,ER_visitante,IA%_visitante,3PC_visitante,3PT_visitante,3P%_visitante,2PC_visitante,2PT_visitante,2P%_visitante,LLC_visitante,LLT_visitante,LL%_visitante,EN_visitante,BR_visitante,B/E_visitante,TO_visitante,FC_visitante,T/FC_visitante,ET_visitante,VI_visitante,EF_visitante
71,75,2009-11-29,6,1,2009-2010,Sesi Franca,Espírito Santo,83.88888888888889,23.166666666666668,43.44444444444444,17.27777777777778,30.333333333333332,8.916666666666666,21.416666666666668,16.083333333333332,12.555555555555555,1.4769444444444444,7.722222222222222,22.13888888888889,35.60555555555555,21.72222222222222,42.583333333333336,51.043888888888866,17.27777777777778,22.944444444444443,75.4288888888889,0.7777777777777778,8.472222222222221,0.7205555555555556,2.361111111111111,22.25,0.11611111111111111,12.555555555555555,0.16666666666666666,87.63888888888889,74.35483870967742,19.93548387096774,39.03225806451613,15.387096774193548,29.677419354838708,8.35483870967742,21.322580645161292,12.225806451612904,14.03225806451613,0.9993548387096775,6.645161290322581,20.967741935483872,31.506774193548388,19.516129032258064,37.25806451612903,52.81709677419355,15.387096774193548,23.612903225806452,65.41645161290322,1.1290322580645162,8.35483870967742,0.6441935483870971,1.7419354838709677,21.70967741935484,0.08290322580645162,14.03225806451613,0.45161290322580644,72.03225806451613
