placar_casa,placar_visitante,data,round,stage,ano,equipe_casa,equipe_visitante,Pts_casa,3P_casa,2P_casa,LL_casa,RT_casa,RO_casa,RD_casa,AS_casa,ER_casa,IA%_casa,3PC_casa,3PT_casa,3P%_casa,2PC_casa,2PT_casa,2P%_casa,LLC_casa,LLT_casa,LL%_casa,EN_casa,BR_casa,B/E_casa,TO_casa,FC_casa,T/FC_casa,ET_casa,VI_casa,EF_casa,Pts_visitante,3P_visitante,2P_visitante,LL_visitante,RT_visitante,RO_visitante,RD_visitante,AS_visitante,ER_visitante,IA%_visitante,3PC_visitante,3PT_visitante,3P%_visitante,2PC_visitante,2PT_visitante,2P%_visitante,LLC_visitante,LLT_visitante,LL%_visitante,EN_visitante,BR_visitante,B/E_visitante,TO_visitante,FC_visitante,T/FC_visitante,ET_visitante,VI_visitante,EF_visitante
79,77,2014-02-15,8,2,2013-2014,Uberlândia,Palmeiras,84.03333333333333,39.7,41.17777777777778,15.022222222222222,30.711111111111112,7.688888888888889,23.022222222222222,16.92222222222222,11.877777777777778,1.5883333333333336,9.277777777777779,22.766666666666666,40.715444444444444,20.58888888888889,37.43333333333333,55.28622222222224,15.022222222222222,18.88888888888889,79.88344444444445,3.088888888888889,6.411111111111111,0.5868888888888891,2.5444444444444443,19.666666666666668,0.13655555555555562,11.877777777777778,2.477777777777778,97.77777777777777,78.49122807017544,38.36842105263158,41.40350877192982,15.456140350877194,32.473684210526315,10.333333333333334,22.140350877192983,12.87719298245614,13.421052631578947,1.1115789473684212,7.2105263157894735,22.017543859649123,32.853157894736846,20.70175438596491,41.29824561403509,50.40315789473685,15.456140350877194,22.57894736842105,67.9761403508772,2.0701754385964914,8.578947368421053,0.7145614035087717,1.912280701754386,21.57894736842105,0.09017543859649123,13.421052631578947,3.175438596491228,83.49122807017544
