placar_casa,placar_visitante,data,round,stage,ano,equipe_casa,equipe_visitante,Pts_casa,3P_casa,2P_casa,LL_casa,RT_casa,RO_casa,RD_casa,AS_casa,ER_casa,IA%_casa,3PC_casa,3PT_casa,3P%_casa,2PC_casa,2PT_casa,2P%_casa,LLC_casa,LLT_casa,LL%_casa,EN_casa,BR_casa,B/E_casa,TO_casa,FC_casa,T/FC_casa,ET_casa,VI_casa,EF_casa,Pts_visitante,3P_visitante,2P_visitante,LL_visitante,RT_visitante,RO_visitante,RD_visitante,AS_visitante,ER_visitante,IA%_visitante,3PC_visitante,3PT_visitante,3P%_visitante,2PC_visitante,2PT_visitante,2P%_visitante,LLC_visitante,LLT_visitante,LL%_visitante,EN_visitante,BR_visitante,B/E_visitante,TO_visitante,FC_visitante,T/FC_visitante,ET_visitante,VI_visitante,EF_visitante
90,96,2020-11-21,2,1,2020-2021,São Paulo,Sesi Franca,90.01137931034482,35.827586206896555,38.804827586206905,15.378965517241378,42.034827586206895,11.36758620689655,30.66724137931034,19.31,12.367931034482757,1.6365517241379308,11.942758620689656,32.29827586206897,36.96068965517241,19.402068965517245,34.172758620689656,56.9903448275862,15.378965517241378,20.815517241379315,74.0841379310345,2.689310344827586,5.540344827586208,0.4575862068965517,2.81551724137931,17.79310344827586,0.16103448275862065,12.367931034482757,1.9082758620689657,106.74724137931035,80.86940652818993,28.548961424332344,41.05044510385757,15.925786350148368,32.79035608308605,9.158278931750742,23.632077151335313,15.429228486646883,13.526231454005934,1.262700296735904,7.964362017804154,22.155341246290803,35.70011869436204,20.525222551928785,38.67554896142433,53.47376854599402,15.925786350148368,21.30860534124629,74.55982195845692,1.8743323442136504,8.185014836795252,0.6532344213649853,2.5538872403560835,20.576706231454008,0.13020771513353113,13.526231454005934,2.2453115727002966,89.68445103857567
