placar_casa,placar_visitante,data,round,stage,ano,equipe_casa,equipe_visitante,Pts_casa,3P_casa,2P_casa,LL_casa,RT_casa,RO_casa,RD_casa,AS_casa,ER_casa,IA%_casa,3PC_casa,3PT_casa,3P%_casa,2PC_casa,2PT_casa,2P%_casa,LLC_casa,LLT_casa,LL%_casa,EN_casa,BR_casa,B/E_casa,TO_casa,FC_casa,T/FC_casa,ET_casa,VI_casa,EF_casa,Pts_visitante,3P_visitante,2P_visitante,LL_visitante,RT_visitante,RO_visitante,RD_visitante,AS_visitante,ER_visitante,IA%_visitante,3PC_visitante,3PT_visitante,3P%_visitante,2PC_visitante,2PT_visitante,2P%_visitante,LLC_visitante,LLT_visitante,LL%_visitante,EN_visitante,BR_visitante,B/E_visitante,TO_visitante,FC_visitante,T/FC_visitante,ET_visitante,VI_visitante,EF_visitante
92,89,2017-03-25,28,1,2016-2017,Brasília,Bauru Basket,86.01119402985074,30.51492537313433,42.46268656716418,16.190298507462686,34.3544776119403,9.208955223880597,25.145522388059703,17.100746268656717,13.447761194029852,1.4382462686567168,9.119402985074627,24.80597014925373,36.64925373134328,21.23134328358209,37.88059701492537,56.29220149253735,16.190298507462686,20.705223880597014,78.16690298507459,1.7388059701492538,7.757462686567164,0.6415671641791042,3.0111940298507465,21.563432835820894,0.14925373134328357,13.447761194029852,2.037313432835821,99.24626865671642,83.16541353383458,32.8984962406015,39.015037593984964,15.334586466165414,34.11278195488722,9.68796992481203,24.424812030075188,15.612781954887218,11.81203007518797,1.4719924812030063,9.605263157894736,25.5,37.96127819548873,19.507518796992482,36.36466165413534,54.20703007518793,15.334586466165414,20.30075187969925,75.56781954887214,1.4248120300751879,7.695488721804511,0.7192481203007515,1.744360902255639,18.37593984962406,0.09902255639097739,11.81203007518797,2.1503759398496243,93.98496240601504
