placar_casa,placar_visitante,data,round,stage,ano,equipe_casa,equipe_visitante,Pts_casa,3P_casa,2P_casa,LL_casa,RT_casa,RO_casa,RD_casa,AS_casa,ER_casa,IA%_casa,3PC_casa,3PT_casa,3P%_casa,2PC_casa,2PT_casa,2P%_casa,LLC_casa,LLT_casa,LL%_casa,EN_casa,BR_casa,B/E_casa,TO_casa,FC_casa,T/FC_casa,ET_casa,VI_casa,EF_casa,Pts_visitante,3P_visitante,2P_visitante,LL_visitante,RT_visitante,RO_visitante,RD_visitante,AS_visitante,ER_visitante,IA%_visitante,3PC_visitante,3PT_visitante,3P%_visitante,2PC_visitante,2PT_visitante,2P%_visitante,LLC_visitante,LLT_visitante,LL%_visitante,EN_visitante,BR_visitante,B/E_visitante,TO_visitante,FC_visitante,T/FC_visitante,ET_visitante,VI_visitante,EF_visitante
65,71,2023-12-23,10,1,2023-2024,União Corinthians,Pinheiros,75.81448717948719,28.846153846153847,34.60282051282052,12.365512820512818,36.36564102564103,9.820641025641029,26.545,16.01961538461538,12.948846153846151,1.3056410256410256,9.61525641025641,30.045384615384627,32.02025641025642,17.301025641025642,35.87166666666666,48.431282051282054,12.365512820512818,17.32051282051282,71.36769230769231,1.4998717948717948,7.275769230769231,0.5808974358974357,2.2946153846153843,20.685769230769235,0.11397435897435901,12.948846153846151,2.1856410256410257,80.8651282051282,82.04770419426055,28.20971302428256,40.04710816777041,15.274437086092714,35.430529801324504,10.352494481236203,25.0780353200883,16.11399558498896,13.601876379690948,1.2641059602649016,8.908697571743929,24.871920529801322,35.96697571743931,20.02353200883002,38.551081677704204,52.296534216335594,15.274437086092714,20.808653421633554,73.19467991169978,1.8218763796909498,7.829999999999999,0.6078807947019865,2.413598233995584,19.7837527593819,0.12697571743929342,13.601876379690948,2.350309050772626,91.06099337748348
