placar_casa,placar_visitante,data,round,stage,ano,equipe_casa,equipe_visitante,Pts_casa,3P_casa,2P_casa,LL_casa,RT_casa,RO_casa,RD_casa,AS_casa,ER_casa,IA%_casa,3PC_casa,3PT_casa,3P%_casa,2PC_casa,2PT_casa,2P%_casa,LLC_casa,LLT_casa,LL%_casa,EN_casa,BR_casa,B/E_casa,TO_casa,FC_casa,T/FC_casa,ET_casa,VI_casa,EF_casa,Pts_visitante,3P_visitante,2P_visitante,LL_visitante,RT_visitante,RO_visitante,RD_visitante,AS_visitante,ER_visitante,IA%_visitante,3PC_visitante,3PT_visitante,3P%_visitante,2PC_visitante,2PT_visitante,2P%_visitante,LLC_visitante,LLT_visitante,LL%_visitante,EN_visitante,BR_visitante,B/E_visitante,TO_visitante,FC_visitante,T/FC_visitante,ET_visitante,VI_visitante,EF_visitante
60,77,2023-05-03,3,4,2022-2023,Pinheiros,São Paulo,82.34392201834868,28.279816513761467,40.23394495412844,15.371513761467888,35.318876146788995,10.295917431192661,25.02295871559633,16.09169724770642,13.550435779816514,1.2670871559633035,8.912798165137614,24.77059633027523,36.104587155963316,20.11697247706422,38.70408256880734,52.349128440367025,15.371513761467888,20.88756880733945,73.41763761467888,1.8462614678899092,7.917408256880734,0.6160550458715595,2.4404128440366963,19.83724770642202,0.12827981651376127,13.550435779816514,2.332637614678898,91.48616972477068,86.38242647058824,32.93382352941177,39.42632352941176,14.021838235294119,37.831102941176475,9.036617647058822,28.794044117647054,18.014779411764707,11.808897058823531,1.6119852941176478,10.977941176470585,29.963235294117652,36.539926470588235,19.713382352941178,34.4264705882353,57.380588235294134,14.021838235294119,18.646764705882354,75.37514705882352,2.110294117647059,6.7058823529411775,0.5901470588235289,2.4631617647058826,17.632499999999997,0.1472794117647058,11.808897058823531,1.978014705882353,101.25735294117646
