placar_casa,placar_visitante,data,round,stage,ano,equipe_casa,equipe_visitante,Pts_casa,3P_casa,2P_casa,LL_casa,RT_casa,RO_casa,RD_casa,AS_casa,ER_casa,IA%_casa,3PC_casa,3PT_casa,3P%_casa,2PC_casa,2PT_casa,2P%_casa,LLC_casa,LLT_casa,LL%_casa,EN_casa,BR_casa,B/E_casa,TO_casa,FC_casa,T/FC_casa,ET_casa,VI_casa,EF_casa,Pts_visitante,3P_visitante,2P_visitante,LL_visitante,RT_visitante,RO_visitante,RD_visitante,AS_visitante,ER_visitante,IA%_visitante,3PC_visitante,3PT_visitante,3P%_visitante,2PC_visitante,2PT_visitante,2P%_visitante,LLC_visitante,LLT_visitante,LL%_visitante,EN_visitante,BR_visitante,B/E_visitante,TO_visitante,FC_visitante,T/FC_visitante,ET_visitante,VI_visitante,EF_visitante
79,69,2017-02-16,21,1,2016-2017,Flamengo,VipTech CMB,88.04379562043796,31.937956204379564,44.0,16.77007299270073,34.64963503649635,9.18978102189781,25.45985401459854,16.740875912408757,12.266423357664234,1.5166423357664234,9.091240875912408,23.883211678832115,38.14970802919708,22.0,38.894160583941606,56.76930656934305,16.77007299270073,22.072992700729927,75.90135036496346,1.7554744525547445,8.554744525547445,0.7633576642335765,1.9087591240875912,19.572992700729927,0.10127737226277372,12.266423357664234,1.832116788321168,101.97080291970804,77.3157894736842,27.473684210526315,34.421052631578945,15.421052631578947,36.05263157894737,11.263157894736842,24.789473684210527,14.842105263157896,13.157894736842104,1.1878947368421056,9.157894736842104,27.0,33.91789473684211,17.210526315789473,36.21052631578947,48.00473684210527,15.421052631578947,21.105263157894736,72.1115789473684,1.105263157894737,7.2105263157894735,0.5778947368421052,2.8421052631578947,20.105263157894736,0.14684210526315788,13.157894736842104,3.3684210526315788,82.57894736842105
