placar_casa,placar_visitante,data,round,stage,ano,equipe_casa,equipe_visitante,Pts_casa,3P_casa,2P_casa,LL_casa,RT_casa,RO_casa,RD_casa,AS_casa,ER_casa,IA%_casa,3PC_casa,3PT_casa,3P%_casa,2PC_casa,2PT_casa,2P%_casa,LLC_casa,LLT_casa,LL%_casa,EN_casa,BR_casa,B/E_casa,TO_casa,FC_casa,T/FC_casa,ET_casa,VI_casa,EF_casa,Pts_visitante,3P_visitante,2P_visitante,LL_visitante,RT_visitante,RO_visitante,RD_visitante,AS_visitante,ER_visitante,IA%_visitante,3PC_visitante,3PT_visitante,3P%_visitante,2PC_visitante,2PT_visitante,2P%_visitante,LLC_visitante,LLT_visitante,LL%_visitante,EN_visitante,BR_visitante,B/E_visitante,TO_visitante,FC_visitante,T/FC_visitante,ET_visitante,VI_visitante,EF_visitante
94,79,2013-12-07,8,1,2013-2014,Paulistano,Fortaleza B. C. / CFO,79.29411764705883,33.680672268907564,41.19327731092437,15.008403361344538,31.48739495798319,10.067226890756302,21.42016806722689,13.403361344537815,14.521008403361344,1.0147058823529413,7.697478991596639,22.11764705882353,35.42151260504202,20.596638655462186,39.65546218487395,52.108907563025184,15.008403361344538,21.941176470588236,67.81033613445378,1.6470588235294117,7.2521008403361344,0.545294117647059,2.168067226890756,22.22689075630252,0.10176470588235292,14.521008403361344,2.100840336134454,82.25210084033614,79.80434782608695,47.02173913043478,44.17391304347826,14.23913043478261,30.17391304347826,8.782608695652174,21.391304347826086,13.804347826086957,11.043478260869565,1.5047826086956522,7.130434782608695,21.02173913043478,34.35195652173912,22.08695652173913,42.30434782608695,52.53304347826088,14.23913043478261,19.043478260869566,74.30934782608696,1.2173913043478262,7.956521739130435,0.870869565217391,2.3260869565217392,21.043478260869566,0.11543478260869565,11.043478260869565,2.739130434782609,88.6304347826087
