placar_casa,placar_visitante,data,round,stage,ano,equipe_casa,equipe_visitante,Pts_casa,3P_casa,2P_casa,LL_casa,RT_casa,RO_casa,RD_casa,AS_casa,ER_casa,IA%_casa,3PC_casa,3PT_casa,3P%_casa,2PC_casa,2PT_casa,2P%_casa,LLC_casa,LLT_casa,LL%_casa,EN_casa,BR_casa,B/E_casa,TO_casa,FC_casa,T/FC_casa,ET_casa,VI_casa,EF_casa,Pts_visitante,3P_visitante,2P_visitante,LL_visitante,RT_visitante,RO_visitante,RD_visitante,AS_visitante,ER_visitante,IA%_visitante,3PC_visitante,3PT_visitante,3P%_visitante,2PC_visitante,2PT_visitante,2P%_visitante,LLC_visitante,LLT_visitante,LL%_visitante,EN_visitante,BR_visitante,B/E_visitante,TO_visitante,FC_visitante,T/FC_visitante,ET_visitante,VI_visitante,EF_visitante
66,63,2022-11-25,6,1,2022-2023,Caxias do Sul Basquete,Paulistano,72.60157894736842,23.36842105263158,35.616691729323314,13.616691729323309,33.751804511278195,9.075263157894735,24.676541353383456,14.748270676691728,13.883458646616544,1.1157142857142859,7.789548872180453,24.108947368421052,32.3687969924812,17.808120300751877,36.315939849624066,49.074812030075186,13.616691729323309,19.31203007518797,70.35180451127817,1.1690225563909773,7.785864661654133,0.5751127819548871,1.7706015037593985,21.439624060150372,0.08721804511278199,13.883458646616544,2.9474436090225566,76.25187969924812,79.90325062034738,29.508684863523573,38.918138957816375,14.602977667493796,36.225806451612904,11.46406947890819,24.761736972704714,14.9975682382134,13.38210918114144,1.23970223325062,8.794019851116625,25.920645161290324,34.309851116625296,19.459032258064514,38.28791563275434,51.130843672456564,14.602977667493796,19.89076923076923,73.10741935483873,1.7544665012406935,7.645161290322581,0.6240942928039706,1.9404714640198508,21.141439205955336,0.09558312655086841,13.38210918114144,2.4516129032258065,87.10429280397018
