placar_casa,placar_visitante,data,round,stage,ano,equipe_casa,equipe_visitante,Pts_casa,3P_casa,2P_casa,LL_casa,RT_casa,RO_casa,RD_casa,AS_casa,ER_casa,IA%_casa,3PC_casa,3PT_casa,3P%_casa,2PC_casa,2PT_casa,2P%_casa,LLC_casa,LLT_casa,LL%_casa,EN_casa,BR_casa,B/E_casa,TO_casa,FC_casa,T/FC_casa,ET_casa,VI_casa,EF_casa,Pts_visitante,3P_visitante,2P_visitante,LL_visitante,RT_visitante,RO_visitante,RD_visitante,AS_visitante,ER_visitante,IA%_visitante,3PC_visitante,3PT_visitante,3P%_visitante,2PC_visitante,2PT_visitante,2P%_visitante,LLC_visitante,LLT_visitante,LL%_visitante,EN_visitante,BR_visitante,B/E_visitante,TO_visitante,FC_visitante,T/FC_visitante,ET_visitante,VI_visitante,EF_visitante
80,89,2021-10-28,2,1,2021-2022,Pinheiros,Sesi Franca,82.55486263736267,28.471153846153847,40.14010989010989,15.789835164835164,34.002829670329675,9.58934065934066,24.41348901098901,15.776098901098901,13.489010989010989,1.2520604395604398,8.874972527472528,24.25,36.65574175824177,20.070054945054945,38.20321428571428,52.910302197802224,15.789835164835164,21.274697802197803,74.10892857142855,1.8488736263736267,8.002774725274726,0.6270329670329667,2.4437637362637354,20.059175824175828,0.12689560439560424,13.489010989010989,2.3228846153846145,91.35846153846157,81.3007859078591,28.40650406504065,41.27639566395664,15.869837398373981,33.094959349593495,9.063739837398375,24.031219512195122,15.804878048780488,13.435013550135503,1.2939837398373975,8.05140921409214,22.34552845528455,35.80065040650407,20.638238482384825,38.79672086720867,53.58018970189697,15.869837398373981,21.158536585365855,74.87739837398375,1.894254742547426,8.116585365853659,0.6496205962059624,2.5311924119241187,20.46346883468835,0.12932249322493228,13.435013550135503,2.173414634146342,90.68284552845533
