placar_casa,placar_visitante,data,round,stage,ano,equipe_casa,equipe_visitante,Pts_casa,3P_casa,2P_casa,LL_casa,RT_casa,RO_casa,RD_casa,AS_casa,ER_casa,IA%_casa,3PC_casa,3PT_casa,3P%_casa,2PC_casa,2PT_casa,2P%_casa,LLC_casa,LLT_casa,LL%_casa,EN_casa,BR_casa,B/E_casa,TO_casa,FC_casa,T/FC_casa,ET_casa,VI_casa,EF_casa,Pts_visitante,3P_visitante,2P_visitante,LL_visitante,RT_visitante,RO_visitante,RD_visitante,AS_visitante,ER_visitante,IA%_visitante,3PC_visitante,3PT_visitante,3P%_visitante,2PC_visitante,2PT_visitante,2P%_visitante,LLC_visitante,LLT_visitante,LL%_visitante,EN_visitante,BR_visitante,B/E_visitante,TO_visitante,FC_visitante,T/FC_visitante,ET_visitante,VI_visitante,EF_visitante
65,73,2019-03-26,12,2,2018-2019,Coop/São José Basketball,Paulistano,79.5132699619772,28.505703422053234,39.77942965779467,15.300380228136882,33.250912547528515,9.334638783269963,23.91638783269962,16.615931558935362,13.954334600760456,1.2909885931558938,8.144524714828899,23.650152091254753,34.535627376425865,19.889771863117872,37.31174904942966,53.4567680608365,15.300380228136882,20.06087452471483,75.73999999999991,0.8213307984790873,7.224372623574145,0.546882129277566,2.1825475285171096,19.828935361216733,0.118403041825095,13.954334600760456,2.171140684410646,88.30038022813689,80.98119453924916,30.02047781569966,39.59726962457338,15.663788395904437,35.059692832764505,11.19627986348123,23.863515358361777,14.37716723549488,13.743993174061433,1.1506484641638222,8.573378839590443,24.697986348122868,35.02873720136517,19.79863481228669,38.626313993174065,51.550375426621144,15.663788395904437,21.215017064846418,73.63269624573377,1.629726962457338,7.938566552901024,0.6330716723549489,1.928361774744027,21.752559726962456,0.09273037542662108,13.743993174061433,2.445392491467577,87.45225255972694
