placar_casa,placar_visitante,data,round,stage,ano,equipe_casa,equipe_visitante,Pts_casa,3P_casa,2P_casa,LL_casa,RT_casa,RO_casa,RD_casa,AS_casa,ER_casa,IA%_casa,3PC_casa,3PT_casa,3P%_casa,2PC_casa,2PT_casa,2P%_casa,LLC_casa,LLT_casa,LL%_casa,EN_casa,BR_casa,B/E_casa,TO_casa,FC_casa,T/FC_casa,ET_casa,VI_casa,EF_casa,Pts_visitante,3P_visitante,2P_visitante,LL_visitante,RT_visitante,RO_visitante,RD_visitante,AS_visitante,ER_visitante,IA%_visitante,3PC_visitante,3PT_visitante,3P%_visitante,2PC_visitante,2PT_visitante,2P%_visitante,LLC_visitante,LLT_visitante,LL%_visitante,EN_visitante,BR_visitante,B/E_visitante,TO_visitante,FC_visitante,T/FC_visitante,ET_visitante,VI_visitante,EF_visitante
83,62,2022-01-27,1,2,2021-2022,Minas,Caxias do Sul Basquete,79.80172413793103,26.775862068965516,41.396522988505744,15.155114942528735,34.741436781609195,10.074655172413792,24.666695402298853,16.272931034482756,14.028649425287355,1.247816091954024,7.750057471264369,22.39666666666667,34.56436781609194,20.69830459770115,39.14936781609195,52.99198275862068,15.155114942528735,20.522931034482756,73.5928160919539,1.5057471264367817,7.637959770114943,0.5785344827586199,2.353448275862069,21.22419540229885,0.11652298850574729,14.028649425287355,2.5746264367816103,89.0833620689655,73.3808256880734,23.174311926605505,35.89926605504588,14.307522935779817,33.76596330275229,9.17440366972477,24.59155963302752,14.871743119266053,14.036697247706426,1.110733944954128,7.724862385321103,23.720091743119266,32.576880733944954,17.949357798165135,36.376330275229364,49.428532110091766,14.307522935779817,20.229357798165136,70.60614678899083,1.3163302752293577,8.013944954128439,0.5859633027522936,1.651284403669725,21.880458715596323,0.07917431192660553,14.036697247706426,3.050550458715597,77.30275229357798
