placar_casa,placar_visitante,data,round,stage,ano,equipe_casa,equipe_visitante,Pts_casa,3P_casa,2P_casa,LL_casa,RT_casa,RO_casa,RD_casa,AS_casa,ER_casa,IA%_casa,3PC_casa,3PT_casa,3P%_casa,2PC_casa,2PT_casa,2P%_casa,LLC_casa,LLT_casa,LL%_casa,EN_casa,BR_casa,B/E_casa,TO_casa,FC_casa,T/FC_casa,ET_casa,VI_casa,EF_casa,Pts_visitante,3P_visitante,2P_visitante,LL_visitante,RT_visitante,RO_visitante,RD_visitante,AS_visitante,ER_visitante,IA%_visitante,3PC_visitante,3PT_visitante,3P%_visitante,2PC_visitante,2PT_visitante,2P%_visitante,LLC_visitante,LLT_visitante,LL%_visitante,EN_visitante,BR_visitante,B/E_visitante,TO_visitante,FC_visitante,T/FC_visitante,ET_visitante,VI_visitante,EF_visitante
74,62,2013-11-23,4,1,2013-2014,Pinheiros,Flamengo,86.01550387596899,33.74418604651163,40.83720930232558,16.643410852713178,30.0,7.945736434108527,22.05426356589147,15.643410852713178,12.790697674418604,1.322015503875969,9.511627906976743,24.6046511627907,38.790620155038745,20.41860465116279,36.51937984496124,56.23224806201549,16.643410852713178,22.356589147286822,74.15007751937982,2.248062015503876,7.054263565891473,0.5841860465116279,2.395348837209302,19.8062015503876,0.12627906976744188,12.790697674418604,1.930232558139535,94.44186046511628,90.21897810218978,36.52554744525548,45.57664233576642,17.445255474452555,32.54744525547445,8.248175182481752,24.2992700729927,15.262773722627736,12.021897810218977,1.432627737226277,9.065693430656934,23.26277372262774,39.201459854014594,22.78832116788321,39.56204379562044,57.845036496350346,17.445255474452555,23.036496350364963,75.92649635036496,1.781021897810219,7.9489051094890515,0.7260583941605839,1.7080291970802919,19.67153284671533,0.0885401459854015,12.021897810218977,1.562043795620438,101.75912408759125
