placar_casa,placar_visitante,data,round,stage,ano,equipe_casa,equipe_visitante,Pts_casa,3P_casa,2P_casa,LL_casa,RT_casa,RO_casa,RD_casa,AS_casa,ER_casa,IA%_casa,3PC_casa,3PT_casa,3P%_casa,2PC_casa,2PT_casa,2P%_casa,LLC_casa,LLT_casa,LL%_casa,EN_casa,BR_casa,B/E_casa,TO_casa,FC_casa,T/FC_casa,ET_casa,VI_casa,EF_casa,Pts_visitante,3P_visitante,2P_visitante,LL_visitante,RT_visitante,RO_visitante,RD_visitante,AS_visitante,ER_visitante,IA%_visitante,3PC_visitante,3PT_visitante,3P%_visitante,2PC_visitante,2PT_visitante,2P%_visitante,LLC_visitante,LLT_visitante,LL%_visitante,EN_visitante,BR_visitante,B/E_visitante,TO_visitante,FC_visitante,T/FC_visitante,ET_visitante,VI_visitante,EF_visitante
70,84,2019-10-29,3,1,2019-2020,Botafogo,Paulistano,75.43589743589743,25.615384615384617,36.87179487179487,12.948717948717949,34.256410256410255,11.076923076923077,23.17948717948718,16.076923076923077,13.794871794871796,1.2453846153846155,8.538461538461538,24.333333333333332,35.40153846153846,18.435897435897434,36.94871794871795,49.893333333333324,12.948717948717949,17.512820512820515,73.80333333333334,1.2564102564102564,6.871794871794871,0.524871794871795,1.9230769230769231,22.897435897435898,0.08589743589743588,13.794871794871796,2.7948717948717947,81.71794871794872,80.9966220735786,29.989966555183948,39.591973244147155,15.628729096989966,35.18725752508361,11.227458193979935,23.95989966555184,14.498361204013378,13.702307692307691,1.165652173913043,8.591973244147157,24.866254180602006,34.90117056856186,19.795986622073578,38.578628762541804,51.62086956521737,15.628729096989966,21.157190635451506,73.68304347826087,1.6756187290969902,7.909698996655519,0.6317725752508362,1.9231103678929762,21.76923076923077,0.09237458193979922,13.702307692307691,2.4381270903010033,87.6120735785953
