placar_casa,placar_visitante,data,round,stage,ano,equipe_casa,equipe_visitante,Pts_casa,3P_casa,2P_casa,LL_casa,RT_casa,RO_casa,RD_casa,AS_casa,ER_casa,IA%_casa,3PC_casa,3PT_casa,3P%_casa,2PC_casa,2PT_casa,2P%_casa,LLC_casa,LLT_casa,LL%_casa,EN_casa,BR_casa,B/E_casa,TO_casa,FC_casa,T/FC_casa,ET_casa,VI_casa,EF_casa,Pts_visitante,3P_visitante,2P_visitante,LL_visitante,RT_visitante,RO_visitante,RD_visitante,AS_visitante,ER_visitante,IA%_visitante,3PC_visitante,3PT_visitante,3P%_visitante,2PC_visitante,2PT_visitante,2P%_visitante,LLC_visitante,LLT_visitante,LL%_visitante,EN_visitante,BR_visitante,B/E_visitante,TO_visitante,FC_visitante,T/FC_visitante,ET_visitante,VI_visitante,EF_visitante
76,69,2023-03-09,6,2,2022-2023,Pinheiros,Pato Basquete,82.30341176470594,28.327058823529413,40.16470588235294,15.392894117647058,35.12948235294118,10.20004705882353,24.92943529411765,16.03524705882353,13.527035294117647,1.2654588235294122,8.915247058823528,24.76701176470588,36.13209411764707,20.08235294117647,38.59995294117647,52.395976470588295,15.392894117647058,20.894070588235294,73.46842352941174,1.8399294117647067,7.927035294117647,0.6175529411764702,2.4541647058823517,19.788329411764707,0.1293176470588233,13.527035294117647,2.3365411764705875,91.35992941176474,74.08466101694916,24.78813559322034,36.61025423728814,12.68652542372881,35.61822033898304,10.694830508474574,24.923898305084744,14.533813559322033,14.050677966101688,1.1095762711864405,8.262457627118645,25.821864406779657,31.919661016949153,18.305,38.44076271186441,47.66533898305086,12.68652542372881,18.593389830508475,67.98949152542374,1.1780508474576274,7.517033898305085,0.5577118644067799,1.5849152542372882,20.796440677966103,0.07745762711864408,14.050677966101688,3.0255932203389837,75.67796610169492
