placar_casa,placar_visitante,data,round,stage,ano,equipe_casa,equipe_visitante,Pts_casa,3P_casa,2P_casa,LL_casa,RT_casa,RO_casa,RD_casa,AS_casa,ER_casa,IA%_casa,3PC_casa,3PT_casa,3P%_casa,2PC_casa,2PT_casa,2P%_casa,LLC_casa,LLT_casa,LL%_casa,EN_casa,BR_casa,B/E_casa,TO_casa,FC_casa,T/FC_casa,ET_casa,VI_casa,EF_casa,Pts_visitante,3P_visitante,2P_visitante,LL_visitante,RT_visitante,RO_visitante,RD_visitante,AS_visitante,ER_visitante,IA%_visitante,3PC_visitante,3PT_visitante,3P%_visitante,2PC_visitante,2PT_visitante,2P%_visitante,LLC_visitante,LLT_visitante,LL%_visitante,EN_visitante,BR_visitante,B/E_visitante,TO_visitante,FC_visitante,T/FC_visitante,ET_visitante,VI_visitante,EF_visitante
91,93,2014-01-08,14,1,2013-2014,Pinheiros,Paulistano,86.15942028985508,33.78260869565217,40.65217391304348,16.594202898550726,30.23913043478261,7.942028985507246,22.297101449275363,15.731884057971014,12.746376811594203,1.3326086956521739,9.63768115942029,24.768115942028984,39.04659420289854,20.32608695652174,36.38405797101449,56.1705072463768,16.594202898550726,22.166666666666668,74.568768115942,2.289855072463768,7.166666666666667,0.5968840579710144,2.471014492753623,19.681159420289855,0.1315942028985507,12.746376811594203,1.9202898550724639,95.09420289855072,79.632,33.144,41.344,15.224,31.584,10.112,21.472,13.344,14.392,1.0210400000000002,7.688,22.216,35.216800000000006,20.672,39.592,52.37751999999998,15.224,21.992,68.58952000000002,1.584,7.4,0.5623200000000002,2.12,22.184,0.09967999999999996,14.392,2.08,82.88
