placar_casa,placar_visitante,data,round,stage,ano,equipe_casa,equipe_visitante,Pts_casa,3P_casa,2P_casa,LL_casa,RT_casa,RO_casa,RD_casa,AS_casa,ER_casa,IA%_casa,3PC_casa,3PT_casa,3P%_casa,2PC_casa,2PT_casa,2P%_casa,LLC_casa,LLT_casa,LL%_casa,EN_casa,BR_casa,B/E_casa,TO_casa,FC_casa,T/FC_casa,ET_casa,VI_casa,EF_casa,Pts_visitante,3P_visitante,2P_visitante,LL_visitante,RT_visitante,RO_visitante,RD_visitante,AS_visitante,ER_visitante,IA%_visitante,3PC_visitante,3PT_visitante,3P%_visitante,2PC_visitante,2PT_visitante,2P%_visitante,LLC_visitante,LLT_visitante,LL%_visitante,EN_visitante,BR_visitante,B/E_visitante,TO_visitante,FC_visitante,T/FC_visitante,ET_visitante,VI_visitante,EF_visitante
91,95,2023-05-18,3,5,2022-2023,Minas,Sesi Franca,80.47800000000002,27.226829268292683,41.34151219512193,14.902414634146341,35.38051219512195,10.043878048780487,25.336634146341463,16.604829268292683,13.985243902439022,1.2777073170731719,8.07809756097561,23.036658536585367,34.9180975609756,20.67068292682927,38.699951219512194,53.547780487804886,14.902414634146341,20.08041463414634,74.02999999999984,1.7097073170731714,7.380560975609757,0.5605121951219505,2.3121707317073175,20.787902439024393,0.11670731707317081,13.985243902439022,2.656073170731709,90.65856097560975,82.71271714922048,29.251670378619153,41.16701559020046,15.788329621380845,34.39204899777283,9.1960579064588,25.19599109131403,16.21826280623608,13.15815144766147,1.3746770601336311,8.585657015590199,23.614721603563474,36.10053452115812,20.583541202672606,38.182605790645894,54.312605790645875,15.788329621380845,20.944365256124723,75.42748329621381,1.9776837416481075,7.6615144766147,0.6248552338530069,2.5278173719376387,19.96661469933185,0.13336302895322946,13.15815144766147,2.10913140311804,93.40084632516707
