placar_casa,placar_visitante,data,round,stage,ano,equipe_casa,equipe_visitante,Pts_casa,3P_casa,2P_casa,LL_casa,RT_casa,RO_casa,RD_casa,AS_casa,ER_casa,IA%_casa,3PC_casa,3PT_casa,3P%_casa,2PC_casa,2PT_casa,2P%_casa,LLC_casa,LLT_casa,LL%_casa,EN_casa,BR_casa,B/E_casa,TO_casa,FC_casa,T/FC_casa,ET_casa,VI_casa,EF_casa,Pts_visitante,3P_visitante,2P_visitante,LL_visitante,RT_visitante,RO_visitante,RD_visitante,AS_visitante,ER_visitante,IA%_visitante,3PC_visitante,3PT_visitante,3P%_visitante,2PC_visitante,2PT_visitante,2P%_visitante,LLC_visitante,LLT_visitante,LL%_visitante,EN_visitante,BR_visitante,B/E_visitante,TO_visitante,FC_visitante,T/FC_visitante,ET_visitante,VI_visitante,EF_visitante
68,77,2015-12-09,9,1,2015-2016,Rio Claro,Fortaleza B. C. / CFO,78.05263157894737,21.86842105263158,41.68421052631579,14.5,30.736842105263158,8.289473684210526,22.44736842105263,16.86842105263158,14.289473684210526,1.2842105263157897,7.2894736842105265,21.894736842105264,32.64421052631578,20.842105263157894,38.76315789473684,53.80789473684211,14.5,18.710526315789473,77.1421052631579,1.763157894736842,10.631578947368421,0.7826315789473682,1.605263157894737,19.973684210526315,0.0831578947368421,14.289473684210526,3.289473684210526,86.86842105263158,78.08035714285714,33.24107142857143,41.67857142857143,13.6875,33.44642857142857,10.080357142857142,23.366071428571427,13.464285714285714,12.330357142857142,1.2520535714285717,7.571428571428571,22.973214285714285,33.48830357142857,20.839285714285715,40.705357142857146,51.45303571428574,13.6875,18.901785714285715,72.27535714285715,1.4285714285714286,9.053571428571429,0.8283928571428569,2.4732142857142856,20.196428571428573,0.12776785714285713,12.330357142857142,2.642857142857143,85.5625
