placar_casa,placar_visitante,data,round,stage,ano,equipe_casa,equipe_visitante,Pts_casa,3P_casa,2P_casa,LL_casa,RT_casa,RO_casa,RD_casa,AS_casa,ER_casa,IA%_casa,3PC_casa,3PT_casa,3P%_casa,2PC_casa,2PT_casa,2P%_casa,LLC_casa,LLT_casa,LL%_casa,EN_casa,BR_casa,B/E_casa,TO_casa,FC_casa,T/FC_casa,ET_casa,VI_casa,EF_casa,Pts_visitante,3P_visitante,2P_visitante,LL_visitante,RT_visitante,RO_visitante,RD_visitante,AS_visitante,ER_visitante,IA%_visitante,3PC_visitante,3PT_visitante,3P%_visitante,2PC_visitante,2PT_visitante,2P%_visitante,LLC_visitante,LLT_visitante,LL%_visitante,EN_visitante,BR_visitante,B/E_visitante,TO_visitante,FC_visitante,T/FC_visitante,ET_visitante,VI_visitante,EF_visitante
96,73,2014-11-05,1,1,2014-2015,L. Sorocabana,Macaé Basquete,76.15730337078652,34.449438202247194,38.29213483146067,16.39325842696629,28.48314606741573,9.146067415730338,19.337078651685392,10.685393258426966,11.955056179775282,0.9571910112359551,7.157303370786517,21.51685393258427,33.27876404494383,19.146067415730336,37.87640449438202,50.73044943820223,16.39325842696629,21.651685393258425,75.61977528089888,1.3370786516853932,8.438202247191011,0.7582022471910113,1.5056179775280898,20.910112359550563,0.07280898876404494,11.955056179775282,2.5280898876404496,78.41573033707866,80.3125,25.40625,38.375,16.53125,30.84375,6.75,24.09375,14.875,12.96875,1.3906250000000002,8.46875,22.0625,38.433125,19.1875,35.6875,54.04406250000002,16.53125,21.375,78.290625,1.46875,9.1875,0.9012500000000001,1.6875,21.6875,0.07875000000000003,12.96875,2.5,89.0
