placar_casa,placar_visitante,data,round,stage,ano,equipe_casa,equipe_visitante,Pts_casa,3P_casa,2P_casa,LL_casa,RT_casa,RO_casa,RD_casa,AS_casa,ER_casa,IA%_casa,3PC_casa,3PT_casa,3P%_casa,2PC_casa,2PT_casa,2P%_casa,LLC_casa,LLT_casa,LL%_casa,EN_casa,BR_casa,B/E_casa,TO_casa,FC_casa,T/FC_casa,ET_casa,VI_casa,EF_casa,Pts_visitante,3P_visitante,2P_visitante,LL_visitante,RT_visitante,RO_visitante,RD_visitante,AS_visitante,ER_visitante,IA%_visitante,3PC_visitante,3PT_visitante,3P%_visitante,2PC_visitante,2PT_visitante,2P%_visitante,LLC_visitante,LLT_visitante,LL%_visitante,EN_visitante,BR_visitante,B/E_visitante,TO_visitante,FC_visitante,T/FC_visitante,ET_visitante,VI_visitante,EF_visitante
75,76,2009-11-15,3,1,2009-2010,Saldanha,Pinheiros,72.72413793103448,22.75862068965517,37.241379310344826,12.724137931034482,29.24137931034483,9.689655172413794,19.551724137931036,11.206896551724139,17.20689655172414,0.7072413793103448,7.586206896551724,23.75862068965517,32.13551724137931,18.620689655172413,37.3448275862069,50.32655172413793,12.724137931034482,20.896551724137932,61.216896551724126,3.1379310344827585,9.344827586206897,0.5541379310344827,1.8620689655172413,21.655172413793103,0.09000000000000002,17.20689655172414,0.06896551724137931,64.10344827586206,87.0625,28.3125,40.9375,17.8125,31.9375,9.25,22.6875,15.59375,12.8125,1.2709375,9.4375,24.71875,38.62562499999999,20.46875,37.34375,55.10437499999999,17.8125,23.90625,74.7478125,2.875,7.5,0.61,1.84375,18.53125,0.10249999999999998,12.8125,0.0625,92.875
