placar_casa,placar_visitante,data,round,stage,ano,equipe_casa,equipe_visitante,Pts_casa,3P_casa,2P_casa,LL_casa,RT_casa,RO_casa,RD_casa,AS_casa,ER_casa,IA%_casa,3PC_casa,3PT_casa,3P%_casa,2PC_casa,2PT_casa,2P%_casa,LLC_casa,LLT_casa,LL%_casa,EN_casa,BR_casa,B/E_casa,TO_casa,FC_casa,T/FC_casa,ET_casa,VI_casa,EF_casa,Pts_visitante,3P_visitante,2P_visitante,LL_visitante,RT_visitante,RO_visitante,RD_visitante,AS_visitante,ER_visitante,IA%_visitante,3PC_visitante,3PT_visitante,3P%_visitante,2PC_visitante,2PT_visitante,2P%_visitante,LLC_visitante,LLT_visitante,LL%_visitante,EN_visitante,BR_visitante,B/E_visitante,TO_visitante,FC_visitante,T/FC_visitante,ET_visitante,VI_visitante,EF_visitante
82,91,2016-03-27,11,2,2015-2016,L. Sorocabana,Mogi,75.29655172413793,28.36551724137931,39.61379310344827,15.282758620689656,30.50344827586207,10.655172413793103,19.848275862068967,11.248275862068965,12.744827586206897,0.9514482758620688,6.8,21.158620689655173,31.925931034482755,19.806896551724137,39.86896551724138,49.8942068965517,15.282758620689656,20.47586206896552,74.09924137931037,1.4068965517241379,9.613793103448275,0.8165517241379313,1.6827586206896552,21.46896551724138,0.08255172413793103,12.744827586206897,2.820689655172414,78.10344827586206,80.34482758620689,30.413793103448278,40.59310344827586,17.36551724137931,35.62758620689655,11.613793103448275,24.013793103448275,14.558620689655172,14.193103448275862,1.1283448275862071,7.462068965517242,21.082758620689656,35.60972413793103,20.29655172413793,40.4551724137931,50.384758620689645,17.36551724137931,23.324137931034482,74.0863448275862,1.3448275862068966,9.137931034482758,0.7017241379310345,1.7448275862068965,22.048275862068966,0.0833793103448276,14.193103448275862,2.972413793103448,89.35862068965517
