placar_casa,placar_visitante,data,round,stage,ano,equipe_casa,equipe_visitante,Pts_casa,3P_casa,2P_casa,LL_casa,RT_casa,RO_casa,RD_casa,AS_casa,ER_casa,IA%_casa,3PC_casa,3PT_casa,3P%_casa,2PC_casa,2PT_casa,2P%_casa,LLC_casa,LLT_casa,LL%_casa,EN_casa,BR_casa,B/E_casa,TO_casa,FC_casa,T/FC_casa,ET_casa,VI_casa,EF_casa,Pts_visitante,3P_visitante,2P_visitante,LL_visitante,RT_visitante,RO_visitante,RD_visitante,AS_visitante,ER_visitante,IA%_visitante,3PC_visitante,3PT_visitante,3P%_visitante,2PC_visitante,2PT_visitante,2P%_visitante,LLC_visitante,LLT_visitante,LL%_visitante,EN_visitante,BR_visitante,B/E_visitante,TO_visitante,FC_visitante,T/FC_visitante,ET_visitante,VI_visitante,EF_visitante
72,90,2022-04-13,11,2,2021-2022,UNIFACISA,BRB/Brasília,81.23573033707865,29.764044943820224,39.258426966292134,12.213932584269662,37.10078651685392,10.48269662921348,26.61842696629214,17.011348314606742,12.97752808988764,1.3821348314606747,9.921123595505616,27.95528089887641,35.31831460674158,19.62921348314607,37.651685393258425,52.30752808988765,12.213932584269662,16.326067415730332,74.17808988764045,1.4605617977528091,7.314719101123597,0.6006741573033708,1.9666292134831465,20.045168539325847,0.10067415730337077,12.97752808988764,2.3034831460674154,91.4608988764045,75.92648148148149,26.11111111111111,35.59222222222223,14.222037037037037,39.44425925925926,10.981296296296296,28.462962962962962,14.796111111111113,15.203888888888889,1.0301851851851846,8.703518518518518,27.592222222222222,31.158333333333328,17.796666666666667,36.630185185185184,48.72759259259261,14.222037037037037,19.962592592592593,71.19962962962963,0.7405555555555554,5.758888888888889,0.3946296296296297,1.8699999999999999,18.9812962962963,0.10129629629629629,15.203888888888889,2.4444444444444446,79.12962962962963
