placar_casa,placar_visitante,data,round,stage,ano,equipe_casa,equipe_visitante,Pts_casa,3P_casa,2P_casa,LL_casa,RT_casa,RO_casa,RD_casa,AS_casa,ER_casa,IA%_casa,3PC_casa,3PT_casa,3P%_casa,2PC_casa,2PT_casa,2P%_casa,LLC_casa,LLT_casa,LL%_casa,EN_casa,BR_casa,B/E_casa,TO_casa,FC_casa,T/FC_casa,ET_casa,VI_casa,EF_casa,Pts_visitante,3P_visitante,2P_visitante,LL_visitante,RT_visitante,RO_visitante,RD_visitante,AS_visitante,ER_visitante,IA%_visitante,3PC_visitante,3PT_visitante,3P%_visitante,2PC_visitante,2PT_visitante,2P%_visitante,LLC_visitante,LLT_visitante,LL%_visitante,EN_visitante,BR_visitante,B/E_visitante,TO_visitante,FC_visitante,T/FC_visitante,ET_visitante,VI_visitante,EF_visitante
56,69,2024-06-01,1,6,2023-2024,Flamengo,Sesi Franca,86.96284600389869,32.707602339181285,41.103235867446415,15.643235867446393,37.52040935672516,10.421052631578947,27.099473684210526,18.17543859649123,12.403508771929825,1.6034892787524382,10.072163742690059,27.407387914230018,36.98216374269005,20.551734892787525,36.61405458089669,56.27658869395715,15.643235867446393,20.727134502923978,75.27066276803113,1.6217543859649133,7.803177387914231,0.6827290448343079,1.8597270955165683,18.732923976608188,0.10391812865497085,12.403508771929825,1.9531773879142305,102.14220272904488,83.2187673956262,29.445328031809144,41.069622266401566,15.822922465208745,34.86687872763418,9.32610337972167,25.540775347912525,16.532743538767395,13.117316103379721,1.3961431411530825,8.775268389662026,24.043717693836978,36.24914512922464,20.534751491053676,37.92646123260436,54.516898608349905,15.822922465208745,20.87479125248509,75.84640159045728,2.003976143141153,7.471192842942346,0.6093836978131217,2.554671968190855,19.94634194831014,0.13467196819085508,13.117316103379721,2.1432405566600408,94.55664015904574
