placar_casa,placar_visitante,data,round,stage,ano,equipe_casa,equipe_visitante,Pts_casa,3P_casa,2P_casa,LL_casa,RT_casa,RO_casa,RD_casa,AS_casa,ER_casa,IA%_casa,3PC_casa,3PT_casa,3P%_casa,2PC_casa,2PT_casa,2P%_casa,LLC_casa,LLT_casa,LL%_casa,EN_casa,BR_casa,B/E_casa,TO_casa,FC_casa,T/FC_casa,ET_casa,VI_casa,EF_casa,Pts_visitante,3P_visitante,2P_visitante,LL_visitante,RT_visitante,RO_visitante,RD_visitante,AS_visitante,ER_visitante,IA%_visitante,3PC_visitante,3PT_visitante,3P%_visitante,2PC_visitante,2PT_visitante,2P%_visitante,LLC_visitante,LLT_visitante,LL%_visitante,EN_visitante,BR_visitante,B/E_visitante,TO_visitante,FC_visitante,T/FC_visitante,ET_visitante,VI_visitante,EF_visitante
62,95,2010-03-05,5,2,2009-2010,Saldanha,Sesi Franca,72.76190476190476,21.214285714285715,39.19047619047619,12.357142857142858,29.357142857142858,9.428571428571429,19.928571428571427,10.452380952380953,15.880952380952381,0.6995238095238093,7.071428571428571,22.571428571428573,31.68880952380951,19.595238095238095,39.166666666666664,50.53119047619049,12.357142857142858,20.80952380952381,59.47999999999998,2.6666666666666665,9.5,0.6416666666666667,1.7142857142857142,21.0,0.08404761904761905,15.880952380952381,1.0952380952380953,64.38095238095238,84.41666666666667,24.125,42.208333333333336,18.083333333333332,29.770833333333332,8.520833333333334,21.25,15.145833333333334,12.333333333333334,1.386875,8.041666666666666,22.416666666666668,36.42375,21.104166666666668,41.3125,51.281458333333326,18.083333333333332,23.8125,76.00125000000001,0.75,8.291666666666666,0.7102083333333332,2.2708333333333335,22.0625,0.11374999999999998,12.333333333333334,0.6458333333333334,87.25
