placar_casa,placar_visitante,data,round,stage,ano,equipe_casa,equipe_visitante,Pts_casa,3P_casa,2P_casa,LL_casa,RT_casa,RO_casa,RD_casa,AS_casa,ER_casa,IA%_casa,3PC_casa,3PT_casa,3P%_casa,2PC_casa,2PT_casa,2P%_casa,LLC_casa,LLT_casa,LL%_casa,EN_casa,BR_casa,B/E_casa,TO_casa,FC_casa,T/FC_casa,ET_casa,VI_casa,EF_casa,Pts_visitante,3P_visitante,2P_visitante,LL_visitante,RT_visitante,RO_visitante,RD_visitante,AS_visitante,ER_visitante,IA%_visitante,3PC_visitante,3PT_visitante,3P%_visitante,2PC_visitante,2PT_visitante,2P%_visitante,LLC_visitante,LLT_visitante,LL%_visitante,EN_visitante,BR_visitante,B/E_visitante,TO_visitante,FC_visitante,T/FC_visitante,ET_visitante,VI_visitante,EF_visitante
96,66,2016-01-08,15,1,2015-2016,Flamengo,Macaé Basquete,88.49339207048457,33.44933920704846,43.85022026431718,16.823788546255507,33.9647577092511,9.0,24.964757709251103,16.24669603524229,12.140969162995594,1.5029074889867846,9.273127753303966,24.030837004405285,38.737312775330395,21.92511013215859,38.590308370044056,56.987841409691605,16.823788546255507,22.11894273127753,76.17718061674007,1.8766519823788546,8.506607929515418,0.7700881057268724,1.775330396475771,19.497797356828194,0.09400881057268726,12.140969162995594,1.6519823788546255,101.73127753303964,79.60714285714286,24.428571428571427,37.54761904761905,17.63095238095238,31.845238095238095,8.464285714285714,23.38095238095238,13.738095238095237,13.547619047619047,1.196190476190476,8.142857142857142,21.952380952380953,37.11095238095238,18.773809523809526,36.36904761904762,51.89916666666667,17.63095238095238,21.952380952380953,80.62261904761901,1.2261904761904763,8.928571428571429,0.7679761904761906,1.4166666666666667,22.30952380952381,0.06535714285714286,13.547619047619047,3.1547619047619047,86.26190476190476
