placar_casa,placar_visitante,data,round,stage,ano,equipe_casa,equipe_visitante,Pts_casa,3P_casa,2P_casa,LL_casa,RT_casa,RO_casa,RD_casa,AS_casa,ER_casa,IA%_casa,3PC_casa,3PT_casa,3P%_casa,2PC_casa,2PT_casa,2P%_casa,LLC_casa,LLT_casa,LL%_casa,EN_casa,BR_casa,B/E_casa,TO_casa,FC_casa,T/FC_casa,ET_casa,VI_casa,EF_casa,Pts_visitante,3P_visitante,2P_visitante,LL_visitante,RT_visitante,RO_visitante,RD_visitante,AS_visitante,ER_visitante,IA%_visitante,3PC_visitante,3PT_visitante,3P%_visitante,2PC_visitante,2PT_visitante,2P%_visitante,LLC_visitante,LLT_visitante,LL%_visitante,EN_visitante,BR_visitante,B/E_visitante,TO_visitante,FC_visitante,T/FC_visitante,ET_visitante,VI_visitante,EF_visitante
87,84,2023-11-21,6,1,2023-2024,Fortaleza B. C. / CFO,Pinheiros,76.46938650306748,27.634969325153374,39.30677914110429,13.144202453987731,36.28825153374233,10.478619631901843,25.810000000000002,13.674846625766872,12.99990797546012,1.1450613496932518,8.006134969325153,24.957055214723926,32.35662576687115,19.65334355828221,39.39260736196319,49.956595092024536,13.144202453987731,18.94484662576687,69.39401840490795,1.3926687116564418,8.119662576687118,0.6785582822085885,2.392484662576689,20.42325153374233,0.12052147239263805,12.99990797546012,2.6748466257668713,82.05518404907974,82.16430180180186,28.25,40.130630630630634,15.297252252252251,35.36042792792793,10.295090090090092,25.065337837837838,16.108063063063064,13.60358108108108,1.2638738738738748,8.912117117117116,24.790495495495495,36.070630630630646,20.065315315315317,38.619324324324324,52.32040540540546,15.297252252252251,20.82653153153153,73.25425675675675,1.828761261261262,7.8851126126126125,0.6120495495495493,2.4234684684684673,19.806396396396398,0.12745495495495476,13.60358108108108,2.3401576576576573,91.24542792792796
