placar_casa,placar_visitante,data,round,stage,ano,equipe_casa,equipe_visitante,Pts_casa,3P_casa,2P_casa,LL_casa,RT_casa,RO_casa,RD_casa,AS_casa,ER_casa,IA%_casa,3PC_casa,3PT_casa,3P%_casa,2PC_casa,2PT_casa,2P%_casa,LLC_casa,LLT_casa,LL%_casa,EN_casa,BR_casa,B/E_casa,TO_casa,FC_casa,T/FC_casa,ET_casa,VI_casa,EF_casa,Pts_visitante,3P_visitante,2P_visitante,LL_visitante,RT_visitante,RO_visitante,RD_visitante,AS_visitante,ER_visitante,IA%_visitante,3PC_visitante,3PT_visitante,3P%_visitante,2PC_visitante,2PT_visitante,2P%_visitante,LLC_visitante,LLT_visitante,LL%_visitante,EN_visitante,BR_visitante,B/E_visitante,TO_visitante,FC_visitante,T/FC_visitante,ET_visitante,VI_visitante,EF_visitante
85,91,2019-01-23,3,2,2018-2019,Paulistano,Pinheiros,80.72883802816904,29.87323943661972,39.61267605633803,15.679542253521126,34.901373239436616,11.165528169014085,23.735950704225353,14.25355633802817,13.690105633802816,1.1480985915492956,8.47887323943662,24.468345070422536,34.995387323943646,19.806338028169016,38.757077464788736,51.38971830985914,15.679542253521126,21.246478873239436,73.59362676056335,1.5951056338028171,8.024647887323944,0.6422535211267606,1.9155281690140842,21.714788732394368,0.09225352112676047,13.690105633802816,2.464788732394366,87.10919014084506,83.90037800687283,28.989690721649485,40.769793814432994,16.45017182130584,33.36422680412371,9.343676975945018,24.0206529209622,15.556666666666667,13.223333333333333,1.264742268041237,8.893436426116837,23.99316151202749,37.09731958762884,20.38484536082474,38.1786941580756,53.83512027491411,16.45017182130584,21.944982817869416,74.91982817869408,2.0171821305841924,8.151202749140893,0.6514432989690718,2.591030927835052,20.13405498281787,0.1345360824742267,13.223333333333333,2.343642611683849,93.29209621993127
