placar_casa,placar_visitante,data,round,stage,ano,equipe_casa,equipe_visitante,Pts_casa,3P_casa,2P_casa,LL_casa,RT_casa,RO_casa,RD_casa,AS_casa,ER_casa,IA%_casa,3PC_casa,3PT_casa,3P%_casa,2PC_casa,2PT_casa,2P%_casa,LLC_casa,LLT_casa,LL%_casa,EN_casa,BR_casa,B/E_casa,TO_casa,FC_casa,T/FC_casa,ET_casa,VI_casa,EF_casa,Pts_visitante,3P_visitante,2P_visitante,LL_visitante,RT_visitante,RO_visitante,RD_visitante,AS_visitante,ER_visitante,IA%_visitante,3PC_visitante,3PT_visitante,3P%_visitante,2PC_visitante,2PT_visitante,2P%_visitante,LLC_visitante,LLT_visitante,LL%_visitante,EN_visitante,BR_visitante,B/E_visitante,TO_visitante,FC_visitante,T/FC_visitante,ET_visitante,VI_visitante,EF_visitante
81,66,2011-12-01,5,1,2011-2012,Flamengo,Bauru Basket,91.62121212121212,30.681818181818183,43.333333333333336,17.606060606060606,32.53030303030303,8.045454545454545,24.484848484848484,16.0,12.969696969696969,1.3516666666666666,10.227272727272727,25.742424242424242,39.961060606060606,21.666666666666668,37.31818181818182,58.19318181818182,17.606060606060606,23.318181818181817,75.99787878787879,2.015151515151515,8.954545454545455,0.7580303030303032,1.8484848484848484,19.863636363636363,0.09454545454545453,12.969696969696969,0.9242424242424242,101.0,82.35087719298245,27.105263157894736,41.26315789473684,13.982456140350877,30.24561403508772,9.631578947368421,20.614035087719298,13.614035087719298,10.105263157894736,1.5870175438596492,9.035087719298245,22.82456140350877,39.664912280701756,20.63157894736842,39.19298245614035,53.098421052631586,13.982456140350877,19.29824561403509,73.06807017543859,1.5614035087719298,6.456140350877193,0.7510526315789475,1.9649122807017543,17.473684210526315,0.11807017543859655,10.105263157894736,1.0526315789473684,86.85964912280701
