placar_casa,placar_visitante,data,round,stage,ano,equipe_casa,equipe_visitante,Pts_casa,3P_casa,2P_casa,LL_casa,RT_casa,RO_casa,RD_casa,AS_casa,ER_casa,IA%_casa,3PC_casa,3PT_casa,3P%_casa,2PC_casa,2PT_casa,2P%_casa,LLC_casa,LLT_casa,LL%_casa,EN_casa,BR_casa,B/E_casa,TO_casa,FC_casa,T/FC_casa,ET_casa,VI_casa,EF_casa,Pts_visitante,3P_visitante,2P_visitante,LL_visitante,RT_visitante,RO_visitante,RD_visitante,AS_visitante,ER_visitante,IA%_visitante,3PC_visitante,3PT_visitante,3P%_visitante,2PC_visitante,2PT_visitante,2P%_visitante,LLC_visitante,LLT_visitante,LL%_visitante,EN_visitante,BR_visitante,B/E_visitante,TO_visitante,FC_visitante,T/FC_visitante,ET_visitante,VI_visitante,EF_visitante
92,73,2017-06-17,5,6,2016-2017,Bauru Basket,Paulistano,83.14035087719299,32.50526315789474,38.98947368421052,15.456140350877194,34.3859649122807,9.719298245614034,24.666666666666668,15.750877192982456,12.007017543859648,1.457017543859648,9.564912280701755,25.54385964912281,37.75775438596492,19.49473684210526,36.24561403508772,54.351298245613975,15.456140350877194,20.50526315789474,75.45031578947366,1.4280701754385965,7.663157894736842,0.7047719298245607,1.792982456140351,18.67719298245614,0.0995087719298245,12.007017543859648,2.2140350877192985,94.05263157894737,80.64419475655431,29.89887640449438,39.79775280898876,15.666666666666666,34.47191011235955,11.082397003745319,23.38951310861423,14.097378277153558,13.696629213483146,1.1389513108614233,8.393258426966293,24.10486891385768,35.12921348314606,19.89887640449438,39.01123595505618,51.311647940074906,15.666666666666666,21.217228464419474,73.6176404494382,1.5205992509363295,8.149812734082397,0.6531460674157304,1.8689138576779025,21.749063670411985,0.09007490636704114,13.696629213483146,2.49438202247191,86.75280898876404
