placar_casa,placar_visitante,data,round,stage,ano,equipe_casa,equipe_visitante,Pts_casa,3P_casa,2P_casa,LL_casa,RT_casa,RO_casa,RD_casa,AS_casa,ER_casa,IA%_casa,3PC_casa,3PT_casa,3P%_casa,2PC_casa,2PT_casa,2P%_casa,LLC_casa,LLT_casa,LL%_casa,EN_casa,BR_casa,B/E_casa,TO_casa,FC_casa,T/FC_casa,ET_casa,VI_casa,EF_casa,Pts_visitante,3P_visitante,2P_visitante,LL_visitante,RT_visitante,RO_visitante,RD_visitante,AS_visitante,ER_visitante,IA%_visitante,3PC_visitante,3PT_visitante,3P%_visitante,2PC_visitante,2PT_visitante,2P%_visitante,LLC_visitante,LLT_visitante,LL%_visitante,EN_visitante,BR_visitante,B/E_visitante,TO_visitante,FC_visitante,T/FC_visitante,ET_visitante,VI_visitante,EF_visitante
79,95,2023-11-25,6,1,2023-2024,Mogi,R10 Score Vasco da Gama,80.45326153846155,29.301538461538463,39.07492307692308,15.658430769230769,36.751784615384615,10.982584615384615,25.769292307692307,16.824676923076925,14.18347692307692,1.2866153846153843,8.573353846153847,24.457446153846153,35.245661538461555,19.537384615384614,38.12310769230769,51.494738461538375,15.658430769230769,20.95803076923077,74.54707692307686,1.5156923076923068,8.025599999999999,0.6136923076923072,2.0524,21.027569230769227,0.10166153846153839,14.18347692307692,2.645199999999999,90.97335384615384,74.74641791044776,23.955223880597014,35.701343283582084,15.089402985074628,35.22373134328358,9.791044776119403,25.432686567164176,16.7610447761194,14.724029850746266,1.1956716417910451,7.985223880597014,24.1344776119403,33.00865671641792,17.85089552238806,36.45507462686567,49.35462686567166,15.089402985074628,20.31358208955224,74.44820895522388,0.8283582089552238,6.835970149253732,0.48417910447761203,1.2986567164179106,20.544776119402986,0.06537313432835819,14.724029850746266,3.0671641791044775,80.13432835820896
