placar_casa,placar_visitante,data,round,stage,ano,equipe_casa,equipe_visitante,Pts_casa,3P_casa,2P_casa,LL_casa,RT_casa,RO_casa,RD_casa,AS_casa,ER_casa,IA%_casa,3PC_casa,3PT_casa,3P%_casa,2PC_casa,2PT_casa,2P%_casa,LLC_casa,LLT_casa,LL%_casa,EN_casa,BR_casa,B/E_casa,TO_casa,FC_casa,T/FC_casa,ET_casa,VI_casa,EF_casa,Pts_visitante,3P_visitante,2P_visitante,LL_visitante,RT_visitante,RO_visitante,RD_visitante,AS_visitante,ER_visitante,IA%_visitante,3PC_visitante,3PT_visitante,3P%_visitante,2PC_visitante,2PT_visitante,2P%_visitante,LLC_visitante,LLT_visitante,LL%_visitante,EN_visitante,BR_visitante,B/E_visitante,TO_visitante,FC_visitante,T/FC_visitante,ET_visitante,VI_visitante,EF_visitante
102,73,2018-12-07,8,1,2018-2019,Flamengo,Botafogo,87.70227424749167,31.585284280936456,43.60528428093645,16.785953177257525,35.153779264214045,9.46160535117057,25.692374581939802,16.963210702341136,12.354515050167224,1.5182608695652169,9.103678929765886,24.267591973244148,37.68946488294315,21.80274247491639,38.822709030100334,56.366387959866216,16.785953177257525,22.02675585284281,76.11598662207358,1.7357859531772575,8.407993311036789,0.7453846153846154,1.8896989966555175,19.67227424749164,0.09963210702341133,12.354515050167224,1.866153846153847,101.55183946488295,75.36363636363636,23.59090909090909,40.45454545454545,11.318181818181818,35.13636363636363,9.909090909090908,25.227272727272727,17.59090909090909,14.818181818181818,1.2781818181818183,7.863636363636363,21.045454545454547,37.07090909090909,20.227272727272727,39.5,51.306363636363635,11.318181818181818,15.909090909090908,70.44181818181818,2.227272727272727,7.818181818181818,0.5272727272727273,2.0454545454545454,23.363636363636363,0.09090909090909091,14.818181818181818,2.772727272727273,85.86363636363636
