placar_casa,placar_visitante,data,round,stage,ano,equipe_casa,equipe_visitante,Pts_casa,3P_casa,2P_casa,LL_casa,RT_casa,RO_casa,RD_casa,AS_casa,ER_casa,IA%_casa,3PC_casa,3PT_casa,3P%_casa,2PC_casa,2PT_casa,2P%_casa,LLC_casa,LLT_casa,LL%_casa,EN_casa,BR_casa,B/E_casa,TO_casa,FC_casa,T/FC_casa,ET_casa,VI_casa,EF_casa,Pts_visitante,3P_visitante,2P_visitante,LL_visitante,RT_visitante,RO_visitante,RD_visitante,AS_visitante,ER_visitante,IA%_visitante,3PC_visitante,3PT_visitante,3P%_visitante,2PC_visitante,2PT_visitante,2P%_visitante,LLC_visitante,LLT_visitante,LL%_visitante,EN_visitante,BR_visitante,B/E_visitante,TO_visitante,FC_visitante,T/FC_visitante,ET_visitante,VI_visitante,EF_visitante
86,84,2024-03-02,6,2,2023-2024,Bauru Basket,Minas,81.41707468879665,30.87759336099585,38.3941286307054,14.398340248962656,34.585,9.39221991701245,25.193029045643154,16.309128630705395,12.072697095435686,1.4683402489626534,9.541473029045642,26.425290456431537,36.296721991701276,19.19715767634855,35.703319502074706,54.125186721991724,14.398340248962656,19.25311203319502,74.72612033195017,1.4108921161825725,7.574709543568465,0.6745435684647298,1.7696265560165985,19.00616182572614,0.09636929460580917,12.072697095435686,2.184668049792531,91.98331950207474,80.91792710706154,27.574031890660592,41.19364464692482,14.945307517084283,35.63328018223235,10.08879271070615,25.544487471526196,16.86895216400911,13.897380410022777,1.305876993166287,8.25974943052392,23.37708428246014,35.12494305239181,20.596788154897492,38.44642369020501,53.71505694760822,14.945307517084283,20.15029612756264,73.97232346241444,1.7061047835990895,7.263189066059227,0.5531890660592245,2.3189066059225514,20.689179954441915,0.1177676537585422,13.897380410022777,2.658291571753988,91.54330296127561
