placar_casa,placar_visitante,data,round,stage,ano,equipe_casa,equipe_visitante,Pts_casa,3P_casa,2P_casa,LL_casa,RT_casa,RO_casa,RD_casa,AS_casa,ER_casa,IA%_casa,3PC_casa,3PT_casa,3P%_casa,2PC_casa,2PT_casa,2P%_casa,LLC_casa,LLT_casa,LL%_casa,EN_casa,BR_casa,B/E_casa,TO_casa,FC_casa,T/FC_casa,ET_casa,VI_casa,EF_casa,Pts_visitante,3P_visitante,2P_visitante,LL_visitante,RT_visitante,RO_visitante,RD_visitante,AS_visitante,ER_visitante,IA%_visitante,3PC_visitante,3PT_visitante,3P%_visitante,2PC_visitante,2PT_visitante,2P%_visitante,LLC_visitante,LLT_visitante,LL%_visitante,EN_visitante,BR_visitante,B/E_visitante,TO_visitante,FC_visitante,T/FC_visitante,ET_visitante,VI_visitante,EF_visitante
79,68,2020-12-28,8,1,2020-2021,Bauru Basket,São Paulo,82.3796600566572,31.334277620396602,38.90648725212465,15.215297450424929,34.54385269121813,9.612011331444762,24.932096317280454,15.866770538243625,12.192662889518415,1.4349291784702536,9.41929178470255,25.603342776203966,37.066033994334326,19.45328611898017,36.20679886685552,54.188640226628856,15.215297450424929,20.31444759206799,74.98424929178469,1.3768271954674223,7.6714447592068,0.6861756373937672,1.7507082152974505,19.039603399433428,0.09515580736543897,12.192662889518415,2.1728328611898013,92.86399433427763,90.2823076923077,35.61538461538461,39.333333333333336,15.332820512820513,40.66692307692308,10.76923076923077,29.897692307692303,19.076666666666668,11.846410256410255,1.688717948717948,11.871794871794872,31.51256410256411,37.78615384615385,19.666666666666668,34.564102564102555,56.98948717948717,15.332820512820513,20.230000000000008,76.22538461538463,2.7946153846153843,6.102307692307694,0.5384615384615383,2.8202564102564103,17.51307692307692,0.1635897435897436,11.846410256410255,1.9492307692307695,107.64102564102564
