placar_casa,placar_visitante,data,round,stage,ano,equipe_casa,equipe_visitante,Pts_casa,3P_casa,2P_casa,LL_casa,RT_casa,RO_casa,RD_casa,AS_casa,ER_casa,IA%_casa,3PC_casa,3PT_casa,3P%_casa,2PC_casa,2PT_casa,2P%_casa,LLC_casa,LLT_casa,LL%_casa,EN_casa,BR_casa,B/E_casa,TO_casa,FC_casa,T/FC_casa,ET_casa,VI_casa,EF_casa,Pts_visitante,3P_visitante,2P_visitante,LL_visitante,RT_visitante,RO_visitante,RD_visitante,AS_visitante,ER_visitante,IA%_visitante,3PC_visitante,3PT_visitante,3P%_visitante,2PC_visitante,2PT_visitante,2P%_visitante,LLC_visitante,LLT_visitante,LL%_visitante,EN_visitante,BR_visitante,B/E_visitante,TO_visitante,FC_visitante,T/FC_visitante,ET_visitante,VI_visitante,EF_visitante
90,66,2024-04-27,2,3,2023-2024,Fortaleza B. C. / CFO,Coop/São José Basketball,76.69470588235296,27.22689075630252,39.53501400560224,13.235322128851541,36.32484593837535,10.274593837535015,26.05058823529412,13.899187675070028,13.114733893557421,1.151120448179272,7.974817927170869,24.801092436974788,32.37582633053219,19.76750700280112,39.10641456582633,50.651260504201694,13.235322128851541,19.033669467787117,69.54845938375344,1.4229691876750699,7.935574229691877,0.6578991596638654,2.3527731092436994,20.31084033613445,0.11924369747899163,13.114733893557421,2.6638655462184873,82.67781512605043,79.99449315068495,27.87945205479452,40.498602739726024,14.550684931506849,34.062958904109585,9.580849315068495,24.482191780821918,17.484876712328767,13.862986301369862,1.361479452054795,8.315068493150685,24.17254794520548,34.46701369863012,20.249342465753426,37.860246575342465,53.666821917808235,14.550684931506849,19.424657534246574,74.17191780821915,1.074,7.164383561643835,0.5450136986301366,2.1205479452054794,19.939753424657535,0.1133972602739727,13.862986301369862,2.1890684931506845,89.44657534246575
