placar_casa,placar_visitante,data,round,stage,ano,equipe_casa,equipe_visitante,Pts_casa,3P_casa,2P_casa,LL_casa,RT_casa,RO_casa,RD_casa,AS_casa,ER_casa,IA%_casa,3PC_casa,3PT_casa,3P%_casa,2PC_casa,2PT_casa,2P%_casa,LLC_casa,LLT_casa,LL%_casa,EN_casa,BR_casa,B/E_casa,TO_casa,FC_casa,T/FC_casa,ET_casa,VI_casa,EF_casa,Pts_visitante,3P_visitante,2P_visitante,LL_visitante,RT_visitante,RO_visitante,RD_visitante,AS_visitante,ER_visitante,IA%_visitante,3PC_visitante,3PT_visitante,3P%_visitante,2PC_visitante,2PT_visitante,2P%_visitante,LLC_visitante,LLT_visitante,LL%_visitante,EN_visitante,BR_visitante,B/E_visitante,TO_visitante,FC_visitante,T/FC_visitante,ET_visitante,VI_visitante,EF_visitante
83,73,2024-03-09,7,2,2023-2024,Pato Basquete,Paulistano,74.67294871794871,25.221153846153847,37.26282051282051,12.189166666666663,36.009294871794864,10.890961538461537,25.118717948717947,15.015897435897433,13.525512820512814,1.202371794871795,8.406794871794872,26.49660256410256,31.63096153846154,18.631410256410255,37.93910256410256,49.19230769230768,12.189166666666663,17.80775641025641,68.32737179487182,1.17948717948718,7.1315384615384625,0.5464743589743589,1.5160897435897438,20.435833333333335,0.07512820512820514,13.525512820512814,2.910320512820513,77.79814102564103,79.62255965292842,28.84164859002169,39.162689804772235,14.351409978308027,36.65507592190889,11.68767895878525,24.967396963123644,15.0217136659436,13.31232104121475,1.243318872017353,8.702819956616052,25.828676789587853,33.99900216919739,19.581344902386117,38.64429501084599,50.97403470715831,14.351409978308027,19.609501084598698,72.88056399132321,1.774490238611713,7.672429501084598,0.6278741865509765,1.9913665943600862,21.023882863340564,0.09859002169197395,13.31232104121475,2.4533405639913237,87.09336225596525
