placar_casa,placar_visitante,data,round,stage,ano,equipe_casa,equipe_visitante,Pts_casa,3P_casa,2P_casa,LL_casa,RT_casa,RO_casa,RD_casa,AS_casa,ER_casa,IA%_casa,3PC_casa,3PT_casa,3P%_casa,2PC_casa,2PT_casa,2P%_casa,LLC_casa,LLT_casa,LL%_casa,EN_casa,BR_casa,B/E_casa,TO_casa,FC_casa,T/FC_casa,ET_casa,VI_casa,EF_casa,Pts_visitante,3P_visitante,2P_visitante,LL_visitante,RT_visitante,RO_visitante,RD_visitante,AS_visitante,ER_visitante,IA%_visitante,3PC_visitante,3PT_visitante,3P%_visitante,2PC_visitante,2PT_visitante,2P%_visitante,LLC_visitante,LLT_visitante,LL%_visitante,EN_visitante,BR_visitante,B/E_visitante,TO_visitante,FC_visitante,T/FC_visitante,ET_visitante,VI_visitante,EF_visitante
63,77,2022-05-15,2,5,2021-2022,Minas,Flamengo,79.96205962059621,26.902439024390244,41.30620596205962,15.078536585365853,34.869972899729,10.04330623306233,24.82658536585366,16.25468834688347,14.016178861788616,1.2466937669376703,7.859132791327914,22.66677506775068,34.60287262872629,20.653143631436315,38.867154471544715,53.29070460704606,15.078536585365853,20.36579945799458,73.80422764227627,1.5989159891598916,7.563712737127372,0.5730081300813001,2.3631436314363143,21.021734417344174,0.11829268292682937,14.016178861788616,2.5907046070460713,89.41466124661245,87.54705188679252,32.77358490566038,41.6791745283019,16.108443396226413,36.95516509433962,10.17683962264151,26.778325471698114,17.820778301886794,12.316014150943396,1.5917452830188688,9.919811320754716,26.712240566037735,37.30625000000002,20.839693396226416,37.2523820754717,56.11669811320755,16.108443396226413,21.245330188679247,75.73042452830182,1.6037028301886802,7.931627358490567,0.6999056603773585,1.915212264150942,19.037759433962265,0.1053066037735849,12.316014150943396,1.891485849056604,102.36547169811325
