placar_casa,placar_visitante,data,round,stage,ano,equipe_casa,equipe_visitante,Pts_casa,3P_casa,2P_casa,LL_casa,RT_casa,RO_casa,RD_casa,AS_casa,ER_casa,IA%_casa,3PC_casa,3PT_casa,3P%_casa,2PC_casa,2PT_casa,2P%_casa,LLC_casa,LLT_casa,LL%_casa,EN_casa,BR_casa,B/E_casa,TO_casa,FC_casa,T/FC_casa,ET_casa,VI_casa,EF_casa,Pts_visitante,3P_visitante,2P_visitante,LL_visitante,RT_visitante,RO_visitante,RD_visitante,AS_visitante,ER_visitante,IA%_visitante,3PC_visitante,3PT_visitante,3P%_visitante,2PC_visitante,2PT_visitante,2P%_visitante,LLC_visitante,LLT_visitante,LL%_visitante,EN_visitante,BR_visitante,B/E_visitante,TO_visitante,FC_visitante,T/FC_visitante,ET_visitante,VI_visitante,EF_visitante
75,82,2024-01-08,1,2,2023-2024,Cerrado,Pato Basquete,77.25035714285715,28.205357142857142,37.12482142857143,11.919374999999999,38.87482142857142,11.642946428571431,27.232410714285713,15.375178571428574,13.937499999999998,1.1577678571428573,9.401875,29.187589285714285,32.30410714285714,18.56267857142857,37.544642857142854,49.77955357142856,11.919374999999999,17.33964285714286,68.74848214285717,1.7228571428571424,6.723303571428572,0.49812499999999965,2.339285714285714,17.589821428571433,0.13464285714285723,13.937499999999998,2.624553571428572,82.43776785714286,74.4268493150685,25.095890410958905,37.03657534246575,12.294589041095888,35.903767123287665,10.856095890410957,25.04808219178082,14.89945205479452,13.691643835616432,1.175205479452055,8.365068493150686,26.337739726027394,31.663150684931512,18.51821917808219,37.9886301369863,48.83102739726027,12.294589041095888,17.947602739726026,68.23582191780825,1.1667123287671237,7.306027397260275,0.555,1.5366438356164385,20.45650684931507,0.07616438356164384,13.691643835616432,2.9818493150684935,77.27856164383562
