placar_casa,placar_visitante,data,round,stage,ano,equipe_casa,equipe_visitante,Pts_casa,3P_casa,2P_casa,LL_casa,RT_casa,RO_casa,RD_casa,AS_casa,ER_casa,IA%_casa,3PC_casa,3PT_casa,3P%_casa,2PC_casa,2PT_casa,2P%_casa,LLC_casa,LLT_casa,LL%_casa,EN_casa,BR_casa,B/E_casa,TO_casa,FC_casa,T/FC_casa,ET_casa,VI_casa,EF_casa,Pts_visitante,3P_visitante,2P_visitante,LL_visitante,RT_visitante,RO_visitante,RD_visitante,AS_visitante,ER_visitante,IA%_visitante,3PC_visitante,3PT_visitante,3P%_visitante,2PC_visitante,2PT_visitante,2P%_visitante,LLC_visitante,LLT_visitante,LL%_visitante,EN_visitante,BR_visitante,B/E_visitante,TO_visitante,FC_visitante,T/FC_visitante,ET_visitante,VI_visitante,EF_visitante
69,75,2017-01-19,5,1,2016-2017,Mogi,Macaé Basquete,80.3157894736842,29.789473684210527,40.280701754385966,17.05263157894737,35.75438596491228,11.432748538011696,24.321637426900583,14.976608187134502,13.976608187134502,1.1731578947368426,7.6608187134502925,21.72514619883041,35.43076023391814,20.140350877192983,39.94736842105263,50.72116959064327,17.05263157894737,22.87719298245614,74.30549707602339,1.3859649122807018,9.187134502923977,0.7139766081871345,1.7836257309941521,21.859649122807017,0.08526315789473685,13.976608187134502,2.888888888888889,89.93567251461988,77.83035714285714,23.946428571428573,36.714285714285715,17.169642857142858,32.375,8.9375,23.4375,14.178571428571429,13.678571428571429,1.189375,7.982142857142857,22.330357142857142,35.84508928571428,18.357142857142858,36.67857142857143,50.419732142857136,17.169642857142858,21.535714285714285,79.95241071428568,1.1339285714285714,8.5,0.7146428571428574,1.4642857142857142,22.142857142857142,0.06821428571428571,13.678571428571429,3.1160714285714284,83.63392857142857
