placar_casa,placar_visitante,data,round,stage,ano,equipe_casa,equipe_visitante,Pts_casa,3P_casa,2P_casa,LL_casa,RT_casa,RO_casa,RD_casa,AS_casa,ER_casa,IA%_casa,3PC_casa,3PT_casa,3P%_casa,2PC_casa,2PT_casa,2P%_casa,LLC_casa,LLT_casa,LL%_casa,EN_casa,BR_casa,B/E_casa,TO_casa,FC_casa,T/FC_casa,ET_casa,VI_casa,EF_casa,Pts_visitante,3P_visitante,2P_visitante,LL_visitante,RT_visitante,RO_visitante,RD_visitante,AS_visitante,ER_visitante,IA%_visitante,3PC_visitante,3PT_visitante,3P%_visitante,2PC_visitante,2PT_visitante,2P%_visitante,LLC_visitante,LLT_visitante,LL%_visitante,EN_visitante,BR_visitante,B/E_visitante,TO_visitante,FC_visitante,T/FC_visitante,ET_visitante,VI_visitante,EF_visitante
78,83,2014-05-15,2,5,2013-2014,Paulistano,Coop/São José Basketball,80.55629139072848,32.24503311258278,40.87417218543046,15.781456953642385,32.16556291390729,10.258278145695364,21.90728476821192,13.304635761589404,14.172185430463577,1.0366225165562912,7.966887417218543,22.635761589403973,35.645099337748334,20.43708609271523,39.24503311258278,52.22231788079469,15.781456953642385,22.125827814569536,70.60609271523181,1.5165562913907285,7.966887417218543,0.6180794701986756,1.9602649006622517,22.019867549668874,0.09278145695364236,14.172185430463577,2.205298013245033,84.7748344370861,80.94610778443113,32.047904191616766,39.377245508982035,15.934131736526947,32.538922155688624,9.365269461077844,23.17365269461078,16.38323353293413,13.892215568862275,1.2783233532934124,8.544910179640718,24.347305389221557,35.193413173652694,19.688622754491018,36.616766467065865,53.91778443113774,15.934131736526947,20.79640718562874,76.26712574850296,0.8143712574850299,7.017964071856287,0.531197604790419,2.3532934131736525,19.065868263473053,0.13155688622754488,13.892215568862275,1.844311377245509,89.59880239520957
