placar_casa,placar_visitante,data,round,stage,ano,equipe_casa,equipe_visitante,Pts_casa,3P_casa,2P_casa,LL_casa,RT_casa,RO_casa,RD_casa,AS_casa,ER_casa,IA%_casa,3PC_casa,3PT_casa,3P%_casa,2PC_casa,2PT_casa,2P%_casa,LLC_casa,LLT_casa,LL%_casa,EN_casa,BR_casa,B/E_casa,TO_casa,FC_casa,T/FC_casa,ET_casa,VI_casa,EF_casa,Pts_visitante,3P_visitante,2P_visitante,LL_visitante,RT_visitante,RO_visitante,RD_visitante,AS_visitante,ER_visitante,IA%_visitante,3PC_visitante,3PT_visitante,3P%_visitante,2PC_visitante,2PT_visitante,2P%_visitante,LLC_visitante,LLT_visitante,LL%_visitante,EN_visitante,BR_visitante,B/E_visitante,TO_visitante,FC_visitante,T/FC_visitante,ET_visitante,VI_visitante,EF_visitante
110,72,2011-11-26,4,1,2011-2012,Flamengo,Brasília,91.33846153846154,30.323076923076922,43.292307692307695,17.723076923076924,32.58461538461538,8.169230769230769,24.415384615384614,15.876923076923077,13.03076923076923,1.3313846153846152,10.107692307692307,25.676923076923078,39.65276923076923,21.646153846153847,37.353846153846156,58.07753846153846,17.723076923076924,23.50769230769231,75.76846153846155,2.0307692307692307,8.953846153846154,0.7543076923076925,1.8461538461538463,19.953846153846154,0.09384615384615384,13.03076923076923,0.8923076923076924,100.4,88.06060606060606,22.636363636363637,46.696969696969695,18.727272727272727,33.803030303030305,9.090909090909092,24.71212121212121,16.196969696969695,14.636363636363637,1.2525757575757575,7.545454545454546,22.575757575757574,33.591060606060616,23.348484848484848,39.121212121212125,59.75893939393939,18.727272727272727,24.560606060606062,76.15166666666667,1.9848484848484849,7.878787878787879,0.6077272727272728,3.5606060606060606,21.62121212121212,0.18151515151515155,14.636363636363637,0.8333333333333334,98.5909090909091
