placar_casa,placar_visitante,data,round,stage,ano,equipe_casa,equipe_visitante,Pts_casa,3P_casa,2P_casa,LL_casa,RT_casa,RO_casa,RD_casa,AS_casa,ER_casa,IA%_casa,3PC_casa,3PT_casa,3P%_casa,2PC_casa,2PT_casa,2P%_casa,LLC_casa,LLT_casa,LL%_casa,EN_casa,BR_casa,B/E_casa,TO_casa,FC_casa,T/FC_casa,ET_casa,VI_casa,EF_casa,Pts_visitante,3P_visitante,2P_visitante,LL_visitante,RT_visitante,RO_visitante,RD_visitante,AS_visitante,ER_visitante,IA%_visitante,3PC_visitante,3PT_visitante,3P%_visitante,2PC_visitante,2PT_visitante,2P%_visitante,LLC_visitante,LLT_visitante,LL%_visitante,EN_visitante,BR_visitante,B/E_visitante,TO_visitante,FC_visitante,T/FC_visitante,ET_visitante,VI_visitante,EF_visitante
74,66,2013-11-30,6,1,2013-2014,Limeira,Minas,82.78571428571429,35.57142857142857,39.44897959183673,15.510204081632653,28.79591836734694,7.561224489795919,21.23469387755102,15.551020408163266,12.60204081632653,1.3405102040816324,9.275510204081632,23.93877551020408,39.129591836734704,19.724489795918366,37.12244897959184,53.276326530612266,15.510204081632653,20.132653061224488,76.81459183673469,1.8775510204081634,7.36734693877551,0.6377551020408165,2.5306122448979593,21.408163265306122,0.12489795918367344,12.60204081632653,1.6938775510204083,90.85714285714286,82.68376068376068,32.205128205128204,44.68376068376068,16.28205128205128,31.307692307692307,9.188034188034187,22.11965811965812,15.675213675213675,14.162393162393162,1.2005128205128206,7.239316239316239,20.076923076923077,35.74504273504275,22.34188034188034,40.94017094017094,54.76623931623931,16.28205128205128,21.256410256410255,76.69820512820512,1.0,6.982905982905983,0.5265811965811966,2.606837606837607,20.41025641025641,0.13427350427350432,14.162393162393162,1.8888888888888888,91.03418803418803
