placar_casa,placar_visitante,data,round,stage,ano,equipe_casa,equipe_visitante,Pts_casa,3P_casa,2P_casa,LL_casa,RT_casa,RO_casa,RD_casa,AS_casa,ER_casa,IA%_casa,3PC_casa,3PT_casa,3P%_casa,2PC_casa,2PT_casa,2P%_casa,LLC_casa,LLT_casa,LL%_casa,EN_casa,BR_casa,B/E_casa,TO_casa,FC_casa,T/FC_casa,ET_casa,VI_casa,EF_casa,Pts_visitante,3P_visitante,2P_visitante,LL_visitante,RT_visitante,RO_visitante,RD_visitante,AS_visitante,ER_visitante,IA%_visitante,3PC_visitante,3PT_visitante,3P%_visitante,2PC_visitante,2PT_visitante,2P%_visitante,LLC_visitante,LLT_visitante,LL%_visitante,EN_visitante,BR_visitante,B/E_visitante,TO_visitante,FC_visitante,T/FC_visitante,ET_visitante,VI_visitante,EF_visitante
83,61,2021-02-26,4,2,2020-2021,Corinthians,Cerrado,80.7012987012987,26.25974025974026,39.19493506493507,15.24701298701299,36.389480519480514,10.3374025974026,26.05207792207792,17.25922077922078,13.337532467532467,1.3675324675324676,8.753246753246753,24.67506493506493,35.38999999999999,19.597272727272724,39.026103896103905,50.44415584415586,15.24701298701299,19.90896103896104,76.5911688311688,1.7666233766233763,7.272597402597403,0.5745454545454547,2.1298701298701297,22.091298701298705,0.09909090909090905,13.337532467532467,1.8177922077922077,90.31155844155843,75.80363636363637,24.681818181818183,37.96863636363637,13.151363636363634,38.02909090909091,11.636363636363637,26.39545454545455,15.273181818181818,13.530454545454546,1.1645454545454543,8.227272727272727,24.36500000000001,33.89954545454545,18.985909090909093,39.59090909090909,48.003181818181794,13.151363636363634,18.713181818181823,70.54272727272729,1.2413636363636362,7.288181818181818,0.5354545454545453,2.2422727272727268,19.941363636363644,0.11272727272727273,13.530454545454546,2.377272727272727,82.80318181818183
