placar_casa,placar_visitante,data,round,stage,ano,equipe_casa,equipe_visitante,Pts_casa,3P_casa,2P_casa,LL_casa,RT_casa,RO_casa,RD_casa,AS_casa,ER_casa,IA%_casa,3PC_casa,3PT_casa,3P%_casa,2PC_casa,2PT_casa,2P%_casa,LLC_casa,LLT_casa,LL%_casa,EN_casa,BR_casa,B/E_casa,TO_casa,FC_casa,T/FC_casa,ET_casa,VI_casa,EF_casa,Pts_visitante,3P_visitante,2P_visitante,LL_visitante,RT_visitante,RO_visitante,RD_visitante,AS_visitante,ER_visitante,IA%_visitante,3PC_visitante,3PT_visitante,3P%_visitante,2PC_visitante,2PT_visitante,2P%_visitante,LLC_visitante,LLT_visitante,LL%_visitante,EN_visitante,BR_visitante,B/E_visitante,TO_visitante,FC_visitante,T/FC_visitante,ET_visitante,VI_visitante,EF_visitante
100,66,2016-06-11,5,6,2015-2016,Flamengo,Bauru Basket,88.05905511811024,32.40944881889764,44.0,16.681102362204726,34.12992125984252,9.070866141732283,25.059055118110237,16.476377952755904,12.220472440944881,1.502283464566929,9.125984251968504,23.775590551181104,38.53637795275589,22.0,38.82283464566929,56.84877952755904,16.681102362204726,21.913385826771652,76.03696850393699,1.8070866141732282,8.724409448818898,0.7803543307086617,1.889763779527559,19.58267716535433,0.10007874015748033,12.220472440944881,1.7559055118110236,101.78740157480316,83.55,33.2125,39.5,15.3625,33.625,9.708333333333334,23.916666666666668,15.483333333333333,11.5875,1.4943749999999987,9.5625,25.058333333333334,38.39575000000002,19.75,36.74583333333333,54.35108333333328,15.3625,20.204166666666666,76.01708333333333,1.4875,7.779166666666667,0.7399166666666662,1.75,18.345833333333335,0.09954166666666663,11.5875,1.9791666666666667,94.57916666666667
