placar_casa,placar_visitante,data,round,stage,ano,equipe_casa,equipe_visitante,Pts_casa,3P_casa,2P_casa,LL_casa,RT_casa,RO_casa,RD_casa,AS_casa,ER_casa,IA%_casa,3PC_casa,3PT_casa,3P%_casa,2PC_casa,2PT_casa,2P%_casa,LLC_casa,LLT_casa,LL%_casa,EN_casa,BR_casa,B/E_casa,TO_casa,FC_casa,T/FC_casa,ET_casa,VI_casa,EF_casa,Pts_visitante,3P_visitante,2P_visitante,LL_visitante,RT_visitante,RO_visitante,RD_visitante,AS_visitante,ER_visitante,IA%_visitante,3PC_visitante,3PT_visitante,3P%_visitante,2PC_visitante,2PT_visitante,2P%_visitante,LLC_visitante,LLT_visitante,LL%_visitante,EN_visitante,BR_visitante,B/E_visitante,TO_visitante,FC_visitante,T/FC_visitante,ET_visitante,VI_visitante,EF_visitante
68,85,2024-01-14,2,2,2023-2024,Botafogo,Paulistano,76.76841463414634,27.0,36.146341463414636,13.62170731707317,34.524268292682926,10.658536585365853,23.86573170731707,16.53646341463415,13.816951219512193,1.2743902439024397,9.0,26.51195121951219,34.1430487804878,18.07317073170732,35.707073170731704,50.781463414634146,13.62170731707317,18.231707317073166,75.15658536585369,1.0365853658536586,6.524268292682927,0.501341463414634,2.04890243902439,22.51219512195122,0.09353658536585366,13.816951219512193,2.890487804878048,82.71939024390244,79.6923076923077,28.8989010989011,39.18681318681319,14.375824175824176,36.64393406593406,11.71213186813187,24.931802197802195,15.008813186813187,13.323032967032965,1.2384395604395597,8.70989010989011,25.82202197802198,34.04138461538461,19.593406593406595,38.67476923076923,50.974417582417544,14.375824175824176,19.63512087912088,72.88745054945056,1.773714285714285,7.657120879120878,0.6254945054945058,1.9802637362637356,21.052769230769233,0.09778021978021975,13.323032967032965,2.439538461538462,87.10778021978017
