placar_casa,placar_visitante,data,round,stage,ano,equipe_casa,equipe_visitante,Pts_casa,3P_casa,2P_casa,LL_casa,RT_casa,RO_casa,RD_casa,AS_casa,ER_casa,IA%_casa,3PC_casa,3PT_casa,3P%_casa,2PC_casa,2PT_casa,2P%_casa,LLC_casa,LLT_casa,LL%_casa,EN_casa,BR_casa,B/E_casa,TO_casa,FC_casa,T/FC_casa,ET_casa,VI_casa,EF_casa,Pts_visitante,3P_visitante,2P_visitante,LL_visitante,RT_visitante,RO_visitante,RD_visitante,AS_visitante,ER_visitante,IA%_visitante,3PC_visitante,3PT_visitante,3P%_visitante,2PC_visitante,2PT_visitante,2P%_visitante,LLC_visitante,LLT_visitante,LL%_visitante,EN_visitante,BR_visitante,B/E_visitante,TO_visitante,FC_visitante,T/FC_visitante,ET_visitante,VI_visitante,EF_visitante
90,68,2012-11-26,2,1,2012-2013,Sesi Franca,Fortaleza B. C. / CFO,83.4390243902439,23.74390243902439,42.58536585365854,17.695121951219512,29.426829268292682,8.28048780487805,21.146341463414632,15.195121951219512,12.621951219512194,1.3673170731707311,7.719512195121951,21.25609756097561,36.50658536585366,21.29268292682927,41.09756097560975,52.11280487804879,17.695121951219512,22.963414634146343,77.34451219512194,0.9390243902439024,7.902439024390244,0.6878048780487802,2.3292682926829267,21.890243902439025,0.11487804878048778,12.621951219512194,1.475609756097561,88.42682926829268,71.0,57.0,38.0,18.0,28.0,12.0,16.0,12.0,8.0,1.5,5.0,18.0,27.78,19.0,49.0,38.78,18.0,26.0,69.23,0.0,14.0,1.75,3.0,20.0,0.15,8.0,0.0,77.0
