placar_casa,placar_visitante,data,round,stage,ano,equipe_casa,equipe_visitante,Pts_casa,3P_casa,2P_casa,LL_casa,RT_casa,RO_casa,RD_casa,AS_casa,ER_casa,IA%_casa,3PC_casa,3PT_casa,3P%_casa,2PC_casa,2PT_casa,2P%_casa,LLC_casa,LLT_casa,LL%_casa,EN_casa,BR_casa,B/E_casa,TO_casa,FC_casa,T/FC_casa,ET_casa,VI_casa,EF_casa,Pts_visitante,3P_visitante,2P_visitante,LL_visitante,RT_visitante,RO_visitante,RD_visitante,AS_visitante,ER_visitante,IA%_visitante,3PC_visitante,3PT_visitante,3P%_visitante,2PC_visitante,2PT_visitante,2P%_visitante,LLC_visitante,LLT_visitante,LL%_visitante,EN_visitante,BR_visitante,B/E_visitante,TO_visitante,FC_visitante,T/FC_visitante,ET_visitante,VI_visitante,EF_visitante
81,87,2020-03-02,7,2,2019-2020,Coop/São José Basketball,Botafogo,79.86847750865054,28.19377162629758,40.145294117647055,15.235294117647058,33.36674740484429,9.442941176470589,23.923910034602077,16.91,13.993044982698962,1.3102768166089966,8.162664359861592,23.75083044982699,34.49432525951559,20.072698961937718,37.660865051903116,53.47982698961938,15.235294117647058,20.051937716262977,75.41705882352936,0.8685467128027681,7.214567474048444,0.5459515570934252,2.1315224913494806,20.06923875432526,0.11404844290657437,13.993044982698962,2.152283737024221,88.54671280276817,76.78688524590164,27.540983606557376,35.639508196721316,13.606393442622952,34.22934426229508,10.508196721311476,23.7211475409836,16.688360655737707,13.737704918032787,1.290819672131148,9.180327868852459,26.04901639344262,35.42573770491802,17.819508196721312,35.344098360655735,50.63540983606556,13.606393442622952,17.950983606557372,75.99868852459018,1.2788524590163934,6.442459016393442,0.4936065573770492,2.049344262295082,23.131311475409838,0.09131147540983606,13.737704918032787,2.7378688524590156,83.57377049180327
