placar_casa,placar_visitante,data,round,stage,ano,equipe_casa,equipe_visitante,Pts_casa,3P_casa,2P_casa,LL_casa,RT_casa,RO_casa,RD_casa,AS_casa,ER_casa,IA%_casa,3PC_casa,3PT_casa,3P%_casa,2PC_casa,2PT_casa,2P%_casa,LLC_casa,LLT_casa,LL%_casa,EN_casa,BR_casa,B/E_casa,TO_casa,FC_casa,T/FC_casa,ET_casa,VI_casa,EF_casa,Pts_visitante,3P_visitante,2P_visitante,LL_visitante,RT_visitante,RO_visitante,RD_visitante,AS_visitante,ER_visitante,IA%_visitante,3PC_visitante,3PT_visitante,3P%_visitante,2PC_visitante,2PT_visitante,2P%_visitante,LLC_visitante,LLT_visitante,LL%_visitante,EN_visitante,BR_visitante,B/E_visitante,TO_visitante,FC_visitante,T/FC_visitante,ET_visitante,VI_visitante,EF_visitante
90,82,2021-02-08,3,2,2020-2021,Sesi Franca,Paulistano,81.06264957264959,28.581196581196583,41.042735042735046,15.908803418803418,32.931680911680914,9.11968660968661,23.811994301994304,15.635270655270654,13.53849002849003,1.2723931623931612,8.037008547008547,22.310598290598293,35.76316239316242,20.521367521367523,38.663789173789176,53.493333333333304,15.908803418803418,21.225071225071225,74.8190598290598,1.8517948717948725,8.105470085470087,0.6451566951566955,2.558376068376069,20.547065527065527,0.1303988603988604,13.53849002849003,2.2165242165242165,90.08544159544161,80.72569321533922,30.168141592920353,39.12681415929203,15.147463126843657,35.76401179941003,11.357020648967554,24.4070796460177,14.808318584070797,13.581032448377579,1.2001179941002948,8.817138643067848,25.669646017699115,34.74781710914453,19.56345132743363,38.15050147492625,51.57168141592915,15.147463126843657,20.542743362831857,73.5177581120944,1.778849557522123,7.681356932153391,0.613628318584071,1.923333333333333,21.43654867256637,0.09377581120943942,13.581032448377579,2.4453982300884958,87.69619469026547
