placar_casa,placar_visitante,data,round,stage,ano,equipe_casa,equipe_visitante,Pts_casa,3P_casa,2P_casa,LL_casa,RT_casa,RO_casa,RD_casa,AS_casa,ER_casa,IA%_casa,3PC_casa,3PT_casa,3P%_casa,2PC_casa,2PT_casa,2P%_casa,LLC_casa,LLT_casa,LL%_casa,EN_casa,BR_casa,B/E_casa,TO_casa,FC_casa,T/FC_casa,ET_casa,VI_casa,EF_casa,Pts_visitante,3P_visitante,2P_visitante,LL_visitante,RT_visitante,RO_visitante,RD_visitante,AS_visitante,ER_visitante,IA%_visitante,3PC_visitante,3PT_visitante,3P%_visitante,2PC_visitante,2PT_visitante,2P%_visitante,LLC_visitante,LLT_visitante,LL%_visitante,EN_visitante,BR_visitante,B/E_visitante,TO_visitante,FC_visitante,T/FC_visitante,ET_visitante,VI_visitante,EF_visitante
74,76,2014-12-18,12,1,2014-2015,Paulistano,Mogi,80.47904191616766,31.20359281437126,40.98203592814371,15.838323353293413,32.69461077844311,10.580838323353293,22.11377245508982,13.095808383233534,13.988023952095809,1.0345508982035927,7.88622754491018,22.75449101796407,35.12383233532934,20.491017964071855,39.5748502994012,51.93652694610779,15.838323353293413,22.035928143712574,71.3062275449102,1.5508982035928143,8.125748502994012,0.6414371257485031,1.8682634730538923,22.2874251497006,0.08790419161676642,13.988023952095809,2.2754491017964074,84.67065868263474,78.44318181818181,35.07954545454545,38.97727272727273,17.613636363636363,35.02272727272727,11.204545454545455,23.818181818181817,13.806818181818182,14.852272727272727,1.0236363636363641,7.284090909090909,19.863636363636363,36.61318181818182,19.488636363636363,40.38636363636363,48.33465909090908,17.613636363636363,23.613636363636363,74.0081818181818,1.0909090909090908,8.284090909090908,0.5930681818181818,1.5113636363636365,22.0,0.07306818181818181,14.852272727272727,3.022727272727273,85.86363636363636
