placar_casa,placar_visitante,data,round,stage,ano,equipe_casa,equipe_visitante,Pts_casa,3P_casa,2P_casa,LL_casa,RT_casa,RO_casa,RD_casa,AS_casa,ER_casa,IA%_casa,3PC_casa,3PT_casa,3P%_casa,2PC_casa,2PT_casa,2P%_casa,LLC_casa,LLT_casa,LL%_casa,EN_casa,BR_casa,B/E_casa,TO_casa,FC_casa,T/FC_casa,ET_casa,VI_casa,EF_casa,Pts_visitante,3P_visitante,2P_visitante,LL_visitante,RT_visitante,RO_visitante,RD_visitante,AS_visitante,ER_visitante,IA%_visitante,3PC_visitante,3PT_visitante,3P%_visitante,2PC_visitante,2PT_visitante,2P%_visitante,LLC_visitante,LLT_visitante,LL%_visitante,EN_visitante,BR_visitante,B/E_visitante,TO_visitante,FC_visitante,T/FC_visitante,ET_visitante,VI_visitante,EF_visitante
74,64,2021-01-30,1,2,2020-2021,Corinthians,Bauru Basket,80.35416666666667,25.520833333333332,39.44458333333334,15.38916666666667,36.16652777777777,10.291388888888891,25.875138888888884,17.200833333333335,13.38875,1.3520833333333335,8.506944444444445,24.208055555555553,35.13583333333332,19.72208333333333,39.04180555555556,50.76111111111112,15.38916666666667,20.048472222222223,76.75124999999996,1.840694444444444,7.215138888888889,0.5634722222222225,2.111111111111111,22.29902777777778,0.09708333333333331,13.38875,1.85375,89.88180555555556,82.2549307479224,31.24376731301939,38.830997229916896,15.188393351800554,34.59457063711911,9.596592797783936,24.998282548476457,15.878060941828254,12.182853185595569,1.434155124653738,9.411828254847645,25.678642659279777,36.930498614958495,19.415540166204988,36.1698891966759,54.13925207756229,15.188393351800554,20.292686980609417,74.92720221606648,1.372216066481995,7.661163434903048,0.6849861495844871,1.7608310249307482,19.040554016620497,0.09565096952908574,12.182853185595569,2.161662049861495,92.70263157894739
