placar_casa,placar_visitante,data,round,stage,ano,equipe_casa,equipe_visitante,Pts_casa,3P_casa,2P_casa,LL_casa,RT_casa,RO_casa,RD_casa,AS_casa,ER_casa,IA%_casa,3PC_casa,3PT_casa,3P%_casa,2PC_casa,2PT_casa,2P%_casa,LLC_casa,LLT_casa,LL%_casa,EN_casa,BR_casa,B/E_casa,TO_casa,FC_casa,T/FC_casa,ET_casa,VI_casa,EF_casa,Pts_visitante,3P_visitante,2P_visitante,LL_visitante,RT_visitante,RO_visitante,RD_visitante,AS_visitante,ER_visitante,IA%_visitante,3PC_visitante,3PT_visitante,3P%_visitante,2PC_visitante,2PT_visitante,2P%_visitante,LLC_visitante,LLT_visitante,LL%_visitante,EN_visitante,BR_visitante,B/E_visitante,TO_visitante,FC_visitante,T/FC_visitante,ET_visitante,VI_visitante,EF_visitante
77,71,2021-04-02,8,2,2020-2021,Caxias do Sul Basquete,Sesi Franca,73.3219540229885,23.03448275862069,35.310574712643685,14.977241379310344,33.62057471264367,9.356436781609194,24.264137931034476,14.517471264367813,14.252873563218396,1.0689655172413792,7.678275862068968,23.620574712643677,32.463563218390796,17.654942528735628,36.310574712643685,48.78080459770116,14.977241379310344,21.160919540229884,70.72919540229884,1.3101149425287355,8.161149425287354,0.5833333333333334,1.4711494252873563,22.241034482758614,0.06977011494252874,14.252873563218396,3.149540229885058,76.05747126436782,81.33327777777781,28.5,41.24444444444445,15.947166666666666,32.99175,9.06113888888889,23.930611111111112,15.719416666666666,13.4945,1.282083333333332,8.047166666666666,22.302805555555555,35.83452777777779,20.622222222222224,38.736111111111114,53.62169444444441,15.947166666666666,21.247222222222224,74.92369444444444,1.877722222222223,8.113944444444446,0.6471111111111115,2.55,20.502805555555558,0.13011111111111112,13.4945,2.194416666666667,90.58050000000003
