placar_casa,placar_visitante,data,round,stage,ano,equipe_casa,equipe_visitante,Pts_casa,3P_casa,2P_casa,LL_casa,RT_casa,RO_casa,RD_casa,AS_casa,ER_casa,IA%_casa,3PC_casa,3PT_casa,3P%_casa,2PC_casa,2PT_casa,2P%_casa,LLC_casa,LLT_casa,LL%_casa,EN_casa,BR_casa,B/E_casa,TO_casa,FC_casa,T/FC_casa,ET_casa,VI_casa,EF_casa,Pts_visitante,3P_visitante,2P_visitante,LL_visitante,RT_visitante,RO_visitante,RD_visitante,AS_visitante,ER_visitante,IA%_visitante,3PC_visitante,3PT_visitante,3P%_visitante,2PC_visitante,2PT_visitante,2P%_visitante,LLC_visitante,LLT_visitante,LL%_visitante,EN_visitante,BR_visitante,B/E_visitante,TO_visitante,FC_visitante,T/FC_visitante,ET_visitante,VI_visitante,EF_visitante
99,95,2024-01-22,3,2,2023-2024,Fortaleza B. C. / CFO,Coop/São José Basketball,76.56601173020529,27.44868035190616,39.407624633431084,13.167184750733139,36.3224926686217,10.398914956011732,25.923929618768334,13.806480938416422,13.026275659824044,1.1507331378299124,7.997096774193549,24.909061583577714,32.36976539589442,19.703812316715542,39.243372434017594,50.29187683284458,13.167184750733139,19.00592375366569,69.26363636363631,1.407624633431085,8.014662756598241,0.6685630498533721,2.3781231671554273,20.360615835777125,0.12038123167155426,13.026275659824044,2.656891495601173,82.3459824046921,80.04594827586209,27.939655172413794,40.453994252873564,14.729885057471265,34.00568965517241,9.557500000000001,24.448275862068964,17.407988505747124,13.853419540229885,1.3586781609195406,8.28735632183908,24.077528735632182,34.516149425287345,20.22704022988506,37.83617816091954,53.643591954023,14.729885057471265,19.54597701149425,74.76025862068963,1.011522988505747,7.149425287356322,0.5448563218390803,2.1580459770114944,19.93968390804598,0.11560344827586216,13.853419540229885,2.172442528735632,89.5632183908046
