placar_casa,placar_visitante,data,round,stage,ano,equipe_casa,equipe_visitante,Pts_casa,3P_casa,2P_casa,LL_casa,RT_casa,RO_casa,RD_casa,AS_casa,ER_casa,IA%_casa,3PC_casa,3PT_casa,3P%_casa,2PC_casa,2PT_casa,2P%_casa,LLC_casa,LLT_casa,LL%_casa,EN_casa,BR_casa,B/E_casa,TO_casa,FC_casa,T/FC_casa,ET_casa,VI_casa,EF_casa,Pts_visitante,3P_visitante,2P_visitante,LL_visitante,RT_visitante,RO_visitante,RD_visitante,AS_visitante,ER_visitante,IA%_visitante,3PC_visitante,3PT_visitante,3P%_visitante,2PC_visitante,2PT_visitante,2P%_visitante,LLC_visitante,LLT_visitante,LL%_visitante,EN_visitante,BR_visitante,B/E_visitante,TO_visitante,FC_visitante,T/FC_visitante,ET_visitante,VI_visitante,EF_visitante
72,59,2009-04-17,8,2,2008-2009,Araraquara,Assis,76.15,25.35,35.9,14.9,28.6,6.95,21.65,15.7,16.95,1.0085000000000002,8.45,25.2,33.442499999999995,17.95,33.3,54.07899999999999,14.9,20.8,70.8665,1.85,8.05,0.4865000000000001,4.15,21.9,0.2085,16.95,0.0,77.7,77.36842105263158,23.210526315789473,34.73684210526316,19.42105263157895,28.736842105263158,8.421052631578947,20.31578947368421,12.0,12.68421052631579,1.112105263157895,7.7368421052631575,22.0,35.5821052631579,17.36842105263158,33.0,52.77157894736842,19.42105263157895,26.68421052631579,73.81157894736842,1.263157894736842,6.684210526315789,0.5726315789473685,3.1052631578947367,20.68421052631579,0.15315789473684208,12.68421052631579,0.0,78.05263157894737
