placar_casa,placar_visitante,data,round,stage,ano,equipe_casa,equipe_visitante,Pts_casa,3P_casa,2P_casa,LL_casa,RT_casa,RO_casa,RD_casa,AS_casa,ER_casa,IA%_casa,3PC_casa,3PT_casa,3P%_casa,2PC_casa,2PT_casa,2P%_casa,LLC_casa,LLT_casa,LL%_casa,EN_casa,BR_casa,B/E_casa,TO_casa,FC_casa,T/FC_casa,ET_casa,VI_casa,EF_casa,Pts_visitante,3P_visitante,2P_visitante,LL_visitante,RT_visitante,RO_visitante,RD_visitante,AS_visitante,ER_visitante,IA%_visitante,3PC_visitante,3PT_visitante,3P%_visitante,2PC_visitante,2PT_visitante,2P%_visitante,LLC_visitante,LLT_visitante,LL%_visitante,EN_visitante,BR_visitante,B/E_visitante,TO_visitante,FC_visitante,T/FC_visitante,ET_visitante,VI_visitante,EF_visitante
87,90,2019-10-14,1,1,2019-2020,Fortaleza B. C. / CFO,Rio Claro,77.01505,30.315,39.10005,13.495,35.200050000000005,10.46,24.74005,13.625050000000002,12.83495,1.1878500000000003,8.14,24.59995,33.36014999999998,19.54995,39.2,49.99944999999997,13.495,18.94495,70.97684999999998,1.45005,8.685,0.7495499999999996,2.42495,20.39505,0.12199999999999994,12.83495,2.7,83.55994999999999,76.82089552238806,23.28358208955224,39.507462686567166,14.029850746268657,32.32835820895522,8.694029850746269,23.634328358208954,16.365671641791046,14.940298507462687,1.187910447761194,7.7611940298507465,22.51492537313433,34.11940298507462,19.753731343283583,37.298507462686565,52.78731343283582,14.029850746268657,18.82089552238806,74.07074626865672,1.8582089552238805,10.32089552238806,0.7304477611940298,1.8507462686567164,21.26865671641791,0.08970149253731342,14.940298507462687,3.343283582089552,85.65671641791045
