placar_casa,placar_visitante,data,round,stage,ano,equipe_casa,equipe_visitante,Pts_casa,3P_casa,2P_casa,LL_casa,RT_casa,RO_casa,RD_casa,AS_casa,ER_casa,IA%_casa,3PC_casa,3PT_casa,3P%_casa,2PC_casa,2PT_casa,2P%_casa,LLC_casa,LLT_casa,LL%_casa,EN_casa,BR_casa,B/E_casa,TO_casa,FC_casa,T/FC_casa,ET_casa,VI_casa,EF_casa,Pts_visitante,3P_visitante,2P_visitante,LL_visitante,RT_visitante,RO_visitante,RD_visitante,AS_visitante,ER_visitante,IA%_visitante,3PC_visitante,3PT_visitante,3P%_visitante,2PC_visitante,2PT_visitante,2P%_visitante,LLC_visitante,LLT_visitante,LL%_visitante,EN_visitante,BR_visitante,B/E_visitante,TO_visitante,FC_visitante,T/FC_visitante,ET_visitante,VI_visitante,EF_visitante
92,77,2013-01-15,3,1,2012-2013,Brasília,Fortaleza B. C. / CFO,87.32352941176471,26.5,44.72549019607843,18.892156862745097,33.07843137254902,8.872549019607844,24.205882352941178,15.735294117647058,14.176470588235293,1.2476470588235293,7.901960784313726,23.058823529411764,34.244705882352946,22.362745098039216,38.22549019607843,58.527647058823554,18.892156862745097,24.147058823529413,78.37872549019608,1.6862745098039216,7.549019607843137,0.596372549019608,3.4215686274509802,21.95098039215686,0.16990196078431374,14.176470588235293,1.5588235294117647,98.87254901960785,77.5,65.0,43.333333333333336,13.166666666666666,30.5,8.833333333333334,21.666666666666668,13.0,11.0,1.2808333333333335,7.0,20.833333333333332,34.38666666666667,21.666666666666668,41.833333333333336,51.9675,13.166666666666666,18.333333333333332,71.00750000000001,1.1666666666666667,7.25,0.7433333333333335,2.5,20.583333333333332,0.12416666666666666,11.0,2.5,88.25
