placar_casa,placar_visitante,data,round,stage,ano,equipe_casa,equipe_visitante,Pts_casa,3P_casa,2P_casa,LL_casa,RT_casa,RO_casa,RD_casa,AS_casa,ER_casa,IA%_casa,3PC_casa,3PT_casa,3P%_casa,2PC_casa,2PT_casa,2P%_casa,LLC_casa,LLT_casa,LL%_casa,EN_casa,BR_casa,B/E_casa,TO_casa,FC_casa,T/FC_casa,ET_casa,VI_casa,EF_casa,Pts_visitante,3P_visitante,2P_visitante,LL_visitante,RT_visitante,RO_visitante,RD_visitante,AS_visitante,ER_visitante,IA%_visitante,3PC_visitante,3PT_visitante,3P%_visitante,2PC_visitante,2PT_visitante,2P%_visitante,LLC_visitante,LLT_visitante,LL%_visitante,EN_visitante,BR_visitante,B/E_visitante,TO_visitante,FC_visitante,T/FC_visitante,ET_visitante,VI_visitante,EF_visitante
75,74,2009-05-20,3,4,2008-2009,Minas,Bauru Basket,86.16666666666667,23.1,46.733333333333334,16.333333333333332,35.266666666666666,9.7,25.566666666666666,17.333333333333332,15.433333333333334,1.2020000000000002,7.7,21.066666666666666,36.80233333333333,23.366666666666667,40.6,57.88866666666665,16.333333333333332,22.7,72.29933333333332,1.2333333333333334,7.2,0.49166666666666686,3.0,18.3,0.17066666666666663,15.433333333333334,0.0,96.56666666666666,80.46666666666667,26.5,39.53333333333333,14.433333333333334,29.766666666666666,9.2,20.566666666666666,13.3,10.166666666666666,1.57,8.833333333333334,23.1,37.812000000000005,19.766666666666666,37.8,52.64333333333333,14.433333333333334,19.633333333333333,74.45233333333333,1.5,6.566666666666666,0.7539999999999999,1.8333333333333333,18.366666666666667,0.10200000000000001,10.166666666666666,0.0,84.26666666666667
