placar_casa,placar_visitante,data,round,stage,ano,equipe_casa,equipe_visitante,Pts_casa,3P_casa,2P_casa,LL_casa,RT_casa,RO_casa,RD_casa,AS_casa,ER_casa,IA%_casa,3PC_casa,3PT_casa,3P%_casa,2PC_casa,2PT_casa,2P%_casa,LLC_casa,LLT_casa,LL%_casa,EN_casa,BR_casa,B/E_casa,TO_casa,FC_casa,T/FC_casa,ET_casa,VI_casa,EF_casa,Pts_visitante,3P_visitante,2P_visitante,LL_visitante,RT_visitante,RO_visitante,RD_visitante,AS_visitante,ER_visitante,IA%_visitante,3PC_visitante,3PT_visitante,3P%_visitante,2PC_visitante,2PT_visitante,2P%_visitante,LLC_visitante,LLT_visitante,LL%_visitante,EN_visitante,BR_visitante,B/E_visitante,TO_visitante,FC_visitante,T/FC_visitante,ET_visitante,VI_visitante,EF_visitante
67,83,2015-11-12,4,1,2015-2016,Minas,Bauru Basket,79.20108695652173,27.60326086956522,42.51086956521739,15.755434782608695,31.92391304347826,9.375,22.54891304347826,15.51086956521739,13.86413043478261,1.2119021739130436,6.978260869565218,20.097826086956523,34.630706521739135,21.255434782608695,40.16847826086956,53.02750000000001,15.755434782608695,21.108695652173914,74.74646739130434,1.3423913043478262,8.01086956521739,0.6201086956521739,2.494565217391304,21.25,0.12407608695652186,13.86413043478261,2.255434782608696,87.38586956521739,82.78817733990148,33.19211822660098,39.83251231527094,15.113300492610838,32.87192118226601,9.694581280788178,23.177339901477833,15.029556650246306,11.280788177339902,1.4968965517241366,9.280788177339902,24.310344827586206,38.43477832512316,19.91625615763547,37.40394088669951,53.84699507389159,15.113300492610838,19.92118226600985,75.8153694581281,1.5270935960591132,7.517241379310345,0.7428078817733984,1.812807881773399,18.133004926108374,0.10433497536945811,11.280788177339902,1.9064039408866995,92.96551724137932
