placar_casa,placar_visitante,data,round,stage,ano,equipe_casa,equipe_visitante,Pts_casa,3P_casa,2P_casa,LL_casa,RT_casa,RO_casa,RD_casa,AS_casa,ER_casa,IA%_casa,3PC_casa,3PT_casa,3P%_casa,2PC_casa,2PT_casa,2P%_casa,LLC_casa,LLT_casa,LL%_casa,EN_casa,BR_casa,B/E_casa,TO_casa,FC_casa,T/FC_casa,ET_casa,VI_casa,EF_casa,Pts_visitante,3P_visitante,2P_visitante,LL_visitante,RT_visitante,RO_visitante,RD_visitante,AS_visitante,ER_visitante,IA%_visitante,3PC_visitante,3PT_visitante,3P%_visitante,2PC_visitante,2PT_visitante,2P%_visitante,LLC_visitante,LLT_visitante,LL%_visitante,EN_visitante,BR_visitante,B/E_visitante,TO_visitante,FC_visitante,T/FC_visitante,ET_visitante,VI_visitante,EF_visitante
85,77,2013-03-21,13,2,2012-2013,Palmeiras,L. Sorocabana,77.71428571428571,57.214285714285715,38.142857142857146,16.428571428571427,29.857142857142858,9.857142857142858,20.0,11.928571428571429,13.107142857142858,1.0814285714285714,7.714285714285714,23.071428571428573,33.61571428571428,19.071428571428573,40.607142857142854,47.15535714285715,16.428571428571427,23.785714285714285,68.36678571428571,1.75,8.142857142857142,0.7160714285714286,1.5,22.392857142857142,0.06642857142857145,13.107142857142858,3.0357142857142856,82.17857142857143,76.58333333333333,45.4375,38.75,16.458333333333332,28.083333333333332,9.0625,19.020833333333332,10.145833333333334,12.020833333333334,0.9191666666666666,7.125,22.020833333333332,32.49125,19.375,38.1875,50.69124999999999,16.458333333333332,21.729166666666668,75.86520833333334,1.3958333333333333,7.833333333333333,0.6972916666666665,1.3541666666666667,19.25,0.07145833333333333,12.020833333333334,2.5208333333333335,79.39583333333333
