placar_casa,placar_visitante,data,round,stage,ano,equipe_casa,equipe_visitante,Pts_casa,3P_casa,2P_casa,LL_casa,RT_casa,RO_casa,RD_casa,AS_casa,ER_casa,IA%_casa,3PC_casa,3PT_casa,3P%_casa,2PC_casa,2PT_casa,2P%_casa,LLC_casa,LLT_casa,LL%_casa,EN_casa,BR_casa,B/E_casa,TO_casa,FC_casa,T/FC_casa,ET_casa,VI_casa,EF_casa,Pts_visitante,3P_visitante,2P_visitante,LL_visitante,RT_visitante,RO_visitante,RD_visitante,AS_visitante,ER_visitante,IA%_visitante,3PC_visitante,3PT_visitante,3P%_visitante,2PC_visitante,2PT_visitante,2P%_visitante,LLC_visitante,LLT_visitante,LL%_visitante,EN_visitante,BR_visitante,B/E_visitante,TO_visitante,FC_visitante,T/FC_visitante,ET_visitante,VI_visitante,EF_visitante
67,70,2014-12-09,9,1,2014-2015,Uberlândia,Sesi Franca,82.65789473684211,37.13157894736842,39.96491228070175,14.929824561403509,31.140350877192983,8.035087719298245,23.105263157894736,16.359649122807017,11.850877192982455,1.5416666666666676,9.25438596491228,23.44736842105263,39.44394736842104,19.982456140350877,36.81578947368421,54.4034210526316,14.929824561403509,18.903508771929825,79.22149122807016,2.93859649122807,7.105263157894737,0.6601754385964913,2.456140350877193,19.67543859649123,0.13122807017543864,11.850877192982455,2.517543859649123,95.42105263157895,80.92485549132948,30.173410404624278,43.8150289017341,16.00578034682081,31.14450867052023,9.15606936416185,21.98843930635838,14.780346820809248,13.329479768786127,1.2495953757225429,7.034682080924855,19.76300578034682,35.61514450867052,21.90751445086705,41.80346820809248,52.58820809248555,16.00578034682081,21.641618497109828,73.6007514450867,1.8208092485549132,8.786127167630058,0.716936416184971,2.786127167630058,20.601156069364162,0.14502890173410402,13.329479768786127,1.9190751445086704,89.03468208092485
