placar_casa,placar_visitante,data,round,stage,ano,equipe_casa,equipe_visitante,Pts_casa,3P_casa,2P_casa,LL_casa,RT_casa,RO_casa,RD_casa,AS_casa,ER_casa,IA%_casa,3PC_casa,3PT_casa,3P%_casa,2PC_casa,2PT_casa,2P%_casa,LLC_casa,LLT_casa,LL%_casa,EN_casa,BR_casa,B/E_casa,TO_casa,FC_casa,T/FC_casa,ET_casa,VI_casa,EF_casa,Pts_visitante,3P_visitante,2P_visitante,LL_visitante,RT_visitante,RO_visitante,RD_visitante,AS_visitante,ER_visitante,IA%_visitante,3PC_visitante,3PT_visitante,3P%_visitante,2PC_visitante,2PT_visitante,2P%_visitante,LLC_visitante,LLT_visitante,LL%_visitante,EN_visitante,BR_visitante,B/E_visitante,TO_visitante,FC_visitante,T/FC_visitante,ET_visitante,VI_visitante,EF_visitante
76,64,2011-12-15,9,1,2011-2012,Tijuca,Espírito Santo,74.875,16.5,41.25,17.125,26.375,8.125,18.25,11.75,14.625,0.8525,5.5,18.375,29.83625,20.625,40.25,51.22125,17.125,21.75,79.05000000000001,1.375,5.875,0.40375,2.125,18.75,0.12375,14.625,2.25,69.25,72.75862068965517,20.53448275862069,37.172413793103445,15.051724137931034,29.913793103448278,9.172413793103448,20.74137931034483,10.879310344827585,14.155172413793103,0.8599999999999999,6.844827586206897,21.29310344827586,31.864137931034485,18.586206896551722,36.810344827586206,50.87155172413794,15.051724137931034,22.896551724137932,66.32086206896551,1.3448275862068966,8.03448275862069,0.6136206896551725,1.896551724137931,21.137931034482758,0.0924137931034483,14.155172413793103,1.896551724137931,68.8103448275862
