placar_casa,placar_visitante,data,round,stage,ano,equipe_casa,equipe_visitante,Pts_casa,3P_casa,2P_casa,LL_casa,RT_casa,RO_casa,RD_casa,AS_casa,ER_casa,IA%_casa,3PC_casa,3PT_casa,3P%_casa,2PC_casa,2PT_casa,2P%_casa,LLC_casa,LLT_casa,LL%_casa,EN_casa,BR_casa,B/E_casa,TO_casa,FC_casa,T/FC_casa,ET_casa,VI_casa,EF_casa,Pts_visitante,3P_visitante,2P_visitante,LL_visitante,RT_visitante,RO_visitante,RD_visitante,AS_visitante,ER_visitante,IA%_visitante,3PC_visitante,3PT_visitante,3P%_visitante,2PC_visitante,2PT_visitante,2P%_visitante,LLC_visitante,LLT_visitante,LL%_visitante,EN_visitante,BR_visitante,B/E_visitante,TO_visitante,FC_visitante,T/FC_visitante,ET_visitante,VI_visitante,EF_visitante
67,80,2017-05-06,5,4,2016-2017,Sesi Franca,Paulistano,79.54074074074074,27.677777777777777,41.681481481481484,15.992592592592592,32.08518518518518,9.329629629629629,22.755555555555556,14.748148148148148,13.951851851851853,1.1839259259259258,7.288888888888889,20.78148148148148,35.021037037037054,20.840740740740742,39.81481481481482,52.65055555555554,15.992592592592592,21.748148148148147,73.13870370370367,1.8777777777777778,8.633333333333333,0.6756666666666665,2.685185185185185,21.025925925925925,0.135037037037037,13.951851851851853,2.4185185185185185,86.92962962962963,80.7104247104247,29.745173745173744,40.13127413127413,15.698841698841699,34.34749034749035,11.05019305019305,23.2972972972973,14.11969111969112,13.67953667953668,1.1442471042471043,8.293436293436294,23.822393822393824,35.127490347490344,20.065637065637066,39.254826254826256,51.43162162162161,15.698841698841699,21.26254826254826,73.56196911196912,1.5366795366795367,8.235521235521235,0.6610038610038609,1.833976833976834,21.71814671814672,0.08880308880308876,13.67953667953668,2.4787644787644787,86.92664092664093
