placar_casa,placar_visitante,data,round,stage,ano,equipe_casa,equipe_visitante,Pts_casa,3P_casa,2P_casa,LL_casa,RT_casa,RO_casa,RD_casa,AS_casa,ER_casa,IA%_casa,3PC_casa,3PT_casa,3P%_casa,2PC_casa,2PT_casa,2P%_casa,LLC_casa,LLT_casa,LL%_casa,EN_casa,BR_casa,B/E_casa,TO_casa,FC_casa,T/FC_casa,ET_casa,VI_casa,EF_casa,Pts_visitante,3P_visitante,2P_visitante,LL_visitante,RT_visitante,RO_visitante,RD_visitante,AS_visitante,ER_visitante,IA%_visitante,3PC_visitante,3PT_visitante,3P%_visitante,2PC_visitante,2PT_visitante,2P%_visitante,LLC_visitante,LLT_visitante,LL%_visitante,EN_visitante,BR_visitante,B/E_visitante,TO_visitante,FC_visitante,T/FC_visitante,ET_visitante,VI_visitante,EF_visitante
75,77,2024-04-10,12,2,2023-2024,União Corinthians,Pato Basquete,75.87785714285715,27.918367346938776,35.44918367346939,12.510306122448977,35.77571428571429,9.653163265306125,26.122551020408167,16.367653061224487,13.0919387755102,1.3245918367346938,9.306020408163265,29.08204081632654,31.987653061224503,17.724285714285717,36.173367346938775,49.077653061224495,12.510306122448977,17.622448979591837,70.76642857142858,1.3162244897959186,7.122551020408163,0.57,2.234489795918367,20.81622448979592,0.11071428571428575,13.0919387755102,2.2651020408163265,80.94877551020407,75.04329192546584,25.36024844720497,37.515590062111805,12.16782608695652,36.00583850931676,10.912919254658382,25.093291925465838,15.06198757763975,13.422173913043471,1.2158385093167703,8.453167701863354,26.546397515527946,31.722608695652173,18.757701863354036,37.98751552795031,49.468012422360246,12.16782608695652,17.733043478260868,68.5616149068323,1.1863975155279507,7.118074534161491,0.5501242236024846,1.4969565217391307,20.409937888198762,0.07416149068322984,13.422173913043471,2.900621118012422,78.41006211180124
