placar_casa,placar_visitante,data,round,stage,ano,equipe_casa,equipe_visitante,Pts_casa,3P_casa,2P_casa,LL_casa,RT_casa,RO_casa,RD_casa,AS_casa,ER_casa,IA%_casa,3PC_casa,3PT_casa,3P%_casa,2PC_casa,2PT_casa,2P%_casa,LLC_casa,LLT_casa,LL%_casa,EN_casa,BR_casa,B/E_casa,TO_casa,FC_casa,T/FC_casa,ET_casa,VI_casa,EF_casa,Pts_visitante,3P_visitante,2P_visitante,LL_visitante,RT_visitante,RO_visitante,RD_visitante,AS_visitante,ER_visitante,IA%_visitante,3PC_visitante,3PT_visitante,3P%_visitante,2PC_visitante,2PT_visitante,2P%_visitante,LLC_visitante,LLT_visitante,LL%_visitante,EN_visitante,BR_visitante,B/E_visitante,TO_visitante,FC_visitante,T/FC_visitante,ET_visitante,VI_visitante,EF_visitante
76,89,2015-04-29,4,4,2014-2015,Brasília,Limeira,86.63546798029557,31.47783251231527,42.48275862068966,16.842364532019705,33.87192118226601,8.857142857142858,25.014778325123153,16.310344827586206,13.246305418719212,1.3922167487684731,9.10344827586207,24.935960591133004,36.447142857142865,21.24137931034483,37.45320197044335,56.97985221674881,16.842364532019705,21.320197044334975,78.95906403940887,1.70935960591133,7.679802955665025,0.6502955665024629,3.251231527093596,21.541871921182267,0.16177339901477827,13.246305418719212,1.8226600985221675,99.70935960591133,81.92638036809817,31.969325153374232,39.34969325153374,15.263803680981596,29.496932515337424,7.840490797546012,21.65644171779141,15.932515337423313,12.226993865030675,1.4435582822085884,9.104294478527608,23.12269938650307,39.71987730061348,19.67484662576687,36.88343558282209,53.3906748466258,15.263803680981596,19.711656441717793,77.2721472392638,1.656441717791411,8.128834355828221,0.7325766871165641,2.374233128834356,21.26993865030675,0.11662576687116563,12.226993865030675,1.9631901840490797,91.8282208588957
