placar_casa,placar_visitante,data,round,stage,ano,equipe_casa,equipe_visitante,Pts_casa,3P_casa,2P_casa,LL_casa,RT_casa,RO_casa,RD_casa,AS_casa,ER_casa,IA%_casa,3PC_casa,3PT_casa,3P%_casa,2PC_casa,2PT_casa,2P%_casa,LLC_casa,LLT_casa,LL%_casa,EN_casa,BR_casa,B/E_casa,TO_casa,FC_casa,T/FC_casa,ET_casa,VI_casa,EF_casa,Pts_visitante,3P_visitante,2P_visitante,LL_visitante,RT_visitante,RO_visitante,RD_visitante,AS_visitante,ER_visitante,IA%_visitante,3PC_visitante,3PT_visitante,3P%_visitante,2PC_visitante,2PT_visitante,2P%_visitante,LLC_visitante,LLT_visitante,LL%_visitante,EN_visitante,BR_visitante,B/E_visitante,TO_visitante,FC_visitante,T/FC_visitante,ET_visitante,VI_visitante,EF_visitante
60,82,2014-03-22,16,2,2013-2014,L. Sorocabana,Paulistano,76.27906976744185,34.95348837209303,38.44186046511628,16.313953488372093,28.267441860465116,9.011627906976743,19.25581395348837,10.616279069767442,11.883720930232558,0.958953488372093,7.174418604651163,21.453488372093023,33.4689534883721,19.22093023255814,38.03488372093023,50.735930232558125,16.313953488372093,21.546511627906977,75.63651162790698,1.3604651162790697,8.476744186046512,0.7655813953488373,1.5,20.75581395348837,0.0730232558139535,11.883720930232558,2.5,78.5,80.47183098591549,32.57746478873239,41.070422535211264,15.69718309859155,32.04225352112676,10.295774647887324,21.746478873239436,13.359154929577464,14.30281690140845,1.0316197183098592,7.901408450704225,22.514084507042252,35.595915492957744,20.535211267605632,39.34507042253521,52.35070422535211,15.69718309859155,22.169014084507044,70.03753521126762,1.5492957746478873,7.823943661971831,0.600774647887324,2.028169014084507,22.077464788732396,0.09584507042253518,14.30281690140845,2.176056338028169,84.52112676056338
