placar_casa,placar_visitante,data,round,stage,ano,equipe_casa,equipe_visitante,Pts_casa,3P_casa,2P_casa,LL_casa,RT_casa,RO_casa,RD_casa,AS_casa,ER_casa,IA%_casa,3PC_casa,3PT_casa,3P%_casa,2PC_casa,2PT_casa,2P%_casa,LLC_casa,LLT_casa,LL%_casa,EN_casa,BR_casa,B/E_casa,TO_casa,FC_casa,T/FC_casa,ET_casa,VI_casa,EF_casa,Pts_visitante,3P_visitante,2P_visitante,LL_visitante,RT_visitante,RO_visitante,RD_visitante,AS_visitante,ER_visitante,IA%_visitante,3PC_visitante,3PT_visitante,3P%_visitante,2PC_visitante,2PT_visitante,2P%_visitante,LLC_visitante,LLT_visitante,LL%_visitante,EN_visitante,BR_visitante,B/E_visitante,TO_visitante,FC_visitante,T/FC_visitante,ET_visitante,VI_visitante,EF_visitante
56,55,2014-11-13,4,1,2014-2015,Coop/São José Basketball,Palmeiras,80.91379310344827,31.689655172413794,39.48275862068966,15.89655172413793,32.78735632183908,9.413793103448276,23.373563218390803,16.46551724137931,13.942528735632184,1.2786781609195395,8.511494252873563,24.195402298850574,35.21695402298851,19.74137931034483,36.7183908045977,53.91316091954024,15.89655172413793,20.816091954022987,76.02758620689653,0.7873563218390804,7.063218390804598,0.5320689655172413,2.3333333333333335,19.06896551724138,0.13057471264367812,13.942528735632184,1.8908045977011494,89.8103448275862,78.54166666666667,35.333333333333336,41.333333333333336,15.125,32.986111111111114,10.347222222222221,22.63888888888889,13.25,13.347222222222221,1.125555555555556,7.361111111111111,21.63888888888889,34.27347222222222,20.666666666666668,41.55555555555556,50.06000000000002,15.125,21.84722222222222,68.71097222222221,2.0277777777777777,9.277777777777779,0.7693055555555554,1.9305555555555556,21.083333333333332,0.09305555555555553,13.347222222222221,2.888888888888889,84.79166666666667
