placar_casa,placar_visitante,data,round,stage,ano,equipe_casa,equipe_visitante,Pts_casa,3P_casa,2P_casa,LL_casa,RT_casa,RO_casa,RD_casa,AS_casa,ER_casa,IA%_casa,3PC_casa,3PT_casa,3P%_casa,2PC_casa,2PT_casa,2P%_casa,LLC_casa,LLT_casa,LL%_casa,EN_casa,BR_casa,B/E_casa,TO_casa,FC_casa,T/FC_casa,ET_casa,VI_casa,EF_casa,Pts_visitante,3P_visitante,2P_visitante,LL_visitante,RT_visitante,RO_visitante,RD_visitante,AS_visitante,ER_visitante,IA%_visitante,3PC_visitante,3PT_visitante,3P%_visitante,2PC_visitante,2PT_visitante,2P%_visitante,LLC_visitante,LLT_visitante,LL%_visitante,EN_visitante,BR_visitante,B/E_visitante,TO_visitante,FC_visitante,T/FC_visitante,ET_visitante,VI_visitante,EF_visitante
62,95,2020-12-03,4,1,2020-2021,Pinheiros,Flamengo,83.44510385756676,28.762611275964392,40.54008902077151,16.136557863501483,33.74183976261128,9.552017804154305,24.189910979228486,15.664747774480713,13.367982195845698,1.2582492581602371,8.922848664688427,24.068249258160236,37.1054302670623,20.27,38.1186646884273,53.578011869436196,16.136557863501483,21.637982195845698,74.58706231454003,1.916854599406529,8.008902077151335,0.6341543026706231,2.4421958456973285,20.148456973293772,0.12655786350148354,13.367982195845698,2.3501780415430265,92.58454005934719,87.40836619718314,31.377464788732393,43.01405633802817,16.616845070422535,36.002788732394365,9.822563380281691,26.18030985915493,17.34650704225352,12.35774647887324,1.542591549295774,9.25918309859155,24.904253521126762,37.35701408450707,21.50707042253521,38.484535211267605,56.077492957746486,16.616845070422535,21.89856338028169,75.8572394366197,1.6366197183098592,8.214112676056338,0.7238873239436621,1.8761408450704216,19.554957746478873,0.09946478873239435,12.35774647887324,1.833718309859156,101.60557746478877
