placar_casa,placar_visitante,data,round,stage,ano,equipe_casa,equipe_visitante,Pts_casa,3P_casa,2P_casa,LL_casa,RT_casa,RO_casa,RD_casa,AS_casa,ER_casa,IA%_casa,3PC_casa,3PT_casa,3P%_casa,2PC_casa,2PT_casa,2P%_casa,LLC_casa,LLT_casa,LL%_casa,EN_casa,BR_casa,B/E_casa,TO_casa,FC_casa,T/FC_casa,ET_casa,VI_casa,EF_casa,Pts_visitante,3P_visitante,2P_visitante,LL_visitante,RT_visitante,RO_visitante,RD_visitante,AS_visitante,ER_visitante,IA%_visitante,3PC_visitante,3PT_visitante,3P%_visitante,2PC_visitante,2PT_visitante,2P%_visitante,LLC_visitante,LLT_visitante,LL%_visitante,EN_visitante,BR_visitante,B/E_visitante,TO_visitante,FC_visitante,T/FC_visitante,ET_visitante,VI_visitante,EF_visitante
67,87,2020-12-20,6,1,2020-2021,Cerrado,Flamengo,73.2,24.6,35.599000000000004,12.998000000000001,36.397999999999996,10.85,25.551000000000005,14.401,12.501,1.178,8.200999999999999,25.251000000000005,32.541000000000004,17.801,36.7,48.467999999999996,12.998000000000001,18.25,71.33200000000001,0.999,6.1499999999999995,0.497,1.9009999999999998,19.852000000000004,0.097,12.501,1.998,78.351,87.4652631578948,31.616343490304708,42.83650969529086,16.552576177285317,36.14124653739612,9.876759002770084,26.264570637119114,17.400304709141274,12.340747922437673,1.5472299168975066,9.358753462603879,25.157922437673133,37.36775623268701,21.418337950138504,38.34626038781163,56.040554016620504,16.552576177285317,21.804709141274238,75.90213296398889,1.6246260387811637,8.18562326869806,0.721495844875346,1.8643213296398886,19.483434903047094,0.09911357340720224,12.340747922437673,1.843434903047092,101.73958448753464
