placar_casa,placar_visitante,data,round,stage,ano,equipe_casa,equipe_visitante,Pts_casa,3P_casa,2P_casa,LL_casa,RT_casa,RO_casa,RD_casa,AS_casa,ER_casa,IA%_casa,3PC_casa,3PT_casa,3P%_casa,2PC_casa,2PT_casa,2P%_casa,LLC_casa,LLT_casa,LL%_casa,EN_casa,BR_casa,B/E_casa,TO_casa,FC_casa,T/FC_casa,ET_casa,VI_casa,EF_casa,Pts_visitante,3P_visitante,2P_visitante,LL_visitante,RT_visitante,RO_visitante,RD_visitante,AS_visitante,ER_visitante,IA%_visitante,3PC_visitante,3PT_visitante,3P%_visitante,2PC_visitante,2PT_visitante,2P%_visitante,LLC_visitante,LLT_visitante,LL%_visitante,EN_visitante,BR_visitante,B/E_visitante,TO_visitante,FC_visitante,T/FC_visitante,ET_visitante,VI_visitante,EF_visitante
79,65,2019-03-09,9,2,2018-2019,Botafogo,Brasília,73.81818181818181,23.25,39.18181818181818,11.386363636363637,34.75,11.068181818181818,23.681818181818183,16.477272727272727,13.840909090909092,1.2850000000000001,7.75,22.90909090909091,34.299090909090914,19.59090909090909,38.61363636363637,50.80727272727272,11.386363636363637,16.272727272727273,70.31500000000001,1.5909090909090908,7.159090909090909,0.5495454545454547,1.8409090909090908,22.681818181818183,0.0831818181818182,13.840909090909092,2.75,80.97727272727273,85.32831649831648,30.035353535353536,42.0269696969697,16.114478114478114,34.407407407407405,9.286161616161616,25.12124579124579,17.052188552188554,13.58922558922559,1.4128619528619533,9.062289562289562,24.865286195286195,36.35632996632995,21.013434343434344,37.81484848484848,55.796262626262646,16.114478114478114,20.720572390572393,77.77710437710435,1.6447811447811447,7.646464646464646,0.624410774410774,2.951178451178451,21.69023569023569,0.14515151515151514,13.58922558922559,2.0572727272727267,97.7491245791246
