placar_casa,placar_visitante,data,round,stage,ano,equipe_casa,equipe_visitante,Pts_casa,3P_casa,2P_casa,LL_casa,RT_casa,RO_casa,RD_casa,AS_casa,ER_casa,IA%_casa,3PC_casa,3PT_casa,3P%_casa,2PC_casa,2PT_casa,2P%_casa,LLC_casa,LLT_casa,LL%_casa,EN_casa,BR_casa,B/E_casa,TO_casa,FC_casa,T/FC_casa,ET_casa,VI_casa,EF_casa,Pts_visitante,3P_visitante,2P_visitante,LL_visitante,RT_visitante,RO_visitante,RD_visitante,AS_visitante,ER_visitante,IA%_visitante,3PC_visitante,3PT_visitante,3P%_visitante,2PC_visitante,2PT_visitante,2P%_visitante,LLC_visitante,LLT_visitante,LL%_visitante,EN_visitante,BR_visitante,B/E_visitante,TO_visitante,FC_visitante,T/FC_visitante,ET_visitante,VI_visitante,EF_visitante
83,73,2015-11-19,6,1,2015-2016,Vitória,Brasília,66.4,15.6,36.8,14.0,33.4,10.8,22.6,9.6,14.8,0.67,5.2,18.4,29.003999999999998,18.4,39.2,47.733999999999995,14.0,19.2,71.30999999999999,0.8,9.6,0.6980000000000001,1.4,16.2,0.092,14.8,5.2,66.4,86.6280193236715,31.3768115942029,42.56038647342995,16.77777777777778,33.95169082125604,8.927536231884059,25.02415458937198,16.3768115942029,13.294685990338165,1.3909661835748794,9.096618357487923,24.879227053140095,36.530193236714986,21.280193236714975,37.54106280193237,56.967439613526615,16.77777777777778,21.23671497584541,78.97806763285024,1.7294685990338163,7.695652173913044,0.6514009661835746,3.241545893719807,21.536231884057973,0.161207729468599,13.294685990338165,1.855072463768116,99.79227053140097
