placar_casa,placar_visitante,data,round,stage,ano,equipe_casa,equipe_visitante,Pts_casa,3P_casa,2P_casa,LL_casa,RT_casa,RO_casa,RD_casa,AS_casa,ER_casa,IA%_casa,3PC_casa,3PT_casa,3P%_casa,2PC_casa,2PT_casa,2P%_casa,LLC_casa,LLT_casa,LL%_casa,EN_casa,BR_casa,B/E_casa,TO_casa,FC_casa,T/FC_casa,ET_casa,VI_casa,EF_casa,Pts_visitante,3P_visitante,2P_visitante,LL_visitante,RT_visitante,RO_visitante,RD_visitante,AS_visitante,ER_visitante,IA%_visitante,3PC_visitante,3PT_visitante,3P%_visitante,2PC_visitante,2PT_visitante,2P%_visitante,LLC_visitante,LLT_visitante,LL%_visitante,EN_visitante,BR_visitante,B/E_visitante,TO_visitante,FC_visitante,T/FC_visitante,ET_visitante,VI_visitante,EF_visitante
81,89,2016-01-27,3,2,2015-2016,Caxias do Sul Basquete,Mogi,66.8125,21.0,30.875,14.9375,31.6875,8.5,23.1875,12.625,15.125,0.9106250000000002,7.0,23.375,30.603125000000002,15.4375,34.5,45.276875000000004,14.9375,21.5,67.893125,1.0625,12.25,0.875,1.25,22.75,0.051875000000000004,15.125,3.5,67.5,80.10526315789474,31.082706766917294,40.255639097744364,17.518796992481203,35.51127819548872,11.654135338345865,23.857142857142858,14.353383458646617,14.345864661654135,1.100601503759399,7.443609022556391,20.81203007518797,35.87165413533834,20.127819548872182,40.48872180451128,49.907518796992456,17.518796992481203,23.43609022556391,74.29375939849623,1.2857142857142858,8.924812030075188,0.6724812030075188,1.7218045112781954,22.2406015037594,0.08165413533834585,14.345864661654135,2.962406015037594,88.66917293233082
