placar_casa,placar_visitante,data,round,stage,ano,equipe_casa,equipe_visitante,Pts_casa,3P_casa,2P_casa,LL_casa,RT_casa,RO_casa,RD_casa,AS_casa,ER_casa,IA%_casa,3PC_casa,3PT_casa,3P%_casa,2PC_casa,2PT_casa,2P%_casa,LLC_casa,LLT_casa,LL%_casa,EN_casa,BR_casa,B/E_casa,TO_casa,FC_casa,T/FC_casa,ET_casa,VI_casa,EF_casa,Pts_visitante,3P_visitante,2P_visitante,LL_visitante,RT_visitante,RO_visitante,RD_visitante,AS_visitante,ER_visitante,IA%_visitante,3PC_visitante,3PT_visitante,3P%_visitante,2PC_visitante,2PT_visitante,2P%_visitante,LLC_visitante,LLT_visitante,LL%_visitante,EN_visitante,BR_visitante,B/E_visitante,TO_visitante,FC_visitante,T/FC_visitante,ET_visitante,VI_visitante,EF_visitante
74,71,2023-11-15,5,1,2023-2024,R10 Score Vasco da Gama,Cerrado,74.56938461538462,23.676923076923078,35.69215384615384,15.199846153846156,35.01523076923077,9.753846153846155,25.26138461538461,16.569076923076924,14.769384615384613,1.1787692307692312,7.892461538461538,23.984769230769235,32.866769230769236,17.846307692307697,36.50753846153846,49.27984615384617,15.199846153846156,20.477076923076925,74.37630769230769,0.7384615384615385,6.877076923076924,0.4863076923076924,1.2463076923076923,20.523076923076925,0.0632307692307692,14.769384615384613,3.0923076923076924,79.44615384615385,77.527,28.39,37.086400000000005,12.049699999999998,38.993199999999995,11.630100000000002,27.363699999999998,15.220200000000002,14.103399999999999,1.1341,9.4635,29.8601,31.579199999999993,18.5436,37.25,50.14189999999998,12.049699999999998,17.477000000000004,69.04120000000002,1.7861999999999998,6.653499999999999,0.4866999999999996,2.383399999999999,17.824000000000005,0.1357000000000001,14.103399999999999,2.716100000000001,82.14370000000001
