placar_casa,placar_visitante,data,round,stage,ano,equipe_casa,equipe_visitante,Pts_casa,3P_casa,2P_casa,LL_casa,RT_casa,RO_casa,RD_casa,AS_casa,ER_casa,IA%_casa,3PC_casa,3PT_casa,3P%_casa,2PC_casa,2PT_casa,2P%_casa,LLC_casa,LLT_casa,LL%_casa,EN_casa,BR_casa,B/E_casa,TO_casa,FC_casa,T/FC_casa,ET_casa,VI_casa,EF_casa,Pts_visitante,3P_visitante,2P_visitante,LL_visitante,RT_visitante,RO_visitante,RD_visitante,AS_visitante,ER_visitante,IA%_visitante,3PC_visitante,3PT_visitante,3P%_visitante,2PC_visitante,2PT_visitante,2P%_visitante,LLC_visitante,LLT_visitante,LL%_visitante,EN_visitante,BR_visitante,B/E_visitante,TO_visitante,FC_visitante,T/FC_visitante,ET_visitante,VI_visitante,EF_visitante
57,76,2017-03-14,26,1,2016-2017,R10 Score Vasco da Gama,Caxias do Sul Basquete,75.20833333333333,23.5,35.75,15.958333333333334,32.75,8.666666666666666,24.083333333333332,15.5,14.416666666666666,1.16125,7.833333333333333,22.625,34.044583333333335,17.875,35.333333333333336,51.022916666666674,15.958333333333334,20.75,77.67249999999999,0.8333333333333334,6.875,0.5083333333333334,1.25,20.625,0.06791666666666668,14.416666666666666,3.875,80.125,71.96428571428571,22.714285714285715,34.107142857142854,15.142857142857142,32.660714285714285,8.928571428571429,23.732142857142858,14.035714285714286,14.642857142857142,1.020892857142857,7.571428571428571,23.464285714285715,32.24089285714285,17.053571428571427,36.285714285714285,47.197500000000005,15.142857142857142,21.392857142857142,70.81392857142858,1.4107142857142858,9.482142857142858,0.6692857142857144,1.5,22.642857142857142,0.06946428571428573,14.642857142857142,3.4285714285714284,73.625
