placar_casa,placar_visitante,data,round,stage,ano,equipe_casa,equipe_visitante,Pts_casa,3P_casa,2P_casa,LL_casa,RT_casa,RO_casa,RD_casa,AS_casa,ER_casa,IA%_casa,3PC_casa,3PT_casa,3P%_casa,2PC_casa,2PT_casa,2P%_casa,LLC_casa,LLT_casa,LL%_casa,EN_casa,BR_casa,B/E_casa,TO_casa,FC_casa,T/FC_casa,ET_casa,VI_casa,EF_casa,Pts_visitante,3P_visitante,2P_visitante,LL_visitante,RT_visitante,RO_visitante,RD_visitante,AS_visitante,ER_visitante,IA%_visitante,3PC_visitante,3PT_visitante,3P%_visitante,2PC_visitante,2PT_visitante,2P%_visitante,LLC_visitante,LLT_visitante,LL%_visitante,EN_visitante,BR_visitante,B/E_visitante,TO_visitante,FC_visitante,T/FC_visitante,ET_visitante,VI_visitante,EF_visitante
80,88,2024-02-05,4,2,2023-2024,Pato Basquete,Coop/São José Basketball,74.6732,25.3,37.04,12.333399999999997,35.926333333333325,10.839933333333333,25.0868,14.96653333333333,13.59986666666666,1.1925333333333337,8.433066666666667,26.499799999999997,31.722333333333342,18.52,37.82666666666667,49.05466666666666,12.333399999999997,17.90673333333333,68.66453333333335,1.1800000000000006,7.206800000000001,0.5489333333333334,1.5267333333333337,20.419933333333336,0.0758,13.59986666666666,2.9534000000000002,77.74673333333334,80.05425714285715,27.925714285714285,40.485685714285715,14.702857142857143,34.031371428571425,9.55717142857143,24.474285714285713,17.411371428571428,13.86282857142857,1.3575428571428576,8.288571428571428,24.07422857142857,34.52559999999999,20.242885714285716,37.88282857142857,53.62277142857144,14.702857142857143,19.52857142857143,74.67939999999997,1.0086,7.14,0.543742857142857,2.1514285714285712,19.962885714285715,0.11517142857142866,13.86282857142857,2.177171428571428,89.53428571428572
