placar_casa,placar_visitante,data,round,stage,ano,equipe_casa,equipe_visitante,Pts_casa,3P_casa,2P_casa,LL_casa,RT_casa,RO_casa,RD_casa,AS_casa,ER_casa,IA%_casa,3PC_casa,3PT_casa,3P%_casa,2PC_casa,2PT_casa,2P%_casa,LLC_casa,LLT_casa,LL%_casa,EN_casa,BR_casa,B/E_casa,TO_casa,FC_casa,T/FC_casa,ET_casa,VI_casa,EF_casa,Pts_visitante,3P_visitante,2P_visitante,LL_visitante,RT_visitante,RO_visitante,RD_visitante,AS_visitante,ER_visitante,IA%_visitante,3PC_visitante,3PT_visitante,3P%_visitante,2PC_visitante,2PT_visitante,2P%_visitante,LLC_visitante,LLT_visitante,LL%_visitante,EN_visitante,BR_visitante,B/E_visitante,TO_visitante,FC_visitante,T/FC_visitante,ET_visitante,VI_visitante,EF_visitante
61,84,2009-04-03,4,2,2008-2009,Saldanha,Joinville,73.29411764705883,22.235294117647058,38.94117647058823,12.117647058823529,29.11764705882353,9.764705882352942,19.352941176470587,10.352941176470589,17.764705882352942,0.6423529411764705,7.411764705882353,21.41176470588235,34.3635294117647,19.470588235294116,38.1764705882353,52.21941176470588,12.117647058823529,20.11764705882353,60.30294117647058,3.411764705882353,10.058823529411764,0.58,1.8823529411764706,21.88235294117647,0.09058823529411766,17.764705882352942,0.0,66.23529411764706,82.125,27.375,39.75,15.0,35.375,9.375,26.0,16.25,14.625,1.190625,9.125,25.75,35.776250000000005,19.875,36.875,53.689375,15.0,22.4375,67.135625,1.8125,9.0,0.6862500000000001,2.875,20.0,0.16062499999999996,14.625,0.0,89.9375
