placar_casa,placar_visitante,data,round,stage,ano,equipe_casa,equipe_visitante,Pts_casa,3P_casa,2P_casa,LL_casa,RT_casa,RO_casa,RD_casa,AS_casa,ER_casa,IA%_casa,3PC_casa,3PT_casa,3P%_casa,2PC_casa,2PT_casa,2P%_casa,LLC_casa,LLT_casa,LL%_casa,EN_casa,BR_casa,B/E_casa,TO_casa,FC_casa,T/FC_casa,ET_casa,VI_casa,EF_casa,Pts_visitante,3P_visitante,2P_visitante,LL_visitante,RT_visitante,RO_visitante,RD_visitante,AS_visitante,ER_visitante,IA%_visitante,3PC_visitante,3PT_visitante,3P%_visitante,2PC_visitante,2PT_visitante,2P%_visitante,LLC_visitante,LLT_visitante,LL%_visitante,EN_visitante,BR_visitante,B/E_visitante,TO_visitante,FC_visitante,T/FC_visitante,ET_visitante,VI_visitante,EF_visitante
74,81,2023-11-30,7,1,2023-2024,União Corinthians,São Paulo,75.93959459459461,29.027027027027028,34.50027027027028,12.412297297297295,36.48675675675676,9.79067567567568,26.696081081081086,16.0477027027027,13.040675675675672,1.3004054054054057,9.67554054054054,30.250540540540552,31.989054054054062,17.249729729729733,35.905270270270265,48.24648648648649,12.412297297297295,17.33783783783784,71.50445945945945,1.547162162162162,7.378513513513513,0.5859459459459457,2.283513513513513,20.70256756756757,0.11351351351351355,13.040675675675672,2.1686486486486487,80.93891891891892,85.65070512820513,32.57692307692308,39.089615384615385,13.983782051282052,37.29185897435898,8.961410256410256,28.3300641025641,17.801346153846154,11.689166666666669,1.615576923076924,10.858974358974356,29.727564102564102,36.323397435897434,19.544999999999998,34.37820512820513,56.99788461538461,13.983782051282052,18.48371794871795,75.72217948717947,1.9807692307692308,6.641025641025641,0.5908974358974355,2.3236538461538463,18.080256410256407,0.13782051282051272,11.689166666666669,1.8718589743589742,99.81089743589743
