placar_casa,placar_visitante,data,round,stage,ano,equipe_casa,equipe_visitante,Pts_casa,3P_casa,2P_casa,LL_casa,RT_casa,RO_casa,RD_casa,AS_casa,ER_casa,IA%_casa,3PC_casa,3PT_casa,3P%_casa,2PC_casa,2PT_casa,2P%_casa,LLC_casa,LLT_casa,LL%_casa,EN_casa,BR_casa,B/E_casa,TO_casa,FC_casa,T/FC_casa,ET_casa,VI_casa,EF_casa,Pts_visitante,3P_visitante,2P_visitante,LL_visitante,RT_visitante,RO_visitante,RD_visitante,AS_visitante,ER_visitante,IA%_visitante,3PC_visitante,3PT_visitante,3P%_visitante,2PC_visitante,2PT_visitante,2P%_visitante,LLC_visitante,LLT_visitante,LL%_visitante,EN_visitante,BR_visitante,B/E_visitante,TO_visitante,FC_visitante,T/FC_visitante,ET_visitante,VI_visitante,EF_visitante
68,82,2023-10-27,2,1,2023-2024,Mogi,UNIFACISA,80.60210691823902,29.264150943396228,39.276761006289306,15.721666666666666,36.92764150943396,11.04559748427673,25.882138364779877,16.82238993710692,14.164999999999997,1.2901257861635218,8.534591194968554,24.38996855345912,35.19232704402518,19.638333333333332,38.34122641509434,51.45940251572317,15.721666666666666,21.04566037735849,74.53522012578608,1.54069182389937,8.086415094339621,0.6195597484276724,2.0614150943396226,20.977861635220123,0.1023899371069182,14.164999999999997,2.6337421383647786,91.28930817610063,80.21153284671533,29.62773722627737,38.262773722627735,12.321459854014599,36.700510948905105,10.189489051094888,26.51124087591241,16.208102189781023,12.879562043795621,1.3324087591240878,9.875766423357662,27.89430656934307,35.22927007299269,19.131386861313867,37.153284671532845,51.60686131386863,12.321459854014599,16.540291970802915,74.05197080291966,1.3356934306569344,7.178905109489052,0.5914598540145983,1.7666423357664236,20.047591240875917,0.09021897810218976,12.879562043795621,2.2883941605839415,88.91255474452555
