placar_casa,placar_visitante,data,round,stage,ano,equipe_casa,equipe_visitante,Pts_casa,3P_casa,2P_casa,LL_casa,RT_casa,RO_casa,RD_casa,AS_casa,ER_casa,IA%_casa,3PC_casa,3PT_casa,3P%_casa,2PC_casa,2PT_casa,2P%_casa,LLC_casa,LLT_casa,LL%_casa,EN_casa,BR_casa,B/E_casa,TO_casa,FC_casa,T/FC_casa,ET_casa,VI_casa,EF_casa,Pts_visitante,3P_visitante,2P_visitante,LL_visitante,RT_visitante,RO_visitante,RD_visitante,AS_visitante,ER_visitante,IA%_visitante,3PC_visitante,3PT_visitante,3P%_visitante,2PC_visitante,2PT_visitante,2P%_visitante,LLC_visitante,LLT_visitante,LL%_visitante,EN_visitante,BR_visitante,B/E_visitante,TO_visitante,FC_visitante,T/FC_visitante,ET_visitante,VI_visitante,EF_visitante
99,81,2013-03-14,11,2,2012-2013,Brasília,Palmeiras,87.80508474576271,31.60169491525424,44.45762711864407,18.483050847457626,33.26271186440678,8.974576271186441,24.28813559322034,15.974576271186441,13.788135593220339,1.3097457627118643,8.288135593220339,23.635593220338983,35.03677966101695,22.228813559322035,38.07627118644068,58.46542372881358,18.483050847457626,23.60169491525424,78.53957627118645,1.6016949152542372,7.593220338983051,0.6195762711864409,3.305084745762712,22.059322033898304,0.16228813559322036,13.788135593220339,1.652542372881356,100.63559322033899,77.38461538461539,56.42307692307692,37.61538461538461,16.23076923076923,30.384615384615383,10.076923076923077,20.307692307692307,12.115384615384615,13.538461538461538,1.0684615384615386,7.846153846153846,23.346153846153847,33.83307692307692,18.807692307692307,40.19230769230769,46.96615384615385,16.23076923076923,23.615384615384617,67.99615384615385,1.7307692307692308,8.115384615384615,0.6726923076923078,1.5769230769230769,22.76923076923077,0.06961538461538463,13.538461538461538,3.1923076923076925,82.34615384615384
