placar_casa,placar_visitante,data,round,stage,ano,equipe_casa,equipe_visitante,Pts_casa,3P_casa,2P_casa,LL_casa,RT_casa,RO_casa,RD_casa,AS_casa,ER_casa,IA%_casa,3PC_casa,3PT_casa,3P%_casa,2PC_casa,2PT_casa,2P%_casa,LLC_casa,LLT_casa,LL%_casa,EN_casa,BR_casa,B/E_casa,TO_casa,FC_casa,T/FC_casa,ET_casa,VI_casa,EF_casa,Pts_visitante,3P_visitante,2P_visitante,LL_visitante,RT_visitante,RO_visitante,RD_visitante,AS_visitante,ER_visitante,IA%_visitante,3PC_visitante,3PT_visitante,3P%_visitante,2PC_visitante,2PT_visitante,2P%_visitante,LLC_visitante,LLT_visitante,LL%_visitante,EN_visitante,BR_visitante,B/E_visitante,TO_visitante,FC_visitante,T/FC_visitante,ET_visitante,VI_visitante,EF_visitante
67,71,2019-12-09,9,1,2019-2020,Fortaleza B. C. / CFO,Mogi,77.02367924528302,30.014150943396228,39.0,13.57070754716981,35.27358490566038,10.433962264150944,24.839622641509433,13.62740566037736,12.820660377358488,1.18311320754717,8.150943396226415,24.58957547169811,33.40745283018866,19.5,39.10377358490566,49.98919811320753,13.57070754716981,19.066037735849058,70.9443867924528,1.4245754716981132,8.59433962264151,0.7390094339622639,2.3962264150943398,20.51419811320755,0.1199528301886792,12.820660377358488,2.6745283018867925,83.4951886792453,81.10208510638297,29.41276595744681,39.87238297872341,16.770255319148937,36.34476595744681,11.297872340425531,25.04676595744681,15.948978723404256,13.578638297872338,1.2943829787234054,8.153191489361703,23.029872340425534,35.57719148936172,19.936127659574467,39.225489361702124,51.094638297872315,16.770255319148937,22.45531914893617,74.5239574468085,1.3403404255319145,8.582978723404254,0.6818297872340424,1.897957446808511,21.319106382978724,0.09289361702127658,13.578638297872338,2.7106382978723405,91.58723404255319
