placar_casa,placar_visitante,data,round,stage,ano,equipe_casa,equipe_visitante,Pts_casa,3P_casa,2P_casa,LL_casa,RT_casa,RO_casa,RD_casa,AS_casa,ER_casa,IA%_casa,3PC_casa,3PT_casa,3P%_casa,2PC_casa,2PT_casa,2P%_casa,LLC_casa,LLT_casa,LL%_casa,EN_casa,BR_casa,B/E_casa,TO_casa,FC_casa,T/FC_casa,ET_casa,VI_casa,EF_casa,Pts_visitante,3P_visitante,2P_visitante,LL_visitante,RT_visitante,RO_visitante,RD_visitante,AS_visitante,ER_visitante,IA%_visitante,3PC_visitante,3PT_visitante,3P%_visitante,2PC_visitante,2PT_visitante,2P%_visitante,LLC_visitante,LLT_visitante,LL%_visitante,EN_visitante,BR_visitante,B/E_visitante,TO_visitante,FC_visitante,T/FC_visitante,ET_visitante,VI_visitante,EF_visitante
79,89,2023-01-30,2,2,2022-2023,Pinheiros,São Paulo,82.27766666666672,28.32857142857143,40.13809523809524,15.411071428571427,35.05323809523809,10.16909523809524,24.88414285714286,15.977738095238095,13.518238095238095,1.2606904761904765,8.90947619047619,24.746785714285714,36.13688095238096,20.06904761904762,38.59359523809524,52.37964285714292,15.411071428571427,20.87852380952381,73.59399999999998,1.8396190476190484,7.949190476190476,0.619380952380952,2.4778333333333324,19.77311904761905,0.13059523809523788,13.518238095238095,2.3326190476190467,91.30707142857146,86.69959016393443,33.25409836065574,39.53540983606557,13.909590163934428,38.16959016393443,9.084590163934426,29.084672131147535,18.11204918032787,11.726803278688525,1.6375409836065575,11.084754098360653,30.005409836065578,36.820491803278685,19.767868852459014,34.52180327868852,57.37319672131149,13.909590163934428,18.469672131147544,75.47770491803277,2.180327868852459,6.713114754098362,0.5951639344262292,2.6064754098360656,17.467377049180325,0.156967213114754,11.726803278688525,1.8689344262295082,102.33065573770492
