placar_casa,placar_visitante,data,round,stage,ano,equipe_casa,equipe_visitante,Pts_casa,3P_casa,2P_casa,LL_casa,RT_casa,RO_casa,RD_casa,AS_casa,ER_casa,IA%_casa,3PC_casa,3PT_casa,3P%_casa,2PC_casa,2PT_casa,2P%_casa,LLC_casa,LLT_casa,LL%_casa,EN_casa,BR_casa,B/E_casa,TO_casa,FC_casa,T/FC_casa,ET_casa,VI_casa,EF_casa,Pts_visitante,3P_visitante,2P_visitante,LL_visitante,RT_visitante,RO_visitante,RD_visitante,AS_visitante,ER_visitante,IA%_visitante,3PC_visitante,3PT_visitante,3P%_visitante,2PC_visitante,2PT_visitante,2P%_visitante,LLC_visitante,LLT_visitante,LL%_visitante,EN_visitante,BR_visitante,B/E_visitante,TO_visitante,FC_visitante,T/FC_visitante,ET_visitante,VI_visitante,EF_visitante
92,97,2021-04-13,7,2,2020-2021,Fortaleza B. C. / CFO,Paulistano,77.05326771653542,29.019685039370078,39.3857874015748,13.289409448818898,35.586535433070864,10.376102362204726,25.210787401574805,13.718464566929134,12.836496062992124,1.1755511811023622,8.126023622047246,24.866062992125983,32.90622047244092,19.692952755905512,39.2203937007874,50.323267716535405,13.289409448818898,18.716614173228347,70.8161023622047,1.393740157480315,8.488188976377952,0.720472440944882,2.499881889763781,20.537401574803148,0.12523622047244085,12.836496062992124,2.6181102362204722,83.58653543307088,80.5928857142857,30.18857142857143,39.02282857142857,14.981399999999999,35.94571428571429,11.410085714285715,24.535714285714285,14.95577142857143,13.564199999999998,1.2097142857142853,8.862885714285715,25.860028571428572,34.68085714285713,19.511457142857143,38.047200000000004,51.55857142857137,14.981399999999999,20.388542857142856,73.19528571428572,1.7829428571428565,7.705657142857142,0.614714285714286,1.9028857142857138,21.335685714285713,0.09288571428571418,13.564199999999998,2.4571142857142863,87.77002857142855
