placar_casa,placar_visitante,data,round,stage,ano,equipe_casa,equipe_visitante,Pts_casa,3P_casa,2P_casa,LL_casa,RT_casa,RO_casa,RD_casa,AS_casa,ER_casa,IA%_casa,3PC_casa,3PT_casa,3P%_casa,2PC_casa,2PT_casa,2P%_casa,LLC_casa,LLT_casa,LL%_casa,EN_casa,BR_casa,B/E_casa,TO_casa,FC_casa,T/FC_casa,ET_casa,VI_casa,EF_casa,Pts_visitante,3P_visitante,2P_visitante,LL_visitante,RT_visitante,RO_visitante,RD_visitante,AS_visitante,ER_visitante,IA%_visitante,3PC_visitante,3PT_visitante,3P%_visitante,2PC_visitante,2PT_visitante,2P%_visitante,LLC_visitante,LLT_visitante,LL%_visitante,EN_visitante,BR_visitante,B/E_visitante,TO_visitante,FC_visitante,T/FC_visitante,ET_visitante,VI_visitante,EF_visitante
82,72,2014-11-19,5,1,2014-2015,Limeira,Mogi,81.51127819548873,32.72932330827068,39.02255639097744,15.466165413533835,29.18796992481203,7.646616541353383,21.541353383458645,15.421052631578947,12.345864661654135,1.3951879699248115,9.007518796992482,23.05263157894737,39.40917293233081,19.51127819548872,36.78195488721804,53.151654135338376,15.466165413533835,20.105263157894736,76.80721804511282,1.556390977443609,7.6992481203007515,0.6975939849624058,2.3157894736842106,21.49624060150376,0.1126315789473684,12.345864661654135,1.8421052631578947,90.12781954887218,78.07317073170732,35.63414634146341,38.75609756097561,17.878048780487806,34.890243902439025,11.085365853658537,23.804878048780488,13.634146341463415,14.597560975609756,1.0295121951219517,7.146341463414634,19.817073170731707,35.94146341463415,19.378048780487806,40.4390243902439,48.004756097560964,17.878048780487806,24.0,74.02536585365853,0.9878048780487805,8.109756097560975,0.5921951219512195,1.451219512195122,22.134146341463413,0.0701219512195122,14.597560975609756,3.0,85.0609756097561
