placar_casa,placar_visitante,data,round,stage,ano,equipe_casa,equipe_visitante,Pts_casa,3P_casa,2P_casa,LL_casa,RT_casa,RO_casa,RD_casa,AS_casa,ER_casa,IA%_casa,3PC_casa,3PT_casa,3P%_casa,2PC_casa,2PT_casa,2P%_casa,LLC_casa,LLT_casa,LL%_casa,EN_casa,BR_casa,B/E_casa,TO_casa,FC_casa,T/FC_casa,ET_casa,VI_casa,EF_casa,Pts_visitante,3P_visitante,2P_visitante,LL_visitante,RT_visitante,RO_visitante,RD_visitante,AS_visitante,ER_visitante,IA%_visitante,3PC_visitante,3PT_visitante,3P%_visitante,2PC_visitante,2PT_visitante,2P%_visitante,LLC_visitante,LLT_visitante,LL%_visitante,EN_visitante,BR_visitante,B/E_visitante,TO_visitante,FC_visitante,T/FC_visitante,ET_visitante,VI_visitante,EF_visitante
74,89,2013-03-09,10,2,2012-2013,Flamengo,Bauru Basket,90.57264957264957,37.8974358974359,45.55555555555556,17.60683760683761,32.46153846153846,8.05982905982906,24.4017094017094,15.495726495726496,11.931623931623932,1.4736752136752134,9.136752136752136,23.39316239316239,39.226837606837606,22.77777777777778,39.39316239316239,58.0851282051282,17.60683760683761,23.22222222222222,75.89692307692309,1.7692307692307692,7.957264957264957,0.735897435897436,1.7179487179487178,19.692307692307693,0.0888034188034188,11.931623931623932,1.5299145299145298,102.86324786324786,82.05825242718447,35.679611650485434,41.320388349514566,14.466019417475728,31.097087378640776,9.970873786407767,21.12621359223301,13.757281553398059,10.766990291262136,1.452427184466019,8.757281553398059,22.854368932038835,38.609223300970875,20.660194174757283,39.70873786407767,52.51601941747572,14.466019417475728,19.50485436893204,74.63213592233008,1.5242718446601942,6.572815533980583,0.6969902912621357,1.912621359223301,18.106796116504853,0.10970873786407774,10.766990291262136,1.8058252427184467,89.33009708737865
