placar_casa,placar_visitante,data,round,stage,ano,equipe_casa,equipe_visitante,Pts_casa,3P_casa,2P_casa,LL_casa,RT_casa,RO_casa,RD_casa,AS_casa,ER_casa,IA%_casa,3PC_casa,3PT_casa,3P%_casa,2PC_casa,2PT_casa,2P%_casa,LLC_casa,LLT_casa,LL%_casa,EN_casa,BR_casa,B/E_casa,TO_casa,FC_casa,T/FC_casa,ET_casa,VI_casa,EF_casa,Pts_visitante,3P_visitante,2P_visitante,LL_visitante,RT_visitante,RO_visitante,RD_visitante,AS_visitante,ER_visitante,IA%_visitante,3PC_visitante,3PT_visitante,3P%_visitante,2PC_visitante,2PT_visitante,2P%_visitante,LLC_visitante,LLT_visitante,LL%_visitante,EN_visitante,BR_visitante,B/E_visitante,TO_visitante,FC_visitante,T/FC_visitante,ET_visitante,VI_visitante,EF_visitante
70,82,2011-11-21,2,1,2011-2012,Joinville,Brasília,81.41379310344827,28.655172413793103,37.758620689655174,15.0,32.991379310344826,9.698275862068966,23.29310344827586,14.844827586206897,13.612068965517242,1.1824137931034482,9.551724137931034,26.336206896551722,36.43879310344826,18.879310344827587,37.14655172413793,50.82637931034483,15.0,21.224137931034484,70.30862068965519,1.543103448275862,8.008620689655173,0.6356896551724138,2.6293103448275863,19.81896551724138,0.14137931034482754,13.612068965517242,0.9482758620689655,85.0,87.828125,22.546875,46.40625,18.875,34.0,9.125,24.875,16.203125,14.65625,1.2578125,7.515625,22.515625,33.58046875000001,23.203125,39.25,59.1346875,18.875,24.796875,75.9421875,2.03125,7.734375,0.5971875000000001,3.578125,21.609375,0.18296875000000004,14.65625,0.765625,98.09375
