placar_casa,placar_visitante,data,round,stage,ano,equipe_casa,equipe_visitante,Pts_casa,3P_casa,2P_casa,LL_casa,RT_casa,RO_casa,RD_casa,AS_casa,ER_casa,IA%_casa,3PC_casa,3PT_casa,3P%_casa,2PC_casa,2PT_casa,2P%_casa,LLC_casa,LLT_casa,LL%_casa,EN_casa,BR_casa,B/E_casa,TO_casa,FC_casa,T/FC_casa,ET_casa,VI_casa,EF_casa,Pts_visitante,3P_visitante,2P_visitante,LL_visitante,RT_visitante,RO_visitante,RD_visitante,AS_visitante,ER_visitante,IA%_visitante,3PC_visitante,3PT_visitante,3P%_visitante,2PC_visitante,2PT_visitante,2P%_visitante,LLC_visitante,LLT_visitante,LL%_visitante,EN_visitante,BR_visitante,B/E_visitante,TO_visitante,FC_visitante,T/FC_visitante,ET_visitante,VI_visitante,EF_visitante
53,62,2014-01-05,13,1,2013-2014,Goiânia,Minas,78.63636363636364,23.727272727272727,39.81818181818182,15.090909090909092,31.454545454545453,7.818181818181818,23.636363636363637,14.181818181818182,13.636363636363637,1.2454545454545456,7.909090909090909,22.09090909090909,37.025454545454544,19.90909090909091,35.90909090909091,55.26545454545455,15.090909090909092,19.90909090909091,75.8809090909091,1.2727272727272727,7.7272727272727275,0.6072727272727273,1.3636363636363635,22.272727272727273,0.06363636363636363,13.636363636363637,3.3636363636363638,84.72727272727273,81.96774193548387,31.112903225806452,44.53225806451613,16.217741935483872,31.18548387096774,9.088709677419354,22.096774193548388,15.596774193548388,14.137096774193548,1.1966129032258066,7.07258064516129,19.81451612903226,35.31766129032259,22.266129032258064,40.766129032258064,54.79983870967741,16.217741935483872,21.266129032258064,76.40919354838707,1.0887096774193548,7.153225806451613,0.5395161290322582,2.556451612903226,20.693548387096776,0.13056451612903233,14.137096774193548,1.9435483870967742,90.25
