placar_casa,placar_visitante,data,round,stage,ano,equipe_casa,equipe_visitante,Pts_casa,3P_casa,2P_casa,LL_casa,RT_casa,RO_casa,RD_casa,AS_casa,ER_casa,IA%_casa,3PC_casa,3PT_casa,3P%_casa,2PC_casa,2PT_casa,2P%_casa,LLC_casa,LLT_casa,LL%_casa,EN_casa,BR_casa,B/E_casa,TO_casa,FC_casa,T/FC_casa,ET_casa,VI_casa,EF_casa,Pts_visitante,3P_visitante,2P_visitante,LL_visitante,RT_visitante,RO_visitante,RD_visitante,AS_visitante,ER_visitante,IA%_visitante,3PC_visitante,3PT_visitante,3P%_visitante,2PC_visitante,2PT_visitante,2P%_visitante,LLC_visitante,LLT_visitante,LL%_visitante,EN_visitante,BR_visitante,B/E_visitante,TO_visitante,FC_visitante,T/FC_visitante,ET_visitante,VI_visitante,EF_visitante
68,73,2009-04-24,10,2,2008-2009,Paulistano,Brasília,76.63636363636364,21.272727272727273,39.72727272727273,15.636363636363637,31.454545454545453,10.863636363636363,20.59090909090909,14.409090909090908,16.545454545454547,0.9768181818181819,7.090909090909091,22.59090909090909,31.929090909090913,19.863636363636363,37.81818181818182,52.4090909090909,15.636363636363637,22.59090909090909,68.75681818181819,0.9545454545454546,8.045454545454545,0.520909090909091,2.9545454545454546,23.454545454545453,0.12954545454545452,16.545454545454547,0.0,76.54545454545455,87.73913043478261,21.52173913043478,46.08695652173913,20.130434782608695,33.21739130434783,8.26086956521739,24.956521739130434,15.73913043478261,15.391304347826088,1.088695652173913,7.173913043478261,20.608695652173914,35.31391304347826,23.043478260869566,38.34782608695652,60.3917391304348,20.130434782608695,26.608695652173914,75.5804347826087,2.4347826086956523,7.782608695652174,0.5421739130434784,4.086956521739131,22.347826086956523,0.19608695652173913,15.391304347826088,0.0,97.95652173913044
