placar_casa,placar_visitante,data,round,stage,ano,equipe_casa,equipe_visitante,Pts_casa,3P_casa,2P_casa,LL_casa,RT_casa,RO_casa,RD_casa,AS_casa,ER_casa,IA%_casa,3PC_casa,3PT_casa,3P%_casa,2PC_casa,2PT_casa,2P%_casa,LLC_casa,LLT_casa,LL%_casa,EN_casa,BR_casa,B/E_casa,TO_casa,FC_casa,T/FC_casa,ET_casa,VI_casa,EF_casa,Pts_visitante,3P_visitante,2P_visitante,LL_visitante,RT_visitante,RO_visitante,RD_visitante,AS_visitante,ER_visitante,IA%_visitante,3PC_visitante,3PT_visitante,3P%_visitante,2PC_visitante,2PT_visitante,2P%_visitante,LLC_visitante,LLT_visitante,LL%_visitante,EN_visitante,BR_visitante,B/E_visitante,TO_visitante,FC_visitante,T/FC_visitante,ET_visitante,VI_visitante,EF_visitante
101,80,2010-03-26,11,2,2009-2010,Minas,Londrina,87.14814814814815,23.944444444444443,46.888888888888886,16.314814814814813,33.98148148148148,9.592592592592593,24.38888888888889,17.925925925925927,14.851851851851851,1.3005555555555555,7.981481481481482,21.203703703703702,37.91796296296297,23.444444444444443,41.25925925925926,56.9824074074074,16.314814814814813,21.98148148148148,73.98148148148147,1.0925925925925926,6.722222222222222,0.4766666666666667,2.740740740740741,19.38888888888889,0.14944444444444446,14.851851851851851,0.8703703703703703,96.96296296296296,77.15,25.65,34.1,17.4,29.85,10.55,19.3,13.25,14.35,1.0669999999999997,8.55,26.95,31.640000000000004,17.05,35.6,48.3685,17.4,23.25,74.80449999999999,0.65,7.1,0.5245,2.5,20.15,0.135,14.35,2.0,72.7
