placar_casa,placar_visitante,data,round,stage,ano,equipe_casa,equipe_visitante,Pts_casa,3P_casa,2P_casa,LL_casa,RT_casa,RO_casa,RD_casa,AS_casa,ER_casa,IA%_casa,3PC_casa,3PT_casa,3P%_casa,2PC_casa,2PT_casa,2P%_casa,LLC_casa,LLT_casa,LL%_casa,EN_casa,BR_casa,B/E_casa,TO_casa,FC_casa,T/FC_casa,ET_casa,VI_casa,EF_casa,Pts_visitante,3P_visitante,2P_visitante,LL_visitante,RT_visitante,RO_visitante,RD_visitante,AS_visitante,ER_visitante,IA%_visitante,3PC_visitante,3PT_visitante,3P%_visitante,2PC_visitante,2PT_visitante,2P%_visitante,LLC_visitante,LLT_visitante,LL%_visitante,EN_visitante,BR_visitante,B/E_visitante,TO_visitante,FC_visitante,T/FC_visitante,ET_visitante,VI_visitante,EF_visitante
57,64,2019-12-19,10,1,2019-2020,Minas,Pinheiros,78.42053003533567,26.035335689045937,41.51946996466431,15.201413427561837,33.77038869257951,9.985830388692579,23.784452296819786,15.809151943462897,14.243780918727914,1.196784452296821,7.233286219081274,21.46643109540636,33.82660777385158,20.759681978798586,39.58657243816254,52.559681978798594,15.201413427561837,20.646643109540637,73.3840636042402,1.441731448763251,7.865759717314488,0.5905653710247345,2.374558303886926,21.505335689045936,0.11600706713780931,14.243780918727914,2.6041696113074213,86.43819787985863,83.61320754716981,28.88679245283019,40.509496855345915,16.330220125786163,33.66349056603774,9.500062893081763,24.163522012578618,15.544025157232705,13.30817610062893,1.254465408805031,8.924496855345911,24.135251572327046,36.99210691823898,20.254654088050312,38.009402515723266,53.681477987421395,16.330220125786163,21.82704402515723,74.81893081761001,1.9559433962264154,8.088018867924527,0.642704402515723,2.5157232704402515,20.122672955974842,0.13062893081760996,13.30817610062893,2.380534591194968,92.87418238993712
