placar_casa,placar_visitante,data,round,stage,ano,equipe_casa,equipe_visitante,Pts_casa,3P_casa,2P_casa,LL_casa,RT_casa,RO_casa,RD_casa,AS_casa,ER_casa,IA%_casa,3PC_casa,3PT_casa,3P%_casa,2PC_casa,2PT_casa,2P%_casa,LLC_casa,LLT_casa,LL%_casa,EN_casa,BR_casa,B/E_casa,TO_casa,FC_casa,T/FC_casa,ET_casa,VI_casa,EF_casa,Pts_visitante,3P_visitante,2P_visitante,LL_visitante,RT_visitante,RO_visitante,RD_visitante,AS_visitante,ER_visitante,IA%_visitante,3PC_visitante,3PT_visitante,3P%_visitante,2PC_visitante,2PT_visitante,2P%_visitante,LLC_visitante,LLT_visitante,LL%_visitante,EN_visitante,BR_visitante,B/E_visitante,TO_visitante,FC_visitante,T/FC_visitante,ET_visitante,VI_visitante,EF_visitante
89,73,2012-12-19,9,1,2012-2013,Uberlândia,Palmeiras,81.97058823529412,31.764705882352942,41.529411764705884,15.647058823529411,29.38235294117647,6.970588235294118,22.41176470588235,15.205882352941176,11.882352941176471,1.380882352941177,8.264705882352942,21.88235294117647,37.557941176470585,20.764705882352942,38.05882352941177,54.76852941176471,15.647058823529411,19.5,80.09,3.176470588235294,6.176470588235294,0.5788235294117645,2.7941176470588234,19.41176470588235,0.15823529411764706,11.882352941176471,2.4411764705882355,93.52941176470588,76.66666666666667,54.5,36.333333333333336,13.333333333333334,27.333333333333332,8.333333333333334,19.0,11.833333333333334,11.833333333333334,1.1316666666666666,9.0,24.5,36.90833333333333,18.166666666666668,38.666666666666664,47.553333333333335,13.333333333333334,20.666666666666668,61.85833333333333,1.1666666666666667,8.5,0.7333333333333334,1.6666666666666667,24.5,0.065,11.833333333333334,3.1666666666666665,81.33333333333333
