placar_casa,placar_visitante,data,round,stage,ano,equipe_casa,equipe_visitante,Pts_casa,3P_casa,2P_casa,LL_casa,RT_casa,RO_casa,RD_casa,AS_casa,ER_casa,IA%_casa,3PC_casa,3PT_casa,3P%_casa,2PC_casa,2PT_casa,2P%_casa,LLC_casa,LLT_casa,LL%_casa,EN_casa,BR_casa,B/E_casa,TO_casa,FC_casa,T/FC_casa,ET_casa,VI_casa,EF_casa,Pts_visitante,3P_visitante,2P_visitante,LL_visitante,RT_visitante,RO_visitante,RD_visitante,AS_visitante,ER_visitante,IA%_visitante,3PC_visitante,3PT_visitante,3P%_visitante,2PC_visitante,2PT_visitante,2P%_visitante,LLC_visitante,LLT_visitante,LL%_visitante,EN_visitante,BR_visitante,B/E_visitante,TO_visitante,FC_visitante,T/FC_visitante,ET_visitante,VI_visitante,EF_visitante
80,78,2023-02-06,3,2,2022-2023,Paulistano,Fortaleza B. C. / CFO,79.87713253012046,29.39277108433735,39.0217108433735,14.498795180722892,36.325301204819276,11.503662650602411,24.821638554216868,14.96631325301205,13.310819277108433,1.242192771084337,8.785518072289156,25.908481927710845,34.281638554216855,19.510819277108432,38.462722891566266,51.048096385542166,14.498795180722892,19.754168674698793,73.0787951807229,1.7519277108433724,7.633734939759036,0.6261686746987957,1.9494216867469876,21.06265060240964,0.09655421686746983,13.310819277108433,2.4265060240963856,87.09886746987948,76.41754045307444,27.728155339805824,39.43045307443366,13.074466019417477,36.30734627831715,10.611747572815537,25.695987055016186,13.686084142394822,13.035501618122975,1.146375404530744,7.970873786407767,25.0,32.1771844660194,19.715177993527508,39.51453074433657,49.981229773462765,13.074466019417477,18.838252427184468,69.37990291262135,1.385145631067961,8.226569579288027,0.6864077669902908,2.456148867313918,20.42388349514563,0.12372168284789645,13.035501618122975,2.663430420711974,82.10029126213591
