placar_casa,placar_visitante,data,round,stage,ano,equipe_casa,equipe_visitante,Pts_casa,3P_casa,2P_casa,LL_casa,RT_casa,RO_casa,RD_casa,AS_casa,ER_casa,IA%_casa,3PC_casa,3PT_casa,3P%_casa,2PC_casa,2PT_casa,2P%_casa,LLC_casa,LLT_casa,LL%_casa,EN_casa,BR_casa,B/E_casa,TO_casa,FC_casa,T/FC_casa,ET_casa,VI_casa,EF_casa,Pts_visitante,3P_visitante,2P_visitante,LL_visitante,RT_visitante,RO_visitante,RD_visitante,AS_visitante,ER_visitante,IA%_visitante,3PC_visitante,3PT_visitante,3P%_visitante,2PC_visitante,2PT_visitante,2P%_visitante,LLC_visitante,LLT_visitante,LL%_visitante,EN_visitante,BR_visitante,B/E_visitante,TO_visitante,FC_visitante,T/FC_visitante,ET_visitante,VI_visitante,EF_visitante
70,80,2024-03-30,10,2,2023-2024,R10 Score Vasco da Gama,São Paulo,75.57233333333333,25.016666666666666,35.577666666666666,14.97766666666667,35.24988888888889,9.677777777777777,25.57211111111111,17.605444444444444,14.81122222222222,1.2490000000000006,8.339,24.78344444444445,33.57133333333336,17.789,35.37211111111111,50.6937777777778,14.97766666666667,20.01677777777778,75.08277777777776,1.0944444444444446,6.916777777777778,0.4823333333333334,1.6556666666666666,20.82777777777778,0.0813333333333333,14.81122222222222,3.1222222222222222,83.1,84.8193220338983,32.08474576271186,38.59497175141242,14.13909604519774,37.082937853107346,8.93774011299435,28.144858757062142,17.645988700564974,11.879548022598872,1.5736158192090406,10.694915254237285,29.402994350282487,36.18564971751413,19.29768361581921,34.077118644067795,56.68819209039549,14.13909604519774,18.621186440677967,75.99751412429379,1.8568361581920902,6.566949152542375,0.57593220338983,2.3501694915254236,18.156327683615814,0.13774011299435018,11.879548022598872,1.8645197740112998,98.61022598870058
