placar_casa,placar_visitante,data,round,stage,ano,equipe_casa,equipe_visitante,Pts_casa,3P_casa,2P_casa,LL_casa,RT_casa,RO_casa,RD_casa,AS_casa,ER_casa,IA%_casa,3PC_casa,3PT_casa,3P%_casa,2PC_casa,2PT_casa,2P%_casa,LLC_casa,LLT_casa,LL%_casa,EN_casa,BR_casa,B/E_casa,TO_casa,FC_casa,T/FC_casa,ET_casa,VI_casa,EF_casa,Pts_visitante,3P_visitante,2P_visitante,LL_visitante,RT_visitante,RO_visitante,RD_visitante,AS_visitante,ER_visitante,IA%_visitante,3PC_visitante,3PT_visitante,3P%_visitante,2PC_visitante,2PT_visitante,2P%_visitante,LLC_visitante,LLT_visitante,LL%_visitante,EN_visitante,BR_visitante,B/E_visitante,TO_visitante,FC_visitante,T/FC_visitante,ET_visitante,VI_visitante,EF_visitante
83,64,2015-03-20,13,2,2014-2015,Limeira,Uberlândia,81.80891719745223,32.10191082802548,39.261146496815286,15.280254777070065,29.43949044585987,7.726114649681529,21.713375796178344,15.885350318471337,12.261146496815286,1.4356687898089167,9.089171974522293,23.146496815286625,39.600382165605076,19.630573248407643,36.789808917197455,53.41566878980894,15.280254777070065,19.751592356687897,77.1999363057325,1.6560509554140128,8.050955414012739,0.7261783439490443,2.394904458598726,21.254777070063696,0.11764331210191083,12.261146496815286,1.929936305732484,91.5732484076433,81.3955223880597,34.61194029850746,39.776119402985074,14.977611940298507,31.149253731343283,8.022388059701493,23.12686567164179,15.992537313432836,12.305970149253731,1.462835820895523,8.880597014925373,23.149253731343283,38.288656716417904,19.888059701492537,36.85820895522388,54.11052238805973,14.977611940298507,18.895522388059703,79.41246268656715,2.6940298507462686,7.5,0.6703731343283582,2.4776119402985075,20.02238805970149,0.13059701492537315,12.305970149253731,2.5522388059701493,93.22388059701493
