placar_casa,placar_visitante,data,round,stage,ano,equipe_casa,equipe_visitante,Pts_casa,3P_casa,2P_casa,LL_casa,RT_casa,RO_casa,RD_casa,AS_casa,ER_casa,IA%_casa,3PC_casa,3PT_casa,3P%_casa,2PC_casa,2PT_casa,2P%_casa,LLC_casa,LLT_casa,LL%_casa,EN_casa,BR_casa,B/E_casa,TO_casa,FC_casa,T/FC_casa,ET_casa,VI_casa,EF_casa,Pts_visitante,3P_visitante,2P_visitante,LL_visitante,RT_visitante,RO_visitante,RD_visitante,AS_visitante,ER_visitante,IA%_visitante,3PC_visitante,3PT_visitante,3P%_visitante,2PC_visitante,2PT_visitante,2P%_visitante,LLC_visitante,LLT_visitante,LL%_visitante,EN_visitante,BR_visitante,B/E_visitante,TO_visitante,FC_visitante,T/FC_visitante,ET_visitante,VI_visitante,EF_visitante
83,70,2023-04-05,9,2,2022-2023,Flamengo,Paulistano,87.20906318082793,32.947712418300654,41.26355119825709,15.782113289760348,37.36594771241832,10.33111111111111,27.034901960784314,17.97169934640523,12.300653594771243,1.6024400871459707,10.05446623093682,27.254880174291937,37.10187363834422,20.631873638344228,36.860588235294124,56.13468409586058,15.782113289760348,20.88459694989107,75.42675381263608,1.5925272331154692,7.812701525054468,0.6888888888888883,1.91511982570806,18.83004357298475,0.10653594771241834,12.300653594771243,1.9150108932461876,102.2308278867103,79.86084905660377,29.30306603773585,39.06132075471698,14.46816037735849,36.39384433962264,11.547216981132076,24.846627358490565,14.975259433962265,13.304198113207546,1.2414858490566034,8.777122641509434,25.88566037735849,34.274080188679235,19.53066037735849,38.54367924528302,50.99318396226413,14.46816037735849,19.72754716981132,73.01398584905661,1.7630660377358482,7.652099056603773,0.6269339622641511,1.9351886792452824,21.067240566037736,0.09575471698113204,13.304198113207546,2.4351179245283023,87.09915094339618
