placar_casa,placar_visitante,data,round,stage,ano,equipe_casa,equipe_visitante,Pts_casa,3P_casa,2P_casa,LL_casa,RT_casa,RO_casa,RD_casa,AS_casa,ER_casa,IA%_casa,3PC_casa,3PT_casa,3P%_casa,2PC_casa,2PT_casa,2P%_casa,LLC_casa,LLT_casa,LL%_casa,EN_casa,BR_casa,B/E_casa,TO_casa,FC_casa,T/FC_casa,ET_casa,VI_casa,EF_casa,Pts_visitante,3P_visitante,2P_visitante,LL_visitante,RT_visitante,RO_visitante,RD_visitante,AS_visitante,ER_visitante,IA%_visitante,3PC_visitante,3PT_visitante,3P%_visitante,2PC_visitante,2PT_visitante,2P%_visitante,LLC_visitante,LLT_visitante,LL%_visitante,EN_visitante,BR_visitante,B/E_visitante,TO_visitante,FC_visitante,T/FC_visitante,ET_visitante,VI_visitante,EF_visitante
76,69,2022-10-24,3,1,2022-2023,Paulistano,Pato Basquete,80.00505025125626,29.58542713567839,38.92967336683417,14.655778894472363,36.14070351758794,11.419648241206032,24.721055276381907,14.98748743718593,13.374346733668341,1.240804020100502,8.806507537688441,25.881959798994977,34.39326633165828,19.464798994974874,38.26891959798995,51.168165829145714,14.655778894472363,19.94718592964824,73.19291457286434,1.7589195979899486,7.625628140703518,0.6227386934673371,1.92464824120603,21.183417085427134,0.09449748743718586,13.374346733668341,2.4673366834170856,87.1684170854271,72.81914893617021,24.159574468085108,35.787340425531916,12.87255319148936,35.87202127659574,10.691489361702128,25.18117021276596,14.638297872340425,14.010638297872335,1.1245744680851064,8.053085106382978,25.49978723404255,31.497872340425534,17.893510638297872,38.3618085106383,46.72563829787233,12.87255319148936,18.68095744680851,68.89308510638296,1.3831914893617023,7.383085106382978,0.5504255319148937,1.7236170212765958,21.127446808510637,0.08372340425531913,14.010638297872335,2.9893617021276597,74.69148936170212
