placar_casa,placar_visitante,data,round,stage,ano,equipe_casa,equipe_visitante,Pts_casa,3P_casa,2P_casa,LL_casa,RT_casa,RO_casa,RD_casa,AS_casa,ER_casa,IA%_casa,3PC_casa,3PT_casa,3P%_casa,2PC_casa,2PT_casa,2P%_casa,LLC_casa,LLT_casa,LL%_casa,EN_casa,BR_casa,B/E_casa,TO_casa,FC_casa,T/FC_casa,ET_casa,VI_casa,EF_casa,Pts_visitante,3P_visitante,2P_visitante,LL_visitante,RT_visitante,RO_visitante,RD_visitante,AS_visitante,ER_visitante,IA%_visitante,3PC_visitante,3PT_visitante,3P%_visitante,2PC_visitante,2PT_visitante,2P%_visitante,LLC_visitante,LLT_visitante,LL%_visitante,EN_visitante,BR_visitante,B/E_visitante,TO_visitante,FC_visitante,T/FC_visitante,ET_visitante,VI_visitante,EF_visitante
82,74,2014-04-14,4,3,2013-2014,Sesi Franca,Uberlândia,81.0253164556962,30.70253164556962,44.265822784810126,15.987341772151899,30.746835443037973,9.018987341772151,21.727848101265824,14.905063291139241,13.291139240506329,1.2675316455696195,6.924050632911392,19.474683544303797,35.50278481012658,22.132911392405063,42.151898734177216,52.68879746835443,15.987341772151899,21.651898734177216,73.44240506329115,1.8037974683544304,8.759493670886076,0.7175316455696201,2.7531645569620253,20.59493670886076,0.14379746835443039,13.291139240506329,1.8860759493670887,89.07594936708861,83.17142857142858,37.74285714285714,40.51428571428571,15.085714285714285,31.0,7.819047619047619,23.18095238095238,16.533333333333335,11.695238095238095,1.575333333333334,9.19047619047619,23.114285714285714,39.84904761904762,20.257142857142856,36.99047619047619,54.972761904761924,15.085714285714285,19.095238095238095,79.28447619047618,3.057142857142857,6.904761904761905,0.6504761904761908,2.4952380952380953,19.495238095238093,0.1346666666666667,11.695238095238095,2.4857142857142858,96.51428571428572
