placar_casa,placar_visitante,data,round,stage,ano,equipe_casa,equipe_visitante,Pts_casa,3P_casa,2P_casa,LL_casa,RT_casa,RO_casa,RD_casa,AS_casa,ER_casa,IA%_casa,3PC_casa,3PT_casa,3P%_casa,2PC_casa,2PT_casa,2P%_casa,LLC_casa,LLT_casa,LL%_casa,EN_casa,BR_casa,B/E_casa,TO_casa,FC_casa,T/FC_casa,ET_casa,VI_casa,EF_casa,Pts_visitante,3P_visitante,2P_visitante,LL_visitante,RT_visitante,RO_visitante,RD_visitante,AS_visitante,ER_visitante,IA%_visitante,3PC_visitante,3PT_visitante,3P%_visitante,2PC_visitante,2PT_visitante,2P%_visitante,LLC_visitante,LLT_visitante,LL%_visitante,EN_visitante,BR_visitante,B/E_visitante,TO_visitante,FC_visitante,T/FC_visitante,ET_visitante,VI_visitante,EF_visitante
102,74,2012-04-22,4,3,2011-2012,Limeira,Joinville,83.73076923076923,27.057692307692307,39.34615384615385,17.326923076923077,27.75,7.0,20.75,15.51923076923077,13.365384615384615,1.2550000000000001,9.01923076923077,24.115384615384617,37.759423076923085,19.673076923076923,36.53846153846154,53.97173076923075,17.326923076923077,22.23076923076923,78.45730769230771,2.230769230769231,7.711538461538462,0.6211538461538461,3.173076923076923,21.26923076923077,0.16019230769230766,13.365384615384615,1.0192307692307692,89.23076923076923,81.17721518987342,25.518987341772153,39.392405063291136,16.265822784810126,32.14556962025316,9.70253164556962,22.443037974683545,14.113924050632912,13.044303797468354,1.1893670886075947,8.50632911392405,23.867088607594937,35.551772151898724,19.696202531645568,38.82911392405063,50.724303797468345,16.265822784810126,22.734177215189874,71.50113924050632,1.5886075949367089,7.7784810126582276,0.6565822784810127,2.2721518987341773,20.651898734177216,0.11886075949367082,13.044303797468354,1.4556962025316456,85.0126582278481
