placar_casa,placar_visitante,data,round,stage,ano,equipe_casa,equipe_visitante,Pts_casa,3P_casa,2P_casa,LL_casa,RT_casa,RO_casa,RD_casa,AS_casa,ER_casa,IA%_casa,3PC_casa,3PT_casa,3P%_casa,2PC_casa,2PT_casa,2P%_casa,LLC_casa,LLT_casa,LL%_casa,EN_casa,BR_casa,B/E_casa,TO_casa,FC_casa,T/FC_casa,ET_casa,VI_casa,EF_casa,Pts_visitante,3P_visitante,2P_visitante,LL_visitante,RT_visitante,RO_visitante,RD_visitante,AS_visitante,ER_visitante,IA%_visitante,3PC_visitante,3PT_visitante,3P%_visitante,2PC_visitante,2PT_visitante,2P%_visitante,LLC_visitante,LLT_visitante,LL%_visitante,EN_visitante,BR_visitante,B/E_visitante,TO_visitante,FC_visitante,T/FC_visitante,ET_visitante,VI_visitante,EF_visitante
74,68,2022-04-28,1,4,2021-2022,Flamengo,Paulistano,87.62607142857149,32.75,41.790404761904774,16.12852380952381,36.983309523809524,10.166619047619047,26.816690476190477,17.80954761904762,12.311880952380951,1.5925238095238101,9.902380952380952,26.702357142857142,37.26109523809526,20.895309523809527,37.31430952380953,56.18597619047619,16.12852380952381,21.26909523809524,75.76685714285708,1.604690476190477,7.947642857142857,0.7019523809523808,1.9191666666666651,19.06192857142857,0.10538095238095238,12.311880952380951,1.8785476190476194,102.47609523809528,80.16839285714285,29.732142857142858,38.93369897959184,14.716836734693878,36.142857142857146,11.377602040816328,24.765255102040815,14.964336734693878,13.433647959183673,1.2323469387755097,8.839260204081633,25.920969387755104,34.47153061224489,19.466811224489796,38.15823979591837,51.28099489795916,14.716836734693878,20.04331632653061,73.13839285714288,1.7654336734693865,7.637755102040816,0.6201785714285719,1.92859693877551,21.191326530612244,0.09474489795918359,13.433647959183673,2.482142857142857,87.3546683673469
