placar_casa,placar_visitante,data,round,stage,ano,equipe_casa,equipe_visitante,Pts_casa,3P_casa,2P_casa,LL_casa,RT_casa,RO_casa,RD_casa,AS_casa,ER_casa,IA%_casa,3PC_casa,3PT_casa,3P%_casa,2PC_casa,2PT_casa,2P%_casa,LLC_casa,LLT_casa,LL%_casa,EN_casa,BR_casa,B/E_casa,TO_casa,FC_casa,T/FC_casa,ET_casa,VI_casa,EF_casa,Pts_visitante,3P_visitante,2P_visitante,LL_visitante,RT_visitante,RO_visitante,RD_visitante,AS_visitante,ER_visitante,IA%_visitante,3PC_visitante,3PT_visitante,3P%_visitante,2PC_visitante,2PT_visitante,2P%_visitante,LLC_visitante,LLT_visitante,LL%_visitante,EN_visitante,BR_visitante,B/E_visitante,TO_visitante,FC_visitante,T/FC_visitante,ET_visitante,VI_visitante,EF_visitante
80,95,2018-12-18,9,1,2018-2019,Joinville / AABJ,Sesi Franca,76.625,32.75,31.8325,12.042499999999999,36.708333333333336,11.542499999999999,25.165833333333335,15.375,13.625833333333333,1.2641666666666667,10.915833333333333,28.958333333333332,37.4825,15.917499999999999,33.70916666666667,47.3475,12.042499999999999,18.499166666666667,64.19000000000001,1.0825,6.834166666666666,0.5641666666666667,2.1675,19.75,0.10416666666666667,13.625833333333333,2.5408333333333335,81.625,79.81625441696113,27.858657243816253,41.54770318021201,15.954063604240282,32.20141342756184,9.275618374558304,22.925795053003533,14.869257950530036,13.840989399293287,1.1995759717314487,7.438162544169611,21.14487632508834,35.08272084805656,20.773851590106005,39.48056537102474,52.98374558303886,15.954063604240282,21.58303886925795,73.59904593639571,1.9081272084805654,8.498233215547703,0.6680565371024733,2.6431095406360425,20.908127208480565,0.13349823321554768,13.840989399293287,2.363957597173145,87.48409893992932
