placar_casa,placar_visitante,data,round,stage,ano,equipe_casa,equipe_visitante,Pts_casa,3P_casa,2P_casa,LL_casa,RT_casa,RO_casa,RD_casa,AS_casa,ER_casa,IA%_casa,3PC_casa,3PT_casa,3P%_casa,2PC_casa,2PT_casa,2P%_casa,LLC_casa,LLT_casa,LL%_casa,EN_casa,BR_casa,B/E_casa,TO_casa,FC_casa,T/FC_casa,ET_casa,VI_casa,EF_casa,Pts_visitante,3P_visitante,2P_visitante,LL_visitante,RT_visitante,RO_visitante,RD_visitante,AS_visitante,ER_visitante,IA%_visitante,3PC_visitante,3PT_visitante,3P%_visitante,2PC_visitante,2PT_visitante,2P%_visitante,LLC_visitante,LLT_visitante,LL%_visitante,EN_visitante,BR_visitante,B/E_visitante,TO_visitante,FC_visitante,T/FC_visitante,ET_visitante,VI_visitante,EF_visitante
61,59,2022-10-31,4,1,2022-2023,Pato Basquete,Rio Claro,72.95833333333333,24.21875,35.8959375,12.843958333333331,35.83302083333333,10.656250000000002,25.177395833333335,14.625,14.010416666666663,1.1219791666666665,8.0728125,25.624791666666663,31.436875000000004,17.9478125,38.3959375,46.81989583333333,12.843958333333331,18.72927083333333,68.59864583333332,1.354375,7.562604166666667,0.5627083333333335,1.7189583333333334,21.124791666666667,0.08343749999999998,14.010416666666663,3.0104166666666665,74.79166666666667,78.02333333333334,23.3953488372093,39.55054263565892,15.077441860465115,33.52705426356589,9.263643410852712,24.263410852713175,16.232480620155037,13.806279069767443,1.2581395348837208,7.7984496124031,23.302403100775194,33.25441860465116,19.77503875968992,37.51147286821705,52.828914728682186,15.077441860465115,19.922635658914732,75.19620155038763,1.8914728682170543,8.286821705426357,0.6231782945736436,1.6589147286821706,21.93798449612403,0.07798449612403102,13.806279069767443,3.007751937984496,85.83720930232558
