placar_casa,placar_visitante,data,round,stage,ano,equipe_casa,equipe_visitante,Pts_casa,3P_casa,2P_casa,LL_casa,RT_casa,RO_casa,RD_casa,AS_casa,ER_casa,IA%_casa,3PC_casa,3PT_casa,3P%_casa,2PC_casa,2PT_casa,2P%_casa,LLC_casa,LLT_casa,LL%_casa,EN_casa,BR_casa,B/E_casa,TO_casa,FC_casa,T/FC_casa,ET_casa,VI_casa,EF_casa,Pts_visitante,3P_visitante,2P_visitante,LL_visitante,RT_visitante,RO_visitante,RD_visitante,AS_visitante,ER_visitante,IA%_visitante,3PC_visitante,3PT_visitante,3P%_visitante,2PC_visitante,2PT_visitante,2P%_visitante,LLC_visitante,LLT_visitante,LL%_visitante,EN_visitante,BR_visitante,B/E_visitante,TO_visitante,FC_visitante,T/FC_visitante,ET_visitante,VI_visitante,EF_visitante
80,73,2013-12-11,9,1,2013-2014,Sesi Franca,L. Sorocabana,73.6,17.4,40.53333333333333,15.666666666666666,30.0,8.666666666666666,21.333333333333332,13.6,13.533333333333333,1.147333333333333,5.8,16.666666666666668,33.571999999999996,20.266666666666666,41.53333333333333,48.86266666666667,15.666666666666666,21.4,73.88466666666666,1.4,8.866666666666667,0.6999999999999998,2.8666666666666667,19.466666666666665,0.15733333333333335,13.533333333333333,2.1333333333333333,77.53333333333333,75.06666666666666,20.6,38.666666666666664,15.8,26.866666666666667,7.6,19.266666666666666,10.466666666666667,11.066666666666666,0.9993333333333332,6.866666666666666,19.4,34.70799999999999,19.333333333333332,36.13333333333333,54.039333333333346,15.8,21.4,73.70133333333334,1.0,8.2,0.8246666666666665,1.6666666666666667,22.066666666666666,0.07666666666666667,11.066666666666666,2.4,76.26666666666667
