placar_casa,placar_visitante,data,round,stage,ano,equipe_casa,equipe_visitante,Pts_casa,3P_casa,2P_casa,LL_casa,RT_casa,RO_casa,RD_casa,AS_casa,ER_casa,IA%_casa,3PC_casa,3PT_casa,3P%_casa,2PC_casa,2PT_casa,2P%_casa,LLC_casa,LLT_casa,LL%_casa,EN_casa,BR_casa,B/E_casa,TO_casa,FC_casa,T/FC_casa,ET_casa,VI_casa,EF_casa,Pts_visitante,3P_visitante,2P_visitante,LL_visitante,RT_visitante,RO_visitante,RD_visitante,AS_visitante,ER_visitante,IA%_visitante,3PC_visitante,3PT_visitante,3P%_visitante,2PC_visitante,2PT_visitante,2P%_visitante,LLC_visitante,LLT_visitante,LL%_visitante,EN_visitante,BR_visitante,B/E_visitante,TO_visitante,FC_visitante,T/FC_visitante,ET_visitante,VI_visitante,EF_visitante
86,79,2013-11-23,4,1,2013-2014,Espírito Santo,Coop/São José Basketball,78.66666666666667,41.8,41.86666666666667,17.8,31.933333333333334,9.8,22.133333333333333,11.4,13.533333333333333,1.028,6.333333333333333,21.6,29.277333333333328,20.933333333333334,42.2,49.67266666666667,17.8,22.533333333333335,79.26866666666668,1.6,6.933333333333334,0.5946666666666667,1.3333333333333333,18.933333333333334,0.07333333333333332,13.533333333333333,2.466666666666667,79.8,83.13333333333334,21.6,40.93333333333333,20.6,34.4,10.133333333333333,24.266666666666666,16.4,13.533333333333333,1.3126666666666664,7.2,22.333333333333332,32.970666666666666,20.466666666666665,39.333333333333336,51.84866666666667,20.6,26.333333333333332,78.166,0.6,7.333333333333333,0.5826666666666666,2.6,18.4,0.14933333333333337,13.533333333333333,3.0,90.6
