placar_casa,placar_visitante,data,round,stage,ano,equipe_casa,equipe_visitante,Pts_casa,3P_casa,2P_casa,LL_casa,RT_casa,RO_casa,RD_casa,AS_casa,ER_casa,IA%_casa,3PC_casa,3PT_casa,3P%_casa,2PC_casa,2PT_casa,2P%_casa,LLC_casa,LLT_casa,LL%_casa,EN_casa,BR_casa,B/E_casa,TO_casa,FC_casa,T/FC_casa,ET_casa,VI_casa,EF_casa,Pts_visitante,3P_visitante,2P_visitante,LL_visitante,RT_visitante,RO_visitante,RD_visitante,AS_visitante,ER_visitante,IA%_visitante,3PC_visitante,3PT_visitante,3P%_visitante,2PC_visitante,2PT_visitante,2P%_visitante,LLC_visitante,LLT_visitante,LL%_visitante,EN_visitante,BR_visitante,B/E_visitante,TO_visitante,FC_visitante,T/FC_visitante,ET_visitante,VI_visitante,EF_visitante
83,53,2013-11-28,5,1,2013-2014,Limeira,Espírito Santo,82.73333333333333,27.8,42.53333333333333,14.2,32.2,8.666666666666666,23.533333333333335,15.066666666666666,10.8,1.5706666666666667,8.666666666666666,23.266666666666666,37.58266666666666,21.266666666666666,39.06666666666667,54.72333333333334,14.2,18.066666666666666,77.23666666666666,1.3333333333333333,7.2,0.75,2.066666666666667,21.733333333333334,0.09666666666666668,10.8,2.1333333333333333,92.6,79.93333333333334,40.8,42.0,17.533333333333335,32.0,9.866666666666667,22.133333333333333,11.666666666666666,12.933333333333334,1.1193333333333333,6.8,22.6,29.774666666666665,21.0,42.53333333333333,49.374,17.533333333333335,22.133333333333333,79.54133333333333,1.8666666666666667,7.066666666666666,0.6513333333333333,1.1333333333333333,19.133333333333333,0.06266666666666666,12.933333333333334,2.2,80.66666666666667
