placar_casa,placar_visitante,data,round,stage,ano,equipe_casa,equipe_visitante,Pts_casa,3P_casa,2P_casa,LL_casa,RT_casa,RO_casa,RD_casa,AS_casa,ER_casa,IA%_casa,3PC_casa,3PT_casa,3P%_casa,2PC_casa,2PT_casa,2P%_casa,LLC_casa,LLT_casa,LL%_casa,EN_casa,BR_casa,B/E_casa,TO_casa,FC_casa,T/FC_casa,ET_casa,VI_casa,EF_casa,Pts_visitante,3P_visitante,2P_visitante,LL_visitante,RT_visitante,RO_visitante,RD_visitante,AS_visitante,ER_visitante,IA%_visitante,3PC_visitante,3PT_visitante,3P%_visitante,2PC_visitante,2PT_visitante,2P%_visitante,LLC_visitante,LLT_visitante,LL%_visitante,EN_visitante,BR_visitante,B/E_visitante,TO_visitante,FC_visitante,T/FC_visitante,ET_visitante,VI_visitante,EF_visitante
98,87,2016-12-22,12,1,2016-2017,Flamengo,Vitória,88.13333333333334,25.4,44.4,18.333333333333332,39.4,10.466666666666667,28.933333333333334,17.8,11.933333333333334,1.6333333333333333,8.466666666666667,25.133333333333333,32.97933333333334,22.2,40.6,55.02466666666667,18.333333333333332,24.0,74.956,1.0666666666666667,8.133333333333333,0.7766666666666668,2.2,21.066666666666666,0.10866666666666668,11.933333333333334,2.8666666666666667,103.0,71.53333333333333,19.4,38.8,13.333333333333334,37.53333333333333,11.066666666666666,26.466666666666665,15.333333333333334,14.6,1.1293333333333335,6.466666666666667,22.333333333333332,29.13133333333333,19.4,39.666666666666664,49.37133333333333,13.333333333333334,18.466666666666665,72.65133333333333,1.2,7.4,0.522,1.6666666666666667,20.8,0.08533333333333333,14.6,3.6666666666666665,77.53333333333333
