placar_casa,placar_visitante,data,round,stage,ano,equipe_casa,equipe_visitante,Pts_casa,3P_casa,2P_casa,LL_casa,RT_casa,RO_casa,RD_casa,AS_casa,ER_casa,IA%_casa,3PC_casa,3PT_casa,3P%_casa,2PC_casa,2PT_casa,2P%_casa,LLC_casa,LLT_casa,LL%_casa,EN_casa,BR_casa,B/E_casa,TO_casa,FC_casa,T/FC_casa,ET_casa,VI_casa,EF_casa,Pts_visitante,3P_visitante,2P_visitante,LL_visitante,RT_visitante,RO_visitante,RD_visitante,AS_visitante,ER_visitante,IA%_visitante,3PC_visitante,3PT_visitante,3P%_visitante,2PC_visitante,2PT_visitante,2P%_visitante,LLC_visitante,LLT_visitante,LL%_visitante,EN_visitante,BR_visitante,B/E_visitante,TO_visitante,FC_visitante,T/FC_visitante,ET_visitante,VI_visitante,EF_visitante
102,85,2010-01-15,9,1,2009-2010,Minas,Saldanha,83.73333333333333,24.4,42.4,16.933333333333334,31.866666666666667,8.8,23.066666666666666,17.066666666666666,14.0,1.4260000000000006,8.133333333333333,22.6,35.73266666666667,21.2,38.8,54.94533333333332,16.933333333333334,23.266666666666666,72.762,1.0666666666666667,6.2,0.5113333333333333,2.066666666666667,19.4,0.10333333333333335,14.0,0.7333333333333333,88.53333333333333,72.0,22.0,37.2,12.8,28.4,9.2,19.2,11.0,13.933333333333334,0.8119999999999999,7.333333333333333,24.733333333333334,29.699333333333332,18.6,38.0,48.982,12.8,21.0,60.92866666666667,2.466666666666667,8.866666666666667,0.6739999999999999,1.7333333333333334,20.066666666666666,0.08933333333333335,13.933333333333334,1.4,63.06666666666667
