placar_casa,placar_visitante,data,round,stage,ano,equipe_casa,equipe_visitante,Pts_casa,3P_casa,2P_casa,LL_casa,RT_casa,RO_casa,RD_casa,AS_casa,ER_casa,IA%_casa,3PC_casa,3PT_casa,3P%_casa,2PC_casa,2PT_casa,2P%_casa,LLC_casa,LLT_casa,LL%_casa,EN_casa,BR_casa,B/E_casa,TO_casa,FC_casa,T/FC_casa,ET_casa,VI_casa,EF_casa,Pts_visitante,3P_visitante,2P_visitante,LL_visitante,RT_visitante,RO_visitante,RD_visitante,AS_visitante,ER_visitante,IA%_visitante,3PC_visitante,3PT_visitante,3P%_visitante,2PC_visitante,2PT_visitante,2P%_visitante,LLC_visitante,LLT_visitante,LL%_visitante,EN_visitante,BR_visitante,B/E_visitante,TO_visitante,FC_visitante,T/FC_visitante,ET_visitante,VI_visitante,EF_visitante
79,100,2010-02-10,8,1,2009-2010,Coop/São José Basketball,Pinheiros,73.66666666666667,25.2,35.733333333333334,12.733333333333333,32.4,10.533333333333333,21.866666666666667,14.466666666666667,15.333333333333334,1.0159999999999998,8.4,25.133333333333333,33.378,17.866666666666667,33.0,55.041999999999994,12.733333333333333,18.8,68.05933333333333,1.4,6.933333333333334,0.4846666666666668,1.4666666666666666,18.933333333333334,0.07466666666666667,15.333333333333334,1.0,75.66666666666667,87.46666666666667,30.4,39.333333333333336,17.733333333333334,30.933333333333334,9.0,21.933333333333334,14.933333333333334,13.8,1.1366666666666665,10.133333333333333,24.933333333333334,41.416666666666664,19.666666666666668,37.8,52.022000000000006,17.733333333333334,23.133333333333333,76.23533333333333,2.6666666666666665,7.0,0.5166666666666667,2.2,19.2,0.1366666666666667,13.8,2.0,90.4
