placar_casa,placar_visitante,data,round,stage,ano,equipe_casa,equipe_visitante,Pts_casa,3P_casa,2P_casa,LL_casa,RT_casa,RO_casa,RD_casa,AS_casa,ER_casa,IA%_casa,3PC_casa,3PT_casa,3P%_casa,2PC_casa,2PT_casa,2P%_casa,LLC_casa,LLT_casa,LL%_casa,EN_casa,BR_casa,B/E_casa,TO_casa,FC_casa,T/FC_casa,ET_casa,VI_casa,EF_casa,Pts_visitante,3P_visitante,2P_visitante,LL_visitante,RT_visitante,RO_visitante,RD_visitante,AS_visitante,ER_visitante,IA%_visitante,3PC_visitante,3PT_visitante,3P%_visitante,2PC_visitante,2PT_visitante,2P%_visitante,LLC_visitante,LLT_visitante,LL%_visitante,EN_visitante,BR_visitante,B/E_visitante,TO_visitante,FC_visitante,T/FC_visitante,ET_visitante,VI_visitante,EF_visitante
91,75,2010-02-09,10,1,2009-2010,Sesi Franca,Coop/São José Basketball,82.06666666666666,26.4,38.4,17.266666666666666,28.333333333333332,7.8,20.533333333333335,12.133333333333333,11.6,1.3426666666666667,8.8,24.2,35.63533333333333,19.2,38.6,50.266,17.266666666666666,22.333333333333332,76.94066666666667,0.26666666666666666,6.466666666666667,0.6066666666666668,2.1333333333333333,21.733333333333334,0.10600000000000001,11.6,1.4666666666666666,79.66666666666667,72.53333333333333,24.6,35.333333333333336,12.6,31.866666666666667,10.333333333333334,21.533333333333335,14.133333333333333,14.866666666666667,1.0186666666666666,8.2,25.0,32.559999999999995,17.666666666666668,33.266666666666666,54.118666666666655,12.6,18.6,68.21266666666666,1.2666666666666666,6.733333333333333,0.4853333333333334,1.4,18.8,0.07200000000000001,14.866666666666667,0.8666666666666667,73.4
