placar_casa,placar_visitante,data,round,stage,ano,equipe_casa,equipe_visitante,Pts_casa,3P_casa,2P_casa,LL_casa,RT_casa,RO_casa,RD_casa,AS_casa,ER_casa,IA%_casa,3PC_casa,3PT_casa,3P%_casa,2PC_casa,2PT_casa,2P%_casa,LLC_casa,LLT_casa,LL%_casa,EN_casa,BR_casa,B/E_casa,TO_casa,FC_casa,T/FC_casa,ET_casa,VI_casa,EF_casa,Pts_visitante,3P_visitante,2P_visitante,LL_visitante,RT_visitante,RO_visitante,RD_visitante,AS_visitante,ER_visitante,IA%_visitante,3PC_visitante,3PT_visitante,3P%_visitante,2PC_visitante,2PT_visitante,2P%_visitante,LLC_visitante,LLT_visitante,LL%_visitante,EN_visitante,BR_visitante,B/E_visitante,TO_visitante,FC_visitante,T/FC_visitante,ET_visitante,VI_visitante,EF_visitante
85,74,2010-01-15,9,1,2009-2010,Bauru Basket,Londrina,77.66666666666667,26.4,40.13333333333333,11.133333333333333,32.266666666666666,10.2,22.066666666666666,13.4,9.666666666666666,1.598,8.8,23.4,37.721999999999994,20.066666666666666,38.86666666666667,52.10133333333335,11.133333333333333,16.666666666666668,68.15466666666666,1.7333333333333334,6.533333333333333,0.7533333333333333,2.4,16.2,0.16066666666666668,9.666666666666666,1.1333333333333333,83.66666666666667,78.0,22.714285714285715,36.857142857142854,18.428571428571427,31.142857142857142,12.857142857142858,18.285714285714285,14.571428571428571,16.714285714285715,0.8828571428571428,7.571428571428571,25.857142857142858,28.791428571428575,18.428571428571427,37.57142857142857,49.51857142857143,18.428571428571427,24.714285714285715,74.77714285714286,0.42857142857142855,7.857142857142857,0.47285714285714286,3.7142857142857144,18.428571428571427,0.21000000000000002,16.714285714285715,2.5714285714285716,74.85714285714286
