placar_casa,placar_visitante,data,round,stage,ano,equipe_casa,equipe_visitante,Pts_casa,3P_casa,2P_casa,LL_casa,RT_casa,RO_casa,RD_casa,AS_casa,ER_casa,IA%_casa,3PC_casa,3PT_casa,3P%_casa,2PC_casa,2PT_casa,2P%_casa,LLC_casa,LLT_casa,LL%_casa,EN_casa,BR_casa,B/E_casa,TO_casa,FC_casa,T/FC_casa,ET_casa,VI_casa,EF_casa,Pts_visitante,3P_visitante,2P_visitante,LL_visitante,RT_visitante,RO_visitante,RD_visitante,AS_visitante,ER_visitante,IA%_visitante,3PC_visitante,3PT_visitante,3P%_visitante,2PC_visitante,2PT_visitante,2P%_visitante,LLC_visitante,LLT_visitante,LL%_visitante,EN_visitante,BR_visitante,B/E_visitante,TO_visitante,FC_visitante,T/FC_visitante,ET_visitante,VI_visitante,EF_visitante
75,76,2009-11-15,3,1,2009-2010,Saldanha,Pinheiros,71.8,23.8,35.2,12.8,29.066666666666666,9.466666666666667,19.6,12.8,17.066666666666666,0.8000000000000002,7.933333333333334,26.333333333333332,30.218000000000004,17.6,35.46666666666667,49.50666666666667,12.8,21.133333333333333,60.583999999999996,2.8666666666666667,8.733333333333333,0.5333333333333333,2.0,20.933333333333334,0.09933333333333334,17.066666666666666,0.13333333333333333,62.733333333333334,89.4,28.2,44.13333333333333,17.066666666666666,32.53333333333333,8.933333333333334,23.6,16.4,13.333333333333334,1.3166666666666667,9.4,24.466666666666665,39.292666666666655,22.066666666666666,39.46666666666667,56.15599999999999,17.066666666666666,22.0,77.30533333333334,3.3333333333333335,8.333333333333334,0.6466666666666667,1.9333333333333333,19.6,0.10133333333333333,13.333333333333334,0.13333333333333333,97.86666666666666
