placar_casa,placar_visitante,data,round,stage,ano,equipe_casa,equipe_visitante,Pts_casa,3P_casa,2P_casa,LL_casa,RT_casa,RO_casa,RD_casa,AS_casa,ER_casa,IA%_casa,3PC_casa,3PT_casa,3P%_casa,2PC_casa,2PT_casa,2P%_casa,LLC_casa,LLT_casa,LL%_casa,EN_casa,BR_casa,B/E_casa,TO_casa,FC_casa,T/FC_casa,ET_casa,VI_casa,EF_casa,Pts_visitante,3P_visitante,2P_visitante,LL_visitante,RT_visitante,RO_visitante,RD_visitante,AS_visitante,ER_visitante,IA%_visitante,3PC_visitante,3PT_visitante,3P%_visitante,2PC_visitante,2PT_visitante,2P%_visitante,LLC_visitante,LLT_visitante,LL%_visitante,EN_visitante,BR_visitante,B/E_visitante,TO_visitante,FC_visitante,T/FC_visitante,ET_visitante,VI_visitante,EF_visitante
106,73,2010-01-29,13,1,2009-2010,Bauru Basket,Paulistano,77.0,26.8,38.93333333333333,11.266666666666667,31.133333333333333,10.133333333333333,21.0,13.133333333333333,9.8,1.544,8.933333333333334,23.666666666666668,38.17333333333333,19.466666666666665,39.333333333333336,50.102,11.266666666666667,16.666666666666668,68.88733333333333,1.7333333333333334,6.6,0.7706666666666666,2.2666666666666666,15.466666666666667,0.15866666666666668,9.8,1.4,80.33333333333333,75.4,19.8,40.0,15.6,31.2,10.4,20.8,12.333333333333334,14.933333333333334,0.9453333333333334,6.6,23.133333333333333,29.365333333333336,20.0,39.4,50.98866666666666,15.6,22.733333333333334,68.75733333333334,1.2666666666666666,7.733333333333333,0.6146666666666666,2.8,22.333333333333332,0.132,14.933333333333334,0.8666666666666667,71.46666666666667
