placar_casa,placar_visitante,data,round,stage,ano,equipe_casa,equipe_visitante,Pts_casa,3P_casa,2P_casa,LL_casa,RT_casa,RO_casa,RD_casa,AS_casa,ER_casa,IA%_casa,3PC_casa,3PT_casa,3P%_casa,2PC_casa,2PT_casa,2P%_casa,LLC_casa,LLT_casa,LL%_casa,EN_casa,BR_casa,B/E_casa,TO_casa,FC_casa,T/FC_casa,ET_casa,VI_casa,EF_casa,Pts_visitante,3P_visitante,2P_visitante,LL_visitante,RT_visitante,RO_visitante,RD_visitante,AS_visitante,ER_visitante,IA%_visitante,3PC_visitante,3PT_visitante,3P%_visitante,2PC_visitante,2PT_visitante,2P%_visitante,LLC_visitante,LLT_visitante,LL%_visitante,EN_visitante,BR_visitante,B/E_visitante,TO_visitante,FC_visitante,T/FC_visitante,ET_visitante,VI_visitante,EF_visitante
76,60,2010-01-22,11,1,2009-2010,Espírito Santo,Saldanha,72.2,20.6,38.53333333333333,13.066666666666666,34.06666666666667,10.466666666666667,23.6,11.733333333333333,16.533333333333335,0.7806666666666667,6.866666666666666,21.066666666666666,31.866,19.266666666666666,39.266666666666666,49.45933333333334,13.066666666666666,21.066666666666666,62.741333333333344,1.6666666666666667,9.066666666666666,0.6099999999999999,2.6,20.933333333333334,0.1266666666666667,16.533333333333335,1.9333333333333333,70.93333333333334,72.53333333333333,22.2,38.4,11.933333333333334,27.4,8.466666666666667,18.933333333333334,10.4,13.466666666666667,0.802,7.4,24.133333333333333,30.732666666666663,19.2,39.266666666666666,48.900666666666666,11.933333333333334,19.733333333333334,59.54,1.6,9.0,0.7173333333333333,1.4,18.6,0.07600000000000001,13.466666666666667,1.6,62.666666666666664
