placar_casa,placar_visitante,data,round,stage,ano,equipe_casa,equipe_visitante,Pts_casa,3P_casa,2P_casa,LL_casa,RT_casa,RO_casa,RD_casa,AS_casa,ER_casa,IA%_casa,3PC_casa,3PT_casa,3P%_casa,2PC_casa,2PT_casa,2P%_casa,LLC_casa,LLT_casa,LL%_casa,EN_casa,BR_casa,B/E_casa,TO_casa,FC_casa,T/FC_casa,ET_casa,VI_casa,EF_casa,Pts_visitante,3P_visitante,2P_visitante,LL_visitante,RT_visitante,RO_visitante,RD_visitante,AS_visitante,ER_visitante,IA%_visitante,3PC_visitante,3PT_visitante,3P%_visitante,2PC_visitante,2PT_visitante,2P%_visitante,LLC_visitante,LLT_visitante,LL%_visitante,EN_visitante,BR_visitante,B/E_visitante,TO_visitante,FC_visitante,T/FC_visitante,ET_visitante,VI_visitante,EF_visitante
62,60,2009-11-29,6,1,2009-2010,Paulistano,Londrina,77.73333333333333,21.0,39.86666666666667,16.866666666666667,30.466666666666665,9.933333333333334,20.533333333333335,13.066666666666666,14.8,1.0313333333333332,7.0,22.4,32.948,19.933333333333334,39.0,51.24866666666667,16.866666666666667,23.933333333333334,70.71866666666666,1.1333333333333333,7.6,0.6193333333333334,2.8,23.2,0.12666666666666665,14.8,0.26666666666666666,75.33333333333333,77.0,22.0,36.666666666666664,18.333333333333332,32.666666666666664,15.0,17.666666666666668,14.333333333333334,16.666666666666668,0.87,7.333333333333333,24.0,28.38,18.333333333333332,41.0,44.076666666666675,18.333333333333332,24.333333333333332,75.07333333333334,0.0,7.333333333333333,0.44,3.3333333333333335,17.333333333333332,0.21000000000000005,16.666666666666668,2.0,72.66666666666667
