placar_casa,placar_visitante,data,round,stage,ano,equipe_casa,equipe_visitante,Pts_casa,3P_casa,2P_casa,LL_casa,RT_casa,RO_casa,RD_casa,AS_casa,ER_casa,IA%_casa,3PC_casa,3PT_casa,3P%_casa,2PC_casa,2PT_casa,2P%_casa,LLC_casa,LLT_casa,LL%_casa,EN_casa,BR_casa,B/E_casa,TO_casa,FC_casa,T/FC_casa,ET_casa,VI_casa,EF_casa,Pts_visitante,3P_visitante,2P_visitante,LL_visitante,RT_visitante,RO_visitante,RD_visitante,AS_visitante,ER_visitante,IA%_visitante,3PC_visitante,3PT_visitante,3P%_visitante,2PC_visitante,2PT_visitante,2P%_visitante,LLC_visitante,LLT_visitante,LL%_visitante,EN_visitante,BR_visitante,B/E_visitante,TO_visitante,FC_visitante,T/FC_visitante,ET_visitante,VI_visitante,EF_visitante
101,106,2009-11-22,4,1,2009-2010,Minas,Sesi Franca,84.6,22.4,44.8,17.4,33.06666666666667,8.466666666666667,24.6,18.6,15.133333333333333,1.4320000000000002,7.466666666666667,21.333333333333332,35.0,22.4,39.93333333333333,56.45399999999999,17.4,23.866666666666667,72.81600000000002,1.1333333333333333,6.666666666666667,0.5019999999999999,2.1333333333333333,18.533333333333335,0.11666666666666667,15.133333333333333,0.26666666666666666,92.06666666666666,82.2,24.0,41.06666666666667,17.133333333333333,29.666666666666668,8.2,21.466666666666665,16.066666666666666,11.6,1.7460000000000007,8.0,23.466666666666665,34.66866666666667,20.533333333333335,40.666666666666664,50.02666666666667,17.133333333333333,22.333333333333332,77.25866666666666,0.5333333333333333,7.8,0.73,2.466666666666667,22.2,0.12199999999999998,11.6,0.2,85.8
