placar_casa,placar_visitante,data,round,stage,ano,equipe_casa,equipe_visitante,Pts_casa,3P_casa,2P_casa,LL_casa,RT_casa,RO_casa,RD_casa,AS_casa,ER_casa,IA%_casa,3PC_casa,3PT_casa,3P%_casa,2PC_casa,2PT_casa,2P%_casa,LLC_casa,LLT_casa,LL%_casa,EN_casa,BR_casa,B/E_casa,TO_casa,FC_casa,T/FC_casa,ET_casa,VI_casa,EF_casa,Pts_visitante,3P_visitante,2P_visitante,LL_visitante,RT_visitante,RO_visitante,RD_visitante,AS_visitante,ER_visitante,IA%_visitante,3PC_visitante,3PT_visitante,3P%_visitante,2PC_visitante,2PT_visitante,2P%_visitante,LLC_visitante,LLT_visitante,LL%_visitante,EN_visitante,BR_visitante,B/E_visitante,TO_visitante,FC_visitante,T/FC_visitante,ET_visitante,VI_visitante,EF_visitante
63,75,2010-03-07,6,2,2009-2010,Joinville,Pinheiros,81.33333333333333,29.4,36.0,15.933333333333334,32.3,10.166666666666666,22.133333333333333,12.8,11.9,1.218,9.8,26.766666666666666,36.626666666666665,18.0,37.03333333333333,48.806000000000004,15.933333333333334,21.933333333333334,73.59533333333334,1.5,6.833333333333333,0.6286666666666666,2.2333333333333334,19.5,0.12400000000000003,11.9,2.466666666666667,81.6,90.4,28.2,43.46666666666667,18.733333333333334,28.933333333333334,8.066666666666666,20.866666666666667,14.6,13.8,1.1193333333333335,9.4,23.2,41.007333333333335,21.733333333333334,38.666666666666664,55.60466666666666,18.733333333333334,23.933333333333334,77.938,2.533333333333333,7.266666666666667,0.5513333333333333,3.066666666666667,19.533333333333335,0.17533333333333337,13.8,2.3333333333333335,94.53333333333333
