placar_casa,placar_visitante,data,round,stage,ano,equipe_casa,equipe_visitante,Pts_casa,3P_casa,2P_casa,LL_casa,RT_casa,RO_casa,RD_casa,AS_casa,ER_casa,IA%_casa,3PC_casa,3PT_casa,3P%_casa,2PC_casa,2PT_casa,2P%_casa,LLC_casa,LLT_casa,LL%_casa,EN_casa,BR_casa,B/E_casa,TO_casa,FC_casa,T/FC_casa,ET_casa,VI_casa,EF_casa,Pts_visitante,3P_visitante,2P_visitante,LL_visitante,RT_visitante,RO_visitante,RD_visitante,AS_visitante,ER_visitante,IA%_visitante,3PC_visitante,3PT_visitante,3P%_visitante,2PC_visitante,2PT_visitante,2P%_visitante,LLC_visitante,LLT_visitante,LL%_visitante,EN_visitante,BR_visitante,B/E_visitante,TO_visitante,FC_visitante,T/FC_visitante,ET_visitante,VI_visitante,EF_visitante
68,86,2014-12-18,12,1,2014-2015,Macaé Basquete,Brasília,79.4,26.6,36.93333333333333,15.866666666666667,32.266666666666666,8.8,23.466666666666665,13.8,12.8,1.2526666666666666,8.866666666666667,23.066666666666666,38.53266666666666,18.466666666666665,36.666666666666664,50.37333333333334,15.866666666666667,20.333333333333332,78.16266666666667,1.2666666666666666,9.066666666666666,0.7686666666666667,1.4,22.733333333333334,0.06266666666666668,12.8,3.1333333333333333,86.26666666666667,78.06666666666666,23.2,41.06666666666667,13.8,35.13333333333333,10.2,24.933333333333334,14.866666666666667,11.666666666666666,1.3433333333333335,7.733333333333333,24.666666666666668,32.11266666666666,20.533333333333335,40.46666666666667,50.903999999999996,13.8,17.8,75.45933333333332,2.8,8.333333333333334,0.7733333333333334,2.8666666666666667,22.933333333333334,0.13266666666666668,11.666666666666666,2.6,86.73333333333333
