placar_casa,placar_visitante,data,round,stage,ano,equipe_casa,equipe_visitante,Pts_casa,3P_casa,2P_casa,LL_casa,RT_casa,RO_casa,RD_casa,AS_casa,ER_casa,IA%_casa,3PC_casa,3PT_casa,3P%_casa,2PC_casa,2PT_casa,2P%_casa,LLC_casa,LLT_casa,LL%_casa,EN_casa,BR_casa,B/E_casa,TO_casa,FC_casa,T/FC_casa,ET_casa,VI_casa,EF_casa,Pts_visitante,3P_visitante,2P_visitante,LL_visitante,RT_visitante,RO_visitante,RD_visitante,AS_visitante,ER_visitante,IA%_visitante,3PC_visitante,3PT_visitante,3P%_visitante,2PC_visitante,2PT_visitante,2P%_visitante,LLC_visitante,LLT_visitante,LL%_visitante,EN_visitante,BR_visitante,B/E_visitante,TO_visitante,FC_visitante,T/FC_visitante,ET_visitante,VI_visitante,EF_visitante
78,73,2015-01-09,15,1,2014-2015,Limeira,Flamengo,83.26666666666667,28.6,40.93333333333333,13.733333333333333,30.733333333333334,8.666666666666666,22.066666666666666,18.666666666666668,12.733333333333333,1.5553333333333335,9.533333333333333,23.666666666666668,40.70666666666667,20.466666666666665,36.13333333333333,56.59866666666667,13.733333333333333,17.266666666666666,79.39533333333334,2.3333333333333335,9.866666666666667,0.8146666666666665,2.466666666666667,20.866666666666667,0.11599999999999998,12.733333333333333,2.8,98.93333333333334,88.06666666666666,28.2,43.2,16.666666666666668,35.0,9.866666666666667,25.133333333333333,17.0,12.2,1.6800000000000002,9.4,24.266666666666666,37.368,21.6,37.733333333333334,57.513999999999996,16.666666666666668,22.4,76.03866666666666,2.2,8.733333333333333,0.8286666666666669,2.1333333333333333,19.466666666666665,0.11733333333333335,12.2,2.0,102.0
