placar_casa,placar_visitante,data,round,stage,ano,equipe_casa,equipe_visitante,Pts_casa,3P_casa,2P_casa,LL_casa,RT_casa,RO_casa,RD_casa,AS_casa,ER_casa,IA%_casa,3PC_casa,3PT_casa,3P%_casa,2PC_casa,2PT_casa,2P%_casa,LLC_casa,LLT_casa,LL%_casa,EN_casa,BR_casa,B/E_casa,TO_casa,FC_casa,T/FC_casa,ET_casa,VI_casa,EF_casa,Pts_visitante,3P_visitante,2P_visitante,LL_visitante,RT_visitante,RO_visitante,RD_visitante,AS_visitante,ER_visitante,IA%_visitante,3PC_visitante,3PT_visitante,3P%_visitante,2PC_visitante,2PT_visitante,2P%_visitante,LLC_visitante,LLT_visitante,LL%_visitante,EN_visitante,BR_visitante,B/E_visitante,TO_visitante,FC_visitante,T/FC_visitante,ET_visitante,VI_visitante,EF_visitante
85,93,2015-01-07,14,1,2014-2015,Rio Claro,Flamengo,75.0,16.615384615384617,44.15384615384615,14.23076923076923,32.46153846153846,8.615384615384615,23.846153846153847,17.0,14.0,1.3653846153846152,5.538461538461538,20.615384615384617,26.610000000000007,22.076923076923077,41.61538461538461,52.92,14.23076923076923,17.53846153846154,80.57538461538462,1.5384615384615385,10.538461538461538,0.7992307692307692,1.3076923076923077,16.692307692307693,0.08461538461538462,14.0,3.230769230769231,84.38461538461539,86.2,28.0,42.0,16.2,34.93333333333333,9.8,25.133333333333333,17.266666666666666,12.266666666666667,1.6966666666666668,9.333333333333334,24.933333333333334,36.291333333333334,21.0,36.6,57.61933333333333,16.2,21.933333333333334,75.42466666666665,2.1333333333333333,8.6,0.8086666666666669,2.066666666666667,20.066666666666666,0.11133333333333334,12.266666666666667,2.066666666666667,99.86666666666666
