placar_casa,placar_visitante,data,round,stage,ano,equipe_casa,equipe_visitante,Pts_casa,3P_casa,2P_casa,LL_casa,RT_casa,RO_casa,RD_casa,AS_casa,ER_casa,IA%_casa,3PC_casa,3PT_casa,3P%_casa,2PC_casa,2PT_casa,2P%_casa,LLC_casa,LLT_casa,LL%_casa,EN_casa,BR_casa,B/E_casa,TO_casa,FC_casa,T/FC_casa,ET_casa,VI_casa,EF_casa,Pts_visitante,3P_visitante,2P_visitante,LL_visitante,RT_visitante,RO_visitante,RD_visitante,AS_visitante,ER_visitante,IA%_visitante,3PC_visitante,3PT_visitante,3P%_visitante,2PC_visitante,2PT_visitante,2P%_visitante,LLC_visitante,LLT_visitante,LL%_visitante,EN_visitante,BR_visitante,B/E_visitante,TO_visitante,FC_visitante,T/FC_visitante,ET_visitante,VI_visitante,EF_visitante
80,82,2015-01-08,15,1,2014-2015,Mogi,Sesi Franca,79.73333333333333,23.6,40.666666666666664,15.466666666666667,37.666666666666664,12.733333333333333,24.933333333333334,14.666666666666666,15.733333333333333,0.9906666666666667,7.866666666666666,19.866666666666667,39.35266666666667,20.333333333333332,41.46666666666667,49.083999999999996,15.466666666666667,20.4,74.41533333333334,2.466666666666667,10.0,0.6593333333333333,2.0,21.066666666666666,0.09666666666666668,15.733333333333333,2.8666666666666667,90.26666666666667,77.93333333333334,23.0,39.6,15.333333333333334,35.0,11.066666666666666,23.933333333333334,13.133333333333333,13.8,1.0533333333333332,7.666666666666667,23.0,33.872,19.8,38.6,51.61333333333334,15.333333333333334,20.933333333333334,73.30133333333332,2.7333333333333334,10.733333333333333,0.8546666666666666,3.066666666666667,20.466666666666665,0.15266666666666664,13.8,3.0,86.33333333333333
