placar_casa,placar_visitante,data,round,stage,ano,equipe_casa,equipe_visitante,Pts_casa,3P_casa,2P_casa,LL_casa,RT_casa,RO_casa,RD_casa,AS_casa,ER_casa,IA%_casa,3PC_casa,3PT_casa,3P%_casa,2PC_casa,2PT_casa,2P%_casa,LLC_casa,LLT_casa,LL%_casa,EN_casa,BR_casa,B/E_casa,TO_casa,FC_casa,T/FC_casa,ET_casa,VI_casa,EF_casa,Pts_visitante,3P_visitante,2P_visitante,LL_visitante,RT_visitante,RO_visitante,RD_visitante,AS_visitante,ER_visitante,IA%_visitante,3PC_visitante,3PT_visitante,3P%_visitante,2PC_visitante,2PT_visitante,2P%_visitante,LLC_visitante,LLT_visitante,LL%_visitante,EN_visitante,BR_visitante,B/E_visitante,TO_visitante,FC_visitante,T/FC_visitante,ET_visitante,VI_visitante,EF_visitante
73,62,2021-04-04,8,2,2020-2021,Pato Basquete,Mogi,74.199,25.0,35.066,14.134,35.232,9.967,25.268,15.301000000000002,13.735000000000003,1.391,8.333,24.865,34.141000000000005,17.534,38.900999999999996,44.99400000000001,14.134,19.968,70.566,1.468,7.934,0.6079999999999999,1.6009999999999998,21.565999999999995,0.076,13.735000000000003,2.966,76.799,79.798,30.0,36.599,13.199000000000002,40.29799999999999,11.7,28.601,21.401,15.699000000000002,1.386,10.0,29.399999999999995,33.81000000000001,18.301,34.8,52.656000000000006,13.199000000000002,16.802,77.921,2.2979999999999996,5.9,0.382,2.5,22.697999999999997,0.10900000000000001,15.699000000000002,2.7020000000000004,94.69900000000001
