placar_casa,placar_visitante,data,round,stage,ano,equipe_casa,equipe_visitante,Pts_casa,3P_casa,2P_casa,LL_casa,RT_casa,RO_casa,RD_casa,AS_casa,ER_casa,IA%_casa,3PC_casa,3PT_casa,3P%_casa,2PC_casa,2PT_casa,2P%_casa,LLC_casa,LLT_casa,LL%_casa,EN_casa,BR_casa,B/E_casa,TO_casa,FC_casa,T/FC_casa,ET_casa,VI_casa,EF_casa,Pts_visitante,3P_visitante,2P_visitante,LL_visitante,RT_visitante,RO_visitante,RD_visitante,AS_visitante,ER_visitante,IA%_visitante,3PC_visitante,3PT_visitante,3P%_visitante,2PC_visitante,2PT_visitante,2P%_visitante,LLC_visitante,LLT_visitante,LL%_visitante,EN_visitante,BR_visitante,B/E_visitante,TO_visitante,FC_visitante,T/FC_visitante,ET_visitante,VI_visitante,EF_visitante
65,75,2021-04-21,1,3,2020-2021,Caxias do Sul Basquete,Bauru Basket,79.666,28.8,35.934000000000005,14.934000000000001,38.599000000000004,10.498999999999999,28.1,16.732999999999997,12.134,1.4140000000000001,9.599,26.901,36.077,17.966,35.501,50.346999999999994,14.934000000000001,21.467000000000002,69.285,1.032,5.167,0.43500000000000005,1.3,20.534,0.064,12.134,1.967,87.96700000000001,89.7,31.5,44.099,14.100999999999999,39.75,10.551,29.198999999999995,19.351,12.950999999999999,1.5459999999999998,10.5,27.998999999999995,37.096999999999994,22.051000000000005,38.099,58.04200000000001,14.100999999999999,21.301,66.281,1.7990000000000002,8.6,0.682,2.0490000000000004,20.301,0.101,12.950999999999999,2.1,105.749
