placar_casa,placar_visitante,data,round,stage,ano,equipe_casa,equipe_visitante,Pts_casa,3P_casa,2P_casa,LL_casa,RT_casa,RO_casa,RD_casa,AS_casa,ER_casa,IA%_casa,3PC_casa,3PT_casa,3P%_casa,2PC_casa,2PT_casa,2P%_casa,LLC_casa,LLT_casa,LL%_casa,EN_casa,BR_casa,B/E_casa,TO_casa,FC_casa,T/FC_casa,ET_casa,VI_casa,EF_casa,Pts_visitante,3P_visitante,2P_visitante,LL_visitante,RT_visitante,RO_visitante,RD_visitante,AS_visitante,ER_visitante,IA%_visitante,3PC_visitante,3PT_visitante,3P%_visitante,2PC_visitante,2PT_visitante,2P%_visitante,LLC_visitante,LLT_visitante,LL%_visitante,EN_visitante,BR_visitante,B/E_visitante,TO_visitante,FC_visitante,T/FC_visitante,ET_visitante,VI_visitante,EF_visitante
80,76,2013-01-19,16,1,2012-2013,Coop/São José Basketball,Uberlândia,80.73333333333333,59.4,41.2,14.933333333333334,31.533333333333335,8.066666666666666,23.466666666666665,16.666666666666668,14.4,1.2046666666666668,8.2,23.6,34.57266666666666,20.6,36.333333333333336,56.512666666666654,14.933333333333334,18.866666666666667,78.52799999999999,0.6,6.733333333333333,0.4833333333333333,2.4,19.666666666666668,0.128,14.4,1.6,94.13333333333334,81.73333333333333,59.6,41.06666666666667,14.666666666666666,30.466666666666665,7.066666666666666,23.4,17.0,13.533333333333333,1.3153333333333335,8.666666666666666,23.066666666666666,37.67933333333333,20.533333333333335,35.266666666666666,58.72533333333333,14.666666666666666,18.066666666666666,80.71933333333335,3.066666666666667,5.466666666666667,0.4306666666666666,1.4666666666666666,19.6,0.07933333333333334,13.533333333333333,2.6666666666666665,96.13333333333334
