placar_casa,placar_visitante,data,round,stage,ano,equipe_casa,equipe_visitante,Pts_casa,3P_casa,2P_casa,LL_casa,RT_casa,RO_casa,RD_casa,AS_casa,ER_casa,IA%_casa,3PC_casa,3PT_casa,3P%_casa,2PC_casa,2PT_casa,2P%_casa,LLC_casa,LLT_casa,LL%_casa,EN_casa,BR_casa,B/E_casa,TO_casa,FC_casa,T/FC_casa,ET_casa,VI_casa,EF_casa,Pts_visitante,3P_visitante,2P_visitante,LL_visitante,RT_visitante,RO_visitante,RD_visitante,AS_visitante,ER_visitante,IA%_visitante,3PC_visitante,3PT_visitante,3P%_visitante,2PC_visitante,2PT_visitante,2P%_visitante,LLC_visitante,LLT_visitante,LL%_visitante,EN_visitante,BR_visitante,B/E_visitante,TO_visitante,FC_visitante,T/FC_visitante,ET_visitante,VI_visitante,EF_visitante
97,102,2012-12-22,10,1,2012-2013,Bauru Basket,Flamengo,81.93333333333334,44.0,38.4,15.933333333333334,32.8,11.2,21.6,12.933333333333334,11.8,1.2026666666666666,9.2,24.133333333333333,39.28533333333333,19.2,39.0,49.82933333333334,15.933333333333334,20.866666666666667,76.372,1.2,6.0,0.5853333333333334,1.2666666666666666,19.733333333333334,0.06666666666666667,11.8,2.466666666666667,90.86666666666666,83.33333333333333,40.6,46.666666666666664,17.866666666666667,31.666666666666668,7.933333333333334,23.733333333333334,12.533333333333333,10.733333333333333,1.5113333333333332,6.266666666666667,18.933333333333334,34.598,23.333333333333332,41.86666666666667,56.228,17.866666666666667,22.666666666666668,78.54066666666667,1.5333333333333334,6.066666666666666,0.6953333333333334,1.5333333333333334,21.0,0.07333333333333333,10.733333333333333,2.1333333333333333,95.33333333333333
