placar_casa,placar_visitante,data,round,stage,ano,equipe_casa,equipe_visitante,Pts_casa,3P_casa,2P_casa,LL_casa,RT_casa,RO_casa,RD_casa,AS_casa,ER_casa,IA%_casa,3PC_casa,3PT_casa,3P%_casa,2PC_casa,2PT_casa,2P%_casa,LLC_casa,LLT_casa,LL%_casa,EN_casa,BR_casa,B/E_casa,TO_casa,FC_casa,T/FC_casa,ET_casa,VI_casa,EF_casa,Pts_visitante,3P_visitante,2P_visitante,LL_visitante,RT_visitante,RO_visitante,RD_visitante,AS_visitante,ER_visitante,IA%_visitante,3PC_visitante,3PT_visitante,3P%_visitante,2PC_visitante,2PT_visitante,2P%_visitante,LLC_visitante,LLT_visitante,LL%_visitante,EN_visitante,BR_visitante,B/E_visitante,TO_visitante,FC_visitante,T/FC_visitante,ET_visitante,VI_visitante,EF_visitante
87,66,2013-01-17,15,1,2012-2013,Coop/São José Basketball,Sesi Franca,82.0,56.4,41.46666666666667,15.733333333333333,31.533333333333335,8.0,23.533333333333335,16.133333333333333,14.6,1.1393333333333333,8.266666666666667,23.333333333333332,35.73933333333333,20.733333333333334,36.8,56.03666666666666,15.733333333333333,19.4,80.47333333333333,0.8,6.466666666666667,0.45533333333333326,2.533333333333333,20.066666666666666,0.13066666666666665,14.6,1.7333333333333334,94.66666666666667,80.26666666666667,71.2,50.666666666666664,13.6,32.06666666666667,8.8,23.266666666666666,16.6,14.8,1.3433333333333333,5.333333333333333,15.8,33.92066666666667,25.333333333333332,46.0,55.15266666666667,13.6,20.4,67.17866666666666,3.933333333333333,9.933333333333334,0.784,3.466666666666667,18.0,0.194,14.8,3.1333333333333333,99.53333333333333
