placar_casa,placar_visitante,data,round,stage,ano,equipe_casa,equipe_visitante,Pts_casa,3P_casa,2P_casa,LL_casa,RT_casa,RO_casa,RD_casa,AS_casa,ER_casa,IA%_casa,3PC_casa,3PT_casa,3P%_casa,2PC_casa,2PT_casa,2P%_casa,LLC_casa,LLT_casa,LL%_casa,EN_casa,BR_casa,B/E_casa,TO_casa,FC_casa,T/FC_casa,ET_casa,VI_casa,EF_casa,Pts_visitante,3P_visitante,2P_visitante,LL_visitante,RT_visitante,RO_visitante,RD_visitante,AS_visitante,ER_visitante,IA%_visitante,3PC_visitante,3PT_visitante,3P%_visitante,2PC_visitante,2PT_visitante,2P%_visitante,LLC_visitante,LLT_visitante,LL%_visitante,EN_visitante,BR_visitante,B/E_visitante,TO_visitante,FC_visitante,T/FC_visitante,ET_visitante,VI_visitante,EF_visitante
88,87,2012-11-29,3,1,2012-2013,Limeira,Espírito Santo,81.2,26.4,39.733333333333334,16.666666666666668,24.133333333333333,6.066666666666666,18.066666666666666,12.6,12.333333333333334,1.0946666666666665,8.266666666666667,21.866666666666667,37.958666666666666,19.866666666666667,36.733333333333334,54.15666666666667,16.666666666666668,20.933333333333334,80.51666666666665,1.6666666666666667,6.133333333333334,0.49666666666666665,1.2,22.933333333333334,0.05866666666666667,12.333333333333334,3.066666666666667,85.53333333333333,65.53333333333333,26.0,32.13333333333333,13.2,26.266666666666666,7.533333333333333,18.733333333333334,9.2,15.533333333333333,0.7080000000000001,6.733333333333333,20.8,31.45733333333333,16.066666666666666,36.6,44.254000000000005,13.2,17.466666666666665,75.432,0.6,7.0,0.4753333333333334,2.066666666666667,22.066666666666666,0.09866666666666667,15.533333333333333,3.533333333333333,60.13333333333333
