placar_casa,placar_visitante,data,round,stage,ano,equipe_casa,equipe_visitante,Pts_casa,3P_casa,2P_casa,LL_casa,RT_casa,RO_casa,RD_casa,AS_casa,ER_casa,IA%_casa,3PC_casa,3PT_casa,3P%_casa,2PC_casa,2PT_casa,2P%_casa,LLC_casa,LLT_casa,LL%_casa,EN_casa,BR_casa,B/E_casa,TO_casa,FC_casa,T/FC_casa,ET_casa,VI_casa,EF_casa,Pts_visitante,3P_visitante,2P_visitante,LL_visitante,RT_visitante,RO_visitante,RD_visitante,AS_visitante,ER_visitante,IA%_visitante,3PC_visitante,3PT_visitante,3P%_visitante,2PC_visitante,2PT_visitante,2P%_visitante,LLC_visitante,LLT_visitante,LL%_visitante,EN_visitante,BR_visitante,B/E_visitante,TO_visitante,FC_visitante,T/FC_visitante,ET_visitante,VI_visitante,EF_visitante
92,73,2019-11-29,7,1,2019-2020,São Paulo,Fortaleza B. C. / CFO,85.125,33.0,39.75,12.375,42.75,10.625,32.125,20.0,13.75,1.5612499999999998,11.0,30.25,35.995,19.875,36.0,54.942499999999995,12.375,18.125,68.905,2.25,5.75,0.42125,3.75,18.625,0.21125000000000002,13.75,1.75,102.5,75.62266666666667,24.6,36.577333333333335,14.444,36.91066666666667,10.933333333333334,25.97733333333333,14.066666666666666,11.777333333333335,1.2546666666666666,8.2,25.333333333333332,32.571333333333335,18.289333333333335,38.6,47.43266666666667,14.444,19.689333333333334,74.31400000000001,1.0666666666666667,6.333333333333333,0.5393333333333334,2.022666666666667,21.933333333333334,0.09533333333333335,11.777333333333335,2.466666666666667,80.24399999999999
