placar_casa,placar_visitante,data,round,stage,ano,equipe_casa,equipe_visitante,Pts_casa,3P_casa,2P_casa,LL_casa,RT_casa,RO_casa,RD_casa,AS_casa,ER_casa,IA%_casa,3PC_casa,3PT_casa,3P%_casa,2PC_casa,2PT_casa,2P%_casa,LLC_casa,LLT_casa,LL%_casa,EN_casa,BR_casa,B/E_casa,TO_casa,FC_casa,T/FC_casa,ET_casa,VI_casa,EF_casa,Pts_visitante,3P_visitante,2P_visitante,LL_visitante,RT_visitante,RO_visitante,RD_visitante,AS_visitante,ER_visitante,IA%_visitante,3PC_visitante,3PT_visitante,3P%_visitante,2PC_visitante,2PT_visitante,2P%_visitante,LLC_visitante,LLT_visitante,LL%_visitante,EN_visitante,BR_visitante,B/E_visitante,TO_visitante,FC_visitante,T/FC_visitante,ET_visitante,VI_visitante,EF_visitante
84,92,2019-12-14,9,1,2019-2020,UNIFACISA,Minas,84.28153846153847,29.692307692307693,41.33384615384615,13.25692307692308,37.69230769230769,10.512307692307692,27.180000000000003,18.410769230769233,12.281538461538464,1.5215384615384613,9.896923076923077,28.872307692307693,34.20230769230769,20.666153846153847,37.973846153846154,54.37692307692306,13.25692307692308,17.589230769230767,75.58999999999999,1.5123076923076921,7.153846153846154,0.5992307692307691,2.2569230769230773,20.641538461538463,0.11076923076923076,12.281538461538464,1.9738461538461536,96.76923076923077,82.1,29.1,39.2,13.8,38.8,12.133333333333333,26.666666666666668,17.933333333333334,11.3,1.6453333333333333,9.7,30.166666666666668,32.09933333333333,19.6,36.56666666666667,53.79533333333334,13.8,18.7,73.21933333333332,1.4666666666666666,7.033333333333333,0.6253333333333335,2.0,23.1,0.09000000000000002,11.3,2.1333333333333333,94.16666666666667
