placar_casa,placar_visitante,data,round,stage,ano,equipe_casa,equipe_visitante,Pts_casa,3P_casa,2P_casa,LL_casa,RT_casa,RO_casa,RD_casa,AS_casa,ER_casa,IA%_casa,3PC_casa,3PT_casa,3P%_casa,2PC_casa,2PT_casa,2P%_casa,LLC_casa,LLT_casa,LL%_casa,EN_casa,BR_casa,B/E_casa,TO_casa,FC_casa,T/FC_casa,ET_casa,VI_casa,EF_casa,Pts_visitante,3P_visitante,2P_visitante,LL_visitante,RT_visitante,RO_visitante,RD_visitante,AS_visitante,ER_visitante,IA%_visitante,3PC_visitante,3PT_visitante,3P%_visitante,2PC_visitante,2PT_visitante,2P%_visitante,LLC_visitante,LLT_visitante,LL%_visitante,EN_visitante,BR_visitante,B/E_visitante,TO_visitante,FC_visitante,T/FC_visitante,ET_visitante,VI_visitante,EF_visitante
74,82,2019-11-13,5,1,2019-2020,Bauru Basket,Paulistano,79.6,27.2,39.733333333333334,12.666666666666666,34.666666666666664,9.133333333333333,25.533333333333335,17.733333333333334,13.266666666666667,1.3793333333333335,9.066666666666666,28.133333333333333,32.416666666666664,19.866666666666667,35.46666666666667,55.742666666666665,12.666666666666666,17.066666666666666,76.21666666666665,1.1333333333333333,7.933333333333334,0.5946666666666667,1.6666666666666667,19.533333333333335,0.08400000000000002,13.266666666666667,1.8666666666666667,89.2,85.6,33.8,38.13333333333333,13.666666666666666,41.2,12.6,28.6,19.4,13.466666666666667,1.5606666666666664,11.266666666666667,32.266666666666666,34.837333333333326,19.066666666666666,34.4,55.68666666666666,13.666666666666666,18.666666666666668,73.59600000000002,3.2,5.8,0.45066666666666666,1.9333333333333333,22.0,0.08866666666666669,13.466666666666667,2.0,98.73333333333333
