placar_casa,placar_visitante,data,round,stage,ano,equipe_casa,equipe_visitante,Pts_casa,3P_casa,2P_casa,LL_casa,RT_casa,RO_casa,RD_casa,AS_casa,ER_casa,IA%_casa,3PC_casa,3PT_casa,3P%_casa,2PC_casa,2PT_casa,2P%_casa,LLC_casa,LLT_casa,LL%_casa,EN_casa,BR_casa,B/E_casa,TO_casa,FC_casa,T/FC_casa,ET_casa,VI_casa,EF_casa,Pts_visitante,3P_visitante,2P_visitante,LL_visitante,RT_visitante,RO_visitante,RD_visitante,AS_visitante,ER_visitante,IA%_visitante,3PC_visitante,3PT_visitante,3P%_visitante,2PC_visitante,2PT_visitante,2P%_visitante,LLC_visitante,LLT_visitante,LL%_visitante,EN_visitante,BR_visitante,B/E_visitante,TO_visitante,FC_visitante,T/FC_visitante,ET_visitante,VI_visitante,EF_visitante
91,72,2019-12-08,9,1,2019-2020,UNIFACISA,Brasília,83.0,27.272727272727273,43.27272727272727,12.454545454545455,37.63636363636363,10.545454545454545,27.09090909090909,18.727272727272727,12.454545454545455,1.530909090909091,9.090909090909092,28.181818181818183,32.442727272727275,21.636363636363637,39.0,55.641818181818174,12.454545454545455,17.09090909090909,73.53545454545453,1.5454545454545454,7.363636363636363,0.6118181818181817,2.1818181818181817,20.636363636363637,0.10727272727272728,12.454545454545455,2.090909090909091,95.27272727272727,75.8,22.8,37.666666666666664,15.333333333333334,37.766666666666666,10.933333333333334,26.833333333333332,16.733333333333334,15.366666666666667,1.140666666666667,7.6,24.333333333333332,31.401999999999997,18.833333333333332,38.43333333333333,49.17600000000001,15.333333333333334,22.433333333333334,68.98666666666668,1.7,7.4,0.5033333333333334,2.2333333333333334,22.366666666666667,0.10466666666666669,15.366666666666667,2.6,80.86666666666666
