placar_casa,placar_visitante,data,round,stage,ano,equipe_casa,equipe_visitante,Pts_casa,3P_casa,2P_casa,LL_casa,RT_casa,RO_casa,RD_casa,AS_casa,ER_casa,IA%_casa,3PC_casa,3PT_casa,3P%_casa,2PC_casa,2PT_casa,2P%_casa,LLC_casa,LLT_casa,LL%_casa,EN_casa,BR_casa,B/E_casa,TO_casa,FC_casa,T/FC_casa,ET_casa,VI_casa,EF_casa,Pts_visitante,3P_visitante,2P_visitante,LL_visitante,RT_visitante,RO_visitante,RD_visitante,AS_visitante,ER_visitante,IA%_visitante,3PC_visitante,3PT_visitante,3P%_visitante,2PC_visitante,2PT_visitante,2P%_visitante,LLC_visitante,LLT_visitante,LL%_visitante,EN_visitante,BR_visitante,B/E_visitante,TO_visitante,FC_visitante,T/FC_visitante,ET_visitante,VI_visitante,EF_visitante
86,72,2020-02-01,3,2,2019-2020,Botafogo,Fortaleza B. C. / CFO,79.9,33.45,32.134,14.315999999999999,34.965999999999994,9.9,25.065999999999995,19.165999999999997,12.85,1.588,11.15,30.715999999999998,36.467999999999996,16.065999999999995,32.516,50.39,14.315999999999999,17.734,81.35600000000001,1.184,6.465999999999999,0.5539999999999999,2.184,23.084000000000003,0.099,12.85,2.0840000000000005,90.25,73.434,23.4,38.465999999999994,11.565999999999999,38.5,12.2,26.3,12.6,13.266,0.944,7.8,25.965999999999998,30.461000000000002,19.234,38.766,49.949,11.565999999999999,17.267999999999997,66.76399999999998,1.8,7.566,0.5719999999999998,2.734,21.865999999999996,0.12700000000000003,13.266,1.566,77.79999999999998
