placar_casa,placar_visitante,data,round,stage,ano,equipe_casa,equipe_visitante,Pts_casa,3P_casa,2P_casa,LL_casa,RT_casa,RO_casa,RD_casa,AS_casa,ER_casa,IA%_casa,3PC_casa,3PT_casa,3P%_casa,2PC_casa,2PT_casa,2P%_casa,LLC_casa,LLT_casa,LL%_casa,EN_casa,BR_casa,B/E_casa,TO_casa,FC_casa,T/FC_casa,ET_casa,VI_casa,EF_casa,Pts_visitante,3P_visitante,2P_visitante,LL_visitante,RT_visitante,RO_visitante,RD_visitante,AS_visitante,ER_visitante,IA%_visitante,3PC_visitante,3PT_visitante,3P%_visitante,2PC_visitante,2PT_visitante,2P%_visitante,LLC_visitante,LLT_visitante,LL%_visitante,EN_visitante,BR_visitante,B/E_visitante,TO_visitante,FC_visitante,T/FC_visitante,ET_visitante,VI_visitante,EF_visitante
91,75,2019-11-26,7,1,2019-2020,Corinthians,UNIFACISA,83.36699999999999,30.0,41.601000000000006,11.766,37.034000000000006,11.4,25.633999999999997,19.032,13.2,1.566,9.998999999999999,23.566000000000003,42.504999999999995,20.799,41.001000000000005,50.503,11.766,17.066000000000003,68.924,2.368,6.8340000000000005,0.5409999999999999,2.133,20.901,0.10200000000000001,13.2,1.6320000000000001,95.899,84.42857142857143,29.571428571428573,41.714285714285715,13.142857142857142,38.857142857142854,11.0,27.857142857142858,18.428571428571427,11.857142857142858,1.5657142857142856,9.857142857142858,29.428571428571427,34.112857142857145,20.857142857142858,38.857142857142854,53.982857142857135,13.142857142857142,18.428571428571427,71.93285714285715,1.4285714285714286,8.142857142857142,0.7014285714285714,2.142857142857143,19.428571428571427,0.1142857142857143,11.857142857142858,2.0,97.28571428571429
