placar_casa,placar_visitante,data,round,stage,ano,equipe_casa,equipe_visitante,Pts_casa,3P_casa,2P_casa,LL_casa,RT_casa,RO_casa,RD_casa,AS_casa,ER_casa,IA%_casa,3PC_casa,3PT_casa,3P%_casa,2PC_casa,2PT_casa,2P%_casa,LLC_casa,LLT_casa,LL%_casa,EN_casa,BR_casa,B/E_casa,TO_casa,FC_casa,T/FC_casa,ET_casa,VI_casa,EF_casa,Pts_visitante,3P_visitante,2P_visitante,LL_visitante,RT_visitante,RO_visitante,RD_visitante,AS_visitante,ER_visitante,IA%_visitante,3PC_visitante,3PT_visitante,3P%_visitante,2PC_visitante,2PT_visitante,2P%_visitante,LLC_visitante,LLT_visitante,LL%_visitante,EN_visitante,BR_visitante,B/E_visitante,TO_visitante,FC_visitante,T/FC_visitante,ET_visitante,VI_visitante,EF_visitante
92,94,2019-11-30,7,1,2019-2020,Coop/São José Basketball,Brasília,77.15533333333333,23.333333333333332,41.288666666666664,12.533333333333333,36.35533333333333,10.711333333333334,25.64466666666667,19.022,14.822,1.3286666666666667,7.7780000000000005,24.955333333333332,32.023999999999994,20.64466666666667,40.48866666666666,51.52666666666668,12.533333333333333,17.711333333333336,70.02666666666667,1.3780000000000001,7.1113333333333335,0.4973333333333334,1.3780000000000001,22.178,0.05866666666666666,14.822,1.9113333333333336,83.93333333333334,75.16666666666667,21.7,37.733333333333334,15.733333333333333,37.666666666666664,10.466666666666667,27.2,16.5,15.733333333333333,1.1053333333333333,7.233333333333333,24.2,29.951999999999998,18.866666666666667,38.4,49.31266666666666,15.733333333333333,21.666666666666668,72.66066666666666,1.6333333333333333,7.466666666666667,0.4973333333333334,2.7666666666666666,22.333333333333332,0.126,15.733333333333333,2.6666666666666665,80.96666666666667
