placar_casa,placar_visitante,data,round,stage,ano,equipe_casa,equipe_visitante,Pts_casa,3P_casa,2P_casa,LL_casa,RT_casa,RO_casa,RD_casa,AS_casa,ER_casa,IA%_casa,3PC_casa,3PT_casa,3P%_casa,2PC_casa,2PT_casa,2P%_casa,LLC_casa,LLT_casa,LL%_casa,EN_casa,BR_casa,B/E_casa,TO_casa,FC_casa,T/FC_casa,ET_casa,VI_casa,EF_casa,Pts_visitante,3P_visitante,2P_visitante,LL_visitante,RT_visitante,RO_visitante,RD_visitante,AS_visitante,ER_visitante,IA%_visitante,3PC_visitante,3PT_visitante,3P%_visitante,2PC_visitante,2PT_visitante,2P%_visitante,LLC_visitante,LLT_visitante,LL%_visitante,EN_visitante,BR_visitante,B/E_visitante,TO_visitante,FC_visitante,T/FC_visitante,ET_visitante,VI_visitante,EF_visitante
92,72,2019-12-08,9,1,2019-2020,Botafogo,Rio Claro,74.46666666666667,27.2,33.46666666666667,13.8,33.4,9.533333333333333,23.866666666666667,15.666666666666666,13.6,1.2146666666666666,9.066666666666666,27.333333333333332,33.47533333333333,16.733333333333334,32.93333333333333,50.68466666666667,13.8,17.0,81.278,0.7333333333333333,5.0,0.37,2.066666666666667,23.666666666666668,0.08933333333333332,13.6,3.0,79.13333333333334,79.93333333333334,24.8,37.06666666666667,18.066666666666666,30.4,7.0,23.4,17.0,14.6,1.2346666666666666,8.266666666666667,23.4,36.26199999999999,18.533333333333335,34.2,54.484666666666676,18.066666666666666,23.133333333333333,77.60066666666667,2.2666666666666666,8.066666666666666,0.5539999999999999,1.1333333333333333,22.666666666666668,0.05133333333333333,14.6,2.4,86.06666666666666
