placar_casa,placar_visitante,data,round,stage,ano,equipe_casa,equipe_visitante,Pts_casa,3P_casa,2P_casa,LL_casa,RT_casa,RO_casa,RD_casa,AS_casa,ER_casa,IA%_casa,3PC_casa,3PT_casa,3P%_casa,2PC_casa,2PT_casa,2P%_casa,LLC_casa,LLT_casa,LL%_casa,EN_casa,BR_casa,B/E_casa,TO_casa,FC_casa,T/FC_casa,ET_casa,VI_casa,EF_casa,Pts_visitante,3P_visitante,2P_visitante,LL_visitante,RT_visitante,RO_visitante,RD_visitante,AS_visitante,ER_visitante,IA%_visitante,3PC_visitante,3PT_visitante,3P%_visitante,2PC_visitante,2PT_visitante,2P%_visitante,LLC_visitante,LLT_visitante,LL%_visitante,EN_visitante,BR_visitante,B/E_visitante,TO_visitante,FC_visitante,T/FC_visitante,ET_visitante,VI_visitante,EF_visitante
95,91,2014-11-27,8,1,2014-2015,Macaé Basquete,Pinheiros,80.13333333333334,26.8,38.0,15.333333333333334,30.733333333333334,7.266666666666667,23.466666666666665,14.533333333333333,13.666666666666666,1.1326666666666667,8.933333333333334,22.8,39.190666666666665,19.0,35.266666666666666,54.08333333333335,15.333333333333334,19.8,77.84133333333334,1.5333333333333334,9.0,0.6773333333333333,1.6666666666666667,23.066666666666666,0.07400000000000001,13.666666666666666,2.933333333333333,87.8,81.2,27.0,39.733333333333334,14.466666666666667,33.53333333333333,10.733333333333333,22.8,16.333333333333332,14.533333333333333,1.1786666666666668,9.0,26.666666666666668,34.388,19.866666666666667,36.333333333333336,55.498,14.466666666666667,18.6,77.46333333333332,2.7333333333333334,12.133333333333333,0.8813333333333334,2.2666666666666666,18.933333333333334,0.12666666666666665,14.533333333333333,2.6666666666666665,92.66666666666667
