placar_casa,placar_visitante,data,round,stage,ano,equipe_casa,equipe_visitante,Pts_casa,3P_casa,2P_casa,LL_casa,RT_casa,RO_casa,RD_casa,AS_casa,ER_casa,IA%_casa,3PC_casa,3PT_casa,3P%_casa,2PC_casa,2PT_casa,2P%_casa,LLC_casa,LLT_casa,LL%_casa,EN_casa,BR_casa,B/E_casa,TO_casa,FC_casa,T/FC_casa,ET_casa,VI_casa,EF_casa,Pts_visitante,3P_visitante,2P_visitante,LL_visitante,RT_visitante,RO_visitante,RD_visitante,AS_visitante,ER_visitante,IA%_visitante,3PC_visitante,3PT_visitante,3P%_visitante,2PC_visitante,2PT_visitante,2P%_visitante,LLC_visitante,LLT_visitante,LL%_visitante,EN_visitante,BR_visitante,B/E_visitante,TO_visitante,FC_visitante,T/FC_visitante,ET_visitante,VI_visitante,EF_visitante
81,70,2014-12-12,10,1,2014-2015,Mogi,Macaé Basquete,78.2,25.8,37.06666666666667,15.333333333333334,36.93333333333333,11.6,25.333333333333332,14.133333333333333,15.733333333333333,0.9453333333333335,8.6,19.8,43.20733333333333,18.533333333333335,38.266666666666666,48.06733333333332,15.333333333333334,20.4,73.88866666666667,2.2,9.266666666666667,0.614,1.5333333333333334,21.0,0.07866666666666668,15.733333333333333,3.1333333333333333,88.33333333333333,80.2,27.4,37.2,15.6,31.533333333333335,8.133333333333333,23.4,14.6,13.066666666666666,1.2413333333333334,9.133333333333333,23.266666666666666,39.13599999999999,18.6,35.8,52.18266666666668,15.6,20.2,77.538,1.2666666666666666,9.0,0.73,1.5333333333333334,22.4,0.07066666666666667,13.066666666666666,2.933333333333333,87.86666666666666
