placar_casa,placar_visitante,data,round,stage,ano,equipe_casa,equipe_visitante,Pts_casa,3P_casa,2P_casa,LL_casa,RT_casa,RO_casa,RD_casa,AS_casa,ER_casa,IA%_casa,3PC_casa,3PT_casa,3P%_casa,2PC_casa,2PT_casa,2P%_casa,LLC_casa,LLT_casa,LL%_casa,EN_casa,BR_casa,B/E_casa,TO_casa,FC_casa,T/FC_casa,ET_casa,VI_casa,EF_casa,Pts_visitante,3P_visitante,2P_visitante,LL_visitante,RT_visitante,RO_visitante,RD_visitante,AS_visitante,ER_visitante,IA%_visitante,3PC_visitante,3PT_visitante,3P%_visitante,2PC_visitante,2PT_visitante,2P%_visitante,LLC_visitante,LLT_visitante,LL%_visitante,EN_visitante,BR_visitante,B/E_visitante,TO_visitante,FC_visitante,T/FC_visitante,ET_visitante,VI_visitante,EF_visitante
97,81,2014-11-19,5,1,2014-2015,Pinheiros,Fortaleza B. C. / CFO,79.86666666666666,26.8,38.266666666666666,14.8,33.46666666666667,10.466666666666667,23.0,15.4,14.6,1.09,8.933333333333334,26.466666666666665,34.370666666666665,19.133333333333333,35.2,55.15466666666666,14.8,19.733333333333334,74.872,2.2666666666666666,11.066666666666666,0.7833333333333333,2.6666666666666665,18.466666666666665,0.15666666666666665,14.6,2.7333333333333334,89.33333333333333,73.86666666666666,19.8,41.6,12.466666666666667,36.6,11.666666666666666,24.933333333333334,12.866666666666667,13.133333333333333,1.0306666666666666,6.6,21.6,30.684666666666665,20.8,42.6,48.981333333333325,12.466666666666667,18.466666666666665,67.44133333333335,1.4666666666666666,9.2,0.724,2.8666666666666667,19.666666666666668,0.146,13.133333333333333,2.933333333333333,79.46666666666667
