placar_casa,placar_visitante,data,round,stage,ano,equipe_casa,equipe_visitante,Pts_casa,3P_casa,2P_casa,LL_casa,RT_casa,RO_casa,RD_casa,AS_casa,ER_casa,IA%_casa,3PC_casa,3PT_casa,3P%_casa,2PC_casa,2PT_casa,2P%_casa,LLC_casa,LLT_casa,LL%_casa,EN_casa,BR_casa,B/E_casa,TO_casa,FC_casa,T/FC_casa,ET_casa,VI_casa,EF_casa,Pts_visitante,3P_visitante,2P_visitante,LL_visitante,RT_visitante,RO_visitante,RD_visitante,AS_visitante,ER_visitante,IA%_visitante,3PC_visitante,3PT_visitante,3P%_visitante,2PC_visitante,2PT_visitante,2P%_visitante,LLC_visitante,LLT_visitante,LL%_visitante,EN_visitante,BR_visitante,B/E_visitante,TO_visitante,FC_visitante,T/FC_visitante,ET_visitante,VI_visitante,EF_visitante
82,55,2014-11-18,5,1,2014-2015,Sesi Franca,L. Sorocabana,78.4,24.2,40.8,13.4,35.86666666666667,10.866666666666667,25.0,13.333333333333334,13.133333333333333,1.0786666666666667,8.066666666666666,22.0,37.343333333333334,20.4,40.266666666666666,50.89733333333333,13.4,19.6,66.47999999999999,1.5333333333333334,8.533333333333333,0.6926666666666667,3.1333333333333333,21.333333333333332,0.1566666666666667,13.133333333333333,1.9333333333333333,86.13333333333334,78.73333333333333,23.4,40.4,14.933333333333334,31.733333333333334,11.2,20.533333333333335,13.733333333333333,13.066666666666666,1.0673333333333335,7.8,23.066666666666666,34.05066666666667,20.2,39.53333333333333,51.32866666666667,14.933333333333334,18.466666666666665,79.91533333333334,1.7333333333333334,9.4,0.7573333333333334,1.7333333333333334,23.733333333333334,0.07333333333333335,13.066666666666666,3.0,84.13333333333334
