placar_casa,placar_visitante,data,round,stage,ano,equipe_casa,equipe_visitante,Pts_casa,3P_casa,2P_casa,LL_casa,RT_casa,RO_casa,RD_casa,AS_casa,ER_casa,IA%_casa,3PC_casa,3PT_casa,3P%_casa,2PC_casa,2PT_casa,2P%_casa,LLC_casa,LLT_casa,LL%_casa,EN_casa,BR_casa,B/E_casa,TO_casa,FC_casa,T/FC_casa,ET_casa,VI_casa,EF_casa,Pts_visitante,3P_visitante,2P_visitante,LL_visitante,RT_visitante,RO_visitante,RD_visitante,AS_visitante,ER_visitante,IA%_visitante,3PC_visitante,3PT_visitante,3P%_visitante,2PC_visitante,2PT_visitante,2P%_visitante,LLC_visitante,LLT_visitante,LL%_visitante,EN_visitante,BR_visitante,B/E_visitante,TO_visitante,FC_visitante,T/FC_visitante,ET_visitante,VI_visitante,EF_visitante
65,71,2023-12-23,10,1,2023-2024,União Corinthians,Pinheiros,72.76666666666667,25.5,33.8,13.466666666666667,35.46666666666667,9.066666666666666,26.4,14.5,13.533333333333333,1.108,8.5,25.766666666666666,33.525333333333336,16.9,34.833333333333336,48.57666666666666,13.466666666666667,18.166666666666668,73.07666666666665,0.5666666666666667,5.4,0.402,1.9666666666666666,21.033333333333335,0.09400000000000001,13.533333333333333,2.3,76.66666666666667,75.51066666666665,27.933333333333334,34.88933333333333,12.689333333333336,37.666666666666664,11.377333333333334,26.289333333333335,17.043999999999997,14.510666666666669,1.242,9.310666666666668,27.733333333333334,34.13933333333333,17.444,34.31066666666666,50.89399999999999,12.689333333333336,18.82266666666667,66.59733333333332,1.3560000000000003,5.4,0.398,1.8226666666666669,18.266666666666666,0.1,14.510666666666669,2.9106666666666663,81.51066666666665
