placar_casa,placar_visitante,data,round,stage,ano,equipe_casa,equipe_visitante,Pts_casa,3P_casa,2P_casa,LL_casa,RT_casa,RO_casa,RD_casa,AS_casa,ER_casa,IA%_casa,3PC_casa,3PT_casa,3P%_casa,2PC_casa,2PT_casa,2P%_casa,LLC_casa,LLT_casa,LL%_casa,EN_casa,BR_casa,B/E_casa,TO_casa,FC_casa,T/FC_casa,ET_casa,VI_casa,EF_casa,Pts_visitante,3P_visitante,2P_visitante,LL_visitante,RT_visitante,RO_visitante,RD_visitante,AS_visitante,ER_visitante,IA%_visitante,3PC_visitante,3PT_visitante,3P%_visitante,2PC_visitante,2PT_visitante,2P%_visitante,LLC_visitante,LLT_visitante,LL%_visitante,EN_visitante,BR_visitante,B/E_visitante,TO_visitante,FC_visitante,T/FC_visitante,ET_visitante,VI_visitante,EF_visitante
65,77,2019-01-09,1,2,2018-2019,Fortaleza B. C. / CFO,Paulistano,70.80066666666667,22.2,38.26733333333333,10.333333333333334,39.134,12.533333333333333,26.600666666666665,12.200666666666667,14.466000000000001,0.8906666666666667,7.4,24.266000000000002,30.406000000000002,19.13266666666667,39.86666666666667,48.43066666666665,10.333333333333334,16.932666666666666,61.946,2.067333333333333,7.066666666666666,0.504,1.9993333333333334,19.267333333333333,0.10533333333333335,14.466000000000001,3.6666666666666665,72.33266666666667,81.622,28.6,37.06666666666667,15.955333333333334,41.28866666666667,12.444666666666667,28.84466666666667,16.711333333333336,13.222,1.328,9.533333333333333,29.978,32.227333333333334,18.533333333333335,35.31133333333333,52.24066666666668,15.955333333333334,21.933333333333334,72.75600000000001,2.9113333333333333,6.2,0.4926666666666666,2.6446666666666667,21.333333333333332,0.126,13.222,2.0,91.91133333333333
