placar_casa,placar_visitante,data,round,stage,ano,equipe_casa,equipe_visitante,Pts_casa,3P_casa,2P_casa,LL_casa,RT_casa,RO_casa,RD_casa,AS_casa,ER_casa,IA%_casa,3PC_casa,3PT_casa,3P%_casa,2PC_casa,2PT_casa,2P%_casa,LLC_casa,LLT_casa,LL%_casa,EN_casa,BR_casa,B/E_casa,TO_casa,FC_casa,T/FC_casa,ET_casa,VI_casa,EF_casa,Pts_visitante,3P_visitante,2P_visitante,LL_visitante,RT_visitante,RO_visitante,RD_visitante,AS_visitante,ER_visitante,IA%_visitante,3PC_visitante,3PT_visitante,3P%_visitante,2PC_visitante,2PT_visitante,2P%_visitante,LLC_visitante,LLT_visitante,LL%_visitante,EN_visitante,BR_visitante,B/E_visitante,TO_visitante,FC_visitante,T/FC_visitante,ET_visitante,VI_visitante,EF_visitante
82,74,2019-01-12,1,2,2018-2019,Sesi Franca,Fortaleza B. C. / CFO,87.46666666666667,32.4,39.6,15.466666666666667,34.06666666666667,8.0,26.066666666666666,17.533333333333335,11.933333333333334,1.4873333333333334,10.8,28.533333333333335,37.54666666666666,19.8,32.333333333333336,61.59733333333334,15.466666666666667,18.466666666666665,83.42733333333332,2.2,5.666666666666667,0.4933333333333334,1.5333333333333334,18.4,0.08800000000000002,11.933333333333334,1.6,100.93333333333334,70.96733333333333,22.7,38.534,9.733333333333333,38.967333333333336,12.533333333333333,26.434,12.267333333333333,14.466000000000001,0.8960000000000001,7.566666666666666,23.966,31.34466666666667,19.266000000000002,40.166666666666664,48.37733333333333,9.733333333333333,15.799333333333333,62.62199999999999,2.034,7.0,0.498,2.0660000000000003,19.134,0.10933333333333334,14.466000000000001,3.566666666666667,73.23266666666667
