placar_casa,placar_visitante,data,round,stage,ano,equipe_casa,equipe_visitante,Pts_casa,3P_casa,2P_casa,LL_casa,RT_casa,RO_casa,RD_casa,AS_casa,ER_casa,IA%_casa,3PC_casa,3PT_casa,3P%_casa,2PC_casa,2PT_casa,2P%_casa,LLC_casa,LLT_casa,LL%_casa,EN_casa,BR_casa,B/E_casa,TO_casa,FC_casa,T/FC_casa,ET_casa,VI_casa,EF_casa,Pts_visitante,3P_visitante,2P_visitante,LL_visitante,RT_visitante,RO_visitante,RD_visitante,AS_visitante,ER_visitante,IA%_visitante,3PC_visitante,3PT_visitante,3P%_visitante,2PC_visitante,2PT_visitante,2P%_visitante,LLC_visitante,LLT_visitante,LL%_visitante,EN_visitante,BR_visitante,B/E_visitante,TO_visitante,FC_visitante,T/FC_visitante,ET_visitante,VI_visitante,EF_visitante
89,73,2018-11-24,6,1,2018-2019,Sesi Franca,Paulistano,84.6,32.0,38.46666666666667,14.133333333333333,33.46666666666667,8.533333333333333,24.933333333333334,17.266666666666666,12.133333333333333,1.5006666666666664,10.666666666666666,28.433333333333334,36.95799999999999,19.233333333333334,32.833333333333336,58.95,14.133333333333333,17.433333333333334,79.78666666666668,2.1,5.966666666666667,0.5093333333333334,1.5666666666666667,20.566666666666666,0.08533333333333333,12.133333333333333,1.6333333333333333,96.0,78.36666666666666,29.3,33.53333333333333,15.533333333333333,40.36666666666667,12.133333333333333,28.233333333333334,14.3,13.333333333333334,1.1526666666666665,9.766666666666667,31.866666666666667,30.773333333333337,16.766666666666666,33.7,49.843333333333334,15.533333333333333,21.0,74.17666666666666,1.5666666666666667,6.233333333333333,0.49200000000000005,2.7666666666666666,22.466666666666665,0.12266666666666666,13.333333333333334,2.533333333333333,84.13333333333334
