placar_casa,placar_visitante,data,round,stage,ano,equipe_casa,equipe_visitante,Pts_casa,3P_casa,2P_casa,LL_casa,RT_casa,RO_casa,RD_casa,AS_casa,ER_casa,IA%_casa,3PC_casa,3PT_casa,3P%_casa,2PC_casa,2PT_casa,2P%_casa,LLC_casa,LLT_casa,LL%_casa,EN_casa,BR_casa,B/E_casa,TO_casa,FC_casa,T/FC_casa,ET_casa,VI_casa,EF_casa,Pts_visitante,3P_visitante,2P_visitante,LL_visitante,RT_visitante,RO_visitante,RD_visitante,AS_visitante,ER_visitante,IA%_visitante,3PC_visitante,3PT_visitante,3P%_visitante,2PC_visitante,2PT_visitante,2P%_visitante,LLC_visitante,LLT_visitante,LL%_visitante,EN_visitante,BR_visitante,B/E_visitante,TO_visitante,FC_visitante,T/FC_visitante,ET_visitante,VI_visitante,EF_visitante
47,77,2018-11-06,4,1,2018-2019,Bauru Basket,Flamengo,81.86733333333333,29.6,36.8,15.46733333333333,37.800666666666665,9.533999999999999,28.266666666666666,17.59933333333333,13.866666666666667,1.3233333333333333,9.866000000000001,26.8,37.138,18.4,33.8,54.532666666666664,15.46733333333333,21.40066666666667,71.89733333333334,1.4673333333333336,6.6,0.4833333333333334,2.0,22.533333333333335,0.08600000000000002,13.866666666666667,3.2673333333333336,93.73333333333333,84.39933333333332,27.8,39.866,16.733333333333334,40.866,13.000666666666666,27.867333333333338,20.065999999999995,13.733333333333333,1.5673333333333335,9.266666666666667,28.533333333333335,32.13,19.934000000000005,39.866,50.38600000000001,16.733333333333334,21.665999999999997,76.57333333333332,1.4,6.331999999999999,0.4846666666666667,1.7340000000000004,21.533333333333335,0.08000000000000002,13.733333333333333,1.7993333333333335,95.53266666666667
