placar_casa,placar_visitante,data,round,stage,ano,equipe_casa,equipe_visitante,Pts_casa,3P_casa,2P_casa,LL_casa,RT_casa,RO_casa,RD_casa,AS_casa,ER_casa,IA%_casa,3PC_casa,3PT_casa,3P%_casa,2PC_casa,2PT_casa,2P%_casa,LLC_casa,LLT_casa,LL%_casa,EN_casa,BR_casa,B/E_casa,TO_casa,FC_casa,T/FC_casa,ET_casa,VI_casa,EF_casa,Pts_visitante,3P_visitante,2P_visitante,LL_visitante,RT_visitante,RO_visitante,RD_visitante,AS_visitante,ER_visitante,IA%_visitante,3PC_visitante,3PT_visitante,3P%_visitante,2PC_visitante,2PT_visitante,2P%_visitante,LLC_visitante,LLT_visitante,LL%_visitante,EN_visitante,BR_visitante,B/E_visitante,TO_visitante,FC_visitante,T/FC_visitante,ET_visitante,VI_visitante,EF_visitante
83,82,2018-12-15,9,1,2018-2019,Paulistano,Brasília,79.06666666666666,28.1,35.4,15.566666666666666,40.63333333333333,12.9,27.733333333333334,15.3,13.1,1.2373333333333334,9.366666666666667,30.7,30.79866666666667,17.7,35.46666666666667,49.74533333333334,15.566666666666666,21.233333333333334,73.34866666666667,2.433333333333333,6.3,0.5033333333333333,2.7333333333333334,21.733333333333334,0.12666666666666665,13.1,2.1,86.1,77.62266666666667,27.2,35.156,15.266666666666667,33.733333333333334,9.777333333333335,23.956000000000003,16.266666666666666,13.866666666666667,1.2346666666666668,9.066666666666666,26.710666666666665,33.82933333333333,17.577333333333332,35.556000000000004,49.56133333333334,15.266666666666667,20.489333333333335,75.92799999999998,0.7333333333333333,5.8,0.4426666666666667,2.1333333333333333,23.0,0.09533333333333335,13.866666666666667,1.9560000000000002,80.77733333333332
