placar_casa,placar_visitante,data,round,stage,ano,equipe_casa,equipe_visitante,Pts_casa,3P_casa,2P_casa,LL_casa,RT_casa,RO_casa,RD_casa,AS_casa,ER_casa,IA%_casa,3PC_casa,3PT_casa,3P%_casa,2PC_casa,2PT_casa,2P%_casa,LLC_casa,LLT_casa,LL%_casa,EN_casa,BR_casa,B/E_casa,TO_casa,FC_casa,T/FC_casa,ET_casa,VI_casa,EF_casa,Pts_visitante,3P_visitante,2P_visitante,LL_visitante,RT_visitante,RO_visitante,RD_visitante,AS_visitante,ER_visitante,IA%_visitante,3PC_visitante,3PT_visitante,3P%_visitante,2PC_visitante,2PT_visitante,2P%_visitante,LLC_visitante,LLT_visitante,LL%_visitante,EN_visitante,BR_visitante,B/E_visitante,TO_visitante,FC_visitante,T/FC_visitante,ET_visitante,VI_visitante,EF_visitante
107,104,2015-12-15,11,1,2015-2016,Brasília,Macaé Basquete,87.73333333333333,27.4,43.86666666666667,16.466666666666665,34.6,11.266666666666667,23.333333333333332,16.733333333333334,14.733333333333333,1.2146666666666666,9.133333333333333,22.466666666666665,41.05466666666667,21.933333333333334,40.13333333333333,54.88399999999999,16.466666666666665,19.733333333333334,83.24666666666667,2.2,8.2,0.6113333333333333,3.2,23.133333333333333,0.14333333333333334,14.733333333333333,2.533333333333333,100.93333333333334,77.53333333333333,25.6,31.866666666666667,20.066666666666666,30.133333333333333,8.533333333333333,21.6,12.266666666666667,14.533333333333333,0.9213333333333331,8.533333333333333,24.333333333333332,35.31666666666667,15.933333333333334,31.866666666666667,51.10466666666666,20.066666666666666,23.866666666666667,83.81866666666666,1.0,9.333333333333334,0.6779999999999998,1.2,23.4,0.05266666666666666,14.533333333333333,3.3333333333333335,80.4
