placar_casa,placar_visitante,data,round,stage,ano,equipe_casa,equipe_visitante,Pts_casa,3P_casa,2P_casa,LL_casa,RT_casa,RO_casa,RD_casa,AS_casa,ER_casa,IA%_casa,3PC_casa,3PT_casa,3P%_casa,2PC_casa,2PT_casa,2P%_casa,LLC_casa,LLT_casa,LL%_casa,EN_casa,BR_casa,B/E_casa,TO_casa,FC_casa,T/FC_casa,ET_casa,VI_casa,EF_casa,Pts_visitante,3P_visitante,2P_visitante,LL_visitante,RT_visitante,RO_visitante,RD_visitante,AS_visitante,ER_visitante,IA%_visitante,3PC_visitante,3PT_visitante,3P%_visitante,2PC_visitante,2PT_visitante,2P%_visitante,LLC_visitante,LLT_visitante,LL%_visitante,EN_visitante,BR_visitante,B/E_visitante,TO_visitante,FC_visitante,T/FC_visitante,ET_visitante,VI_visitante,EF_visitante
60,89,2017-01-12,15,1,2016-2017,Minas,Flamengo,77.86666666666666,23.8,40.666666666666664,13.4,36.666666666666664,11.466666666666667,25.2,16.933333333333334,15.8,1.084666666666667,7.933333333333334,23.6,33.92733333333334,20.333333333333332,38.93333333333333,52.17533333333333,13.4,19.4,69.672,2.066666666666667,7.266666666666667,0.47133333333333344,1.8666666666666667,21.866666666666667,0.08733333333333332,15.8,4.466666666666667,84.53333333333333,90.13333333333334,26.2,44.0,19.933333333333334,39.6,10.4,29.2,19.066666666666666,11.666666666666666,1.789333333333333,8.733333333333333,25.333333333333332,33.92266666666667,22.0,40.8,54.28,19.933333333333334,26.266666666666666,75.46333333333334,1.0666666666666667,8.266666666666667,0.8073333333333333,2.066666666666667,20.733333333333334,0.10533333333333333,11.666666666666666,2.933333333333333,105.73333333333333
