placar_casa,placar_visitante,data,round,stage,ano,equipe_casa,equipe_visitante,Pts_casa,3P_casa,2P_casa,LL_casa,RT_casa,RO_casa,RD_casa,AS_casa,ER_casa,IA%_casa,3PC_casa,3PT_casa,3P%_casa,2PC_casa,2PT_casa,2P%_casa,LLC_casa,LLT_casa,LL%_casa,EN_casa,BR_casa,B/E_casa,TO_casa,FC_casa,T/FC_casa,ET_casa,VI_casa,EF_casa,Pts_visitante,3P_visitante,2P_visitante,LL_visitante,RT_visitante,RO_visitante,RD_visitante,AS_visitante,ER_visitante,IA%_visitante,3PC_visitante,3PT_visitante,3P%_visitante,2PC_visitante,2PT_visitante,2P%_visitante,LLC_visitante,LLT_visitante,LL%_visitante,EN_visitante,BR_visitante,B/E_visitante,TO_visitante,FC_visitante,T/FC_visitante,ET_visitante,VI_visitante,EF_visitante
83,70,2016-12-22,12,1,2016-2017,L. Sorocabana,Caxias do Sul Basquete,73.53333333333333,22.2,39.2,12.133333333333333,34.2,12.4,21.8,14.266666666666667,15.733333333333333,0.9693333333333334,7.4,23.6,30.947999999999997,19.6,39.666666666666664,49.32266666666667,12.133333333333333,16.266666666666666,76.076,2.0,9.133333333333333,0.6373333333333334,1.7333333333333334,23.4,0.07666666666666667,15.733333333333333,4.466666666666667,76.73333333333333,73.0,19.0,37.06666666666667,16.933333333333334,32.333333333333336,8.4,23.933333333333334,13.533333333333333,14.0,0.9973333333333334,6.333333333333333,20.866666666666667,29.357333333333333,18.533333333333335,39.2,47.53866666666667,16.933333333333334,23.466666666666665,73.07466666666666,1.6,6.866666666666666,0.48600000000000004,1.6666666666666667,21.466666666666665,0.07866666666666668,14.0,3.933333333333333,71.66666666666667
