placar_casa,placar_visitante,data,round,stage,ano,equipe_casa,equipe_visitante,Pts_casa,3P_casa,2P_casa,LL_casa,RT_casa,RO_casa,RD_casa,AS_casa,ER_casa,IA%_casa,3PC_casa,3PT_casa,3P%_casa,2PC_casa,2PT_casa,2P%_casa,LLC_casa,LLT_casa,LL%_casa,EN_casa,BR_casa,B/E_casa,TO_casa,FC_casa,T/FC_casa,ET_casa,VI_casa,EF_casa,Pts_visitante,3P_visitante,2P_visitante,LL_visitante,RT_visitante,RO_visitante,RD_visitante,AS_visitante,ER_visitante,IA%_visitante,3PC_visitante,3PT_visitante,3P%_visitante,2PC_visitante,2PT_visitante,2P%_visitante,LLC_visitante,LLT_visitante,LL%_visitante,EN_visitante,BR_visitante,B/E_visitante,TO_visitante,FC_visitante,T/FC_visitante,ET_visitante,VI_visitante,EF_visitante
95,83,2017-01-14,14,1,2016-2017,Brasília,Flamengo,82.6,28.2,41.6,12.8,37.86666666666667,9.733333333333333,28.133333333333333,20.266666666666666,13.266666666666667,1.6333333333333329,9.4,24.6,37.45199999999999,20.8,38.93333333333333,53.4,12.8,17.333333333333332,73.28266666666667,1.3333333333333333,5.133333333333334,0.402,2.4,18.533333333333335,0.13399999999999998,13.266666666666667,3.1333333333333333,97.13333333333334,90.73333333333333,26.6,44.93333333333333,19.2,40.06666666666667,10.133333333333333,29.933333333333334,19.666666666666668,12.2,1.7893333333333332,8.866666666666667,25.133333333333333,34.70266666666667,22.466666666666665,40.666666666666664,55.403333333333336,19.2,25.133333333333333,76.066,1.0666666666666667,8.0,0.7360000000000001,2.2,19.733333333333334,0.12266666666666666,12.2,3.0,108.06666666666666
