placar_casa,placar_visitante,data,round,stage,ano,equipe_casa,equipe_visitante,Pts_casa,3P_casa,2P_casa,LL_casa,RT_casa,RO_casa,RD_casa,AS_casa,ER_casa,IA%_casa,3PC_casa,3PT_casa,3P%_casa,2PC_casa,2PT_casa,2P%_casa,LLC_casa,LLT_casa,LL%_casa,EN_casa,BR_casa,B/E_casa,TO_casa,FC_casa,T/FC_casa,ET_casa,VI_casa,EF_casa,Pts_visitante,3P_visitante,2P_visitante,LL_visitante,RT_visitante,RO_visitante,RD_visitante,AS_visitante,ER_visitante,IA%_visitante,3PC_visitante,3PT_visitante,3P%_visitante,2PC_visitante,2PT_visitante,2P%_visitante,LLC_visitante,LLT_visitante,LL%_visitante,EN_visitante,BR_visitante,B/E_visitante,TO_visitante,FC_visitante,T/FC_visitante,ET_visitante,VI_visitante,EF_visitante
89,69,2017-01-07,13,1,2016-2017,Bauru Basket,Sesi Franca,79.93333333333334,30.4,34.93333333333333,14.6,39.333333333333336,9.266666666666667,30.066666666666666,16.2,14.6,1.148,10.133333333333333,29.133333333333333,34.874,17.466666666666665,33.4,52.025999999999996,14.6,19.8,74.59533333333333,1.0666666666666667,5.666666666666667,0.412,1.2666666666666666,18.6,0.068,14.6,3.6666666666666665,87.66666666666667,77.26666666666667,22.4,38.266666666666666,16.6,33.13333333333333,9.066666666666666,24.066666666666666,15.133333333333333,13.933333333333334,1.1706666666666665,7.466666666666667,22.266666666666666,33.45933333333333,19.133333333333333,36.266666666666666,53.21,16.6,22.666666666666668,72.834,1.8666666666666667,7.533333333333333,0.5906666666666667,2.3333333333333335,21.933333333333334,0.10866666666666669,13.933333333333334,3.466666666666667,83.46666666666667
