placar_casa,placar_visitante,data,round,stage,ano,equipe_casa,equipe_visitante,Pts_casa,3P_casa,2P_casa,LL_casa,RT_casa,RO_casa,RD_casa,AS_casa,ER_casa,IA%_casa,3PC_casa,3PT_casa,3P%_casa,2PC_casa,2PT_casa,2P%_casa,LLC_casa,LLT_casa,LL%_casa,EN_casa,BR_casa,B/E_casa,TO_casa,FC_casa,T/FC_casa,ET_casa,VI_casa,EF_casa,Pts_visitante,3P_visitante,2P_visitante,LL_visitante,RT_visitante,RO_visitante,RD_visitante,AS_visitante,ER_visitante,IA%_visitante,3PC_visitante,3PT_visitante,3P%_visitante,2PC_visitante,2PT_visitante,2P%_visitante,LLC_visitante,LLT_visitante,LL%_visitante,EN_visitante,BR_visitante,B/E_visitante,TO_visitante,FC_visitante,T/FC_visitante,ET_visitante,VI_visitante,EF_visitante
72,81,2016-11-17,4,1,2016-2017,Fortaleza B. C. / CFO,Brasília,76.6,29.2,31.333333333333332,16.066666666666666,38.13333333333333,11.333333333333334,26.8,14.4,12.6,1.2120000000000002,9.733333333333333,28.533333333333335,34.083333333333336,15.666666666666666,34.4,46.114000000000004,16.066666666666666,22.066666666666666,73.77,1.3333333333333333,10.0,0.8400000000000001,2.533333333333333,21.133333333333333,0.1226666666666667,12.6,2.6666666666666665,85.53333333333333,86.0,27.8,44.266666666666666,13.933333333333334,32.93333333333333,8.8,24.133333333333333,19.4,12.866666666666667,1.606,9.266666666666667,24.6,37.989333333333335,22.133333333333333,39.266666666666666,56.39333333333334,13.933333333333334,19.133333333333333,73.41733333333332,1.8,7.066666666666666,0.5686666666666667,2.2666666666666666,24.266666666666666,0.0986666666666667,12.866666666666667,2.6,97.13333333333334
