placar_casa,placar_visitante,data,round,stage,ano,equipe_casa,equipe_visitante,Pts_casa,3P_casa,2P_casa,LL_casa,RT_casa,RO_casa,RD_casa,AS_casa,ER_casa,IA%_casa,3PC_casa,3PT_casa,3P%_casa,2PC_casa,2PT_casa,2P%_casa,LLC_casa,LLT_casa,LL%_casa,EN_casa,BR_casa,B/E_casa,TO_casa,FC_casa,T/FC_casa,ET_casa,VI_casa,EF_casa,Pts_visitante,3P_visitante,2P_visitante,LL_visitante,RT_visitante,RO_visitante,RD_visitante,AS_visitante,ER_visitante,IA%_visitante,3PC_visitante,3PT_visitante,3P%_visitante,2PC_visitante,2PT_visitante,2P%_visitante,LLC_visitante,LLT_visitante,LL%_visitante,EN_visitante,BR_visitante,B/E_visitante,TO_visitante,FC_visitante,T/FC_visitante,ET_visitante,VI_visitante,EF_visitante
68,81,2021-11-04,3,1,2021-2022,Fortaleza B. C. / CFO,São Paulo,78.53399999999998,25.6,40.53333333333333,12.400666666666666,38.599333333333334,10.467333333333332,28.134000000000004,14.132666666666664,13.399333333333335,1.1493333333333333,8.533333333333333,30.066666666666666,27.898,20.266666666666666,38.666666666666664,51.92666666666667,12.400666666666666,17.667333333333332,70.99799999999999,0.7326666666666667,7.800666666666667,0.6219999999999999,2.799333333333333,20.20066666666667,0.15333333333333332,13.399333333333335,3.199333333333333,83.26666666666667,83.73333333333333,30.6,40.93333333333333,12.2,37.666666666666664,9.733333333333333,27.933333333333334,16.266666666666666,10.533333333333333,1.694,10.2,29.333333333333332,34.065333333333335,20.466666666666665,37.0,55.33933333333333,12.2,16.266666666666666,74.578,1.9333333333333333,6.733333333333333,0.6593333333333333,3.2666666666666666,15.6,0.21533333333333332,10.533333333333333,2.3333333333333335,97.4
