placar_casa,placar_visitante,data,round,stage,ano,equipe_casa,equipe_visitante,Pts_casa,3P_casa,2P_casa,LL_casa,RT_casa,RO_casa,RD_casa,AS_casa,ER_casa,IA%_casa,3PC_casa,3PT_casa,3P%_casa,2PC_casa,2PT_casa,2P%_casa,LLC_casa,LLT_casa,LL%_casa,EN_casa,BR_casa,B/E_casa,TO_casa,FC_casa,T/FC_casa,ET_casa,VI_casa,EF_casa,Pts_visitante,3P_visitante,2P_visitante,LL_visitante,RT_visitante,RO_visitante,RD_visitante,AS_visitante,ER_visitante,IA%_visitante,3PC_visitante,3PT_visitante,3P%_visitante,2PC_visitante,2PT_visitante,2P%_visitante,LLC_visitante,LLT_visitante,LL%_visitante,EN_visitante,BR_visitante,B/E_visitante,TO_visitante,FC_visitante,T/FC_visitante,ET_visitante,VI_visitante,EF_visitante
63,65,2021-11-03,3,1,2021-2022,Rio Claro,Caxias do Sul Basquete,82.16666666666667,25.8,38.66733333333333,17.699333333333335,36.46666666666667,9.834,26.63266666666667,18.1,12.933333333333334,1.4766666666666668,8.600666666666665,24.767333333333333,34.932,19.332666666666668,37.79933333333334,51.217999999999996,17.699333333333335,22.800666666666665,77.48666666666666,2.0326666666666666,5.566000000000001,0.45333333333333337,1.2006666666666665,23.433333333333334,0.054,12.933333333333334,2.6333333333333333,90.834,77.28866666666666,25.0,38.31133333333334,13.978000000000002,36.79933333333334,10.332666666666666,26.466666666666665,15.910666666666666,12.511333333333335,1.3126666666666664,8.332666666666666,24.534,34.174,19.15533333333333,36.734,51.890666666666654,13.978000000000002,20.156000000000002,68.80866666666665,1.0433333333333334,5.689333333333334,0.4586666666666667,1.2,20.311333333333334,0.058666666666666666,12.511333333333335,1.956,84.42266666666667
