placar_casa,placar_visitante,data,round,stage,ano,equipe_casa,equipe_visitante,Pts_casa,3P_casa,2P_casa,LL_casa,RT_casa,RO_casa,RD_casa,AS_casa,ER_casa,IA%_casa,3PC_casa,3PT_casa,3P%_casa,2PC_casa,2PT_casa,2P%_casa,LLC_casa,LLT_casa,LL%_casa,EN_casa,BR_casa,B/E_casa,TO_casa,FC_casa,T/FC_casa,ET_casa,VI_casa,EF_casa,Pts_visitante,3P_visitante,2P_visitante,LL_visitante,RT_visitante,RO_visitante,RD_visitante,AS_visitante,ER_visitante,IA%_visitante,3PC_visitante,3PT_visitante,3P%_visitante,2PC_visitante,2PT_visitante,2P%_visitante,LLC_visitante,LLT_visitante,LL%_visitante,EN_visitante,BR_visitante,B/E_visitante,TO_visitante,FC_visitante,T/FC_visitante,ET_visitante,VI_visitante,EF_visitante
71,66,2021-12-02,6,1,2021-2022,União Corinthians,São Paulo,74.0,28.875,36.25,8.875,36.875,10.5,26.375,14.375,12.625,1.1925,9.625,32.0,29.9225,18.125,39.5,46.5125,8.875,13.75,63.667500000000004,1.875,10.375,0.8074999999999999,2.625,20.375,0.13,12.625,2.625,77.0,81.33333333333333,29.2,41.333333333333336,10.8,36.733333333333334,8.733333333333333,28.0,17.666666666666668,11.333333333333334,1.6886666666666668,9.733333333333333,29.0,32.977333333333334,20.666666666666668,35.4,58.67799999999999,10.8,14.733333333333333,72.49133333333333,1.9333333333333333,5.933333333333334,0.5366666666666667,2.7333333333333334,15.866666666666667,0.17266666666666666,11.333333333333334,2.6,95.13333333333334
