placar_casa,placar_visitante,data,round,stage,ano,equipe_casa,equipe_visitante,Pts_casa,3P_casa,2P_casa,LL_casa,RT_casa,RO_casa,RD_casa,AS_casa,ER_casa,IA%_casa,3PC_casa,3PT_casa,3P%_casa,2PC_casa,2PT_casa,2P%_casa,LLC_casa,LLT_casa,LL%_casa,EN_casa,BR_casa,B/E_casa,TO_casa,FC_casa,T/FC_casa,ET_casa,VI_casa,EF_casa,Pts_visitante,3P_visitante,2P_visitante,LL_visitante,RT_visitante,RO_visitante,RD_visitante,AS_visitante,ER_visitante,IA%_visitante,3PC_visitante,3PT_visitante,3P%_visitante,2PC_visitante,2PT_visitante,2P%_visitante,LLC_visitante,LLT_visitante,LL%_visitante,EN_visitante,BR_visitante,B/E_visitante,TO_visitante,FC_visitante,T/FC_visitante,ET_visitante,VI_visitante,EF_visitante
79,89,2021-12-03,6,1,2021-2022,Corinthians,Cerrado,76.71066666666665,33.3,31.77733333333333,11.633333333333333,36.022666666666666,10.943999999999999,25.077333333333332,16.2,13.344,1.2919999999999996,11.1,32.477333333333334,34.76199999999999,15.889333333333333,32.022666666666666,49.544666666666664,11.633333333333333,15.289333333333333,76.348,1.1773333333333333,6.6,0.5066666666666666,2.344,18.310666666666666,0.132,13.344,2.466666666666667,83.36666666666666,75.41133333333333,24.7,40.15533333333333,10.555333333333332,40.77866666666667,12.500666666666666,28.278000000000002,14.166666666666666,13.578000000000001,1.1119999999999999,8.234,29.3,28.563333333333336,20.078,41.134,48.89266666666667,10.555333333333332,15.344666666666667,69.32466666666666,1.9206666666666667,7.589333333333333,0.588,2.222,18.078,0.12266666666666667,13.578000000000001,2.322,79.67933333333333
