placar_casa,placar_visitante,data,round,stage,ano,equipe_casa,equipe_visitante,Pts_casa,3P_casa,2P_casa,LL_casa,RT_casa,RO_casa,RD_casa,AS_casa,ER_casa,IA%_casa,3PC_casa,3PT_casa,3P%_casa,2PC_casa,2PT_casa,2P%_casa,LLC_casa,LLT_casa,LL%_casa,EN_casa,BR_casa,B/E_casa,TO_casa,FC_casa,T/FC_casa,ET_casa,VI_casa,EF_casa,Pts_visitante,3P_visitante,2P_visitante,LL_visitante,RT_visitante,RO_visitante,RD_visitante,AS_visitante,ER_visitante,IA%_visitante,3PC_visitante,3PT_visitante,3P%_visitante,2PC_visitante,2PT_visitante,2P%_visitante,LLC_visitante,LLT_visitante,LL%_visitante,EN_visitante,BR_visitante,B/E_visitante,TO_visitante,FC_visitante,T/FC_visitante,ET_visitante,VI_visitante,EF_visitante
69,79,2021-12-04,6,1,2021-2022,Caxias do Sul Basquete,São Paulo,73.73333333333333,23.2,38.8,11.733333333333333,36.266666666666666,9.333333333333334,26.933333333333334,16.4,12.666666666666666,1.3326666666666662,7.733333333333333,23.066666666666666,33.71866666666667,19.4,37.2,51.809333333333335,11.733333333333333,17.2,68.034,1.2,6.8,0.5399999999999999,2.0,20.933333333333334,0.09799999999999999,12.666666666666666,2.6666666666666665,83.93333333333334,80.96666666666667,28.8,41.666666666666664,10.5,36.1,8.266666666666667,27.833333333333332,17.433333333333334,11.233333333333333,1.680666666666667,9.6,28.566666666666666,32.96333333333334,20.833333333333332,35.7,58.667999999999985,10.5,14.566666666666666,71.61333333333333,2.0,6.166666666666667,0.5533333333333333,2.8,16.166666666666668,0.174,11.233333333333333,2.3333333333333335,94.33333333333333
