placar_casa,placar_visitante,data,round,stage,ano,equipe_casa,equipe_visitante,Pts_casa,3P_casa,2P_casa,LL_casa,RT_casa,RO_casa,RD_casa,AS_casa,ER_casa,IA%_casa,3PC_casa,3PT_casa,3P%_casa,2PC_casa,2PT_casa,2P%_casa,LLC_casa,LLT_casa,LL%_casa,EN_casa,BR_casa,B/E_casa,TO_casa,FC_casa,T/FC_casa,ET_casa,VI_casa,EF_casa,Pts_visitante,3P_visitante,2P_visitante,LL_visitante,RT_visitante,RO_visitante,RD_visitante,AS_visitante,ER_visitante,IA%_visitante,3PC_visitante,3PT_visitante,3P%_visitante,2PC_visitante,2PT_visitante,2P%_visitante,LLC_visitante,LLT_visitante,LL%_visitante,EN_visitante,BR_visitante,B/E_visitante,TO_visitante,FC_visitante,T/FC_visitante,ET_visitante,VI_visitante,EF_visitante
87,92,2021-11-04,3,1,2021-2022,Cerrado,Bauru Basket,75.36733333333333,24.766666666666666,39.95466666666666,10.644,38.70133333333334,11.622666666666667,27.078666666666667,14.1,13.089333333333334,1.1313333333333333,8.256,27.178,30.795333333333335,19.978666666666665,42.056000000000004,47.652666666666654,10.644,14.378666666666668,74.08000000000001,1.7199999999999998,8.0,0.628,2.488,17.812,0.13733333333333334,13.089333333333334,2.6213333333333333,80.83533333333331,82.46666666666667,27.2,41.73266666666667,13.533999999999999,37.4,9.267333333333333,28.13266666666667,17.534,13.467333333333332,1.3973333333333333,9.066666666666666,26.666,34.08733333333334,20.86733333333333,36.132666666666665,58.01200000000001,13.533999999999999,19.134,72.28066666666668,1.7326666666666668,7.333333333333333,0.5786666666666667,1.866,20.267333333333333,0.092,13.467333333333332,2.4,94.666
