placar_casa,placar_visitante,data,round,stage,ano,equipe_casa,equipe_visitante,Pts_casa,3P_casa,2P_casa,LL_casa,RT_casa,RO_casa,RD_casa,AS_casa,ER_casa,IA%_casa,3PC_casa,3PT_casa,3P%_casa,2PC_casa,2PT_casa,2P%_casa,LLC_casa,LLT_casa,LL%_casa,EN_casa,BR_casa,B/E_casa,TO_casa,FC_casa,T/FC_casa,ET_casa,VI_casa,EF_casa,Pts_visitante,3P_visitante,2P_visitante,LL_visitante,RT_visitante,RO_visitante,RD_visitante,AS_visitante,ER_visitante,IA%_visitante,3PC_visitante,3PT_visitante,3P%_visitante,2PC_visitante,2PT_visitante,2P%_visitante,LLC_visitante,LLT_visitante,LL%_visitante,EN_visitante,BR_visitante,B/E_visitante,TO_visitante,FC_visitante,T/FC_visitante,ET_visitante,VI_visitante,EF_visitante
91,66,2021-12-02,6,1,2021-2022,Flamengo,Rio Claro,88.13333333333334,35.2,39.46666666666667,13.466666666666667,42.93333333333333,12.066666666666666,30.866666666666667,19.4,12.933333333333334,1.941333333333333,11.733333333333333,32.13333333333333,36.72866666666667,19.733333333333334,34.666666666666664,56.82733333333332,13.466666666666667,18.133333333333333,74.21533333333333,1.0666666666666667,6.333333333333333,0.5720000000000002,1.8,17.2,0.11,12.933333333333334,2.2666666666666666,105.66666666666667,76.33333333333333,23.2,38.0,15.133333333333333,36.666666666666664,10.133333333333333,26.533333333333335,16.733333333333334,12.466666666666667,1.3953333333333333,7.733333333333333,23.0,33.87866666666666,19.0,39.13333333333333,48.394666666666666,15.133333333333333,20.2,74.38066666666664,1.8666666666666667,6.666666666666667,0.5573333333333335,1.2666666666666666,22.266666666666666,0.05866666666666668,12.466666666666667,2.7333333333333334,84.73333333333333
