placar_casa,placar_visitante,data,round,stage,ano,equipe_casa,equipe_visitante,Pts_casa,3P_casa,2P_casa,LL_casa,RT_casa,RO_casa,RD_casa,AS_casa,ER_casa,IA%_casa,3PC_casa,3PT_casa,3P%_casa,2PC_casa,2PT_casa,2P%_casa,LLC_casa,LLT_casa,LL%_casa,EN_casa,BR_casa,B/E_casa,TO_casa,FC_casa,T/FC_casa,ET_casa,VI_casa,EF_casa,Pts_visitante,3P_visitante,2P_visitante,LL_visitante,RT_visitante,RO_visitante,RD_visitante,AS_visitante,ER_visitante,IA%_visitante,3PC_visitante,3PT_visitante,3P%_visitante,2PC_visitante,2PT_visitante,2P%_visitante,LLC_visitante,LLT_visitante,LL%_visitante,EN_visitante,BR_visitante,B/E_visitante,TO_visitante,FC_visitante,T/FC_visitante,ET_visitante,VI_visitante,EF_visitante
67,96,2021-11-13,4,1,2021-2022,Paulistano,Minas,74.93333333333334,25.6,37.46666666666667,11.866666666666667,42.0,13.533333333333333,28.466666666666665,16.633333333333333,11.833333333333334,1.6179999999999999,8.533333333333333,28.033333333333335,30.82866666666667,18.733333333333334,40.03333333333333,47.26066666666667,11.866666666666667,17.766666666666666,67.976,1.4666666666666666,7.933333333333334,0.7266666666666666,1.6666666666666667,19.366666666666667,0.08533333333333334,11.833333333333334,2.533333333333333,84.63333333333334,83.86666666666666,32.1,37.13333333333333,14.633333333333333,40.0,10.8,29.2,17.6,13.8,1.3966666666666667,10.7,28.3,37.75266666666666,18.566666666666666,34.1,54.81933333333334,14.633333333333333,20.2,73.85799999999999,1.2333333333333334,5.966666666666667,0.4473333333333333,2.0,18.4,0.11666666666666667,13.8,2.8333333333333335,96.93333333333334
