placar_casa,placar_visitante,data,round,stage,ano,equipe_casa,equipe_visitante,Pts_casa,3P_casa,2P_casa,LL_casa,RT_casa,RO_casa,RD_casa,AS_casa,ER_casa,IA%_casa,3PC_casa,3PT_casa,3P%_casa,2PC_casa,2PT_casa,2P%_casa,LLC_casa,LLT_casa,LL%_casa,EN_casa,BR_casa,B/E_casa,TO_casa,FC_casa,T/FC_casa,ET_casa,VI_casa,EF_casa,Pts_visitante,3P_visitante,2P_visitante,LL_visitante,RT_visitante,RO_visitante,RD_visitante,AS_visitante,ER_visitante,IA%_visitante,3PC_visitante,3PT_visitante,3P%_visitante,2PC_visitante,2PT_visitante,2P%_visitante,LLC_visitante,LLT_visitante,LL%_visitante,EN_visitante,BR_visitante,B/E_visitante,TO_visitante,FC_visitante,T/FC_visitante,ET_visitante,VI_visitante,EF_visitante
104,99,2021-11-17,5,1,2021-2022,UNIFACISA,União Corinthians,79.199,30.3,36.999,11.9,37.299,12.300999999999998,25.000999999999998,17.201,14.3,1.275,10.100999999999999,27.000999999999998,37.115,18.500999999999998,38.400999999999996,48.553,11.9,16.401,71.256,1.3,7.3,0.5329999999999999,1.5,20.500999999999998,0.07800000000000003,14.3,3.601,86.901,69.5,26.0,35.666666666666664,7.833333333333333,36.0,9.5,26.5,13.166666666666666,13.5,0.9899999999999999,8.666666666666666,31.166666666666668,27.820000000000004,17.833333333333332,39.833333333333336,45.56666666666666,7.833333333333333,13.0,59.89000000000001,2.1666666666666665,11.833333333333334,0.8766666666666666,2.8333333333333335,21.833333333333332,0.13,13.5,2.6666666666666665,70.16666666666667
