placar_casa,placar_visitante,data,round,stage,ano,equipe_casa,equipe_visitante,Pts_casa,3P_casa,2P_casa,LL_casa,RT_casa,RO_casa,RD_casa,AS_casa,ER_casa,IA%_casa,3PC_casa,3PT_casa,3P%_casa,2PC_casa,2PT_casa,2P%_casa,LLC_casa,LLT_casa,LL%_casa,EN_casa,BR_casa,B/E_casa,TO_casa,FC_casa,T/FC_casa,ET_casa,VI_casa,EF_casa,Pts_visitante,3P_visitante,2P_visitante,LL_visitante,RT_visitante,RO_visitante,RD_visitante,AS_visitante,ER_visitante,IA%_visitante,3PC_visitante,3PT_visitante,3P%_visitante,2PC_visitante,2PT_visitante,2P%_visitante,LLC_visitante,LLT_visitante,LL%_visitante,EN_visitante,BR_visitante,B/E_visitante,TO_visitante,FC_visitante,T/FC_visitante,ET_visitante,VI_visitante,EF_visitante
87,81,2021-11-11,4,1,2021-2022,Paulistano,Flamengo,74.8,26.3,37.0,11.5,42.3,13.566666666666666,28.733333333333334,17.066666666666666,11.766666666666667,1.6593333333333333,8.766666666666667,28.666666666666668,30.906666666666673,18.5,39.4,47.51733333333334,11.5,17.3,67.63933333333334,1.6,7.966666666666667,0.7319999999999999,1.7333333333333334,19.033333333333335,0.09000000000000002,11.766666666666667,2.5,85.5,89.17800000000001,36.86666666666667,38.244666666666674,14.066666666666666,43.078,12.121999999999998,30.955333333333332,19.866666666666667,12.555333333333332,2.0226666666666664,12.288666666666666,33.8,35.96133333333333,19.122,33.9,56.30866666666666,14.066666666666666,18.866666666666667,74.74133333333333,1.2886666666666666,7.066666666666666,0.6533333333333334,1.8113333333333335,16.9,0.11666666666666667,12.555333333333332,2.2,107.35533333333333
