placar_casa,placar_visitante,data,round,stage,ano,equipe_casa,equipe_visitante,Pts_casa,3P_casa,2P_casa,LL_casa,RT_casa,RO_casa,RD_casa,AS_casa,ER_casa,IA%_casa,3PC_casa,3PT_casa,3P%_casa,2PC_casa,2PT_casa,2P%_casa,LLC_casa,LLT_casa,LL%_casa,EN_casa,BR_casa,B/E_casa,TO_casa,FC_casa,T/FC_casa,ET_casa,VI_casa,EF_casa,Pts_visitante,3P_visitante,2P_visitante,LL_visitante,RT_visitante,RO_visitante,RD_visitante,AS_visitante,ER_visitante,IA%_visitante,3PC_visitante,3PT_visitante,3P%_visitante,2PC_visitante,2PT_visitante,2P%_visitante,LLC_visitante,LLT_visitante,LL%_visitante,EN_visitante,BR_visitante,B/E_visitante,TO_visitante,FC_visitante,T/FC_visitante,ET_visitante,VI_visitante,EF_visitante
83,73,2021-12-14,8,1,2021-2022,Pinheiros,Paulistano,75.03333333333333,25.9,36.333333333333336,12.8,41.2,13.633333333333333,27.566666666666666,17.1,14.1,1.2406666666666666,8.633333333333333,28.3,30.41466666666667,18.166666666666668,39.7,45.69733333333333,12.8,18.033333333333335,70.968,1.7666666666666666,8.2,0.5946666666666667,3.3,18.433333333333334,0.17866666666666667,14.1,2.4,84.3,74.73333333333333,25.6,37.333333333333336,11.8,38.93333333333333,11.533333333333333,27.4,15.066666666666666,11.8,1.488,8.533333333333333,27.0,31.70866666666667,18.666666666666668,41.266666666666666,45.65866666666667,11.8,16.333333333333332,73.56400000000001,1.3333333333333333,7.066666666666666,0.6593333333333333,2.2,20.333333333333332,0.11199999999999997,11.8,3.066666666666667,80.6
