placar_casa,placar_visitante,data,round,stage,ano,equipe_casa,equipe_visitante,Pts_casa,3P_casa,2P_casa,LL_casa,RT_casa,RO_casa,RD_casa,AS_casa,ER_casa,IA%_casa,3PC_casa,3PT_casa,3P%_casa,2PC_casa,2PT_casa,2P%_casa,LLC_casa,LLT_casa,LL%_casa,EN_casa,BR_casa,B/E_casa,TO_casa,FC_casa,T/FC_casa,ET_casa,VI_casa,EF_casa,Pts_visitante,3P_visitante,2P_visitante,LL_visitante,RT_visitante,RO_visitante,RD_visitante,AS_visitante,ER_visitante,IA%_visitante,3PC_visitante,3PT_visitante,3P%_visitante,2PC_visitante,2PT_visitante,2P%_visitante,LLC_visitante,LLT_visitante,LL%_visitante,EN_visitante,BR_visitante,B/E_visitante,TO_visitante,FC_visitante,T/FC_visitante,ET_visitante,VI_visitante,EF_visitante
60,69,2021-12-07,7,1,2021-2022,BRB/Brasília,Flamengo,68.33333333333333,22.6,32.13333333333333,13.6,40.266666666666666,9.466666666666667,30.8,13.666666666666666,15.933333333333334,0.9393333333333332,7.533333333333333,25.4,29.157333333333334,16.066666666666666,36.266666666666666,44.76199999999999,13.6,18.4,74.73733333333334,0.7333333333333333,4.733333333333333,0.3180000000000001,2.466666666666667,18.8,0.13733333333333334,15.933333333333334,2.066666666666667,70.66666666666667,87.26666666666667,35.0,38.53333333333333,13.733333333333333,43.0,12.333333333333334,30.666666666666668,19.2,12.933333333333334,1.908,11.666666666666666,32.93333333333333,35.67133333333334,19.266666666666666,33.666666666666664,57.077333333333314,13.733333333333333,18.533333333333335,73.79799999999999,1.0,6.066666666666666,0.5486666666666669,1.8,17.4,0.10933333333333332,12.933333333333334,2.4,103.93333333333334
