placar_casa,placar_visitante,data,round,stage,ano,equipe_casa,equipe_visitante,Pts_casa,3P_casa,2P_casa,LL_casa,RT_casa,RO_casa,RD_casa,AS_casa,ER_casa,IA%_casa,3PC_casa,3PT_casa,3P%_casa,2PC_casa,2PT_casa,2P%_casa,LLC_casa,LLT_casa,LL%_casa,EN_casa,BR_casa,B/E_casa,TO_casa,FC_casa,T/FC_casa,ET_casa,VI_casa,EF_casa,Pts_visitante,3P_visitante,2P_visitante,LL_visitante,RT_visitante,RO_visitante,RD_visitante,AS_visitante,ER_visitante,IA%_visitante,3PC_visitante,3PT_visitante,3P%_visitante,2PC_visitante,2PT_visitante,2P%_visitante,LLC_visitante,LLT_visitante,LL%_visitante,EN_visitante,BR_visitante,B/E_visitante,TO_visitante,FC_visitante,T/FC_visitante,ET_visitante,VI_visitante,EF_visitante
86,79,2021-12-03,6,1,2021-2022,Mogi,Fortaleza B. C. / CFO,79.1,26.9,39.06666666666667,13.133333333333333,39.3,11.0,28.3,19.7,14.466666666666667,1.3920000000000001,8.966666666666667,27.933333333333334,31.77733333333333,19.533333333333335,38.03333333333333,51.37800000000001,13.133333333333333,16.7,78.21333333333332,2.6333333333333333,6.833333333333333,0.48933333333333345,2.6666666666666665,20.733333333333334,0.12866666666666662,14.466666666666667,2.2,92.1,74.66733333333333,24.3,37.93333333333333,12.434,39.266,10.900666666666666,28.36733333333333,14.332666666666666,13.732666666666667,1.0800000000000003,8.1,28.333333333333332,29.202666666666666,18.966666666666665,38.4,49.13,12.434,17.900666666666666,70.56,0.866,6.800666666666667,0.5053333333333334,2.332666666666667,19.267333333333333,0.12200000000000003,13.732666666666667,3.266,78.53333333333333
