placar_casa,placar_visitante,data,round,stage,ano,equipe_casa,equipe_visitante,Pts_casa,3P_casa,2P_casa,LL_casa,RT_casa,RO_casa,RD_casa,AS_casa,ER_casa,IA%_casa,3PC_casa,3PT_casa,3P%_casa,2PC_casa,2PT_casa,2P%_casa,LLC_casa,LLT_casa,LL%_casa,EN_casa,BR_casa,B/E_casa,TO_casa,FC_casa,T/FC_casa,ET_casa,VI_casa,EF_casa,Pts_visitante,3P_visitante,2P_visitante,LL_visitante,RT_visitante,RO_visitante,RD_visitante,AS_visitante,ER_visitante,IA%_visitante,3PC_visitante,3PT_visitante,3P%_visitante,2PC_visitante,2PT_visitante,2P%_visitante,LLC_visitante,LLT_visitante,LL%_visitante,EN_visitante,BR_visitante,B/E_visitante,TO_visitante,FC_visitante,T/FC_visitante,ET_visitante,VI_visitante,EF_visitante
62,63,2023-12-08,8,1,2023-2024,Fortaleza B. C. / CFO,Caxias do Sul Basquete,78.36666666666666,25.1,40.8,12.466666666666667,35.93333333333333,7.333333333333333,28.6,16.1,12.6,1.3306666666666667,8.366666666666667,23.166666666666668,35.83866666666666,20.4,37.53333333333333,54.278000000000006,12.466666666666667,18.766666666666666,66.43800000000002,1.5333333333333334,6.0,0.52,1.9666666666666666,18.566666666666666,0.11466666666666667,12.6,2.6333333333333333,87.53333333333333,69.7,20.9,35.06666666666667,13.733333333333333,35.233333333333334,10.566666666666666,24.666666666666668,15.433333333333334,14.666666666666666,1.07,6.966666666666667,24.6,28.812666666666658,17.533333333333335,38.666666666666664,45.49666666666667,13.733333333333333,20.166666666666668,68.63733333333333,1.8333333333333333,8.0,0.57,2.0,19.6,0.10200000000000001,14.666666666666666,3.2333333333333334,70.5
