placar_casa,placar_visitante,data,round,stage,ano,equipe_casa,equipe_visitante,Pts_casa,3P_casa,2P_casa,LL_casa,RT_casa,RO_casa,RD_casa,AS_casa,ER_casa,IA%_casa,3PC_casa,3PT_casa,3P%_casa,2PC_casa,2PT_casa,2P%_casa,LLC_casa,LLT_casa,LL%_casa,EN_casa,BR_casa,B/E_casa,TO_casa,FC_casa,T/FC_casa,ET_casa,VI_casa,EF_casa,Pts_visitante,3P_visitante,2P_visitante,LL_visitante,RT_visitante,RO_visitante,RD_visitante,AS_visitante,ER_visitante,IA%_visitante,3PC_visitante,3PT_visitante,3P%_visitante,2PC_visitante,2PT_visitante,2P%_visitante,LLC_visitante,LLT_visitante,LL%_visitante,EN_visitante,BR_visitante,B/E_visitante,TO_visitante,FC_visitante,T/FC_visitante,ET_visitante,VI_visitante,EF_visitante
89,50,2023-10-23,2,1,2023-2024,Sesi Franca,Paulistano,92.06666666666666,34.8,40.666666666666664,16.6,36.93333333333333,9.133333333333333,27.8,18.0,11.4,2.2613333333333334,11.6,29.333333333333332,39.772000000000006,20.333333333333332,35.46666666666667,56.906666666666666,16.6,20.733333333333334,80.37466666666667,1.8666666666666667,4.4,0.436,2.8666666666666667,21.933333333333334,0.138,11.4,1.8,105.86666666666666,82.3,27.2,41.53333333333333,13.566666666666666,40.166666666666664,14.833333333333334,25.333333333333332,14.7,12.1,1.2646666666666666,9.066666666666666,27.466666666666665,33.114000000000004,20.766666666666666,40.86666666666667,51.092000000000006,13.566666666666666,18.466666666666665,72.706,2.3666666666666667,7.3,0.6506666666666666,2.6666666666666665,21.3,0.12533333333333335,12.1,2.4,91.63333333333334
