placar_casa,placar_visitante,data,round,stage,ano,equipe_casa,equipe_visitante,Pts_casa,3P_casa,2P_casa,LL_casa,RT_casa,RO_casa,RD_casa,AS_casa,ER_casa,IA%_casa,3PC_casa,3PT_casa,3P%_casa,2PC_casa,2PT_casa,2P%_casa,LLC_casa,LLT_casa,LL%_casa,EN_casa,BR_casa,B/E_casa,TO_casa,FC_casa,T/FC_casa,ET_casa,VI_casa,EF_casa,Pts_visitante,3P_visitante,2P_visitante,LL_visitante,RT_visitante,RO_visitante,RD_visitante,AS_visitante,ER_visitante,IA%_visitante,3PC_visitante,3PT_visitante,3P%_visitante,2PC_visitante,2PT_visitante,2P%_visitante,LLC_visitante,LLT_visitante,LL%_visitante,EN_visitante,BR_visitante,B/E_visitante,TO_visitante,FC_visitante,T/FC_visitante,ET_visitante,VI_visitante,EF_visitante
70,62,2023-11-28,7,1,2023-2024,Cerrado,Mogi,72.868,23.3,38.334,11.233,43.831999999999994,14.867,28.965999999999998,16.367,13.966,1.1940000000000002,7.766,26.933,29.285999999999994,19.165999999999997,41.1,46.812,11.233,19.168,59.83399999999999,1.634,6.766,0.49399999999999994,2.3659999999999997,17.565999999999995,0.133,13.966,2.434,79.19900000000001,75.50099999999999,32.7,30.601000000000006,12.2,31.101000000000006,8.501000000000001,22.6,18.2,15.899000000000004,1.1430000000000002,10.901,27.698999999999995,39.479,15.299000000000001,28.9,52.95100000000001,12.2,16.401000000000003,73.898,0.799,5.801,0.35800000000000004,1.7,21.9,0.08100000000000003,15.899000000000004,3.1989999999999994,81.80099999999999
