placar_casa,placar_visitante,data,round,stage,ano,equipe_casa,equipe_visitante,Pts_casa,3P_casa,2P_casa,LL_casa,RT_casa,RO_casa,RD_casa,AS_casa,ER_casa,IA%_casa,3PC_casa,3PT_casa,3P%_casa,2PC_casa,2PT_casa,2P%_casa,LLC_casa,LLT_casa,LL%_casa,EN_casa,BR_casa,B/E_casa,TO_casa,FC_casa,T/FC_casa,ET_casa,VI_casa,EF_casa,Pts_visitante,3P_visitante,2P_visitante,LL_visitante,RT_visitante,RO_visitante,RD_visitante,AS_visitante,ER_visitante,IA%_visitante,3PC_visitante,3PT_visitante,3P%_visitante,2PC_visitante,2PT_visitante,2P%_visitante,LLC_visitante,LLT_visitante,LL%_visitante,EN_visitante,BR_visitante,B/E_visitante,TO_visitante,FC_visitante,T/FC_visitante,ET_visitante,VI_visitante,EF_visitante
67,77,2023-11-08,4,1,2023-2024,Coop/São José Basketball,Minas,79.5,25.0,42.4,12.1,36.666000000000004,9.933333333333334,26.732666666666663,19.232666666666667,13.633333333333333,1.4713333333333336,8.332666666666666,24.665999999999997,33.641333333333336,21.2,38.96666666666667,54.32866666666666,12.1,17.432666666666666,68.52466666666668,2.3,6.399333333333333,0.4980000000000001,2.166,20.8,0.10733333333333335,13.633333333333333,1.9333333333333333,90.9,84.97733333333332,32.06666666666667,38.62266666666667,14.289333333333333,37.13333333333333,8.466666666666667,28.666666666666668,19.110666666666663,12.333333333333334,1.7566666666666668,10.689333333333334,27.22266666666667,38.05466666666667,19.310666666666666,35.0,55.49,14.289333333333333,17.866666666666667,80.32800000000002,1.5773333333333333,5.289333333333333,0.4333333333333333,1.6666666666666667,20.356,0.08333333333333333,12.333333333333334,2.6893333333333334,100.044
