placar_casa,placar_visitante,data,round,stage,ano,equipe_casa,equipe_visitante,Pts_casa,3P_casa,2P_casa,LL_casa,RT_casa,RO_casa,RD_casa,AS_casa,ER_casa,IA%_casa,3PC_casa,3PT_casa,3P%_casa,2PC_casa,2PT_casa,2P%_casa,LLC_casa,LLT_casa,LL%_casa,EN_casa,BR_casa,B/E_casa,TO_casa,FC_casa,T/FC_casa,ET_casa,VI_casa,EF_casa,Pts_visitante,3P_visitante,2P_visitante,LL_visitante,RT_visitante,RO_visitante,RD_visitante,AS_visitante,ER_visitante,IA%_visitante,3PC_visitante,3PT_visitante,3P%_visitante,2PC_visitante,2PT_visitante,2P%_visitante,LLC_visitante,LLT_visitante,LL%_visitante,EN_visitante,BR_visitante,B/E_visitante,TO_visitante,FC_visitante,T/FC_visitante,ET_visitante,VI_visitante,EF_visitante
83,65,2023-10-31,3,1,2023-2024,Pato Basquete,Cerrado,76.0,25.2,39.333333333333336,11.466666666666667,37.53333333333333,11.733333333333333,25.8,15.666666666666666,13.266666666666667,1.3186666666666667,8.4,28.4,29.07066666666667,19.666666666666668,36.06666666666667,54.34333333333333,11.466666666666667,16.066666666666666,70.74933333333334,0.6666666666666666,7.2,0.5873333333333334,1.4666666666666666,20.0,0.07266666666666667,13.266666666666667,3.2,83.6,74.20066666666665,29.8,33.55533333333333,10.843333333333334,35.62199999999999,9.711333333333334,25.911333333333335,14.867333333333331,15.577999999999998,0.9846666666666667,9.934,32.91,29.59133333333334,16.778000000000002,32.57733333333333,52.10133333333333,10.843333333333334,16.644666666666662,64.78733333333335,1.3553333333333333,6.734,0.4413333333333334,1.7566666666666668,15.956666666666665,0.11866666666666668,15.577999999999998,2.8433333333333333,73.02266666666668
