placar_casa,placar_visitante,data,round,stage,ano,equipe_casa,equipe_visitante,Pts_casa,3P_casa,2P_casa,LL_casa,RT_casa,RO_casa,RD_casa,AS_casa,ER_casa,IA%_casa,3PC_casa,3PT_casa,3P%_casa,2PC_casa,2PT_casa,2P%_casa,LLC_casa,LLT_casa,LL%_casa,EN_casa,BR_casa,B/E_casa,TO_casa,FC_casa,T/FC_casa,ET_casa,VI_casa,EF_casa,Pts_visitante,3P_visitante,2P_visitante,LL_visitante,RT_visitante,RO_visitante,RD_visitante,AS_visitante,ER_visitante,IA%_visitante,3PC_visitante,3PT_visitante,3P%_visitante,2PC_visitante,2PT_visitante,2P%_visitante,LLC_visitante,LLT_visitante,LL%_visitante,EN_visitante,BR_visitante,B/E_visitante,TO_visitante,FC_visitante,T/FC_visitante,ET_visitante,VI_visitante,EF_visitante
69,77,2023-11-11,4,1,2023-2024,BRB/Brasília,Caxias do Sul Basquete,77.18333333333334,27.35,33.86666666666667,15.966666666666667,35.8,10.183333333333334,25.616666666666667,15.883333333333333,16.383333333333333,1.0213333333333332,9.116666666666667,26.25,34.334666666666664,16.933333333333334,36.06666666666667,46.62266666666666,15.966666666666667,22.0,72.2,1.6833333333333333,6.9,0.44599999999999995,1.3,21.35,0.05866666666666667,16.383333333333333,3.7333333333333334,78.38333333333334,68.26733333333333,21.6,33.6,13.067333333333332,34.39933333333333,8.632666666666667,25.766666666666666,13.366666666666667,15.166666666666666,0.9266666666666669,7.2,24.8,29.493999999999993,16.8,36.066,47.07133333333333,13.067333333333332,19.766666666666666,65.15466666666667,0.6326666666666667,8.200666666666667,0.572,2.134,21.166,0.10400000000000004,15.166666666666666,3.3326666666666664,67.634
