placar_casa,placar_visitante,data,round,stage,ano,equipe_casa,equipe_visitante,Pts_casa,3P_casa,2P_casa,LL_casa,RT_casa,RO_casa,RD_casa,AS_casa,ER_casa,IA%_casa,3PC_casa,3PT_casa,3P%_casa,2PC_casa,2PT_casa,2P%_casa,LLC_casa,LLT_casa,LL%_casa,EN_casa,BR_casa,B/E_casa,TO_casa,FC_casa,T/FC_casa,ET_casa,VI_casa,EF_casa,Pts_visitante,3P_visitante,2P_visitante,LL_visitante,RT_visitante,RO_visitante,RD_visitante,AS_visitante,ER_visitante,IA%_visitante,3PC_visitante,3PT_visitante,3P%_visitante,2PC_visitante,2PT_visitante,2P%_visitante,LLC_visitante,LLT_visitante,LL%_visitante,EN_visitante,BR_visitante,B/E_visitante,TO_visitante,FC_visitante,T/FC_visitante,ET_visitante,VI_visitante,EF_visitante
71,52,2023-11-02,3,1,2023-2024,Paulistano,São Paulo,79.26666666666667,25.5,41.0,12.766666666666667,39.03333333333333,14.333333333333334,24.7,14.233333333333333,12.966666666666667,1.1966666666666663,8.5,26.566666666666666,31.74666666666667,20.5,40.53333333333333,50.837333333333326,12.766666666666667,17.666666666666668,71.56333333333332,2.1666666666666665,7.1,0.61,2.6333333333333333,20.866666666666667,0.12533333333333335,12.966666666666667,2.466666666666667,86.3,84.46666666666667,33.3,36.4,14.766666666666667,34.2,8.666666666666666,25.533333333333335,16.5,11.2,1.6479999999999997,11.1,29.833333333333332,36.419999999999995,18.2,33.5,55.05266666666667,14.766666666666667,19.033333333333335,76.854,1.2,7.1,0.6786666666666668,0.9333333333333333,22.366666666666667,0.042666666666666665,11.2,1.0666666666666667,93.7
