placar_casa,placar_visitante,data,round,stage,ano,equipe_casa,equipe_visitante,Pts_casa,3P_casa,2P_casa,LL_casa,RT_casa,RO_casa,RD_casa,AS_casa,ER_casa,IA%_casa,3PC_casa,3PT_casa,3P%_casa,2PC_casa,2PT_casa,2P%_casa,LLC_casa,LLT_casa,LL%_casa,EN_casa,BR_casa,B/E_casa,TO_casa,FC_casa,T/FC_casa,ET_casa,VI_casa,EF_casa,Pts_visitante,3P_visitante,2P_visitante,LL_visitante,RT_visitante,RO_visitante,RD_visitante,AS_visitante,ER_visitante,IA%_visitante,3PC_visitante,3PT_visitante,3P%_visitante,2PC_visitante,2PT_visitante,2P%_visitante,LLC_visitante,LLT_visitante,LL%_visitante,EN_visitante,BR_visitante,B/E_visitante,TO_visitante,FC_visitante,T/FC_visitante,ET_visitante,VI_visitante,EF_visitante
79,86,2023-11-10,4,1,2023-2024,Botafogo,Sesi Franca,77.26666666666667,27.9,35.400666666666666,13.966000000000001,34.666000000000004,9.766666666666667,24.899333333333335,15.266,14.866666666666667,1.0799999999999998,9.3,27.466,33.414,17.699333333333335,33.866,52.24666666666666,13.966000000000001,19.500666666666667,72.20333333333333,1.1673333333333331,6.632666666666667,0.47200000000000003,2.4339999999999997,22.067333333333334,0.11666666666666667,14.866666666666667,3.167333333333333,81.53333333333333,92.23333333333333,32.5,42.4,17.333333333333332,37.233333333333334,9.566666666666666,27.666666666666668,18.8,11.733333333333333,2.274666666666667,10.833333333333334,29.033333333333335,37.629333333333335,21.2,36.03333333333333,58.51200000000001,17.333333333333332,21.933333333333334,79.03800000000001,2.033333333333333,5.1,0.482,3.2666666666666666,21.333333333333332,0.16066666666666668,11.733333333333333,1.9,107.26666666666667
