placar_casa,placar_visitante,data,round,stage,ano,equipe_casa,equipe_visitante,Pts_casa,3P_casa,2P_casa,LL_casa,RT_casa,RO_casa,RD_casa,AS_casa,ER_casa,IA%_casa,3PC_casa,3PT_casa,3P%_casa,2PC_casa,2PT_casa,2P%_casa,LLC_casa,LLT_casa,LL%_casa,EN_casa,BR_casa,B/E_casa,TO_casa,FC_casa,T/FC_casa,ET_casa,VI_casa,EF_casa,Pts_visitante,3P_visitante,2P_visitante,LL_visitante,RT_visitante,RO_visitante,RD_visitante,AS_visitante,ER_visitante,IA%_visitante,3PC_visitante,3PT_visitante,3P%_visitante,2PC_visitante,2PT_visitante,2P%_visitante,LLC_visitante,LLT_visitante,LL%_visitante,EN_visitante,BR_visitante,B/E_visitante,TO_visitante,FC_visitante,T/FC_visitante,ET_visitante,VI_visitante,EF_visitante
85,81,2023-12-16,9,1,2023-2024,Corinthians,Pato Basquete,78.93333333333334,25.0,39.86666666666667,14.066666666666666,38.86666666666667,10.666666666666666,28.2,16.233333333333334,11.833333333333334,1.4680000000000002,8.333333333333334,27.666666666666668,29.867999999999995,19.933333333333334,37.4,53.471999999999994,14.066666666666666,19.1,74.00800000000001,2.033333333333333,5.533333333333333,0.4813333333333334,2.066666666666667,17.833333333333332,0.12066666666666669,11.833333333333334,2.3333333333333335,87.96666666666667,73.2,27.4,35.2,10.6,35.86666666666667,11.333333333333334,24.533333333333335,15.666666666666666,12.466666666666667,1.354,9.133333333333333,29.2,31.207333333333334,17.6,34.666666666666664,50.972666666666676,10.6,15.0,69.74266666666668,1.2666666666666666,6.4,0.5313333333333333,0.9333333333333333,18.2,0.052666666666666674,12.466666666666667,2.933333333333333,78.06666666666666
