placar_casa,placar_visitante,data,round,stage,ano,equipe_casa,equipe_visitante,Pts_casa,3P_casa,2P_casa,LL_casa,RT_casa,RO_casa,RD_casa,AS_casa,ER_casa,IA%_casa,3PC_casa,3PT_casa,3P%_casa,2PC_casa,2PT_casa,2P%_casa,LLC_casa,LLT_casa,LL%_casa,EN_casa,BR_casa,B/E_casa,TO_casa,FC_casa,T/FC_casa,ET_casa,VI_casa,EF_casa,Pts_visitante,3P_visitante,2P_visitante,LL_visitante,RT_visitante,RO_visitante,RD_visitante,AS_visitante,ER_visitante,IA%_visitante,3PC_visitante,3PT_visitante,3P%_visitante,2PC_visitante,2PT_visitante,2P%_visitante,LLC_visitante,LLT_visitante,LL%_visitante,EN_visitante,BR_visitante,B/E_visitante,TO_visitante,FC_visitante,T/FC_visitante,ET_visitante,VI_visitante,EF_visitante
89,71,2023-11-13,5,1,2023-2024,Flamengo,Cerrado,81.03333333333333,30.2,36.8,14.033333333333333,39.8,12.7,27.1,17.866666666666667,14.6,1.3053333333333335,10.066666666666666,31.5,32.60466666666667,18.4,31.933333333333334,57.10000000000001,14.033333333333333,18.133333333333333,76.98066666666666,1.3333333333333333,6.533333333333333,0.46666666666666656,1.3333333333333333,17.766666666666666,0.08133333333333334,14.6,2.466666666666667,92.9,73.33399999999999,26.6,36.266,10.466000000000001,37.99933333333333,10.867333333333333,27.134000000000004,15.067333333333332,15.867333333333331,0.9853333333333333,8.867333333333333,31.065999999999995,28.018666666666668,18.134000000000004,35.333333333333336,52.25399999999999,10.466000000000001,16.667333333333332,63.00400000000001,1.2660000000000002,7.067333333333334,0.4613333333333333,1.8006666666666666,16.800666666666665,0.10800000000000001,15.867333333333331,2.7326666666666664,73.8
