placar_casa,placar_visitante,data,round,stage,ano,equipe_casa,equipe_visitante,Pts_casa,3P_casa,2P_casa,LL_casa,RT_casa,RO_casa,RD_casa,AS_casa,ER_casa,IA%_casa,3PC_casa,3PT_casa,3P%_casa,2PC_casa,2PT_casa,2P%_casa,LLC_casa,LLT_casa,LL%_casa,EN_casa,BR_casa,B/E_casa,TO_casa,FC_casa,T/FC_casa,ET_casa,VI_casa,EF_casa,Pts_visitante,3P_visitante,2P_visitante,LL_visitante,RT_visitante,RO_visitante,RD_visitante,AS_visitante,ER_visitante,IA%_visitante,3PC_visitante,3PT_visitante,3P%_visitante,2PC_visitante,2PT_visitante,2P%_visitante,LLC_visitante,LLT_visitante,LL%_visitante,EN_visitante,BR_visitante,B/E_visitante,TO_visitante,FC_visitante,T/FC_visitante,ET_visitante,VI_visitante,EF_visitante
74,67,2023-10-30,3,1,2023-2024,Caxias do Sul Basquete,Botafogo,69.53399999999998,22.533333333333335,34.266666666666666,12.734,34.154666666666664,8.266,25.888666666666666,12.844666666666667,15.466666666666667,0.8779999999999999,7.511333333333334,24.266666666666666,31.33333333333333,17.133333333333333,36.71066666666666,47.19866666666667,12.734,18.578,67.51133333333334,0.48800000000000004,7.6226666666666665,0.518,2.1786666666666665,21.332666666666665,0.10533333333333335,15.466666666666667,3.532666666666666,68.68933333333331,79.6,31.2,33.734,14.666,33.532666666666664,8.8,24.732666666666667,16.932666666666666,13.2,1.3433333333333333,10.4,28.599333333333334,36.047333333333334,16.866,32.599333333333334,52.39799999999999,14.666,19.733999999999998,74.70666666666665,1.3339999999999999,6.532666666666667,0.5126666666666667,2.4006666666666665,21.334,0.1193333333333333,13.2,2.4673333333333334,86.8
