placar_casa,placar_visitante,data,round,stage,ano,equipe_casa,equipe_visitante,Pts_casa,3P_casa,2P_casa,LL_casa,RT_casa,RO_casa,RD_casa,AS_casa,ER_casa,IA%_casa,3PC_casa,3PT_casa,3P%_casa,2PC_casa,2PT_casa,2P%_casa,LLC_casa,LLT_casa,LL%_casa,EN_casa,BR_casa,B/E_casa,TO_casa,FC_casa,T/FC_casa,ET_casa,VI_casa,EF_casa,Pts_visitante,3P_visitante,2P_visitante,LL_visitante,RT_visitante,RO_visitante,RD_visitante,AS_visitante,ER_visitante,IA%_visitante,3PC_visitante,3PT_visitante,3P%_visitante,2PC_visitante,2PT_visitante,2P%_visitante,LLC_visitante,LLT_visitante,LL%_visitante,EN_visitante,BR_visitante,B/E_visitante,TO_visitante,FC_visitante,T/FC_visitante,ET_visitante,VI_visitante,EF_visitante
94,92,2023-11-30,7,1,2023-2024,Corinthians,Pinheiros,77.53333333333333,23.4,39.86666666666667,14.266666666666667,38.2,10.733333333333333,27.466666666666665,15.866666666666667,12.733333333333333,1.2906666666666666,7.8,27.533333333333335,28.165333333333333,19.933333333333334,36.733333333333334,54.591333333333324,14.266666666666667,19.533333333333335,73.616,2.2666666666666666,6.0,0.4940000000000001,2.6,18.533333333333335,0.1406666666666667,12.733333333333333,2.8,85.66666666666667,78.36666666666666,26.7,39.2,12.466666666666667,40.333333333333336,13.133333333333333,27.2,16.9,14.666666666666666,1.2226666666666663,8.9,26.233333333333334,33.745999999999995,19.6,39.0,50.42133333333333,12.466666666666667,18.433333333333334,67.37066666666668,1.5,6.433333333333334,0.47000000000000014,1.6333333333333333,19.433333333333334,0.08200000000000002,14.666666666666666,2.2,86.3
