placar_casa,placar_visitante,data,round,stage,ano,equipe_casa,equipe_visitante,Pts_casa,3P_casa,2P_casa,LL_casa,RT_casa,RO_casa,RD_casa,AS_casa,ER_casa,IA%_casa,3PC_casa,3PT_casa,3P%_casa,2PC_casa,2PT_casa,2P%_casa,LLC_casa,LLT_casa,LL%_casa,EN_casa,BR_casa,B/E_casa,TO_casa,FC_casa,T/FC_casa,ET_casa,VI_casa,EF_casa,Pts_visitante,3P_visitante,2P_visitante,LL_visitante,RT_visitante,RO_visitante,RD_visitante,AS_visitante,ER_visitante,IA%_visitante,3PC_visitante,3PT_visitante,3P%_visitante,2PC_visitante,2PT_visitante,2P%_visitante,LLC_visitante,LLT_visitante,LL%_visitante,EN_visitante,BR_visitante,B/E_visitante,TO_visitante,FC_visitante,T/FC_visitante,ET_visitante,VI_visitante,EF_visitante
82,73,2023-12-09,8,1,2023-2024,Bauru Basket,BRB/Brasília,78.39933333333332,31.2,36.666666666666664,10.53266666666667,32.465999999999994,8.666666666666666,23.79933333333333,17.933333333333334,12.6,1.4479999999999997,10.400666666666664,28.667333333333335,35.85066666666667,18.333333333333332,35.266,52.217333333333336,10.53266666666667,14.066666666666666,73.00133333333333,1.8,7.400666666666667,0.5986666666666667,1.4,18.734,0.07733333333333334,12.6,2.999333333333333,86.26599999999999,71.6,25.1,32.77733333333333,13.722666666666665,33.32266666666667,9.344000000000001,23.97733333333333,13.056,14.266666666666667,0.957333333333333,8.366666666666667,25.922666666666668,32.12,16.389333333333337,37.1,44.34599999999999,13.722666666666665,19.356,69.67066666666666,1.1666666666666667,7.444,0.5513333333333335,1.1333333333333333,20.666666666666668,0.05466666666666667,14.266666666666667,3.2560000000000002,68.38933333333333
