placar_casa,placar_visitante,data,round,stage,ano,equipe_casa,equipe_visitante,Pts_casa,3P_casa,2P_casa,LL_casa,RT_casa,RO_casa,RD_casa,AS_casa,ER_casa,IA%_casa,3PC_casa,3PT_casa,3P%_casa,2PC_casa,2PT_casa,2P%_casa,LLC_casa,LLT_casa,LL%_casa,EN_casa,BR_casa,B/E_casa,TO_casa,FC_casa,T/FC_casa,ET_casa,VI_casa,EF_casa,Pts_visitante,3P_visitante,2P_visitante,LL_visitante,RT_visitante,RO_visitante,RD_visitante,AS_visitante,ER_visitante,IA%_visitante,3PC_visitante,3PT_visitante,3P%_visitante,2PC_visitante,2PT_visitante,2P%_visitante,LLC_visitante,LLT_visitante,LL%_visitante,EN_visitante,BR_visitante,B/E_visitante,TO_visitante,FC_visitante,T/FC_visitante,ET_visitante,VI_visitante,EF_visitante
82,78,2023-10-28,2,1,2023-2024,União Corinthians,Botafogo,79.578,31.833333333333332,35.001333333333335,12.745333333333333,37.379333333333335,8.566,28.811333333333334,17.74533333333333,12.212,1.5066666666666666,10.611333333333334,32.845333333333336,32.43266666666666,17.49866666666667,33.05533333333333,52.59933333333334,12.745333333333333,18.144,69.47533333333334,1.5226666666666666,6.8453333333333335,0.59,2.7546666666666666,20.266666666666666,0.1393333333333334,12.212,2.388,88.89866666666667,80.03333333333333,32.2,33.06733333333334,14.766,33.43266666666666,8.9,24.532666666666668,17.432666666666666,13.433333333333334,1.3579999999999999,10.733333333333333,29.065999999999995,36.69733333333334,16.532666666666668,32.29933333333333,51.93399999999998,14.766,19.534,76.11399999999999,1.3006666666666666,6.465999999999999,0.5006666666666667,2.3006666666666664,21.667333333333332,0.11333333333333331,13.433333333333334,2.4673333333333334,87.36666666666666
