placar_casa,placar_visitante,data,round,stage,ano,equipe_casa,equipe_visitante,Pts_casa,3P_casa,2P_casa,LL_casa,RT_casa,RO_casa,RD_casa,AS_casa,ER_casa,IA%_casa,3PC_casa,3PT_casa,3P%_casa,2PC_casa,2PT_casa,2P%_casa,LLC_casa,LLT_casa,LL%_casa,EN_casa,BR_casa,B/E_casa,TO_casa,FC_casa,T/FC_casa,ET_casa,VI_casa,EF_casa,Pts_visitante,3P_visitante,2P_visitante,LL_visitante,RT_visitante,RO_visitante,RD_visitante,AS_visitante,ER_visitante,IA%_visitante,3PC_visitante,3PT_visitante,3P%_visitante,2PC_visitante,2PT_visitante,2P%_visitante,LLC_visitante,LLT_visitante,LL%_visitante,EN_visitante,BR_visitante,B/E_visitante,TO_visitante,FC_visitante,T/FC_visitante,ET_visitante,VI_visitante,EF_visitante
77,65,2023-11-12,5,1,2023-2024,Fortaleza B. C. / CFO,UNIFACISA,77.4,26.6,36.13333333333333,14.666666666666666,35.06666666666667,7.6,27.466666666666665,13.4,12.4,1.1013333333333335,8.866666666666667,24.533333333333335,36.186,18.066666666666666,36.53333333333333,49.360666666666674,14.666666666666666,21.333333333333332,70.10533333333335,1.6,6.333333333333333,0.5419999999999999,1.2666666666666666,20.4,0.06333333333333332,12.4,2.8,80.26666666666667,79.66666666666667,29.6,36.0,14.066666666666666,36.0,9.533333333333333,26.466666666666665,14.8,12.266666666666667,1.3266666666666667,9.866666666666667,27.533333333333335,35.480000000000004,18.0,34.86666666666667,51.87466666666666,14.066666666666666,19.0,72.80466666666668,1.1333333333333333,6.933333333333334,0.5833333333333333,1.8,20.0,0.09466666666666666,12.266666666666667,2.3333333333333335,87.46666666666667
