placar_casa,placar_visitante,data,round,stage,ano,equipe_casa,equipe_visitante,Pts_casa,3P_casa,2P_casa,LL_casa,RT_casa,RO_casa,RD_casa,AS_casa,ER_casa,IA%_casa,3PC_casa,3PT_casa,3P%_casa,2PC_casa,2PT_casa,2P%_casa,LLC_casa,LLT_casa,LL%_casa,EN_casa,BR_casa,B/E_casa,TO_casa,FC_casa,T/FC_casa,ET_casa,VI_casa,EF_casa,Pts_visitante,3P_visitante,2P_visitante,LL_visitante,RT_visitante,RO_visitante,RD_visitante,AS_visitante,ER_visitante,IA%_visitante,3PC_visitante,3PT_visitante,3P%_visitante,2PC_visitante,2PT_visitante,2P%_visitante,LLC_visitante,LLT_visitante,LL%_visitante,EN_visitante,BR_visitante,B/E_visitante,TO_visitante,FC_visitante,T/FC_visitante,ET_visitante,VI_visitante,EF_visitante
82,90,2023-11-17,5,1,2023-2024,Caxias do Sul Basquete,Coop/São José Basketball,70.30066666666667,22.0,34.53333333333333,13.767333333333333,34.83266666666667,8.966000000000001,25.866666666666667,14.233333333333333,15.033333333333333,0.9920000000000003,7.333333333333333,24.9,29.77866666666666,17.266666666666666,36.566,47.66999999999999,13.767333333333333,20.766666666666666,65.58533333333334,0.8326666666666667,8.200666666666667,0.5766666666666667,2.134,20.832666666666668,0.10533333333333336,15.033333333333333,3.432666666666667,70.80066666666667,81.06666666666666,26.6,41.333333333333336,13.133333333333333,36.966,10.233333333333333,26.732666666666667,19.199333333333335,13.566666666666666,1.4760000000000002,8.866000000000001,25.766000000000002,34.34400000000001,20.666666666666668,37.96666666666667,54.418,13.133333333333333,18.699333333333335,69.45533333333333,2.1333333333333333,6.832666666666666,0.5273333333333334,2.166,21.0,0.10733333333333334,13.566666666666666,2.2,92.9
