placar_casa,placar_visitante,data,round,stage,ano,equipe_casa,equipe_visitante,Pts_casa,3P_casa,2P_casa,LL_casa,RT_casa,RO_casa,RD_casa,AS_casa,ER_casa,IA%_casa,3PC_casa,3PT_casa,3P%_casa,2PC_casa,2PT_casa,2P%_casa,LLC_casa,LLT_casa,LL%_casa,EN_casa,BR_casa,B/E_casa,TO_casa,FC_casa,T/FC_casa,ET_casa,VI_casa,EF_casa,Pts_visitante,3P_visitante,2P_visitante,LL_visitante,RT_visitante,RO_visitante,RD_visitante,AS_visitante,ER_visitante,IA%_visitante,3PC_visitante,3PT_visitante,3P%_visitante,2PC_visitante,2PT_visitante,2P%_visitante,LLC_visitante,LLT_visitante,LL%_visitante,EN_visitante,BR_visitante,B/E_visitante,TO_visitante,FC_visitante,T/FC_visitante,ET_visitante,VI_visitante,EF_visitante
79,77,2015-12-22,14,1,2015-2016,Flamengo,Mogi,84.4,25.8,43.86666666666667,14.733333333333333,34.86666666666667,8.133333333333333,26.733333333333334,19.6,12.466666666666667,1.6753333333333333,8.6,23.2,37.03133333333333,21.933333333333334,38.733333333333334,56.202000000000005,14.733333333333333,18.6,79.10933333333334,1.2666666666666666,10.533333333333333,0.8786666666666666,2.4,18.6,0.13066666666666665,12.466666666666667,1.7333333333333334,104.06666666666666,80.2,23.4,41.46666666666667,15.333333333333334,36.93333333333333,12.2,24.733333333333334,16.066666666666666,14.4,1.21,7.8,24.533333333333335,31.766666666666666,20.733333333333334,39.86666666666667,52.867333333333335,15.333333333333334,21.066666666666666,72.69133333333335,1.7333333333333334,10.266666666666667,0.7646666666666667,2.3333333333333335,21.4,0.11400000000000002,14.4,3.2666666666666666,89.73333333333333
