placar_casa,placar_visitante,data,round,stage,ano,equipe_casa,equipe_visitante,Pts_casa,3P_casa,2P_casa,LL_casa,RT_casa,RO_casa,RD_casa,AS_casa,ER_casa,IA%_casa,3PC_casa,3PT_casa,3P%_casa,2PC_casa,2PT_casa,2P%_casa,LLC_casa,LLT_casa,LL%_casa,EN_casa,BR_casa,B/E_casa,TO_casa,FC_casa,T/FC_casa,ET_casa,VI_casa,EF_casa,Pts_visitante,3P_visitante,2P_visitante,LL_visitante,RT_visitante,RO_visitante,RD_visitante,AS_visitante,ER_visitante,IA%_visitante,3PC_visitante,3PT_visitante,3P%_visitante,2PC_visitante,2PT_visitante,2P%_visitante,LLC_visitante,LLT_visitante,LL%_visitante,EN_visitante,BR_visitante,B/E_visitante,TO_visitante,FC_visitante,T/FC_visitante,ET_visitante,VI_visitante,EF_visitante
79,84,2015-12-22,14,1,2015-2016,Paulistano,Sesi Franca,80.2,27.2,40.93333333333333,12.066666666666666,37.733333333333334,11.6,26.133333333333333,14.666666666666666,13.4,1.2406666666666666,9.066666666666666,24.466666666666665,36.772666666666666,20.466666666666665,40.333333333333336,51.38533333333333,12.066666666666666,16.4,73.41600000000001,1.6666666666666667,9.866666666666667,0.8206666666666668,1.2666666666666666,20.133333333333333,0.06933333333333333,13.4,3.933333333333333,90.73333333333333,74.4,23.0,36.666666666666664,14.733333333333333,31.2,8.2,23.0,14.6,14.533333333333333,1.0906666666666667,7.666666666666667,22.133333333333333,32.85866666666667,18.333333333333332,34.0,55.736000000000004,14.733333333333333,20.8,71.61266666666667,2.3333333333333335,8.0,0.5933333333333335,2.6666666666666665,21.2,0.12933333333333333,14.533333333333333,2.6,80.13333333333334
