placar_casa,placar_visitante,data,round,stage,ano,equipe_casa,equipe_visitante,Pts_casa,3P_casa,2P_casa,LL_casa,RT_casa,RO_casa,RD_casa,AS_casa,ER_casa,IA%_casa,3PC_casa,3PT_casa,3P%_casa,2PC_casa,2PT_casa,2P%_casa,LLC_casa,LLT_casa,LL%_casa,EN_casa,BR_casa,B/E_casa,TO_casa,FC_casa,T/FC_casa,ET_casa,VI_casa,EF_casa,Pts_visitante,3P_visitante,2P_visitante,LL_visitante,RT_visitante,RO_visitante,RD_visitante,AS_visitante,ER_visitante,IA%_visitante,3PC_visitante,3PT_visitante,3P%_visitante,2PC_visitante,2PT_visitante,2P%_visitante,LLC_visitante,LLT_visitante,LL%_visitante,EN_visitante,BR_visitante,B/E_visitante,TO_visitante,FC_visitante,T/FC_visitante,ET_visitante,VI_visitante,EF_visitante
81,90,2016-01-14,2,2,2015-2016,Coop/São José Basketball,Fortaleza B. C. / CFO,77.4,26.0,35.46666666666667,15.933333333333334,31.4,8.0,23.4,14.466666666666667,14.733333333333333,1.09,8.666666666666666,23.133333333333333,37.066,17.733333333333334,35.8,49.663999999999994,15.933333333333334,21.0,75.06866666666669,0.9333333333333333,7.733333333333333,0.5633333333333334,1.4666666666666666,22.0,0.06666666666666667,14.733333333333333,3.6666666666666665,80.13333333333334,78.53333333333333,28.4,36.0,14.133333333333333,36.2,10.333333333333334,25.866666666666667,12.0,14.266666666666667,1.0026666666666668,9.466666666666667,27.0,35.80866666666667,18.0,36.13333333333333,49.761333333333326,14.133333333333333,19.333333333333332,72.838,1.6,9.6,0.7466666666666667,2.2666666666666666,21.466666666666665,0.10200000000000001,14.266666666666667,2.6666666666666665,83.46666666666667
