placar_casa,placar_visitante,data,round,stage,ano,equipe_casa,equipe_visitante,Pts_casa,3P_casa,2P_casa,LL_casa,RT_casa,RO_casa,RD_casa,AS_casa,ER_casa,IA%_casa,3PC_casa,3PT_casa,3P%_casa,2PC_casa,2PT_casa,2P%_casa,LLC_casa,LLT_casa,LL%_casa,EN_casa,BR_casa,B/E_casa,TO_casa,FC_casa,T/FC_casa,ET_casa,VI_casa,EF_casa,Pts_visitante,3P_visitante,2P_visitante,LL_visitante,RT_visitante,RO_visitante,RD_visitante,AS_visitante,ER_visitante,IA%_visitante,3PC_visitante,3PT_visitante,3P%_visitante,2PC_visitante,2PT_visitante,2P%_visitante,LLC_visitante,LLT_visitante,LL%_visitante,EN_visitante,BR_visitante,B/E_visitante,TO_visitante,FC_visitante,T/FC_visitante,ET_visitante,VI_visitante,EF_visitante
75,80,2009-04-22,9,2,2008-2009,Lajeado,Araraquara,73.0,17.285714285714285,39.904761904761905,15.80952380952381,27.523809523809526,9.047619047619047,18.476190476190474,10.761904761904763,14.333333333333334,0.7871428571428571,5.761904761904762,19.952380952380953,28.43904761904762,19.952380952380953,39.76190476190476,50.67095238095238,15.80952380952381,22.666666666666668,69.45619047619046,0.19047619047619047,7.9523809523809526,0.5976190476190477,1.0952380952380953,21.571428571428573,0.05380952380952383,14.333333333333334,0.0,65.14285714285714,75.95238095238095,25.142857142857142,35.61904761904762,15.19047619047619,28.61904761904762,6.904761904761905,21.714285714285715,15.904761904761905,17.095238095238095,1.0080952380952382,8.380952380952381,24.80952380952381,33.81095238095237,17.80952380952381,33.19047619047619,53.80809523809524,15.19047619047619,21.0,71.49190476190476,1.7619047619047619,8.047619047619047,0.4823809523809525,4.142857142857143,22.285714285714285,0.20476190476190476,17.095238095238095,0.0,77.95238095238095
