placar_casa,placar_visitante,data,round,stage,ano,equipe_casa,equipe_visitante,Pts_casa,3P_casa,2P_casa,LL_casa,RT_casa,RO_casa,RD_casa,AS_casa,ER_casa,IA%_casa,3PC_casa,3PT_casa,3P%_casa,2PC_casa,2PT_casa,2P%_casa,LLC_casa,LLT_casa,LL%_casa,EN_casa,BR_casa,B/E_casa,TO_casa,FC_casa,T/FC_casa,ET_casa,VI_casa,EF_casa,Pts_visitante,3P_visitante,2P_visitante,LL_visitante,RT_visitante,RO_visitante,RD_visitante,AS_visitante,ER_visitante,IA%_visitante,3PC_visitante,3PT_visitante,3P%_visitante,2PC_visitante,2PT_visitante,2P%_visitante,LLC_visitante,LLT_visitante,LL%_visitante,EN_visitante,BR_visitante,B/E_visitante,TO_visitante,FC_visitante,T/FC_visitante,ET_visitante,VI_visitante,EF_visitante
104,109,2010-02-12,11,1,2009-2010,Paulistano,Sesi Franca,74.86666666666666,18.4,42.53333333333333,13.933333333333334,28.933333333333334,9.733333333333333,19.2,12.666666666666666,13.8,1.0026666666666668,6.133333333333334,22.466666666666665,27.602666666666668,21.266666666666666,40.333333333333336,53.11066666666668,13.933333333333334,21.133333333333333,65.36666666666666,1.2666666666666666,6.933333333333334,0.5733333333333335,2.466666666666667,21.266666666666666,0.12000000000000002,13.8,1.8,69.46666666666667,81.13333333333334,26.8,37.733333333333334,16.6,27.333333333333332,7.733333333333333,19.6,12.466666666666667,11.333333333333334,1.3933333333333335,8.933333333333334,23.933333333333334,36.84733333333334,18.866666666666667,37.666666666666664,50.61933333333332,16.6,21.533333333333335,76.94066666666667,0.26666666666666666,6.4,0.6206666666666667,2.2,21.266666666666666,0.11066666666666668,11.333333333333334,1.5333333333333334,79.46666666666667
