placar_casa,placar_visitante,data,round,stage,ano,equipe_casa,equipe_visitante,Pts_casa,3P_casa,2P_casa,LL_casa,RT_casa,RO_casa,RD_casa,AS_casa,ER_casa,IA%_casa,3PC_casa,3PT_casa,3P%_casa,2PC_casa,2PT_casa,2P%_casa,LLC_casa,LLT_casa,LL%_casa,EN_casa,BR_casa,B/E_casa,TO_casa,FC_casa,T/FC_casa,ET_casa,VI_casa,EF_casa,Pts_visitante,3P_visitante,2P_visitante,LL_visitante,RT_visitante,RO_visitante,RD_visitante,AS_visitante,ER_visitante,IA%_visitante,3PC_visitante,3PT_visitante,3P%_visitante,2PC_visitante,2PT_visitante,2P%_visitante,LLC_visitante,LLT_visitante,LL%_visitante,EN_visitante,BR_visitante,B/E_visitante,TO_visitante,FC_visitante,T/FC_visitante,ET_visitante,VI_visitante,EF_visitante
104,74,2010-01-24,12,1,2009-2010,Flamengo,Assis,85.33333333333333,26.8,39.733333333333334,18.8,32.4,8.733333333333333,23.666666666666668,12.866666666666667,13.066666666666666,1.0726666666666667,8.933333333333334,25.933333333333334,35.668,19.866666666666667,36.733333333333334,54.452,18.8,25.333333333333332,75.79733333333333,1.4666666666666666,9.0,0.76,2.1333333333333333,20.4,0.10400000000000001,13.066666666666666,0.8666666666666667,87.8,73.2,22.6,34.666666666666664,15.933333333333334,30.533333333333335,7.8,22.733333333333334,9.933333333333334,12.8,0.8553333333333335,7.533333333333333,22.666666666666668,32.878,17.333333333333332,33.86666666666667,51.154,15.933333333333334,23.466666666666665,67.83933333333336,1.8666666666666667,4.933333333333334,0.3873333333333333,3.2666666666666666,19.533333333333335,0.17333333333333334,12.8,1.4666666666666666,69.86666666666666
