placar_casa,placar_visitante,data,round,stage,ano,equipe_casa,equipe_visitante,Pts_casa,3P_casa,2P_casa,LL_casa,RT_casa,RO_casa,RD_casa,AS_casa,ER_casa,IA%_casa,3PC_casa,3PT_casa,3P%_casa,2PC_casa,2PT_casa,2P%_casa,LLC_casa,LLT_casa,LL%_casa,EN_casa,BR_casa,B/E_casa,TO_casa,FC_casa,T/FC_casa,ET_casa,VI_casa,EF_casa,Pts_visitante,3P_visitante,2P_visitante,LL_visitante,RT_visitante,RO_visitante,RD_visitante,AS_visitante,ER_visitante,IA%_visitante,3PC_visitante,3PT_visitante,3P%_visitante,2PC_visitante,2PT_visitante,2P%_visitante,LLC_visitante,LLT_visitante,LL%_visitante,EN_visitante,BR_visitante,B/E_visitante,TO_visitante,FC_visitante,T/FC_visitante,ET_visitante,VI_visitante,EF_visitante
107,77,2011-12-17,10,1,2011-2012,Limeira,L. Sorocabana,83.13333333333334,28.4,38.266666666666666,16.466666666666665,28.266666666666666,7.4,20.866666666666667,15.6,12.533333333333333,1.3060000000000003,9.466666666666667,26.533333333333335,36.461333333333336,19.133333333333333,35.86666666666667,53.505333333333326,16.466666666666665,21.066666666666666,79.086,1.6,8.733333333333333,0.7813333333333333,3.066666666666667,21.066666666666666,0.1553333333333333,12.533333333333333,0.8666666666666667,87.86666666666666,73.0,23.142857142857142,33.42857142857143,16.428571428571427,30.714285714285715,11.142857142857142,19.571428571428573,7.142857142857143,13.428571428571429,0.53,7.714285714285714,21.571428571428573,36.43142857142857,16.714285714285715,35.285714285714285,47.56285714285713,16.428571428571427,22.285714285714285,73.98285714285714,0.7142857142857143,7.142857142857143,0.5471428571428572,1.0,20.285714285714285,0.054285714285714284,13.428571428571429,2.0,67.28571428571429
