placar_casa,placar_visitante,data,round,stage,ano,equipe_casa,equipe_visitante,Pts_casa,3P_casa,2P_casa,LL_casa,RT_casa,RO_casa,RD_casa,AS_casa,ER_casa,IA%_casa,3PC_casa,3PT_casa,3P%_casa,2PC_casa,2PT_casa,2P%_casa,LLC_casa,LLT_casa,LL%_casa,EN_casa,BR_casa,B/E_casa,TO_casa,FC_casa,T/FC_casa,ET_casa,VI_casa,EF_casa,Pts_visitante,3P_visitante,2P_visitante,LL_visitante,RT_visitante,RO_visitante,RD_visitante,AS_visitante,ER_visitante,IA%_visitante,3PC_visitante,3PT_visitante,3P%_visitante,2PC_visitante,2PT_visitante,2P%_visitante,LLC_visitante,LLT_visitante,LL%_visitante,EN_visitante,BR_visitante,B/E_visitante,TO_visitante,FC_visitante,T/FC_visitante,ET_visitante,VI_visitante,EF_visitante
91,80,2012-03-15,11,2,2011-2012,Sesi Franca,Flamengo,81.93333333333334,22.6,42.13333333333333,17.2,29.066666666666666,9.0,20.066666666666666,15.8,14.666666666666666,1.1626666666666665,7.533333333333333,19.666666666666668,38.33933333333333,21.066666666666666,41.733333333333334,51.065333333333335,17.2,21.266666666666666,80.80466666666668,1.2,6.533333333333333,0.47266666666666673,2.2,22.0,0.09733333333333334,14.666666666666666,2.6,85.4,90.13333333333334,27.8,49.2,13.133333333333333,30.133333333333333,5.866666666666666,24.266666666666666,17.8,11.066666666666666,1.7553333333333336,9.266666666666667,19.866666666666667,44.82,24.6,40.666666666666664,60.38333333333333,13.133333333333333,17.533333333333335,72.796,1.1333333333333333,6.733333333333333,0.6799999999999999,1.6,18.066666666666666,0.09866666666666668,11.066666666666666,2.466666666666667,106.4
