placar_casa,placar_visitante,data,round,stage,ano,equipe_casa,equipe_visitante,Pts_casa,3P_casa,2P_casa,LL_casa,RT_casa,RO_casa,RD_casa,AS_casa,ER_casa,IA%_casa,3PC_casa,3PT_casa,3P%_casa,2PC_casa,2PT_casa,2P%_casa,LLC_casa,LLT_casa,LL%_casa,EN_casa,BR_casa,B/E_casa,TO_casa,FC_casa,T/FC_casa,ET_casa,VI_casa,EF_casa,Pts_visitante,3P_visitante,2P_visitante,LL_visitante,RT_visitante,RO_visitante,RD_visitante,AS_visitante,ER_visitante,IA%_visitante,3PC_visitante,3PT_visitante,3P%_visitante,2PC_visitante,2PT_visitante,2P%_visitante,LLC_visitante,LLT_visitante,LL%_visitante,EN_visitante,BR_visitante,B/E_visitante,TO_visitante,FC_visitante,T/FC_visitante,ET_visitante,VI_visitante,EF_visitante
70,68,2011-12-15,9,1,2011-2012,Pinheiros,Brasília,86.4,26.8,41.733333333333334,17.866666666666667,31.2,8.6,22.6,14.466666666666667,12.933333333333334,1.1733333333333331,8.933333333333334,23.533333333333335,38.358666666666664,20.866666666666667,38.4,54.154,17.866666666666667,22.6,78.538,2.6666666666666665,8.2,0.658,2.933333333333333,18.4,0.16066666666666668,12.933333333333334,3.4,93.4,87.46666666666667,21.6,48.8,17.066666666666666,31.6,9.133333333333333,22.466666666666665,15.533333333333333,12.4,1.4113333333333336,7.2,22.533333333333335,31.732000000000003,24.4,40.2,60.76933333333333,17.066666666666666,20.8,82.05933333333333,1.6,8.133333333333333,0.8000000000000002,2.8,20.0,0.1486666666666667,12.4,2.533333333333333,98.26666666666667
