placar_casa,placar_visitante,data,round,stage,ano,equipe_casa,equipe_visitante,Pts_casa,3P_casa,2P_casa,LL_casa,RT_casa,RO_casa,RD_casa,AS_casa,ER_casa,IA%_casa,3PC_casa,3PT_casa,3P%_casa,2PC_casa,2PT_casa,2P%_casa,LLC_casa,LLT_casa,LL%_casa,EN_casa,BR_casa,B/E_casa,TO_casa,FC_casa,T/FC_casa,ET_casa,VI_casa,EF_casa,Pts_visitante,3P_visitante,2P_visitante,LL_visitante,RT_visitante,RO_visitante,RD_visitante,AS_visitante,ER_visitante,IA%_visitante,3PC_visitante,3PT_visitante,3P%_visitante,2PC_visitante,2PT_visitante,2P%_visitante,LLC_visitante,LLT_visitante,LL%_visitante,EN_visitante,BR_visitante,B/E_visitante,TO_visitante,FC_visitante,T/FC_visitante,ET_visitante,VI_visitante,EF_visitante
99,79,2012-03-01,9,2,2011-2012,Bauru Basket,Limeira,84.6,25.6,43.733333333333334,15.266666666666667,32.93333333333333,11.0,21.933333333333334,13.466666666666667,10.6,1.5033333333333334,8.533333333333333,23.266666666666666,37.356,21.866666666666667,41.266666666666666,53.94533333333334,15.266666666666667,19.6,77.26333333333334,1.5333333333333334,6.266666666666667,0.6940000000000001,2.2666666666666666,17.666666666666668,0.12333333333333334,10.6,2.2,91.13333333333334,82.93333333333334,29.6,37.6,15.733333333333333,27.866666666666667,7.466666666666667,20.4,16.266666666666666,12.533333333333333,1.3533333333333333,9.866666666666667,25.466666666666665,39.11533333333333,18.8,36.0,52.364000000000004,15.733333333333333,19.466666666666665,81.31933333333333,1.8,7.733333333333333,0.69,2.6666666666666665,20.866666666666667,0.1433333333333334,12.533333333333333,1.4,89.2
