placar_casa,placar_visitante,data,round,stage,ano,equipe_casa,equipe_visitante,Pts_casa,3P_casa,2P_casa,LL_casa,RT_casa,RO_casa,RD_casa,AS_casa,ER_casa,IA%_casa,3PC_casa,3PT_casa,3P%_casa,2PC_casa,2PT_casa,2P%_casa,LLC_casa,LLT_casa,LL%_casa,EN_casa,BR_casa,B/E_casa,TO_casa,FC_casa,T/FC_casa,ET_casa,VI_casa,EF_casa,Pts_visitante,3P_visitante,2P_visitante,LL_visitante,RT_visitante,RO_visitante,RD_visitante,AS_visitante,ER_visitante,IA%_visitante,3PC_visitante,3PT_visitante,3P%_visitante,2PC_visitante,2PT_visitante,2P%_visitante,LLC_visitante,LLT_visitante,LL%_visitante,EN_visitante,BR_visitante,B/E_visitante,TO_visitante,FC_visitante,T/FC_visitante,ET_visitante,VI_visitante,EF_visitante
108,91,2011-12-08,7,1,2011-2012,Coop/São José Basketball,Tijuca,83.73333333333333,31.6,36.266666666666666,15.866666666666667,29.466666666666665,8.666666666666666,20.8,19.266666666666666,12.866666666666667,1.518666666666667,10.533333333333333,27.666666666666668,38.17066666666667,18.133333333333333,33.266666666666666,54.718666666666664,15.866666666666667,20.466666666666665,77.52,1.4,7.4,0.5960000000000001,2.3333333333333335,19.0,0.13266666666666665,12.866666666666667,1.8666666666666667,92.46666666666667,72.66666666666667,17.5,38.666666666666664,16.5,25.833333333333332,8.0,17.833333333333332,11.666666666666666,15.166666666666666,0.82,5.833333333333333,19.666666666666668,29.733333333333334,19.333333333333332,38.166666666666664,50.67166666666666,16.5,21.166666666666668,78.44666666666667,1.3333333333333333,6.0,0.39999999999999997,2.5,17.666666666666668,0.15,15.166666666666666,2.3333333333333335,66.16666666666667
