placar_casa,placar_visitante,data,round,stage,ano,equipe_casa,equipe_visitante,Pts_casa,3P_casa,2P_casa,LL_casa,RT_casa,RO_casa,RD_casa,AS_casa,ER_casa,IA%_casa,3PC_casa,3PT_casa,3P%_casa,2PC_casa,2PT_casa,2P%_casa,LLC_casa,LLT_casa,LL%_casa,EN_casa,BR_casa,B/E_casa,TO_casa,FC_casa,T/FC_casa,ET_casa,VI_casa,EF_casa,Pts_visitante,3P_visitante,2P_visitante,LL_visitante,RT_visitante,RO_visitante,RD_visitante,AS_visitante,ER_visitante,IA%_visitante,3PC_visitante,3PT_visitante,3P%_visitante,2PC_visitante,2PT_visitante,2P%_visitante,LLC_visitante,LLT_visitante,LL%_visitante,EN_visitante,BR_visitante,B/E_visitante,TO_visitante,FC_visitante,T/FC_visitante,ET_visitante,VI_visitante,EF_visitante
83,72,2011-12-10,8,1,2011-2012,Minas,Araraquara,82.2,19.4,47.86666666666667,14.933333333333334,31.6,9.533333333333333,22.066666666666666,17.066666666666666,12.933333333333334,1.3346666666666664,6.466666666666667,19.0,33.436,23.933333333333334,42.666666666666664,55.99933333333333,14.933333333333334,19.466666666666665,76.98399999999998,0.9333333333333333,6.8,0.5306666666666666,3.1333333333333333,20.733333333333334,0.16133333333333333,12.933333333333334,2.1333333333333333,92.06666666666666,82.66666666666667,23.2,43.86666666666667,15.6,28.2,7.533333333333333,20.666666666666668,14.466666666666667,13.733333333333333,1.0806666666666667,7.733333333333333,21.066666666666666,36.50933333333334,21.933333333333334,41.13333333333333,53.45666666666667,15.6,20.8,74.88333333333334,1.6666666666666667,7.4,0.5559999999999999,1.9333333333333333,21.666666666666668,0.094,13.733333333333333,2.2666666666666666,83.2
