placar_casa,placar_visitante,data,round,stage,ano,equipe_casa,equipe_visitante,Pts_casa,3P_casa,2P_casa,LL_casa,RT_casa,RO_casa,RD_casa,AS_casa,ER_casa,IA%_casa,3PC_casa,3PT_casa,3P%_casa,2PC_casa,2PT_casa,2P%_casa,LLC_casa,LLT_casa,LL%_casa,EN_casa,BR_casa,B/E_casa,TO_casa,FC_casa,T/FC_casa,ET_casa,VI_casa,EF_casa,Pts_visitante,3P_visitante,2P_visitante,LL_visitante,RT_visitante,RO_visitante,RD_visitante,AS_visitante,ER_visitante,IA%_visitante,3PC_visitante,3PT_visitante,3P%_visitante,2PC_visitante,2PT_visitante,2P%_visitante,LLC_visitante,LLT_visitante,LL%_visitante,EN_visitante,BR_visitante,B/E_visitante,TO_visitante,FC_visitante,T/FC_visitante,ET_visitante,VI_visitante,EF_visitante
84,86,2011-12-10,8,1,2011-2012,Bauru Basket,Uberlândia,87.33333333333333,27.0,46.0,14.333333333333334,31.266666666666666,10.8,20.466666666666665,14.466666666666667,10.0,1.6720000000000004,9.0,22.266666666666666,40.56933333333333,23.0,42.86666666666667,54.15266666666667,14.333333333333334,18.933333333333334,75.86333333333332,1.7333333333333334,6.466666666666667,0.7893333333333333,2.2,17.266666666666666,0.12266666666666667,10.0,2.4,94.0,87.14285714285714,23.571428571428573,49.42857142857143,14.142857142857142,27.571428571428573,5.428571428571429,22.142857142857142,17.857142857142858,11.0,1.7,7.857142857142857,21.857142857142858,35.221428571428575,24.714285714285715,42.142857142857146,59.32714285714285,14.142857142857142,17.142857142857142,80.99142857142859,5.0,7.714285714285714,0.7757142857142858,3.0,17.428571428571427,0.1985714285714286,11.0,2.0,97.85714285714286
