placar_casa,placar_visitante,data,round,stage,ano,equipe_casa,equipe_visitante,Pts_casa,3P_casa,2P_casa,LL_casa,RT_casa,RO_casa,RD_casa,AS_casa,ER_casa,IA%_casa,3PC_casa,3PT_casa,3P%_casa,2PC_casa,2PT_casa,2P%_casa,LLC_casa,LLT_casa,LL%_casa,EN_casa,BR_casa,B/E_casa,TO_casa,FC_casa,T/FC_casa,ET_casa,VI_casa,EF_casa,Pts_visitante,3P_visitante,2P_visitante,LL_visitante,RT_visitante,RO_visitante,RD_visitante,AS_visitante,ER_visitante,IA%_visitante,3PC_visitante,3PT_visitante,3P%_visitante,2PC_visitante,2PT_visitante,2P%_visitante,LLC_visitante,LLT_visitante,LL%_visitante,EN_visitante,BR_visitante,B/E_visitante,TO_visitante,FC_visitante,T/FC_visitante,ET_visitante,VI_visitante,EF_visitante
93,55,2011-12-03,6,1,2011-2012,Flamengo,L. Sorocabana,90.73333333333333,31.6,45.2,13.933333333333334,30.933333333333334,6.266666666666667,24.666666666666668,15.8,12.866666666666667,1.356,10.533333333333333,24.4,41.05533333333333,22.6,37.46666666666667,60.02666666666666,13.933333333333334,18.133333333333333,75.45533333333334,2.2,8.533333333333333,0.7146666666666667,1.2666666666666666,19.866666666666667,0.06666666666666667,12.866666666666667,2.8666666666666667,101.46666666666667,72.33333333333333,23.0,35.333333333333336,14.0,31.333333333333332,13.0,18.333333333333332,8.0,13.333333333333334,0.6,7.666666666666667,19.0,39.95666666666667,17.666666666666668,34.0,52.669999999999995,14.0,20.666666666666668,67.36333333333334,0.6666666666666666,8.0,0.6033333333333334,1.3333333333333333,18.666666666666668,0.08,13.333333333333334,3.0,73.33333333333333
