placar_casa,placar_visitante,data,round,stage,ano,equipe_casa,equipe_visitante,Pts_casa,3P_casa,2P_casa,LL_casa,RT_casa,RO_casa,RD_casa,AS_casa,ER_casa,IA%_casa,3PC_casa,3PT_casa,3P%_casa,2PC_casa,2PT_casa,2P%_casa,LLC_casa,LLT_casa,LL%_casa,EN_casa,BR_casa,B/E_casa,TO_casa,FC_casa,T/FC_casa,ET_casa,VI_casa,EF_casa,Pts_visitante,3P_visitante,2P_visitante,LL_visitante,RT_visitante,RO_visitante,RD_visitante,AS_visitante,ER_visitante,IA%_visitante,3PC_visitante,3PT_visitante,3P%_visitante,2PC_visitante,2PT_visitante,2P%_visitante,LLC_visitante,LLT_visitante,LL%_visitante,EN_visitante,BR_visitante,B/E_visitante,TO_visitante,FC_visitante,T/FC_visitante,ET_visitante,VI_visitante,EF_visitante
82,76,2011-12-10,8,1,2011-2012,Brasília,Limeira,90.2,24.2,50.8,15.2,32.733333333333334,8.866666666666667,23.866666666666667,17.0,12.133333333333333,1.5693333333333332,8.066666666666666,23.333333333333332,33.971999999999994,25.4,40.0,63.56533333333332,15.2,19.133333333333333,78.89133333333334,2.0,7.866666666666666,0.7913333333333334,3.3333333333333335,18.6,0.20800000000000002,12.133333333333333,2.466666666666667,105.2,84.66666666666667,28.2,39.6,16.866666666666667,28.466666666666665,6.666666666666667,21.8,17.066666666666666,12.733333333333333,1.3806666666666665,9.4,25.733333333333334,37.771999999999984,19.8,36.06666666666667,55.12666666666666,16.866666666666667,21.533333333333335,78.99733333333332,2.2,9.6,0.8313333333333334,3.533333333333333,20.4,0.18266666666666662,12.733333333333333,0.8,93.33333333333333
