placar_casa,placar_visitante,data,round,stage,ano,equipe_casa,equipe_visitante,Pts_casa,3P_casa,2P_casa,LL_casa,RT_casa,RO_casa,RD_casa,AS_casa,ER_casa,IA%_casa,3PC_casa,3PT_casa,3P%_casa,2PC_casa,2PT_casa,2P%_casa,LLC_casa,LLT_casa,LL%_casa,EN_casa,BR_casa,B/E_casa,TO_casa,FC_casa,T/FC_casa,ET_casa,VI_casa,EF_casa,Pts_visitante,3P_visitante,2P_visitante,LL_visitante,RT_visitante,RO_visitante,RD_visitante,AS_visitante,ER_visitante,IA%_visitante,3PC_visitante,3PT_visitante,3P%_visitante,2PC_visitante,2PT_visitante,2P%_visitante,LLC_visitante,LLT_visitante,LL%_visitante,EN_visitante,BR_visitante,B/E_visitante,TO_visitante,FC_visitante,T/FC_visitante,ET_visitante,VI_visitante,EF_visitante
79,85,2012-02-25,8,2,2011-2012,Flamengo,Coop/São José Basketball,93.33333333333333,29.4,49.46666666666667,14.466666666666667,30.933333333333334,5.533333333333333,25.4,17.6,11.333333333333334,1.6873333333333334,9.8,21.4,44.15800000000001,24.733333333333334,39.13333333333333,62.96733333333332,14.466666666666667,19.4,72.89066666666668,1.6666666666666667,7.4,0.7033333333333334,1.4,19.133333333333333,0.08066666666666668,11.333333333333334,2.8,109.26666666666667,85.66666666666667,28.4,37.86666666666667,19.4,30.866666666666667,8.466666666666667,22.4,19.0,13.0,1.5553333333333335,9.466666666666667,25.866666666666667,36.40533333333334,18.933333333333334,34.2,55.582,19.4,23.2,83.07933333333332,1.3333333333333333,6.4,0.5266666666666667,3.0,18.666666666666668,0.16466666666666668,13.0,1.8666666666666667,97.26666666666667
