placar_casa,placar_visitante,data,round,stage,ano,equipe_casa,equipe_visitante,Pts_casa,3P_casa,2P_casa,LL_casa,RT_casa,RO_casa,RD_casa,AS_casa,Pts_visitante,3P_visitante,2P_visitante,LL_visitante,RT_visitante,RO_visitante,RD_visitante,AS_visitante
78,81,2009-05-08,14,2,2008-2009,Araraquara,Minas,80.61538461538461,22.846153846153847,41.07692307692308,16.692307692307693,31.5,7.884615384615385,23.615384615384617,16.73076923076923,85.76923076923077,23.307692307692307,46.07692307692308,16.384615384615383,32.07692307692308,10.153846153846153,21.923076923076923,16.76923076923077
