placar_casa,placar_visitante,data,round,stage,ano,equipe_casa,equipe_visitante,Pts_casa,3P_casa,2P_casa,LL_casa,RT_casa,RO_casa,RD_casa,AS_casa,Pts_visitante,3P_visitante,2P_visitante,LL_visitante,RT_visitante,RO_visitante,RD_visitante,AS_visitante
94,69,2009-04-24,10,2,2008-2009,Joinville,Araraquara,81.69565217391305,26.73913043478261,39.130434782608695,15.826086956521738,35.130434782608695,9.565217391304348,25.565217391304348,16.043478260869566,79.72727272727273,23.045454545454547,39.63636363636363,17.045454545454547,30.863636363636363,8.090909090909092,22.772727272727273,16.59090909090909
