placar_casa,placar_visitante,data,round,stage,ano,equipe_casa,equipe_visitante,Pts_casa,3P_casa,2P_casa,LL_casa,RT_casa,RO_casa,RD_casa,AS_casa,Pts_visitante,3P_visitante,2P_visitante,LL_visitante,RT_visitante,RO_visitante,RD_visitante,AS_visitante
71,81,2009-06-13,2,6,2008-2009,Flamengo,Brasília,88.54285714285714,28.8,42.285714285714285,17.457142857142856,32.542857142857144,8.885714285714286,23.65714285714286,17.34285714285714,84.86842105263158,23.92105263157895,40.526315789473685,20.42105263157895,30.5,8.210526315789474,22.289473684210527,14.736842105263158
