placar_casa,placar_visitante,data,round,stage,ano,equipe_casa,equipe_visitante,Pts_casa,3P_casa,2P_casa,LL_casa,RT_casa,RO_casa,RD_casa,AS_casa,Pts_visitante,3P_visitante,2P_visitante,LL_visitante,RT_visitante,RO_visitante,RD_visitante,AS_visitante
83,78,2009-04-03,4,2,2008-2009,Minas,Coop/São José Basketball,84.53333333333333,23.6,44.0,16.933333333333334,32.93333333333333,10.4,22.533333333333335,15.4,82.82352941176471,27.88235294117647,37.88235294117647,17.058823529411764,30.58823529411765,8.588235294117647,22.0,16.823529411764707
