placar_casa,placar_visitante,data,round,stage,ano,equipe_casa,equipe_visitante,Pts_casa,3P_casa,2P_casa,LL_casa,RT_casa,RO_casa,RD_casa,AS_casa,Pts_visitante,3P_visitante,2P_visitante,LL_visitante,RT_visitante,RO_visitante,RD_visitante,AS_visitante
66,61,2009-04-11,6,2,2008-2009,Paulistano,Lajeado,84.05263157894737,24.63157894736842,40.8421052631579,18.57894736842105,30.94736842105263,9.947368421052632,21.0,18.31578947368421,83.33333333333333,23.666666666666668,42.22222222222222,17.444444444444443,30.444444444444443,8.38888888888889,22.055555555555557,13.38888888888889
