placar_casa,placar_visitante,data,round,stage,ano,equipe_casa,equipe_visitante,Pts_casa,3P_casa,2P_casa,LL_casa,RT_casa,RO_casa,RD_casa,AS_casa,Pts_visitante,3P_visitante,2P_visitante,LL_visitante,RT_visitante,RO_visitante,RD_visitante,AS_visitante
79,69,2009-05-13,15,2,2008-2009,Espírito Santo,Saldanha,79.48148148148148,22.0,41.111111111111114,16.37037037037037,31.37037037037037,8.666666666666666,22.703703703703702,15.25925925925926,82.85185185185185,21.666666666666668,44.074074074074076,17.11111111111111,32.55555555555556,9.851851851851851,22.703703703703702,14.592592592592593
