placar_casa,placar_visitante,data,round,stage,ano,equipe_casa,equipe_visitante,Pts_casa,3P_casa,2P_casa,LL_casa,RT_casa,RO_casa,RD_casa,AS_casa,Pts_visitante,3P_visitante,2P_visitante,LL_visitante,RT_visitante,RO_visitante,RD_visitante,AS_visitante
78,84,2009-04-08,5,2,2008-2009,Bauru Basket,Minas,83.82352941176471,25.58823529411765,42.11764705882353,16.11764705882353,30.11764705882353,9.058823529411764,21.058823529411764,15.0,85.94117647058823,23.647058823529413,45.411764705882355,16.88235294117647,32.94117647058823,10.411764705882353,22.529411764705884,15.823529411764707
