placar_casa,placar_visitante,data,round,stage,ano,equipe_casa,equipe_visitante,Pts_casa,3P_casa,2P_casa,LL_casa,RT_casa,RO_casa,RD_casa,AS_casa,Pts_visitante,3P_visitante,2P_visitante,LL_visitante,RT_visitante,RO_visitante,RD_visitante,AS_visitante
90,72,2009-02-20,7,1,2008-2009,Lajeado,Paulistano,78.83333333333333,20.0,40.666666666666664,18.166666666666668,30.333333333333332,9.0,21.333333333333332,10.5,79.0,26.0,35.333333333333336,17.666666666666668,32.166666666666664,12.166666666666666,20.0,17.833333333333332
