placar_casa,placar_visitante,data,round,stage,ano,equipe_casa,equipe_visitante,Pts_casa,3P_casa,2P_casa,LL_casa,RT_casa,RO_casa,RD_casa,AS_casa,Pts_visitante,3P_visitante,2P_visitante,LL_visitante,RT_visitante,RO_visitante,RD_visitante,AS_visitante
76,78,2009-03-06,11,1,2008-2009,Araraquara,Joinville,77.33333333333333,24.666666666666668,37.77777777777778,14.88888888888889,31.88888888888889,7.888888888888889,24.0,16.11111111111111,83.88888888888889,29.0,41.111111111111114,13.777777777777779,36.111111111111114,9.11111111111111,27.0,17.77777777777778
