placar_casa,placar_visitante,data,round,stage,ano,equipe_casa,equipe_visitante,Pts_casa,3P_casa,2P_casa,LL_casa,RT_casa,RO_casa,RD_casa,AS_casa,Pts_visitante,3P_visitante,2P_visitante,LL_visitante,RT_visitante,RO_visitante,RD_visitante,AS_visitante
93,73,2009-03-20,15,1,2008-2009,Assis,Saldanha,76.08333333333333,23.25,32.666666666666664,20.166666666666668,28.5,7.666666666666667,20.833333333333332,10.583333333333334,73.76923076923077,21.46153846153846,40.0,12.307692307692308,29.46153846153846,9.846153846153847,19.615384615384617,9.461538461538462
