placar_casa,placar_visitante,data,round,stage,ano,equipe_casa,equipe_visitante,Pts_casa,3P_casa,2P_casa,LL_casa,RT_casa,RO_casa,RD_casa,AS_casa,Pts_visitante,3P_visitante,2P_visitante,LL_visitante,RT_visitante,RO_visitante,RD_visitante,AS_visitante
88,85,2009-02-27,9,1,2008-2009,Limeira,Brasília,85.28571428571429,30.0,34.285714285714285,21.0,29.714285714285715,7.571428571428571,22.142857142857142,15.857142857142858,84.28571428571429,18.857142857142858,48.285714285714285,17.142857142857142,37.142857142857146,10.428571428571429,26.714285714285715,15.285714285714286
