placar_casa,placar_visitante,data,round,stage,ano,equipe_casa,equipe_visitante,Pts_casa,3P_casa,2P_casa,LL_casa,RT_casa,RO_casa,RD_casa,AS_casa,ER_casa,IA%_casa,3PC_casa,3PT_casa,3P%_casa,2PC_casa,2PT_casa,2P%_casa,LLC_casa,LLT_casa,LL%_casa,EN_casa,BR_casa,B/E_casa,TO_casa,FC_casa,T/FC_casa,ET_casa,VI_casa,EF_casa,Pts_visitante,3P_visitante,2P_visitante,LL_visitante,RT_visitante,RO_visitante,RD_visitante,AS_visitante,ER_visitante,IA%_visitante,3PC_visitante,3PT_visitante,3P%_visitante,2PC_visitante,2PT_visitante,2P%_visitante,LLC_visitante,LLT_visitante,LL%_visitante,EN_visitante,BR_visitante,B/E_visitante,TO_visitante,FC_visitante,T/FC_visitante,ET_visitante,VI_visitante,EF_visitante
85,96,2022-12-19,10,1,2022-2023,Pato Basquete,Bauru Basket,74.4,29.0,34.266666666666666,11.133333333333333,35.53333333333333,10.133333333333333,25.4,13.6,13.466666666666667,1.022,9.666666666666666,30.0,32.97666666666667,17.133333333333333,34.86666666666667,49.17399999999999,11.133333333333333,17.666666666666668,63.356666666666676,0.8,8.533333333333333,0.6393333333333334,1.1333333333333333,18.6,0.06066666666666666,13.466666666666667,3.2666666666666666,75.13333333333334,77.4,31.2,35.46666666666667,10.733333333333333,34.06666666666667,9.533333333333333,24.533333333333335,16.266666666666666,10.066666666666666,1.7606666666666668,10.4,30.4,34.20066666666666,17.733333333333334,33.333333333333336,52.774666666666675,10.733333333333333,14.933333333333334,72.23266666666669,1.9333333333333333,6.4,0.6933333333333332,1.8,18.066666666666666,0.10666666666666667,10.066666666666666,1.8,86.06666666666666
