placar_casa,placar_visitante,data,round,stage,ano,equipe_casa,equipe_visitante,Pts_casa,3P_casa,2P_casa,LL_casa,RT_casa,RO_casa,RD_casa,AS_casa,ER_casa,IA%_casa,3PC_casa,3PT_casa,3P%_casa,2PC_casa,2PT_casa,2P%_casa,LLC_casa,LLT_casa,LL%_casa,EN_casa,BR_casa,B/E_casa,TO_casa,FC_casa,T/FC_casa,ET_casa,VI_casa,EF_casa,Pts_visitante,3P_visitante,2P_visitante,LL_visitante,RT_visitante,RO_visitante,RD_visitante,AS_visitante,ER_visitante,IA%_visitante,3PC_visitante,3PT_visitante,3P%_visitante,2PC_visitante,2PT_visitante,2P%_visitante,LLC_visitante,LLT_visitante,LL%_visitante,EN_visitante,BR_visitante,B/E_visitante,TO_visitante,FC_visitante,T/FC_visitante,ET_visitante,VI_visitante,EF_visitante
103,84,2022-11-19,5,1,2022-2023,Coop/São José Basketball,União Corinthians,86.6,29.0,45.13333333333333,12.466666666666667,34.56666666666667,9.566666666666666,25.0,21.566666666666666,12.666666666666666,1.8513333333333333,9.666666666666666,27.433333333333334,35.54,22.566666666666666,38.4,58.44133333333334,12.466666666666667,16.766666666666666,74.24866666666667,1.0,6.933333333333334,0.6,1.6333333333333333,19.7,0.088,12.666666666666666,2.1666666666666665,100.7,74.26733333333333,30.6,33.866,9.799333333333335,35.93333333333333,10.000666666666664,25.932666666666663,16.0,12.466666666666667,1.3693333333333333,10.199333333333334,31.334000000000003,32.12866666666666,16.933999999999997,36.132666666666665,47.00333333333334,9.799333333333335,14.399333333333336,69.97933333333332,1.2,6.066666666666666,0.5153333333333333,2.1333333333333333,21.133333333333333,0.09933333333333336,12.466666666666667,1.7326666666666664,77.00066666666666
