placar_casa,placar_visitante,data,round,stage,ano,equipe_casa,equipe_visitante,Pts_casa,3P_casa,2P_casa,LL_casa,RT_casa,RO_casa,RD_casa,AS_casa,ER_casa,IA%_casa,3PC_casa,3PT_casa,3P%_casa,2PC_casa,2PT_casa,2P%_casa,LLC_casa,LLT_casa,LL%_casa,EN_casa,BR_casa,B/E_casa,TO_casa,FC_casa,T/FC_casa,ET_casa,VI_casa,EF_casa,Pts_visitante,3P_visitante,2P_visitante,LL_visitante,RT_visitante,RO_visitante,RD_visitante,AS_visitante,ER_visitante,IA%_visitante,3PC_visitante,3PT_visitante,3P%_visitante,2PC_visitante,2PT_visitante,2P%_visitante,LLC_visitante,LLT_visitante,LL%_visitante,EN_visitante,BR_visitante,B/E_visitante,TO_visitante,FC_visitante,T/FC_visitante,ET_visitante,VI_visitante,EF_visitante
82,50,2022-12-15,9,1,2022-2023,Bauru Basket,Fortaleza B. C. / CFO,77.86666666666666,30.3,36.53333333333333,11.033333333333333,34.13333333333333,9.4,24.733333333333334,16.4,10.166666666666666,1.756666666666667,10.1,29.7,34.092000000000006,18.266666666666666,33.666666666666664,53.978666666666655,11.033333333333333,15.3,72.47066666666667,1.9,6.066666666666666,0.6539999999999999,1.9333333333333333,17.666666666666668,0.11599999999999998,10.166666666666666,1.8,86.96666666666667,70.23333333333333,18.4,41.733333333333334,10.1,42.1,12.433333333333334,29.666666666666668,13.466666666666667,14.433333333333334,0.9906666666666667,6.133333333333334,24.333333333333332,25.460666666666665,20.866666666666667,42.93333333333333,48.282,10.1,18.633333333333333,55.198,1.5,7.833333333333333,0.5820000000000001,2.6,20.466666666666665,0.13,14.433333333333334,2.7666666666666666,73.0
