placar_casa,placar_visitante,data,round,stage,ano,equipe_casa,equipe_visitante,Pts_casa,3P_casa,2P_casa,LL_casa,RT_casa,RO_casa,RD_casa,AS_casa,ER_casa,IA%_casa,3PC_casa,3PT_casa,3P%_casa,2PC_casa,2PT_casa,2P%_casa,LLC_casa,LLT_casa,LL%_casa,EN_casa,BR_casa,B/E_casa,TO_casa,FC_casa,T/FC_casa,ET_casa,VI_casa,EF_casa,Pts_visitante,3P_visitante,2P_visitante,LL_visitante,RT_visitante,RO_visitante,RD_visitante,AS_visitante,ER_visitante,IA%_visitante,3PC_visitante,3PT_visitante,3P%_visitante,2PC_visitante,2PT_visitante,2P%_visitante,LLC_visitante,LLT_visitante,LL%_visitante,EN_visitante,BR_visitante,B/E_visitante,TO_visitante,FC_visitante,T/FC_visitante,ET_visitante,VI_visitante,EF_visitante
89,69,2023-04-08,9,2,2022-2023,Bauru Basket,Caxias do Sul Basquete,74.801,32.4,31.198999999999995,11.199,29.801000000000005,6.7989999999999995,22.999000000000002,16.101,11.301,1.4760000000000002,10.799,30.0,35.815999999999995,15.600999999999999,29.0,53.827999999999996,11.199,14.299000000000001,76.55299999999998,1.001,7.098999999999999,0.623,1.299,19.499000000000002,0.068,11.301,2.1990000000000003,82.1,71.63399999999999,23.9,35.2,12.534,33.699,8.065999999999999,25.633,13.067000000000002,15.8,0.8789999999999999,7.9670000000000005,24.9,32.528999999999996,17.6,35.632999999999996,49.552,12.534,17.967000000000002,67.85800000000002,0.29900000000000004,7.767,0.5039999999999999,1.8009999999999997,21.465999999999998,0.08900000000000001,15.8,3.7659999999999996,71.76699999999998
