placar_casa,placar_visitante,data,round,stage,ano,equipe_casa,equipe_visitante,Pts_casa,3P_casa,2P_casa,LL_casa,RT_casa,RO_casa,RD_casa,AS_casa,ER_casa,IA%_casa,3PC_casa,3PT_casa,3P%_casa,2PC_casa,2PT_casa,2P%_casa,LLC_casa,LLT_casa,LL%_casa,EN_casa,BR_casa,B/E_casa,TO_casa,FC_casa,T/FC_casa,ET_casa,VI_casa,EF_casa,Pts_visitante,3P_visitante,2P_visitante,LL_visitante,RT_visitante,RO_visitante,RD_visitante,AS_visitante,ER_visitante,IA%_visitante,3PC_visitante,3PT_visitante,3P%_visitante,2PC_visitante,2PT_visitante,2P%_visitante,LLC_visitante,LLT_visitante,LL%_visitante,EN_visitante,BR_visitante,B/E_visitante,TO_visitante,FC_visitante,T/FC_visitante,ET_visitante,VI_visitante,EF_visitante
63,56,2022-12-19,10,1,2022-2023,UNIFACISA,Caxias do Sul Basquete,78.13333333333334,28.6,37.86666666666667,11.666666666666666,33.93333333333333,8.933333333333334,25.0,14.6,13.066666666666666,1.1526666666666665,9.533333333333333,26.2,35.773333333333326,18.933333333333334,36.53333333333333,51.98266666666667,11.666666666666666,16.333333333333332,71.68733333333334,1.2,6.8,0.5473333333333333,1.2,21.066666666666666,0.056666666666666685,13.066666666666666,2.533333333333333,82.66666666666667,72.4,24.6,35.86666666666667,11.933333333333334,35.5,9.033333333333333,26.466666666666665,12.933333333333334,12.266666666666667,1.1006666666666665,8.2,26.3,31.073999999999998,17.933333333333334,36.766666666666666,48.579333333333324,11.933333333333334,16.766666666666666,70.66466666666665,0.6333333333333333,7.133333333333334,0.6046666666666668,2.0,18.033333333333335,0.11400000000000006,12.266666666666667,2.033333333333333,75.93333333333334
