placar_casa,placar_visitante,data,round,stage,ano,equipe_casa,equipe_visitante,Pts_casa,3P_casa,2P_casa,LL_casa,RT_casa,RO_casa,RD_casa,AS_casa,ER_casa,IA%_casa,3PC_casa,3PT_casa,3P%_casa,2PC_casa,2PT_casa,2P%_casa,LLC_casa,LLT_casa,LL%_casa,EN_casa,BR_casa,B/E_casa,TO_casa,FC_casa,T/FC_casa,ET_casa,VI_casa,EF_casa,Pts_visitante,3P_visitante,2P_visitante,LL_visitante,RT_visitante,RO_visitante,RD_visitante,AS_visitante,ER_visitante,IA%_visitante,3PC_visitante,3PT_visitante,3P%_visitante,2PC_visitante,2PT_visitante,2P%_visitante,LLC_visitante,LLT_visitante,LL%_visitante,EN_visitante,BR_visitante,B/E_visitante,TO_visitante,FC_visitante,T/FC_visitante,ET_visitante,VI_visitante,EF_visitante
100,86,2022-12-15,9,1,2022-2023,Pinheiros,UNIFACISA,80.9,26.4,40.666666666666664,13.833333333333334,42.63333333333333,13.633333333333333,29.0,18.333333333333332,13.766666666666667,1.4146666666666663,8.8,27.9,31.55933333333334,20.333333333333332,41.5,49.12866666666667,13.833333333333334,18.933333333333334,72.43599999999999,1.5333333333333334,7.166666666666667,0.5526666666666666,2.466666666666667,18.866666666666667,0.14200000000000002,13.766666666666667,1.8333333333333333,92.36666666666666,77.06666666666666,28.0,37.93333333333333,11.133333333333333,33.7,8.933333333333334,24.766666666666666,14.466666666666667,12.866666666666667,1.1706666666666667,9.333333333333334,26.266666666666666,35.06066666666666,18.966666666666665,37.03333333333333,51.41733333333333,11.133333333333333,15.666666666666666,71.96533333333333,1.3,7.066666666666666,0.59,1.1666666666666667,21.0,0.05466666666666668,12.866666666666667,2.2666666666666666,81.06666666666666
