placar_casa,placar_visitante,data,round,stage,ano,equipe_casa,equipe_visitante,Pts_casa,3P_casa,2P_casa,LL_casa,RT_casa,RO_casa,RD_casa,AS_casa,ER_casa,IA%_casa,3PC_casa,3PT_casa,3P%_casa,2PC_casa,2PT_casa,2P%_casa,LLC_casa,LLT_casa,LL%_casa,EN_casa,BR_casa,B/E_casa,TO_casa,FC_casa,T/FC_casa,ET_casa,VI_casa,EF_casa,Pts_visitante,3P_visitante,2P_visitante,LL_visitante,RT_visitante,RO_visitante,RD_visitante,AS_visitante,ER_visitante,IA%_visitante,3PC_visitante,3PT_visitante,3P%_visitante,2PC_visitante,2PT_visitante,2P%_visitante,LLC_visitante,LLT_visitante,LL%_visitante,EN_visitante,BR_visitante,B/E_visitante,TO_visitante,FC_visitante,T/FC_visitante,ET_visitante,VI_visitante,EF_visitante
91,53,2022-10-27,3,1,2022-2023,Flamengo,UNIFACISA,81.9,35.1,33.6,13.2,39.03333333333333,12.066666666666666,26.966666666666665,19.3,11.766666666666667,1.778,11.7,33.53333333333333,35.333333333333336,16.8,30.933333333333334,54.30199999999999,13.2,18.6,69.75600000000001,1.9666666666666666,6.566666666666666,0.6,1.4,16.9,0.09200000000000001,11.766666666666667,2.3,95.06666666666666,75.33333333333333,26.6,38.93333333333333,9.8,36.8,10.466666666666667,26.333333333333332,15.0,12.466666666666667,1.2726666666666664,8.866666666666667,26.4,33.32733333333333,19.466666666666665,37.86666666666667,51.288000000000004,9.8,14.266666666666667,68.36666666666665,1.6666666666666667,7.6,0.662,1.1333333333333333,19.0,0.059333333333333335,12.466666666666667,1.8,83.0
