placar_casa,placar_visitante,data,round,stage,ano,equipe_casa,equipe_visitante,Pts_casa,3P_casa,2P_casa,LL_casa,RT_casa,RO_casa,RD_casa,AS_casa,ER_casa,IA%_casa,3PC_casa,3PT_casa,3P%_casa,2PC_casa,2PT_casa,2P%_casa,LLC_casa,LLT_casa,LL%_casa,EN_casa,BR_casa,B/E_casa,TO_casa,FC_casa,T/FC_casa,ET_casa,VI_casa,EF_casa,Pts_visitante,3P_visitante,2P_visitante,LL_visitante,RT_visitante,RO_visitante,RD_visitante,AS_visitante,ER_visitante,IA%_visitante,3PC_visitante,3PT_visitante,3P%_visitante,2PC_visitante,2PT_visitante,2P%_visitante,LLC_visitante,LLT_visitante,LL%_visitante,EN_visitante,BR_visitante,B/E_visitante,TO_visitante,FC_visitante,T/FC_visitante,ET_visitante,VI_visitante,EF_visitante
95,73,2022-12-13,9,1,2022-2023,Pinheiros,Fortaleza B. C. / CFO,80.33333333333333,26.6,39.86666666666667,13.866666666666667,43.0,13.866666666666667,29.133333333333333,17.533333333333335,13.533333333333333,1.3799999999999997,8.866666666666667,27.4,32.564666666666675,19.933333333333334,42.0,47.62666666666666,13.866666666666667,19.0,72.368,1.6,6.933333333333334,0.5499999999999999,2.3333333333333335,18.4,0.13933333333333334,13.533333333333333,1.8,90.86666666666666,70.53333333333333,17.8,42.93333333333333,9.8,41.86666666666667,12.466666666666667,29.4,13.6,14.066666666666666,1.014,5.933333333333334,25.0,23.555999999999997,21.466666666666665,42.86666666666667,50.02866666666666,9.8,18.466666666666665,54.164,1.6,8.066666666666666,0.6013333333333333,2.6666666666666665,20.6,0.13200000000000003,14.066666666666666,2.7333333333333334,73.53333333333333
