placar_casa,placar_visitante,data,round,stage,ano,equipe_casa,equipe_visitante,Pts_casa,3P_casa,2P_casa,LL_casa,RT_casa,RO_casa,RD_casa,AS_casa,ER_casa,IA%_casa,3PC_casa,3PT_casa,3P%_casa,2PC_casa,2PT_casa,2P%_casa,LLC_casa,LLT_casa,LL%_casa,EN_casa,BR_casa,B/E_casa,TO_casa,FC_casa,T/FC_casa,ET_casa,VI_casa,EF_casa,Pts_visitante,3P_visitante,2P_visitante,LL_visitante,RT_visitante,RO_visitante,RD_visitante,AS_visitante,ER_visitante,IA%_visitante,3PC_visitante,3PT_visitante,3P%_visitante,2PC_visitante,2PT_visitante,2P%_visitante,LLC_visitante,LLT_visitante,LL%_visitante,EN_visitante,BR_visitante,B/E_visitante,TO_visitante,FC_visitante,T/FC_visitante,ET_visitante,VI_visitante,EF_visitante
78,77,2023-02-18,4,2,2022-2023,União Corinthians,Flamengo,81.48499999999999,34.8,32.434000000000005,14.251,39.23500000000001,10.966,28.267000000000003,17.651,12.701,1.492,11.601,35.03500000000001,33.061,16.215999999999998,33.183,48.94199999999999,14.251,19.751000000000005,71.821,1.483,8.985000000000001,0.746,2.5149999999999997,20.865999999999996,0.12600000000000003,12.701,2.415,91.266,83.751,39.35,34.3,10.101,42.76499999999999,12.483,30.284000000000002,20.2,11.801,1.7919999999999998,13.117,35.0,37.29299999999999,17.15,30.633,56.201,10.101,14.433999999999997,69.76899999999998,0.733,6.285000000000001,0.554,2.1659999999999995,14.564999999999998,0.154,11.801,2.1670000000000003,103.66600000000001
