placar_casa,placar_visitante,data,round,stage,ano,equipe_casa,equipe_visitante,Pts_casa,3P_casa,2P_casa,LL_casa,RT_casa,RO_casa,RD_casa,AS_casa,ER_casa,IA%_casa,3PC_casa,3PT_casa,3P%_casa,2PC_casa,2PT_casa,2P%_casa,LLC_casa,LLT_casa,LL%_casa,EN_casa,BR_casa,B/E_casa,TO_casa,FC_casa,T/FC_casa,ET_casa,VI_casa,EF_casa,Pts_visitante,3P_visitante,2P_visitante,LL_visitante,RT_visitante,RO_visitante,RD_visitante,AS_visitante,ER_visitante,IA%_visitante,3PC_visitante,3PT_visitante,3P%_visitante,2PC_visitante,2PT_visitante,2P%_visitante,LLC_visitante,LLT_visitante,LL%_visitante,EN_visitante,BR_visitante,B/E_visitante,TO_visitante,FC_visitante,T/FC_visitante,ET_visitante,VI_visitante,EF_visitante
77,72,2022-12-21,10,1,2022-2023,Corinthians,Bauru Basket,81.2,29.2,38.666666666666664,13.333333333333334,40.733333333333334,10.066666666666666,30.666666666666668,16.566666666666666,16.233333333333334,1.0953333333333333,9.733333333333333,29.266666666666666,32.64533333333334,19.333333333333332,33.13333333333333,58.40933333333334,13.333333333333334,17.966666666666665,73.33933333333333,3.2333333333333334,6.033333333333333,0.3886666666666666,3.533333333333333,17.933333333333334,0.20066666666666666,16.233333333333334,3.6666666666666665,93.86666666666666,76.71133333333334,30.266666666666666,35.733333333333334,10.711333333333334,34.622,9.844666666666665,24.778000000000002,16.2,10.333333333333334,1.7186666666666668,10.088666666666667,30.4,33.12800000000001,17.866666666666667,33.44466666666667,53.053333333333335,10.711333333333334,14.978000000000002,71.88933333333334,1.9333333333333333,6.666666666666667,0.7019999999999998,1.6666666666666667,17.933333333333334,0.10200000000000002,10.333333333333334,1.9333333333333333,85.378
