placar_casa,placar_visitante,data,round,stage,ano,equipe_casa,equipe_visitante,Pts_casa,3P_casa,2P_casa,LL_casa,RT_casa,RO_casa,RD_casa,AS_casa,ER_casa,IA%_casa,3PC_casa,3PT_casa,3P%_casa,2PC_casa,2PT_casa,2P%_casa,LLC_casa,LLT_casa,LL%_casa,EN_casa,BR_casa,B/E_casa,TO_casa,FC_casa,T/FC_casa,ET_casa,VI_casa,EF_casa,Pts_visitante,3P_visitante,2P_visitante,LL_visitante,RT_visitante,RO_visitante,RD_visitante,AS_visitante,ER_visitante,IA%_visitante,3PC_visitante,3PT_visitante,3P%_visitante,2PC_visitante,2PT_visitante,2P%_visitante,LLC_visitante,LLT_visitante,LL%_visitante,EN_visitante,BR_visitante,B/E_visitante,TO_visitante,FC_visitante,T/FC_visitante,ET_visitante,VI_visitante,EF_visitante
79,84,2014-12-09,9,1,2014-2015,Minas,Bauru Basket,71.46666666666667,20.2,36.266666666666666,15.0,35.06666666666667,11.0,24.066666666666666,14.4,15.066666666666666,1.0253333333333334,6.733333333333333,21.266666666666666,31.825999999999997,18.133333333333333,37.8,48.22533333333333,15.0,20.6,72.02066666666666,1.7333333333333334,9.733333333333333,0.6753333333333333,3.0,22.133333333333333,0.14333333333333334,15.066666666666666,3.466666666666667,78.8,82.86666666666666,26.2,39.333333333333336,17.333333333333332,38.0,11.533333333333333,26.466666666666665,15.733333333333333,12.733333333333333,1.3053333333333332,8.733333333333333,25.333333333333332,34.019999999999996,19.666666666666668,36.13333333333333,55.098,17.333333333333332,22.6,75.75933333333333,1.5333333333333334,9.866666666666667,0.8013333333333336,1.4,18.0,0.07933333333333334,12.733333333333333,2.2,96.8
