placar_casa,placar_visitante,data,round,stage,ano,equipe_casa,equipe_visitante,Pts_casa,3P_casa,2P_casa,LL_casa,RT_casa,RO_casa,RD_casa,AS_casa,ER_casa,IA%_casa,3PC_casa,3PT_casa,3P%_casa,2PC_casa,2PT_casa,2P%_casa,LLC_casa,LLT_casa,LL%_casa,EN_casa,BR_casa,B/E_casa,TO_casa,FC_casa,T/FC_casa,ET_casa,VI_casa,EF_casa,Pts_visitante,3P_visitante,2P_visitante,LL_visitante,RT_visitante,RO_visitante,RD_visitante,AS_visitante,ER_visitante,IA%_visitante,3PC_visitante,3PT_visitante,3P%_visitante,2PC_visitante,2PT_visitante,2P%_visitante,LLC_visitante,LLT_visitante,LL%_visitante,EN_visitante,BR_visitante,B/E_visitante,TO_visitante,FC_visitante,T/FC_visitante,ET_visitante,VI_visitante,EF_visitante
71,94,2014-12-12,10,1,2014-2015,Coop/São José Basketball,Flamengo,75.4,19.8,42.0,13.6,38.13333333333333,10.6,27.533333333333335,15.8,14.2,1.1726666666666667,6.6,20.8,31.249999999999996,21.0,39.6,52.92333333333333,13.6,18.666666666666668,71.25333333333333,0.5333333333333333,7.733333333333333,0.5606666666666666,1.5333333333333334,18.6,0.08666666666666667,14.2,2.8666666666666667,86.53333333333333,85.53333333333333,30.0,38.666666666666664,16.866666666666667,35.13333333333333,10.6,24.533333333333335,16.733333333333334,12.933333333333334,1.5133333333333332,10.0,27.0,36.64066666666667,19.333333333333332,34.93333333333333,55.918000000000006,16.866666666666667,22.533333333333335,76.0,2.1333333333333333,9.333333333333334,0.8313333333333334,1.8666666666666667,21.2,0.09333333333333335,12.933333333333334,2.1333333333333333,97.4
