placar_casa,placar_visitante,data,round,stage,ano,equipe_casa,equipe_visitante,Pts_casa,3P_casa,2P_casa,LL_casa,RT_casa,RO_casa,RD_casa,AS_casa,ER_casa,IA%_casa,3PC_casa,3PT_casa,3P%_casa,2PC_casa,2PT_casa,2P%_casa,LLC_casa,LLT_casa,LL%_casa,EN_casa,BR_casa,B/E_casa,TO_casa,FC_casa,T/FC_casa,ET_casa,VI_casa,EF_casa,Pts_visitante,3P_visitante,2P_visitante,LL_visitante,RT_visitante,RO_visitante,RD_visitante,AS_visitante,ER_visitante,IA%_visitante,3PC_visitante,3PT_visitante,3P%_visitante,2PC_visitante,2PT_visitante,2P%_visitante,LLC_visitante,LLT_visitante,LL%_visitante,EN_visitante,BR_visitante,B/E_visitante,TO_visitante,FC_visitante,T/FC_visitante,ET_visitante,VI_visitante,EF_visitante
107,86,2015-01-06,14,1,2014-2015,Pinheiros,Uberlândia,79.8,28.0,38.4,13.4,33.666666666666664,11.133333333333333,22.533333333333335,15.4,13.666666666666666,1.214,9.333333333333334,27.2,34.80800000000001,19.2,37.6,51.05333333333335,13.4,18.266666666666666,71.02333333333334,2.2,10.533333333333333,0.8106666666666666,2.466666666666667,20.266666666666666,0.12666666666666668,13.666666666666666,1.9333333333333333,87.06666666666666,77.06666666666666,28.8,35.6,12.666666666666666,32.266666666666666,9.866666666666667,22.4,14.8,14.0,1.146,9.6,26.333333333333332,35.69866666666667,17.8,35.266666666666666,49.86466666666666,12.666666666666666,16.133333333333333,78.07133333333334,1.6666666666666667,9.533333333333333,0.746,2.3333333333333335,21.4,0.11133333333333335,14.0,2.6666666666666665,84.33333333333333
