placar_casa,placar_visitante,data,round,stage,ano,equipe_casa,equipe_visitante,Pts_casa,3P_casa,2P_casa,LL_casa,RT_casa,RO_casa,RD_casa,AS_casa,ER_casa,IA%_casa,3PC_casa,3PT_casa,3P%_casa,2PC_casa,2PT_casa,2P%_casa,LLC_casa,LLT_casa,LL%_casa,EN_casa,BR_casa,B/E_casa,TO_casa,FC_casa,T/FC_casa,ET_casa,VI_casa,EF_casa,Pts_visitante,3P_visitante,2P_visitante,LL_visitante,RT_visitante,RO_visitante,RD_visitante,AS_visitante,ER_visitante,IA%_visitante,3PC_visitante,3PT_visitante,3P%_visitante,2PC_visitante,2PT_visitante,2P%_visitante,LLC_visitante,LLT_visitante,LL%_visitante,EN_visitante,BR_visitante,B/E_visitante,TO_visitante,FC_visitante,T/FC_visitante,ET_visitante,VI_visitante,EF_visitante
88,79,2021-11-02,3,1,2021-2022,Cerrado,Pinheiros,74.66733333333333,24.533333333333335,39.376666666666665,10.755333333333335,38.40133333333334,11.578,26.823333333333334,14.333333333333334,13.311333333333332,1.13,8.178,26.422666666666668,31.383333333333333,19.69,42.11133333333333,46.87733333333333,10.755333333333335,14.623333333333333,73.77800000000002,1.6419999999999997,8.2,0.6340000000000001,2.51,17.823333333333334,0.138,13.311333333333332,2.643333333333333,80.26866666666665,69.88799999999999,22.733333333333334,35.066,12.088666666666665,37.71266666666667,9.956,27.756000000000004,16.754666666666665,14.398666666666665,1.1800000000000002,7.576666666666666,26.444,28.36466666666667,17.534,39.821999999999996,43.979333333333315,12.088666666666665,16.777333333333335,72.15333333333334,1.49,7.778666666666667,0.5393333333333333,2.3786666666666667,18.578,0.13066666666666665,14.398666666666665,1.8453333333333333,74.266
