placar_casa,placar_visitante,data,round,stage,ano,equipe_casa,equipe_visitante,Pts_casa,3P_casa,2P_casa,LL_casa,RT_casa,RO_casa,RD_casa,AS_casa,ER_casa,IA%_casa,3PC_casa,3PT_casa,3P%_casa,2PC_casa,2PT_casa,2P%_casa,LLC_casa,LLT_casa,LL%_casa,EN_casa,BR_casa,B/E_casa,TO_casa,FC_casa,T/FC_casa,ET_casa,VI_casa,EF_casa,Pts_visitante,3P_visitante,2P_visitante,LL_visitante,RT_visitante,RO_visitante,RD_visitante,AS_visitante,ER_visitante,IA%_visitante,3PC_visitante,3PT_visitante,3P%_visitante,2PC_visitante,2PT_visitante,2P%_visitante,LLC_visitante,LLT_visitante,LL%_visitante,EN_visitante,BR_visitante,B/E_visitante,TO_visitante,FC_visitante,T/FC_visitante,ET_visitante,VI_visitante,EF_visitante
91,87,2022-01-04,11,1,2021-2022,São Paulo,Minas,79.8,26.4,42.666666666666664,10.733333333333333,34.4,6.466666666666667,27.933333333333334,18.466666666666665,11.6,1.7,8.8,27.0,32.25600000000001,21.333333333333332,35.86666666666667,59.854666666666645,10.733333333333333,14.8,72.366,2.0,6.666666666666667,0.5626666666666665,2.533333333333333,15.866666666666667,0.15866666666666665,11.6,2.066666666666667,93.46666666666667,84.06666666666666,31.8,39.06666666666667,13.2,37.8,10.466666666666667,27.333333333333332,16.866666666666667,11.333333333333334,1.5913333333333333,10.6,29.2,35.96866666666668,19.533333333333335,34.8,56.178666666666665,13.2,17.733333333333334,75.614,2.6,7.066666666666666,0.6393333333333333,2.0,16.866666666666667,0.13466666666666663,11.333333333333334,2.533333333333333,98.06666666666666
