placar_casa,placar_visitante,data,round,stage,ano,equipe_casa,equipe_visitante,Pts_casa,3P_casa,2P_casa,LL_casa,RT_casa,RO_casa,RD_casa,AS_casa,ER_casa,IA%_casa,3PC_casa,3PT_casa,3P%_casa,2PC_casa,2PT_casa,2P%_casa,LLC_casa,LLT_casa,LL%_casa,EN_casa,BR_casa,B/E_casa,TO_casa,FC_casa,T/FC_casa,ET_casa,VI_casa,EF_casa,Pts_visitante,3P_visitante,2P_visitante,LL_visitante,RT_visitante,RO_visitante,RD_visitante,AS_visitante,ER_visitante,IA%_visitante,3PC_visitante,3PT_visitante,3P%_visitante,2PC_visitante,2PT_visitante,2P%_visitante,LLC_visitante,LLT_visitante,LL%_visitante,EN_visitante,BR_visitante,B/E_visitante,TO_visitante,FC_visitante,T/FC_visitante,ET_visitante,VI_visitante,EF_visitante
72,77,2021-11-13,4,1,2021-2022,Pato Basquete,Rio Claro,71.69933333333333,24.0,35.06733333333333,12.633999999999999,34.9,9.799333333333333,25.100666666666665,15.199333333333334,14.167333333333334,1.3653333333333333,7.999333333333333,26.49933333333333,29.838,17.532666666666668,36.766666666666666,47.556666666666665,12.633999999999999,19.9,63.212,0.9673333333333333,7.434,0.5693333333333334,1.3339999999999999,22.532666666666668,0.05666666666666667,14.167333333333334,2.566666666666667,71.39933333333333,78.9,24.3,37.534,17.066,37.4,10.500666666666666,26.899333333333335,16.6,13.3,1.2973333333333334,8.100666666666665,24.634,33.108,18.766000000000002,37.99933333333333,49.33866666666666,17.066,22.36733333333333,76.13799999999999,1.8993333333333335,5.932666666666667,0.4673333333333334,1.2006666666666665,23.366666666666667,0.05466666666666667,13.3,2.966666666666667,85.66733333333333
