placar_casa,placar_visitante,data,round,stage,ano,equipe_casa,equipe_visitante,Pts_casa,3P_casa,2P_casa,LL_casa,RT_casa,RO_casa,RD_casa,AS_casa,ER_casa,IA%_casa,3PC_casa,3PT_casa,3P%_casa,2PC_casa,2PT_casa,2P%_casa,LLC_casa,LLT_casa,LL%_casa,EN_casa,BR_casa,B/E_casa,TO_casa,FC_casa,T/FC_casa,ET_casa,VI_casa,EF_casa,Pts_visitante,3P_visitante,2P_visitante,LL_visitante,RT_visitante,RO_visitante,RD_visitante,AS_visitante,ER_visitante,IA%_visitante,3PC_visitante,3PT_visitante,3P%_visitante,2PC_visitante,2PT_visitante,2P%_visitante,LLC_visitante,LLT_visitante,LL%_visitante,EN_visitante,BR_visitante,B/E_visitante,TO_visitante,FC_visitante,T/FC_visitante,ET_visitante,VI_visitante,EF_visitante
76,64,2022-01-09,11,1,2021-2022,Minas,Bauru Basket,83.83333333333333,32.0,38.666666666666664,13.166666666666666,38.43333333333333,10.8,27.633333333333333,16.966666666666665,11.633333333333333,1.5479999999999998,10.666666666666666,29.533333333333335,35.82533333333334,19.333333333333332,34.6,55.92,13.166666666666666,18.2,72.98266666666667,2.6333333333333333,7.3,0.6486666666666666,2.033333333333333,16.166666666666668,0.13866666666666663,11.633333333333333,2.6666666666666665,97.76666666666667,76.56666666666666,27.3,37.4,11.866666666666667,36.43333333333333,8.333333333333334,28.1,17.433333333333334,12.1,1.5080000000000002,9.1,29.333333333333332,30.896666666666665,18.7,32.63333333333333,57.32333333333335,11.866666666666667,15.866666666666667,75.36333333333333,1.0333333333333334,6.6,0.5606666666666665,2.3333333333333335,18.266666666666666,0.13333333333333333,12.1,2.0,89.1
