placar_casa,placar_visitante,data,round,stage,ano,equipe_casa,equipe_visitante,Pts_casa,3P_casa,2P_casa,LL_casa,RT_casa,RO_casa,RD_casa,AS_casa,ER_casa,IA%_casa,3PC_casa,3PT_casa,3P%_casa,2PC_casa,2PT_casa,2P%_casa,LLC_casa,LLT_casa,LL%_casa,EN_casa,BR_casa,B/E_casa,TO_casa,FC_casa,T/FC_casa,ET_casa,VI_casa,EF_casa,Pts_visitante,3P_visitante,2P_visitante,LL_visitante,RT_visitante,RO_visitante,RD_visitante,AS_visitante,ER_visitante,IA%_visitante,3PC_visitante,3PT_visitante,3P%_visitante,2PC_visitante,2PT_visitante,2P%_visitante,LLC_visitante,LLT_visitante,LL%_visitante,EN_visitante,BR_visitante,B/E_visitante,TO_visitante,FC_visitante,T/FC_visitante,ET_visitante,VI_visitante,EF_visitante
80,67,2021-12-28,10,1,2021-2022,Caxias do Sul Basquete,Pato Basquete,75.33333333333333,24.4,39.46666666666667,11.466666666666667,34.666666666666664,8.866666666666667,25.8,17.0,12.8,1.3713333333333333,8.133333333333333,23.666666666666668,34.81600000000001,19.733333333333334,37.4,52.642,11.466666666666667,16.066666666666666,70.94800000000001,1.2,7.866666666666666,0.6506666666666667,2.2,21.0,0.10666666666666665,12.8,2.6,86.46666666666667,71.08866666666667,25.866666666666667,34.84466666666667,10.378000000000002,37.333333333333336,10.222,27.111333333333334,13.755333333333333,14.444666666666668,0.9953333333333331,8.621999999999998,26.555333333333333,32.148666666666664,17.422,37.2,47.158,10.378000000000002,17.6,59.086000000000006,1.3780000000000001,7.578,0.558,1.4446666666666668,20.888666666666666,0.06999999999999999,14.444666666666668,2.1333333333333333,71.82199999999999
