placar_casa,placar_visitante,data,round,stage,ano,equipe_casa,equipe_visitante,Pts_casa,3P_casa,2P_casa,LL_casa,RT_casa,RO_casa,RD_casa,AS_casa,ER_casa,IA%_casa,3PC_casa,3PT_casa,3P%_casa,2PC_casa,2PT_casa,2P%_casa,LLC_casa,LLT_casa,LL%_casa,EN_casa,BR_casa,B/E_casa,TO_casa,FC_casa,T/FC_casa,ET_casa,VI_casa,EF_casa,Pts_visitante,3P_visitante,2P_visitante,LL_visitante,RT_visitante,RO_visitante,RD_visitante,AS_visitante,ER_visitante,IA%_visitante,3PC_visitante,3PT_visitante,3P%_visitante,2PC_visitante,2PT_visitante,2P%_visitante,LLC_visitante,LLT_visitante,LL%_visitante,EN_visitante,BR_visitante,B/E_visitante,TO_visitante,FC_visitante,T/FC_visitante,ET_visitante,VI_visitante,EF_visitante
61,73,2015-01-21,1,2,2014-2015,Pinheiros,Limeira,82.33333333333333,27.2,40.53333333333333,14.6,33.46666666666667,10.0,23.466666666666665,15.4,14.2,1.1613333333333336,9.066666666666666,25.333333333333332,36.06666666666667,20.266666666666666,38.6,52.414,14.6,19.8,71.24533333333332,2.466666666666667,10.866666666666667,0.8046666666666666,2.533333333333333,20.133333333333333,0.13200000000000003,14.2,2.3333333333333335,90.6,84.06666666666666,29.2,41.2,13.666666666666666,31.133333333333333,8.8,22.333333333333332,18.933333333333334,12.2,1.6119999999999999,9.733333333333333,24.266666666666666,40.58200000000001,20.6,36.93333333333333,55.52066666666666,13.666666666666666,16.733333333333334,80.80733333333333,2.3333333333333335,10.2,0.8606666666666667,2.6666666666666665,20.6,0.126,12.2,2.533333333333333,100.86666666666666
