placar_casa,placar_visitante,data,round,stage,ano,equipe_casa,equipe_visitante,Pts_casa,3P_casa,2P_casa,LL_casa,RT_casa,RO_casa,RD_casa,AS_casa,ER_casa,IA%_casa,3PC_casa,3PT_casa,3P%_casa,2PC_casa,2PT_casa,2P%_casa,LLC_casa,LLT_casa,LL%_casa,EN_casa,BR_casa,B/E_casa,TO_casa,FC_casa,T/FC_casa,ET_casa,VI_casa,EF_casa,Pts_visitante,3P_visitante,2P_visitante,LL_visitante,RT_visitante,RO_visitante,RD_visitante,AS_visitante,ER_visitante,IA%_visitante,3PC_visitante,3PT_visitante,3P%_visitante,2PC_visitante,2PT_visitante,2P%_visitante,LLC_visitante,LLT_visitante,LL%_visitante,EN_visitante,BR_visitante,B/E_visitante,TO_visitante,FC_visitante,T/FC_visitante,ET_visitante,VI_visitante,EF_visitante
80,62,2015-01-12,4,1,2014-2015,Fortaleza B. C. / CFO,Uberlândia,74.93333333333334,25.6,36.93333333333333,12.4,34.06666666666667,10.266666666666667,23.8,13.133333333333333,12.666666666666666,1.1593333333333333,8.533333333333333,28.2,30.252666666666663,18.466666666666665,36.6,50.84066666666667,12.4,16.933333333333334,74.45933333333332,1.0,9.2,0.8453333333333334,2.533333333333333,18.266666666666666,0.1446666666666667,12.666666666666666,2.2666666666666666,78.86666666666666,76.26666666666667,27.0,36.8,12.466666666666667,30.666666666666668,9.4,21.266666666666666,14.6,13.8,1.1633333333333333,9.0,25.866666666666667,34.391333333333336,18.4,35.93333333333333,50.748666666666665,12.466666666666667,16.0,77.68800000000002,1.6,9.866666666666667,0.822,2.2666666666666666,21.866666666666667,0.10666666666666669,13.8,2.466666666666667,81.93333333333334
