placar_casa,placar_visitante,data,round,stage,ano,equipe_casa,equipe_visitante,Pts_casa,3P_casa,2P_casa,LL_casa,RT_casa,RO_casa,RD_casa,AS_casa,ER_casa,IA%_casa,3PC_casa,3PT_casa,3P%_casa,2PC_casa,2PT_casa,2P%_casa,LLC_casa,LLT_casa,LL%_casa,EN_casa,BR_casa,B/E_casa,TO_casa,FC_casa,T/FC_casa,ET_casa,VI_casa,EF_casa,Pts_visitante,3P_visitante,2P_visitante,LL_visitante,RT_visitante,RO_visitante,RD_visitante,AS_visitante,ER_visitante,IA%_visitante,3PC_visitante,3PT_visitante,3P%_visitante,2PC_visitante,2PT_visitante,2P%_visitante,LLC_visitante,LLT_visitante,LL%_visitante,EN_visitante,BR_visitante,B/E_visitante,TO_visitante,FC_visitante,T/FC_visitante,ET_visitante,VI_visitante,EF_visitante
81,82,2019-12-09,9,1,2019-2020,Corinthians,Pinheiros,81.13400000000001,26.8,41.20066666666666,13.133333333333331,36.333333333333336,10.866666666666667,25.466666666666665,18.66533333333333,13.8,1.4686666666666668,8.932666666666668,22.0,40.303999999999995,20.599333333333334,42.134,48.95799999999999,13.133333333333331,18.933333333333337,69.77333333333334,2.3346666666666676,8.133333333333333,0.6126666666666668,2.532666666666666,20.800666666666668,0.1206666666666667,13.8,1.9319999999999997,92.39933333333335,78.666,26.8,37.467333333333336,14.400666666666666,36.6,11.000666666666666,25.599333333333334,15.667333333333334,14.334,1.128666666666667,8.933333333333334,25.333333333333332,35.08266666666666,18.732666666666667,35.866,52.42333333333333,14.400666666666666,19.600666666666665,73.85466666666667,1.3993333333333335,7.266,0.5233333333333333,1.6673333333333331,20.8,0.08066666666666666,14.334,2.8673333333333333,86.666
