placar_casa,placar_visitante,data,round,stage,ano,equipe_casa,equipe_visitante,Pts_casa,3P_casa,2P_casa,LL_casa,RT_casa,RO_casa,RD_casa,AS_casa,ER_casa,IA%_casa,3PC_casa,3PT_casa,3P%_casa,2PC_casa,2PT_casa,2P%_casa,LLC_casa,LLT_casa,LL%_casa,EN_casa,BR_casa,B/E_casa,TO_casa,FC_casa,T/FC_casa,ET_casa,VI_casa,EF_casa,Pts_visitante,3P_visitante,2P_visitante,LL_visitante,RT_visitante,RO_visitante,RD_visitante,AS_visitante,ER_visitante,IA%_visitante,3PC_visitante,3PT_visitante,3P%_visitante,2PC_visitante,2PT_visitante,2P%_visitante,LLC_visitante,LLT_visitante,LL%_visitante,EN_visitante,BR_visitante,B/E_visitante,TO_visitante,FC_visitante,T/FC_visitante,ET_visitante,VI_visitante,EF_visitante
99,83,2019-12-11,9,1,2019-2020,UNIFACISA,Mogi,83.69416666666667,28.583333333333332,42.222500000000004,12.889166666666668,37.666666666666664,10.5275,27.139166666666668,18.555833333333336,12.360833333333334,1.5258333333333332,9.5275,28.555833333333336,33.395833333333336,21.110833333333336,38.44416666666667,54.956666666666656,12.889166666666668,17.360833333333332,74.64833333333333,1.5274999999999999,7.25,0.6049999999999999,2.2225,20.639166666666668,0.10916666666666668,12.360833333333334,2.0275,96.08333333333333,83.06666666666666,28.7,36.2,18.166666666666668,36.0,9.766666666666667,26.233333333333334,16.833333333333332,12.2,1.4233333333333331,9.566666666666666,26.266666666666666,36.38666666666666,18.1,36.333333333333336,49.89866666666667,18.166666666666668,22.833333333333332,78.70199999999998,0.7333333333333333,6.966666666666667,0.5746666666666667,2.2,20.033333333333335,0.11400000000000002,12.2,1.7666666666666666,93.2
