placar_casa,placar_visitante,data,round,stage,ano,equipe_casa,equipe_visitante,Pts_casa,3P_casa,2P_casa,LL_casa,RT_casa,RO_casa,RD_casa,AS_casa,ER_casa,IA%_casa,3PC_casa,3PT_casa,3P%_casa,2PC_casa,2PT_casa,2P%_casa,LLC_casa,LLT_casa,LL%_casa,EN_casa,BR_casa,B/E_casa,TO_casa,FC_casa,T/FC_casa,ET_casa,VI_casa,EF_casa,Pts_visitante,3P_visitante,2P_visitante,LL_visitante,RT_visitante,RO_visitante,RD_visitante,AS_visitante,ER_visitante,IA%_visitante,3PC_visitante,3PT_visitante,3P%_visitante,2PC_visitante,2PT_visitante,2P%_visitante,LLC_visitante,LLT_visitante,LL%_visitante,EN_visitante,BR_visitante,B/E_visitante,TO_visitante,FC_visitante,T/FC_visitante,ET_visitante,VI_visitante,EF_visitante
76,68,2019-10-23,2,1,2019-2020,Pinheiros,Bauru Basket,81.35533333333333,30.0,36.31133333333333,15.044666666666666,36.8,11.578,25.221999999999998,15.478,13.844666666666665,1.2046666666666668,10.0,26.966666666666665,37.19466666666666,18.15533333333333,35.25533333333333,51.09266666666665,15.044666666666666,20.511333333333333,73.87066666666668,1.2886666666666666,7.755333333333334,0.6066666666666667,1.5446666666666669,19.466666666666665,0.08333333333333334,13.844666666666665,2.6446666666666667,89.422,77.56666666666666,28.2,37.06666666666667,12.3,32.833333333333336,8.3,24.533333333333335,16.466666666666665,12.5,1.3593333333333333,9.4,28.966666666666665,32.732000000000006,18.533333333333335,33.46666666666667,55.12333333333334,12.3,15.866666666666667,78.452,1.0666666666666667,7.566666666666666,0.608,2.1333333333333333,20.3,0.10000000000000002,12.5,1.6,85.86666666666666
