placar_casa,placar_visitante,data,round,stage,ano,equipe_casa,equipe_visitante,Pts_casa,3P_casa,2P_casa,LL_casa,RT_casa,RO_casa,RD_casa,AS_casa,ER_casa,IA%_casa,3PC_casa,3PT_casa,3P%_casa,2PC_casa,2PT_casa,2P%_casa,LLC_casa,LLT_casa,LL%_casa,EN_casa,BR_casa,B/E_casa,TO_casa,FC_casa,T/FC_casa,ET_casa,VI_casa,EF_casa,Pts_visitante,3P_visitante,2P_visitante,LL_visitante,RT_visitante,RO_visitante,RD_visitante,AS_visitante,ER_visitante,IA%_visitante,3PC_visitante,3PT_visitante,3P%_visitante,2PC_visitante,2PT_visitante,2P%_visitante,LLC_visitante,LLT_visitante,LL%_visitante,EN_visitante,BR_visitante,B/E_visitante,TO_visitante,FC_visitante,T/FC_visitante,ET_visitante,VI_visitante,EF_visitante
89,92,2019-11-16,5,1,2019-2020,Sesi Franca,Paulistano,84.83333333333333,31.9,37.13333333333333,15.8,37.06666666666667,8.833333333333334,28.233333333333334,17.7,11.766666666666667,1.5560000000000003,10.633333333333333,27.733333333333334,38.04333333333333,18.566666666666666,33.5,55.360666666666674,15.8,20.266666666666666,77.24466666666666,1.5,5.6,0.502,1.8333333333333333,18.8,0.10266666666666664,11.766666666666667,1.2666666666666666,98.56666666666666,85.33333333333333,33.7,38.333333333333336,13.3,40.56666666666667,12.033333333333333,28.533333333333335,19.533333333333335,13.5,1.5673333333333332,11.233333333333333,31.4,35.96666666666667,19.166666666666668,34.53333333333333,55.76400000000001,13.3,18.233333333333334,73.44800000000002,3.3666666666666667,6.1,0.4713333333333333,1.9333333333333333,21.933333333333334,0.0886666666666667,13.5,1.9,99.06666666666666
