placar_casa,placar_visitante,data,round,stage,ano,equipe_casa,equipe_visitante,Pts_casa,3P_casa,2P_casa,LL_casa,RT_casa,RO_casa,RD_casa,AS_casa,ER_casa,IA%_casa,3PC_casa,3PT_casa,3P%_casa,2PC_casa,2PT_casa,2P%_casa,LLC_casa,LLT_casa,LL%_casa,EN_casa,BR_casa,B/E_casa,TO_casa,FC_casa,T/FC_casa,ET_casa,VI_casa,EF_casa,Pts_visitante,3P_visitante,2P_visitante,LL_visitante,RT_visitante,RO_visitante,RD_visitante,AS_visitante,ER_visitante,IA%_visitante,3PC_visitante,3PT_visitante,3P%_visitante,2PC_visitante,2PT_visitante,2P%_visitante,LLC_visitante,LLT_visitante,LL%_visitante,EN_visitante,BR_visitante,B/E_visitante,TO_visitante,FC_visitante,T/FC_visitante,ET_visitante,VI_visitante,EF_visitante
95,106,2019-12-17,10,1,2019-2020,São Paulo,Rio Claro,84.99900000000001,33.75,37.1,14.149000000000001,42.401,11.15,31.251000000000005,19.798999999999996,12.001000000000001,1.777,11.25,32.648999999999994,34.76199999999999,18.55,33.501000000000005,55.831999999999994,14.149000000000001,20.148999999999994,70.81800000000001,2.6989999999999994,5.101000000000001,0.42600000000000005,2.8489999999999993,17.5,0.15900000000000003,12.001000000000001,1.65,100.80099999999999,82.05099999999999,24.0,38.901,19.15,31.648999999999994,7.05,24.598999999999997,19.098999999999997,14.151,1.4069999999999998,7.999,24.4,33.208000000000006,19.448999999999995,33.04899999999999,58.911,19.15,24.201000000000004,79.53199999999998,2.2510000000000003,5.801,0.413,1.199,23.2,0.051000000000000004,14.151,2.35,90.59900000000002
