placar_casa,placar_visitante,data,round,stage,ano,equipe_casa,equipe_visitante,Pts_casa,3P_casa,2P_casa,LL_casa,RT_casa,RO_casa,RD_casa,AS_casa,ER_casa,IA%_casa,3PC_casa,3PT_casa,3P%_casa,2PC_casa,2PT_casa,2P%_casa,LLC_casa,LLT_casa,LL%_casa,EN_casa,BR_casa,B/E_casa,TO_casa,FC_casa,T/FC_casa,ET_casa,VI_casa,EF_casa,Pts_visitante,3P_visitante,2P_visitante,LL_visitante,RT_visitante,RO_visitante,RD_visitante,AS_visitante,ER_visitante,IA%_visitante,3PC_visitante,3PT_visitante,3P%_visitante,2PC_visitante,2PT_visitante,2P%_visitante,LLC_visitante,LLT_visitante,LL%_visitante,EN_visitante,BR_visitante,B/E_visitante,TO_visitante,FC_visitante,T/FC_visitante,ET_visitante,VI_visitante,EF_visitante
94,105,2019-10-17,1,1,2019-2020,Paulistano,Mogi,86.21066666666665,33.2,37.666666666666664,15.344,41.044,12.322666666666667,28.72266666666667,18.422666666666668,14.710666666666667,1.3246666666666669,11.066666666666666,32.18933333333334,34.489333333333335,18.833333333333332,34.12266666666667,55.438,15.344,20.433333333333334,74.744,2.6893333333333334,5.333333333333333,0.3746666666666666,2.2560000000000002,22.7,0.10333333333333335,14.710666666666667,2.0,96.456,81.26666666666667,25.8,42.53333333333333,12.933333333333334,37.6,11.533333333333333,26.066666666666666,18.533333333333335,11.666666666666666,1.6333333333333333,8.6,25.466666666666665,33.33933333333333,21.266666666666666,40.4,53.61133333333333,12.933333333333334,16.4,78.76533333333333,1.2,5.6,0.49599999999999994,2.2666666666666666,19.333333333333332,0.12066666666666669,11.666666666666666,1.2666666666666666,94.06666666666666
