placar_casa,placar_visitante,data,round,stage,ano,equipe_casa,equipe_visitante,Pts_casa,3P_casa,2P_casa,LL_casa,RT_casa,RO_casa,RD_casa,AS_casa,ER_casa,IA%_casa,3PC_casa,3PT_casa,3P%_casa,2PC_casa,2PT_casa,2P%_casa,LLC_casa,LLT_casa,LL%_casa,EN_casa,BR_casa,B/E_casa,TO_casa,FC_casa,T/FC_casa,ET_casa,VI_casa,EF_casa,Pts_visitante,3P_visitante,2P_visitante,LL_visitante,RT_visitante,RO_visitante,RD_visitante,AS_visitante,ER_visitante,IA%_visitante,3PC_visitante,3PT_visitante,3P%_visitante,2PC_visitante,2PT_visitante,2P%_visitante,LLC_visitante,LLT_visitante,LL%_visitante,EN_visitante,BR_visitante,B/E_visitante,TO_visitante,FC_visitante,T/FC_visitante,ET_visitante,VI_visitante,EF_visitante
62,96,2019-11-17,6,1,2019-2020,Brasília,Bauru Basket,78.06666666666666,22.0,40.13333333333333,15.933333333333334,38.266666666666666,10.466666666666667,27.8,17.466666666666665,15.6,1.174,7.333333333333333,23.6,31.186666666666664,20.066666666666666,39.4,50.870666666666665,15.933333333333334,22.0,72.442,1.6,7.133333333333334,0.482,2.8,22.866666666666667,0.12400000000000003,15.6,2.2,86.0,79.46666666666667,27.0,39.2,13.266666666666667,33.86666666666667,8.533333333333333,25.333333333333332,17.4,13.133333333333333,1.3666666666666667,9.0,27.466666666666665,32.972,19.6,34.93333333333333,55.941333333333326,13.266666666666667,18.0,74.36466666666665,1.1333333333333333,7.666666666666667,0.5826666666666667,1.7333333333333334,19.266666666666666,0.08866666666666667,13.133333333333333,1.9333333333333333,88.4
