placar_casa,placar_visitante,data,round,stage,ano,equipe_casa,equipe_visitante,Pts_casa,3P_casa,2P_casa,LL_casa,RT_casa,RO_casa,RD_casa,AS_casa,ER_casa,IA%_casa,3PC_casa,3PT_casa,3P%_casa,2PC_casa,2PT_casa,2P%_casa,LLC_casa,LLT_casa,LL%_casa,EN_casa,BR_casa,B/E_casa,TO_casa,FC_casa,T/FC_casa,ET_casa,VI_casa,EF_casa,Pts_visitante,3P_visitante,2P_visitante,LL_visitante,RT_visitante,RO_visitante,RD_visitante,AS_visitante,ER_visitante,IA%_visitante,3PC_visitante,3PT_visitante,3P%_visitante,2PC_visitante,2PT_visitante,2P%_visitante,LLC_visitante,LLT_visitante,LL%_visitante,EN_visitante,BR_visitante,B/E_visitante,TO_visitante,FC_visitante,T/FC_visitante,ET_visitante,VI_visitante,EF_visitante
88,79,2020-02-11,5,2,2019-2020,Corinthians,Rio Claro,80.167,26.1,39.6,14.467000000000002,35.733,11.3,24.433,15.633,11.7,1.3809999999999998,8.7,25.767000000000003,33.963,19.8,39.5,50.123000000000005,14.467000000000002,20.067,71.95899999999999,1.467,8.133,0.726,1.8329999999999997,22.8,0.08,11.7,1.333,87.3,85.701,26.7,40.202000000000005,18.798999999999996,34.299,8.501000000000001,25.797999999999995,17.999000000000002,12.700999999999999,1.5010000000000001,8.9,24.001000000000005,37.10699999999999,20.097999999999995,36.19799999999999,55.922000000000004,18.798999999999996,24.702000000000005,75.623,1.9,3.8999999999999995,0.32700000000000007,1.3,23.6,0.05800000000000001,12.700999999999999,2.5,93.39999999999999
