placar_casa,placar_visitante,data,round,stage,ano,equipe_casa,equipe_visitante,Pts_casa,3P_casa,2P_casa,LL_casa,RT_casa,RO_casa,RD_casa,AS_casa,ER_casa,IA%_casa,3PC_casa,3PT_casa,3P%_casa,2PC_casa,2PT_casa,2P%_casa,LLC_casa,LLT_casa,LL%_casa,EN_casa,BR_casa,B/E_casa,TO_casa,FC_casa,T/FC_casa,ET_casa,VI_casa,EF_casa,Pts_visitante,3P_visitante,2P_visitante,LL_visitante,RT_visitante,RO_visitante,RD_visitante,AS_visitante,ER_visitante,IA%_visitante,3PC_visitante,3PT_visitante,3P%_visitante,2PC_visitante,2PT_visitante,2P%_visitante,LLC_visitante,LLT_visitante,LL%_visitante,EN_visitante,BR_visitante,B/E_visitante,TO_visitante,FC_visitante,T/FC_visitante,ET_visitante,VI_visitante,EF_visitante
94,98,2014-12-10,9,1,2014-2015,Mogi,Flamengo,77.4,23.8,37.333333333333336,16.266666666666666,35.86666666666667,11.0,24.866666666666667,13.666666666666666,15.0,0.9546666666666667,7.933333333333334,18.866666666666667,41.242,18.666666666666668,38.13333333333333,48.60066666666666,16.266666666666666,21.466666666666665,74.43533333333335,2.0,8.6,0.5986666666666666,1.4666666666666666,21.466666666666665,0.074,15.0,3.1333333333333333,86.4,83.66666666666667,27.8,39.06666666666667,16.8,36.666666666666664,11.333333333333334,25.333333333333332,16.2,12.466666666666667,1.514,9.266666666666667,26.333333333333332,35.17333333333333,19.533333333333335,36.13333333333333,54.82000000000001,16.8,22.533333333333335,75.60799999999999,2.2666666666666666,9.133333333333333,0.85,1.8,21.0,0.09000000000000002,12.466666666666667,2.066666666666667,95.6
