placar_casa,placar_visitante,data,round,stage,ano,equipe_casa,equipe_visitante,Pts_casa,3P_casa,2P_casa,LL_casa,RT_casa,RO_casa,RD_casa,AS_casa,ER_casa,IA%_casa,3PC_casa,3PT_casa,3P%_casa,2PC_casa,2PT_casa,2P%_casa,LLC_casa,LLT_casa,LL%_casa,EN_casa,BR_casa,B/E_casa,TO_casa,FC_casa,T/FC_casa,ET_casa,VI_casa,EF_casa,Pts_visitante,3P_visitante,2P_visitante,LL_visitante,RT_visitante,RO_visitante,RD_visitante,AS_visitante,ER_visitante,IA%_visitante,3PC_visitante,3PT_visitante,3P%_visitante,2PC_visitante,2PT_visitante,2P%_visitante,LLC_visitante,LLT_visitante,LL%_visitante,EN_visitante,BR_visitante,B/E_visitante,TO_visitante,FC_visitante,T/FC_visitante,ET_visitante,VI_visitante,EF_visitante
60,61,2014-11-06,2,1,2014-2015,Mogi,Minas,81.06666666666666,25.8,38.93333333333333,16.333333333333332,36.53333333333333,12.333333333333334,24.2,15.8,13.866666666666667,1.1706666666666665,8.6,21.133333333333333,39.55866666666666,19.466666666666665,38.8,49.61733333333333,16.333333333333332,21.6,74.83,2.0,8.6,0.634,1.6666666666666667,22.466666666666665,0.07933333333333334,13.866666666666667,3.533333333333333,92.66666666666667,70.13333333333334,18.8,38.666666666666664,12.666666666666666,29.733333333333334,9.866666666666667,19.866666666666667,14.8,13.066666666666666,1.1826666666666668,6.266666666666667,18.066666666666666,34.21666666666667,19.333333333333332,40.46666666666667,47.968,12.666666666666666,17.866666666666667,70.13866666666668,1.4,9.4,0.7486666666666667,3.6,21.866666666666667,0.16999999999999998,13.066666666666666,3.2,76.46666666666667
