placar_casa,placar_visitante,data,round,stage,ano,equipe_casa,equipe_visitante,Pts_casa,3P_casa,2P_casa,LL_casa,RT_casa,RO_casa,RD_casa,AS_casa,ER_casa,IA%_casa,3PC_casa,3PT_casa,3P%_casa,2PC_casa,2PT_casa,2P%_casa,LLC_casa,LLT_casa,LL%_casa,EN_casa,BR_casa,B/E_casa,TO_casa,FC_casa,T/FC_casa,ET_casa,VI_casa,EF_casa,Pts_visitante,3P_visitante,2P_visitante,LL_visitante,RT_visitante,RO_visitante,RD_visitante,AS_visitante,ER_visitante,IA%_visitante,3PC_visitante,3PT_visitante,3P%_visitante,2PC_visitante,2PT_visitante,2P%_visitante,LLC_visitante,LLT_visitante,LL%_visitante,EN_visitante,BR_visitante,B/E_visitante,TO_visitante,FC_visitante,T/FC_visitante,ET_visitante,VI_visitante,EF_visitante
99,81,2014-11-07,2,1,2014-2015,Bauru Basket,Fortaleza B. C. / CFO,80.93333333333334,26.0,39.06666666666667,15.866666666666667,37.333333333333336,11.933333333333334,25.4,15.6,12.2,1.382,8.666666666666666,24.4,35.416666666666664,19.533333333333335,38.8,50.44266666666667,15.866666666666667,20.733333333333334,76.73933333333333,1.4666666666666666,9.733333333333333,0.8653333333333333,1.8,17.8,0.09800000000000002,12.2,2.3333333333333335,93.33333333333333,74.73333333333333,18.8,44.0,11.933333333333334,38.0,12.266666666666667,25.733333333333334,13.133333333333333,13.333333333333334,1.0353333333333332,6.266666666666667,21.4,29.570666666666668,22.0,44.6,49.51466666666666,11.933333333333334,18.066666666666666,66.34333333333332,1.5333333333333334,9.333333333333334,0.7206666666666668,2.8666666666666667,20.0,0.14400000000000002,13.333333333333334,2.6666666666666665,80.86666666666666
