placar_casa,placar_visitante,data,round,stage,ano,equipe_casa,equipe_visitante,Pts_casa,3P_casa,2P_casa,LL_casa,RT_casa,RO_casa,RD_casa,AS_casa,ER_casa,IA%_casa,3PC_casa,3PT_casa,3P%_casa,2PC_casa,2PT_casa,2P%_casa,LLC_casa,LLT_casa,LL%_casa,EN_casa,BR_casa,B/E_casa,TO_casa,FC_casa,T/FC_casa,ET_casa,VI_casa,EF_casa,Pts_visitante,3P_visitante,2P_visitante,LL_visitante,RT_visitante,RO_visitante,RD_visitante,AS_visitante,ER_visitante,IA%_visitante,3PC_visitante,3PT_visitante,3P%_visitante,2PC_visitante,2PT_visitante,2P%_visitante,LLC_visitante,LLT_visitante,LL%_visitante,EN_visitante,BR_visitante,B/E_visitante,TO_visitante,FC_visitante,T/FC_visitante,ET_visitante,VI_visitante,EF_visitante
67,85,2014-12-12,10,1,2014-2015,Fortaleza B. C. / CFO,Limeira,75.4,23.6,39.2,12.6,36.2,12.2,24.0,14.0,14.333333333333334,1.0439999999999998,7.866666666666666,25.2,31.144,19.6,39.666666666666664,49.44333333333332,12.6,18.0,70.498,1.3333333333333333,10.0,0.7200000000000001,2.8666666666666667,18.8,0.15600000000000003,14.333333333333334,2.533333333333333,81.33333333333333,80.73333333333333,25.4,38.666666666666664,16.666666666666668,30.4,8.6,21.8,16.4,12.466666666666667,1.4206666666666667,8.466666666666667,21.6,39.42,19.333333333333332,35.93333333333333,53.962666666666664,16.666666666666668,20.733333333333334,80.78266666666667,1.3333333333333333,8.333333333333334,0.7246666666666666,2.4,22.733333333333334,0.10866666666666666,12.466666666666667,2.6666666666666665,92.0
