placar_casa,placar_visitante,data,round,stage,ano,equipe_casa,equipe_visitante,Pts_casa,3P_casa,2P_casa,LL_casa,RT_casa,RO_casa,RD_casa,AS_casa,ER_casa,IA%_casa,3PC_casa,3PT_casa,3P%_casa,2PC_casa,2PT_casa,2P%_casa,LLC_casa,LLT_casa,LL%_casa,EN_casa,BR_casa,B/E_casa,TO_casa,FC_casa,T/FC_casa,ET_casa,VI_casa,EF_casa,Pts_visitante,3P_visitante,2P_visitante,LL_visitante,RT_visitante,RO_visitante,RD_visitante,AS_visitante,ER_visitante,IA%_visitante,3PC_visitante,3PT_visitante,3P%_visitante,2PC_visitante,2PT_visitante,2P%_visitante,LLC_visitante,LLT_visitante,LL%_visitante,EN_visitante,BR_visitante,B/E_visitante,TO_visitante,FC_visitante,T/FC_visitante,ET_visitante,VI_visitante,EF_visitante
92,97,2014-11-07,2,1,2014-2015,L. Sorocabana,Flamengo,76.93333333333334,23.8,37.06666666666667,16.066666666666666,30.733333333333334,10.333333333333334,20.4,12.866666666666667,12.733333333333333,1.0073333333333332,7.933333333333334,23.4,34.32066666666667,18.533333333333335,36.53333333333333,50.748000000000005,16.066666666666666,20.0,79.13666666666668,1.5333333333333334,8.666666666666666,0.7173333333333332,1.6,22.733333333333334,0.06800000000000002,12.733333333333333,3.0,80.66666666666667,84.46666666666667,31.8,37.6,15.066666666666666,35.6,10.533333333333333,25.066666666666666,17.6,12.466666666666667,1.4753333333333336,10.6,28.8,36.39066666666666,18.8,34.666666666666664,54.679333333333346,15.066666666666666,19.6,76.306,2.2666666666666666,9.333333333333334,0.77,1.4666666666666666,19.866666666666667,0.07866666666666669,12.466666666666667,1.7333333333333334,97.4
