placar_casa,placar_visitante,data,round,stage,ano,equipe_casa,equipe_visitante,Pts_casa,3P_casa,2P_casa,LL_casa,RT_casa,RO_casa,RD_casa,AS_casa,ER_casa,IA%_casa,3PC_casa,3PT_casa,3P%_casa,2PC_casa,2PT_casa,2P%_casa,LLC_casa,LLT_casa,LL%_casa,EN_casa,BR_casa,B/E_casa,TO_casa,FC_casa,T/FC_casa,ET_casa,VI_casa,EF_casa,Pts_visitante,3P_visitante,2P_visitante,LL_visitante,RT_visitante,RO_visitante,RD_visitante,AS_visitante,ER_visitante,IA%_visitante,3PC_visitante,3PT_visitante,3P%_visitante,2PC_visitante,2PT_visitante,2P%_visitante,LLC_visitante,LLT_visitante,LL%_visitante,EN_visitante,BR_visitante,B/E_visitante,TO_visitante,FC_visitante,T/FC_visitante,ET_visitante,VI_visitante,EF_visitante
77,82,2014-11-21,6,1,2014-2015,Rio Claro,Mogi,75.6,16.2,45.2,14.2,32.4,10.2,22.2,16.0,14.2,1.25,5.4,20.2,26.810000000000002,22.6,41.4,54.688,14.2,18.8,75.27600000000001,1.8,9.8,0.748,0.4,20.2,0.024,14.2,3.2,81.8,77.66666666666667,23.8,36.8,17.066666666666666,36.6,11.666666666666666,24.933333333333334,14.066666666666666,14.866666666666667,0.9873333333333334,7.933333333333334,19.533333333333335,39.42733333333333,18.4,38.53333333333333,47.23266666666666,17.066666666666666,22.266666666666666,76.67000000000002,1.9333333333333333,8.933333333333334,0.6206666666666666,1.6666666666666667,21.733333333333334,0.08266666666666668,14.866666666666667,3.3333333333333335,87.13333333333334
