placar_casa,placar_visitante,data,round,stage,ano,equipe_casa,equipe_visitante,Pts_casa,3P_casa,2P_casa,LL_casa,RT_casa,RO_casa,RD_casa,AS_casa,ER_casa,IA%_casa,3PC_casa,3PT_casa,3P%_casa,2PC_casa,2PT_casa,2P%_casa,LLC_casa,LLT_casa,LL%_casa,EN_casa,BR_casa,B/E_casa,TO_casa,FC_casa,T/FC_casa,ET_casa,VI_casa,EF_casa,Pts_visitante,3P_visitante,2P_visitante,LL_visitante,RT_visitante,RO_visitante,RD_visitante,AS_visitante,ER_visitante,IA%_visitante,3PC_visitante,3PT_visitante,3P%_visitante,2PC_visitante,2PT_visitante,2P%_visitante,LLC_visitante,LLT_visitante,LL%_visitante,EN_visitante,BR_visitante,B/E_visitante,TO_visitante,FC_visitante,T/FC_visitante,ET_visitante,VI_visitante,EF_visitante
80,79,2014-12-10,9,1,2014-2015,Coop/São José Basketball,Macaé Basquete,76.4,20.2,40.93333333333333,15.266666666666667,39.13333333333333,10.6,28.533333333333335,14.8,14.466666666666667,1.0706666666666669,6.733333333333333,20.6,32.02133333333333,20.466666666666665,39.333333333333336,51.97066666666667,15.266666666666667,20.333333333333332,73.77866666666667,0.26666666666666666,7.6,0.544,1.6666666666666667,18.866666666666667,0.09200000000000001,14.466666666666667,3.0,87.33333333333333,80.8,27.6,37.46666666666667,15.733333333333333,30.933333333333334,7.6,23.333333333333332,14.8,13.6,1.168,9.2,23.066666666666666,39.773999999999994,18.733333333333334,35.666666666666664,52.69066666666668,15.733333333333333,20.066666666666666,78.62866666666667,1.3333333333333333,8.933333333333334,0.6746666666666667,1.6666666666666667,23.0,0.07400000000000001,13.6,2.8666666666666667,88.4
