placar_casa,placar_visitante,data,round,stage,ano,equipe_casa,equipe_visitante,Pts_casa,3P_casa,2P_casa,LL_casa,RT_casa,RO_casa,RD_casa,AS_casa,ER_casa,IA%_casa,3PC_casa,3PT_casa,3P%_casa,2PC_casa,2PT_casa,2P%_casa,LLC_casa,LLT_casa,LL%_casa,EN_casa,BR_casa,B/E_casa,TO_casa,FC_casa,T/FC_casa,ET_casa,VI_casa,EF_casa,Pts_visitante,3P_visitante,2P_visitante,LL_visitante,RT_visitante,RO_visitante,RD_visitante,AS_visitante,ER_visitante,IA%_visitante,3PC_visitante,3PT_visitante,3P%_visitante,2PC_visitante,2PT_visitante,2P%_visitante,LLC_visitante,LLT_visitante,LL%_visitante,EN_visitante,BR_visitante,B/E_visitante,TO_visitante,FC_visitante,T/FC_visitante,ET_visitante,VI_visitante,EF_visitante
77,72,2014-11-25,7,1,2014-2015,Macaé Basquete,Palmeiras,80.66666666666667,26.8,38.666666666666664,15.2,30.4,6.866666666666666,23.533333333333335,14.533333333333333,13.866666666666667,1.1159999999999999,8.933333333333334,22.733333333333334,39.29066666666667,19.333333333333332,35.13333333333333,55.35466666666668,15.2,19.866666666666667,76.998,1.7333333333333334,9.333333333333334,0.6906666666666667,1.7333333333333334,22.666666666666668,0.07933333333333334,13.866666666666667,2.933333333333333,88.53333333333333,77.86666666666666,22.0,42.0,13.866666666666667,35.53333333333333,11.4,24.133333333333333,15.666666666666666,12.6,1.314,7.333333333333333,20.533333333333335,35.72266666666667,21.0,43.13333333333333,48.77066666666666,13.866666666666667,19.0,72.20133333333334,2.3333333333333335,12.066666666666666,1.0326666666666664,1.6,18.333333333333332,0.09133333333333332,12.6,2.2666666666666666,89.66666666666667
