placar_casa,placar_visitante,data,round,stage,ano,equipe_casa,equipe_visitante,Pts_casa,3P_casa,2P_casa,LL_casa,RT_casa,RO_casa,RD_casa,AS_casa,ER_casa,IA%_casa,3PC_casa,3PT_casa,3P%_casa,2PC_casa,2PT_casa,2P%_casa,LLC_casa,LLT_casa,LL%_casa,EN_casa,BR_casa,B/E_casa,TO_casa,FC_casa,T/FC_casa,ET_casa,VI_casa,EF_casa,Pts_visitante,3P_visitante,2P_visitante,LL_visitante,RT_visitante,RO_visitante,RD_visitante,AS_visitante,ER_visitante,IA%_visitante,3PC_visitante,3PT_visitante,3P%_visitante,2PC_visitante,2PT_visitante,2P%_visitante,LLC_visitante,LLT_visitante,LL%_visitante,EN_visitante,BR_visitante,B/E_visitante,TO_visitante,FC_visitante,T/FC_visitante,ET_visitante,VI_visitante,EF_visitante
89,70,2014-11-11,3,1,2014-2015,Coop/São José Basketball,Pinheiros,77.06666666666666,23.4,38.4,15.266666666666667,40.666666666666664,11.733333333333333,28.933333333333334,15.2,14.933333333333334,1.0539999999999998,7.8,23.0,33.186,19.2,38.53333333333333,49.87466666666667,15.266666666666667,20.733333333333334,72.48,0.5333333333333333,8.066666666666666,0.5433333333333333,2.2666666666666666,19.2,0.12400000000000003,14.933333333333334,3.0,88.33333333333333,80.4,29.0,36.4,15.0,33.0,9.733333333333333,23.266666666666666,15.266666666666667,14.066666666666666,1.1366666666666667,9.666666666666666,26.733333333333334,37.019999999999996,18.2,33.266666666666666,55.056,15.0,19.8,76.55799999999999,2.2666666666666666,10.466666666666667,0.7940000000000002,2.466666666666667,18.733333333333334,0.13933333333333334,14.066666666666666,2.3333333333333335,90.6
