placar_casa,placar_visitante,data,round,stage,ano,equipe_casa,equipe_visitante,Pts_casa,3P_casa,2P_casa,LL_casa,RT_casa,RO_casa,RD_casa,AS_casa,ER_casa,IA%_casa,3PC_casa,3PT_casa,3P%_casa,2PC_casa,2PT_casa,2P%_casa,LLC_casa,LLT_casa,LL%_casa,EN_casa,BR_casa,B/E_casa,TO_casa,FC_casa,T/FC_casa,ET_casa,VI_casa,EF_casa,Pts_visitante,3P_visitante,2P_visitante,LL_visitante,RT_visitante,RO_visitante,RD_visitante,AS_visitante,ER_visitante,IA%_visitante,3PC_visitante,3PT_visitante,3P%_visitante,2PC_visitante,2PT_visitante,2P%_visitante,LLC_visitante,LLT_visitante,LL%_visitante,EN_visitante,BR_visitante,B/E_visitante,TO_visitante,FC_visitante,T/FC_visitante,ET_visitante,VI_visitante,EF_visitante
90,80,2019-10-31,3,1,2019-2020,Bauru Basket,Fortaleza B. C. / CFO,77.8,28.3,36.93333333333333,12.566666666666666,33.86666666666667,8.866666666666667,25.0,16.666666666666668,12.8,1.3500000000000003,9.433333333333334,28.933333333333334,32.94866666666667,18.466666666666665,33.666666666666664,54.56000000000001,12.566666666666666,16.366666666666667,78.12266666666666,1.2,7.566666666666666,0.5946666666666666,1.5333333333333334,19.866666666666667,0.07666666666666667,12.8,1.6666666666666667,86.06666666666666,79.26666666666667,24.1,39.86666666666667,15.3,36.8,11.233333333333333,25.566666666666666,14.7,13.0,1.2273333333333332,8.033333333333333,24.333333333333332,32.910666666666664,19.933333333333334,40.03333333333333,49.832,15.3,20.233333333333334,76.32600000000001,1.4333333333333333,7.333333333333333,0.568,2.433333333333333,21.733333333333334,0.11733333333333335,13.0,2.5,85.93333333333334
