placar_casa,placar_visitante,data,round,stage,ano,equipe_casa,equipe_visitante,Pts_casa,3P_casa,2P_casa,LL_casa,RT_casa,RO_casa,RD_casa,AS_casa,ER_casa,IA%_casa,3PC_casa,3PT_casa,3P%_casa,2PC_casa,2PT_casa,2P%_casa,LLC_casa,LLT_casa,LL%_casa,EN_casa,BR_casa,B/E_casa,TO_casa,FC_casa,T/FC_casa,ET_casa,VI_casa,EF_casa,Pts_visitante,3P_visitante,2P_visitante,LL_visitante,RT_visitante,RO_visitante,RD_visitante,AS_visitante,ER_visitante,IA%_visitante,3PC_visitante,3PT_visitante,3P%_visitante,2PC_visitante,2PT_visitante,2P%_visitante,LLC_visitante,LLT_visitante,LL%_visitante,EN_visitante,BR_visitante,B/E_visitante,TO_visitante,FC_visitante,T/FC_visitante,ET_visitante,VI_visitante,EF_visitante
96,75,2009-11-22,4,1,2009-2010,Brasília,Araraquara,83.26666666666667,21.2,42.4,19.666666666666668,35.8,9.733333333333333,26.066666666666666,14.8,16.4,0.9580000000000001,7.066666666666666,22.8,31.308000000000003,21.2,38.13333333333333,55.49066666666666,19.666666666666668,26.333333333333332,75.15266666666668,1.4666666666666666,6.533333333333333,0.4326666666666667,3.8,24.333333333333332,0.16933333333333334,16.4,0.5333333333333333,90.06666666666666,74.26666666666667,22.8,36.666666666666664,14.8,27.333333333333332,7.4,19.933333333333334,14.6,16.933333333333334,0.922,7.6,22.933333333333334,33.27733333333333,18.333333333333332,35.6,52.243333333333325,14.8,19.266666666666666,75.66999999999999,2.6666666666666665,9.0,0.5779999999999998,3.066666666666667,22.666666666666668,0.15266666666666667,16.933333333333334,0.13333333333333333,74.26666666666667
