placar_casa,placar_visitante,data,round,stage,ano,equipe_casa,equipe_visitante,Pts_casa,3P_casa,2P_casa,LL_casa,RT_casa,RO_casa,RD_casa,AS_casa,ER_casa,IA%_casa,3PC_casa,3PT_casa,3P%_casa,2PC_casa,2PT_casa,2P%_casa,LLC_casa,LLT_casa,LL%_casa,EN_casa,BR_casa,B/E_casa,TO_casa,FC_casa,T/FC_casa,ET_casa,VI_casa,EF_casa,Pts_visitante,3P_visitante,2P_visitante,LL_visitante,RT_visitante,RO_visitante,RD_visitante,AS_visitante,ER_visitante,IA%_visitante,3PC_visitante,3PT_visitante,3P%_visitante,2PC_visitante,2PT_visitante,2P%_visitante,LLC_visitante,LLT_visitante,LL%_visitante,EN_visitante,BR_visitante,B/E_visitante,TO_visitante,FC_visitante,T/FC_visitante,ET_visitante,VI_visitante,EF_visitante
85,74,2010-01-15,9,1,2009-2010,Bauru Basket,Londrina,73.3,25.2,38.2,9.9,31.1,9.8,21.3,14.0,10.4,1.517,8.4,23.2,36.46,19.1,38.3,50.632999999999996,9.9,15.3,67.312,1.8,6.1,0.6609999999999999,2.7,15.9,0.188,10.4,1.7,77.4,78.0,22.714285714285715,36.857142857142854,18.428571428571427,31.142857142857142,12.857142857142858,18.285714285714285,14.571428571428571,16.714285714285715,0.8828571428571428,7.571428571428571,25.857142857142858,28.791428571428575,18.428571428571427,37.57142857142857,49.51857142857143,18.428571428571427,24.714285714285715,74.77714285714286,0.42857142857142855,7.857142857142857,0.47285714285714286,3.7142857142857144,18.428571428571427,0.21000000000000002,16.714285714285715,2.5714285714285716,74.85714285714286
