placar_casa,placar_visitante,data,round,stage,ano,equipe_casa,equipe_visitante,Pts_casa,3P_casa,2P_casa,LL_casa,RT_casa,RO_casa,RD_casa,AS_casa,ER_casa,IA%_casa,3PC_casa,3PT_casa,3P%_casa,2PC_casa,2PT_casa,2P%_casa,LLC_casa,LLT_casa,LL%_casa,EN_casa,BR_casa,B/E_casa,TO_casa,FC_casa,T/FC_casa,ET_casa,VI_casa,EF_casa,Pts_visitante,3P_visitante,2P_visitante,LL_visitante,RT_visitante,RO_visitante,RD_visitante,AS_visitante,ER_visitante,IA%_visitante,3PC_visitante,3PT_visitante,3P%_visitante,2PC_visitante,2PT_visitante,2P%_visitante,LLC_visitante,LLT_visitante,LL%_visitante,EN_visitante,BR_visitante,B/E_visitante,TO_visitante,FC_visitante,T/FC_visitante,ET_visitante,VI_visitante,EF_visitante
92,90,2010-01-20,9,1,2009-2010,Assis,Joinville,71.0,21.2,34.0,15.8,29.866666666666667,7.8,22.066666666666666,9.866666666666667,13.6,0.7966666666666667,7.066666666666666,21.866666666666667,31.926000000000002,17.0,33.93333333333333,49.865333333333325,15.8,23.266666666666666,67.88333333333335,1.8666666666666667,5.4,0.4006666666666666,3.2666666666666666,19.666666666666668,0.1726666666666667,13.6,1.2,66.6,82.8,31.2,37.86666666666667,13.733333333333333,33.6,11.2,22.4,15.733333333333333,13.0,1.3773333333333333,10.4,27.733333333333334,37.52066666666667,18.933333333333334,38.06666666666667,49.77133333333333,13.733333333333333,17.933333333333334,75.356,1.3333333333333333,8.333333333333334,0.702,2.6,19.266666666666666,0.148,13.0,0.8666666666666667,89.4
