placar_casa,placar_visitante,data,round,stage,ano,equipe_casa,equipe_visitante,Pts_casa,3P_casa,2P_casa,LL_casa,RT_casa,RO_casa,RD_casa,AS_casa,ER_casa,IA%_casa,3PC_casa,3PT_casa,3P%_casa,2PC_casa,2PT_casa,2P%_casa,LLC_casa,LLT_casa,LL%_casa,EN_casa,BR_casa,B/E_casa,TO_casa,FC_casa,T/FC_casa,ET_casa,VI_casa,EF_casa,Pts_visitante,3P_visitante,2P_visitante,LL_visitante,RT_visitante,RO_visitante,RD_visitante,AS_visitante,ER_visitante,IA%_visitante,3PC_visitante,3PT_visitante,3P%_visitante,2PC_visitante,2PT_visitante,2P%_visitante,LLC_visitante,LLT_visitante,LL%_visitante,EN_visitante,BR_visitante,B/E_visitante,TO_visitante,FC_visitante,T/FC_visitante,ET_visitante,VI_visitante,EF_visitante
67,61,2009-12-06,7,1,2009-2010,Joinville,Araraquara,84.8,33.0,37.333333333333336,14.466666666666667,32.46666666666667,10.0,22.466666666666665,16.266666666666666,13.6,1.32,11.0,27.4,40.506666666666675,18.666666666666668,37.06666666666667,50.398666666666664,14.466666666666667,18.733333333333334,75.95866666666666,1.4,8.0,0.5980000000000001,2.4,20.0,0.13133333333333333,13.6,0.7333333333333333,91.26666666666667,73.2,21.2,37.333333333333336,14.666666666666666,27.8,7.4,20.4,14.066666666666666,16.466666666666665,0.9039999999999999,7.066666666666666,22.933333333333334,31.329333333333334,18.666666666666668,36.6,51.589333333333336,14.666666666666666,18.866666666666667,76.52066666666668,2.6666666666666665,8.0,0.534,3.3333333333333335,22.533333333333335,0.156,16.466666666666665,0.3333333333333333,71.93333333333334
