placar_casa,placar_visitante,data,round,stage,ano,equipe_casa,equipe_visitante,Pts_casa,3P_casa,2P_casa,LL_casa,RT_casa,RO_casa,RD_casa,AS_casa,ER_casa,IA%_casa,3PC_casa,3PT_casa,3P%_casa,2PC_casa,2PT_casa,2P%_casa,LLC_casa,LLT_casa,LL%_casa,EN_casa,BR_casa,B/E_casa,TO_casa,FC_casa,T/FC_casa,ET_casa,VI_casa,EF_casa,Pts_visitante,3P_visitante,2P_visitante,LL_visitante,RT_visitante,RO_visitante,RD_visitante,AS_visitante,ER_visitante,IA%_visitante,3PC_visitante,3PT_visitante,3P%_visitante,2PC_visitante,2PT_visitante,2P%_visitante,LLC_visitante,LLT_visitante,LL%_visitante,EN_visitante,BR_visitante,B/E_visitante,TO_visitante,FC_visitante,T/FC_visitante,ET_visitante,VI_visitante,EF_visitante
85,91,2010-02-28,4,2,2009-2010,Paulistano,Saldanha,77.66666666666667,20.2,43.06666666666667,14.4,30.0,10.0,20.0,13.266666666666667,14.066666666666666,1.0393333333333332,6.733333333333333,22.666666666666668,29.868000000000002,21.533333333333335,41.333333333333336,52.550666666666665,14.4,22.066666666666666,64.45933333333333,1.2,7.0,0.5713333333333332,2.2666666666666666,21.8,0.10733333333333334,14.066666666666666,2.066666666666667,72.73333333333333,71.53333333333333,18.0,42.13333333333333,11.4,28.266666666666666,8.2,20.066666666666666,8.6,11.733333333333333,0.7486666666666667,6.0,21.266666666666666,28.404666666666664,21.066666666666666,41.6,51.244,11.4,20.933333333333334,54.11199999999999,1.8,9.0,0.7926666666666666,1.4,19.266666666666666,0.07400000000000001,11.733333333333333,2.8666666666666667,61.733333333333334
