placar_casa,placar_visitante,data,round,stage,ano,equipe_casa,equipe_visitante,Pts_casa,3P_casa,2P_casa,LL_casa,RT_casa,RO_casa,RD_casa,AS_casa,ER_casa,IA%_casa,3PC_casa,3PT_casa,3P%_casa,2PC_casa,2PT_casa,2P%_casa,LLC_casa,LLT_casa,LL%_casa,EN_casa,BR_casa,B/E_casa,TO_casa,FC_casa,T/FC_casa,ET_casa,VI_casa,EF_casa,Pts_visitante,3P_visitante,2P_visitante,LL_visitante,RT_visitante,RO_visitante,RD_visitante,AS_visitante,ER_visitante,IA%_visitante,3PC_visitante,3PT_visitante,3P%_visitante,2PC_visitante,2PT_visitante,2P%_visitante,LLC_visitante,LLT_visitante,LL%_visitante,EN_visitante,BR_visitante,B/E_visitante,TO_visitante,FC_visitante,T/FC_visitante,ET_visitante,VI_visitante,EF_visitante
94,83,2010-01-29,13,1,2009-2010,Sesi Franca,Araraquara,81.8,27.8,36.93333333333333,17.066666666666666,27.933333333333334,7.6,20.333333333333332,13.466666666666667,11.533333333333333,1.492,9.266666666666667,25.733333333333334,35.85266666666667,18.466666666666665,37.333333333333336,49.88999999999999,17.066666666666666,23.0,74.53600000000002,0.13333333333333333,7.066666666666666,0.6733333333333335,2.2666666666666666,21.933333333333334,0.11400000000000002,11.533333333333333,0.8,79.73333333333333,73.93333333333334,24.4,39.46666666666667,10.066666666666666,28.866666666666667,8.266666666666667,20.6,15.333333333333334,14.533333333333333,1.1173333333333333,8.133333333333333,25.933333333333334,30.926,19.733333333333334,39.333333333333336,50.73266666666666,10.066666666666666,13.666666666666666,74.21000000000001,2.6666666666666665,8.333333333333334,0.6206666666666667,3.1333333333333333,20.466666666666665,0.15866666666666665,14.533333333333333,1.4,74.06666666666666
