placar_casa,placar_visitante,data,round,stage,ano,equipe_casa,equipe_visitante,Pts_casa,3P_casa,2P_casa,LL_casa,RT_casa,RO_casa,RD_casa,AS_casa,ER_casa,IA%_casa,3PC_casa,3PT_casa,3P%_casa,2PC_casa,2PT_casa,2P%_casa,LLC_casa,LLT_casa,LL%_casa,EN_casa,BR_casa,B/E_casa,TO_casa,FC_casa,T/FC_casa,ET_casa,VI_casa,EF_casa,Pts_visitante,3P_visitante,2P_visitante,LL_visitante,RT_visitante,RO_visitante,RD_visitante,AS_visitante,ER_visitante,IA%_visitante,3PC_visitante,3PT_visitante,3P%_visitante,2PC_visitante,2PT_visitante,2P%_visitante,LLC_visitante,LLT_visitante,LL%_visitante,EN_visitante,BR_visitante,B/E_visitante,TO_visitante,FC_visitante,T/FC_visitante,ET_visitante,VI_visitante,EF_visitante
79,76,2010-01-18,10,1,2009-2010,Bauru Basket,Joinville,77.6,26.4,39.6,11.6,32.266666666666666,10.533333333333333,21.733333333333334,13.4,9.466666666666667,1.6980000000000002,8.8,23.8,37.048,19.8,39.266666666666666,50.85266666666667,11.6,17.0,69.222,1.8666666666666667,6.466666666666667,0.8006666666666666,2.2666666666666666,16.0,0.154,9.466666666666667,1.3333333333333333,82.66666666666667,83.53333333333333,32.6,36.93333333333333,14.0,32.93333333333333,10.733333333333333,22.2,15.8,13.6,1.262,10.866666666666667,27.6,39.73533333333333,18.466666666666665,37.13333333333333,49.80866666666667,14.0,18.4,74.72866666666665,1.4,8.533333333333333,0.6646666666666668,2.466666666666667,19.533333333333335,0.13866666666666666,13.6,0.8,89.86666666666666
