placar_casa,placar_visitante,data,round,stage,ano,equipe_casa,equipe_visitante,Pts_casa,3P_casa,2P_casa,LL_casa,RT_casa,RO_casa,RD_casa,AS_casa,ER_casa,IA%_casa,3PC_casa,3PT_casa,3P%_casa,2PC_casa,2PT_casa,2P%_casa,LLC_casa,LLT_casa,LL%_casa,EN_casa,BR_casa,B/E_casa,TO_casa,FC_casa,T/FC_casa,ET_casa,VI_casa,EF_casa,Pts_visitante,3P_visitante,2P_visitante,LL_visitante,RT_visitante,RO_visitante,RD_visitante,AS_visitante,ER_visitante,IA%_visitante,3PC_visitante,3PT_visitante,3P%_visitante,2PC_visitante,2PT_visitante,2P%_visitante,LLC_visitante,LLT_visitante,LL%_visitante,EN_visitante,BR_visitante,B/E_visitante,TO_visitante,FC_visitante,T/FC_visitante,ET_visitante,VI_visitante,EF_visitante
90,92,2016-11-15,3,1,2016-2017,Macaé Basquete,Pinheiros,73.4,23.0,32.8,17.6,33.733333333333334,8.866666666666667,24.866666666666667,14.866666666666667,15.133333333333333,1.0286666666666666,7.666666666666667,24.066666666666666,32.26,16.4,35.13333333333333,47.14266666666666,17.6,22.866666666666667,76.28866666666666,1.0,8.333333333333334,0.5953333333333333,1.5333333333333334,21.066666666666666,0.07266666666666668,15.133333333333333,3.2,76.33333333333333,79.73333333333333,23.8,39.46666666666667,16.466666666666665,38.0,10.6,27.4,13.4,13.2,1.0646666666666667,7.933333333333334,23.4,33.371333333333325,19.733333333333334,40.666666666666664,48.57866666666667,16.466666666666665,22.2,75.308,1.7333333333333334,9.866666666666667,0.7726666666666667,2.1333333333333333,20.133333333333333,0.11133333333333334,13.2,3.466666666666667,87.8
