placar_casa,placar_visitante,data,round,stage,ano,equipe_casa,equipe_visitante,Pts_casa,3P_casa,2P_casa,LL_casa,RT_casa,RO_casa,RD_casa,AS_casa,ER_casa,IA%_casa,3PC_casa,3PT_casa,3P%_casa,2PC_casa,2PT_casa,2P%_casa,LLC_casa,LLT_casa,LL%_casa,EN_casa,BR_casa,B/E_casa,TO_casa,FC_casa,T/FC_casa,ET_casa,VI_casa,EF_casa,Pts_visitante,3P_visitante,2P_visitante,LL_visitante,RT_visitante,RO_visitante,RD_visitante,AS_visitante,ER_visitante,IA%_visitante,3PC_visitante,3PT_visitante,3P%_visitante,2PC_visitante,2PT_visitante,2P%_visitante,LLC_visitante,LLT_visitante,LL%_visitante,EN_visitante,BR_visitante,B/E_visitante,TO_visitante,FC_visitante,T/FC_visitante,ET_visitante,VI_visitante,EF_visitante
89,66,2017-01-10,14,1,2016-2017,Mogi,Bauru Basket,83.8,30.8,38.0,15.0,34.733333333333334,9.333333333333334,25.4,18.733333333333334,12.866666666666667,1.5426666666666666,10.266666666666667,26.0,38.515333333333324,19.0,36.46666666666667,52.900666666666666,15.0,19.6,77.42399999999999,1.4666666666666666,9.533333333333333,0.7966666666666667,2.1333333333333333,21.133333333333333,0.10000000000000003,12.866666666666667,2.1333333333333333,98.26666666666667,80.2,31.4,34.93333333333333,13.866666666666667,39.2,9.6,29.6,16.866666666666667,14.066666666666666,1.2779999999999998,10.466666666666667,29.666666666666668,35.42933333333334,17.466666666666665,33.93333333333333,51.19266666666667,13.866666666666667,18.666666666666668,74.712,1.0,5.8,0.4446666666666667,1.2,18.133333333333333,0.06666666666666667,14.066666666666666,3.6,88.73333333333333
