placar_casa,placar_visitante,data,round,stage,ano,equipe_casa,equipe_visitante,Pts_casa,3P_casa,2P_casa,LL_casa,RT_casa,RO_casa,RD_casa,AS_casa,ER_casa,IA%_casa,3PC_casa,3PT_casa,3P%_casa,2PC_casa,2PT_casa,2P%_casa,LLC_casa,LLT_casa,LL%_casa,EN_casa,BR_casa,B/E_casa,TO_casa,FC_casa,T/FC_casa,ET_casa,VI_casa,EF_casa,Pts_visitante,3P_visitante,2P_visitante,LL_visitante,RT_visitante,RO_visitante,RD_visitante,AS_visitante,ER_visitante,IA%_visitante,3PC_visitante,3PT_visitante,3P%_visitante,2PC_visitante,2PT_visitante,2P%_visitante,LLC_visitante,LLT_visitante,LL%_visitante,EN_visitante,BR_visitante,B/E_visitante,TO_visitante,FC_visitante,T/FC_visitante,ET_visitante,VI_visitante,EF_visitante
85,76,2017-01-19,17,1,2016-2017,R10 Score Vasco da Gama,Brasília,74.0,22.384615384615383,36.0,15.615384615384615,32.38461538461539,8.307692307692308,24.076923076923077,15.23076923076923,14.076923076923077,1.146153846153846,7.461538461538462,22.46153846153846,32.18846153846154,18.0,35.07692307692308,51.81923076923077,15.615384615384615,19.692307692307693,79.26307692307691,1.1538461538461537,7.153846153846154,0.5438461538461539,1.4615384615384615,19.307692307692307,0.08461538461538462,14.076923076923077,4.076923076923077,80.0,83.6,28.6,42.666666666666664,12.333333333333334,37.53333333333333,9.4,28.133333333333333,20.733333333333334,13.066666666666666,1.8113333333333332,9.533333333333333,24.466666666666665,38.104,21.333333333333332,39.13333333333333,54.28333333333333,12.333333333333334,16.933333333333334,71.01199999999999,1.4,5.2,0.43533333333333335,2.466666666666667,18.466666666666665,0.13799999999999998,13.066666666666666,3.1333333333333333,99.13333333333334
