placar_casa,placar_visitante,data,round,stage,ano,equipe_casa,equipe_visitante,Pts_casa,3P_casa,2P_casa,LL_casa,RT_casa,RO_casa,RD_casa,AS_casa,ER_casa,IA%_casa,3PC_casa,3PT_casa,3P%_casa,2PC_casa,2PT_casa,2P%_casa,LLC_casa,LLT_casa,LL%_casa,EN_casa,BR_casa,B/E_casa,TO_casa,FC_casa,T/FC_casa,ET_casa,VI_casa,EF_casa,Pts_visitante,3P_visitante,2P_visitante,LL_visitante,RT_visitante,RO_visitante,RD_visitante,AS_visitante,ER_visitante,IA%_visitante,3PC_visitante,3PT_visitante,3P%_visitante,2PC_visitante,2PT_visitante,2P%_visitante,LLC_visitante,LLT_visitante,LL%_visitante,EN_visitante,BR_visitante,B/E_visitante,TO_visitante,FC_visitante,T/FC_visitante,ET_visitante,VI_visitante,EF_visitante
77,92,2016-12-14,10,1,2016-2017,Pinheiros,Paulistano,84.86666666666666,23.4,43.86666666666667,17.6,37.53333333333333,11.466666666666667,26.066666666666666,16.266666666666666,12.133333333333333,1.3866666666666667,7.8,25.333333333333332,30.508,21.933333333333334,40.8,53.594,17.6,22.8,78.46400000000001,2.466666666666667,9.266666666666667,0.7899999999999999,2.0,20.266666666666666,0.108,12.133333333333333,3.2666666666666666,96.2,82.0,26.6,40.4,15.0,37.06666666666667,12.533333333333333,24.533333333333335,17.4,12.533333333333333,1.5133333333333332,8.866666666666667,27.066666666666666,32.098,20.2,39.46666666666667,51.480666666666664,15.0,18.0,82.896,1.8,7.933333333333334,0.7033333333333334,1.8,19.466666666666665,0.09933333333333334,12.533333333333333,3.0,93.2
