placar_casa,placar_visitante,data,round,stage,ano,equipe_casa,equipe_visitante,Pts_casa,3P_casa,2P_casa,LL_casa,RT_casa,RO_casa,RD_casa,AS_casa,ER_casa,IA%_casa,3PC_casa,3PT_casa,3P%_casa,2PC_casa,2PT_casa,2P%_casa,LLC_casa,LLT_casa,LL%_casa,EN_casa,BR_casa,B/E_casa,TO_casa,FC_casa,T/FC_casa,ET_casa,VI_casa,EF_casa,Pts_visitante,3P_visitante,2P_visitante,LL_visitante,RT_visitante,RO_visitante,RD_visitante,AS_visitante,ER_visitante,IA%_visitante,3PC_visitante,3PT_visitante,3P%_visitante,2PC_visitante,2PT_visitante,2P%_visitante,LLC_visitante,LLT_visitante,LL%_visitante,EN_visitante,BR_visitante,B/E_visitante,TO_visitante,FC_visitante,T/FC_visitante,ET_visitante,VI_visitante,EF_visitante
85,66,2016-11-29,7,1,2016-2017,Sesi Franca,Caxias do Sul Basquete,78.4,21.6,38.4,18.4,31.8,8.666666666666666,23.133333333333333,14.466666666666667,16.133333333333333,0.9773333333333335,7.2,21.666666666666668,33.72866666666667,19.2,35.6,54.38866666666667,18.4,23.6,77.16466666666669,1.7333333333333334,8.066666666666666,0.5086666666666667,2.466666666666667,20.6,0.12066666666666667,16.133333333333333,3.8,83.0,75.73333333333333,25.2,34.8,15.733333333333333,33.46666666666667,8.933333333333334,24.533333333333335,14.0,13.133333333333333,1.0953333333333335,8.4,24.666666666666668,34.16133333333333,17.4,36.6,48.050666666666665,15.733333333333333,22.066666666666666,72.25266666666667,1.4666666666666666,8.466666666666667,0.6353333333333333,1.4,22.0,0.06933333333333333,13.133333333333333,3.8,78.13333333333334
