placar_casa,placar_visitante,data,round,stage,ano,equipe_casa,equipe_visitante,Pts_casa,3P_casa,2P_casa,LL_casa,RT_casa,RO_casa,RD_casa,AS_casa,ER_casa,IA%_casa,3PC_casa,3PT_casa,3P%_casa,2PC_casa,2PT_casa,2P%_casa,LLC_casa,LLT_casa,LL%_casa,EN_casa,BR_casa,B/E_casa,TO_casa,FC_casa,T/FC_casa,ET_casa,VI_casa,EF_casa,Pts_visitante,3P_visitante,2P_visitante,LL_visitante,RT_visitante,RO_visitante,RD_visitante,AS_visitante,ER_visitante,IA%_visitante,3PC_visitante,3PT_visitante,3P%_visitante,2PC_visitante,2PT_visitante,2P%_visitante,LLC_visitante,LLT_visitante,LL%_visitante,EN_visitante,BR_visitante,B/E_visitante,TO_visitante,FC_visitante,T/FC_visitante,ET_visitante,VI_visitante,EF_visitante
82,49,2016-12-20,11,1,2016-2017,Paulistano,Caxias do Sul Basquete,82.26666666666667,26.2,40.266666666666666,15.8,37.06666666666667,12.133333333333333,24.933333333333334,16.8,13.0,1.4213333333333331,8.733333333333333,26.4,32.848,20.133333333333333,39.666666666666664,51.10733333333333,15.8,19.066666666666666,82.72399999999999,1.8666666666666667,8.333333333333334,0.7066666666666666,1.8,19.333333333333332,0.10000000000000002,13.0,2.8666666666666667,92.8,75.0,21.0,37.06666666666667,16.933333333333334,32.733333333333334,8.6,24.133333333333333,14.066666666666666,13.466666666666667,1.066,7.0,22.0,31.508,18.533333333333335,38.666666666666664,48.248000000000005,16.933333333333334,23.6,72.5,1.5333333333333334,7.066666666666666,0.5180000000000001,1.7333333333333334,21.333333333333332,0.08333333333333334,13.466666666666667,3.6,75.33333333333333
