placar_casa,placar_visitante,data,round,stage,ano,equipe_casa,equipe_visitante,Pts_casa,3P_casa,2P_casa,LL_casa,RT_casa,RO_casa,RD_casa,AS_casa,ER_casa,IA%_casa,3PC_casa,3PT_casa,3P%_casa,2PC_casa,2PT_casa,2P%_casa,LLC_casa,LLT_casa,LL%_casa,EN_casa,BR_casa,B/E_casa,TO_casa,FC_casa,T/FC_casa,ET_casa,VI_casa,EF_casa,Pts_visitante,3P_visitante,2P_visitante,LL_visitante,RT_visitante,RO_visitante,RD_visitante,AS_visitante,ER_visitante,IA%_visitante,3PC_visitante,3PT_visitante,3P%_visitante,2PC_visitante,2PT_visitante,2P%_visitante,LLC_visitante,LLT_visitante,LL%_visitante,EN_visitante,BR_visitante,B/E_visitante,TO_visitante,FC_visitante,T/FC_visitante,ET_visitante,VI_visitante,EF_visitante
66,73,2016-11-26,6,1,2016-2017,L. Sorocabana,Brasília,73.66666666666667,21.6,39.333333333333336,12.733333333333333,34.2,12.2,22.0,14.866666666666667,15.2,1.036,7.2,22.6,31.73333333333333,19.666666666666668,40.13333333333333,48.716,12.733333333333333,18.266666666666666,69.41866666666667,2.2,9.866666666666667,0.7140000000000001,2.2666666666666666,22.6,0.10666666666666667,15.2,3.933333333333333,78.26666666666667,85.86666666666666,28.8,43.2,13.866666666666667,34.06666666666667,8.733333333333333,25.333333333333332,19.666666666666668,12.866666666666667,1.6273333333333333,9.6,24.466666666666665,39.39200000000001,21.6,38.2,56.54933333333333,13.866666666666667,18.466666666666665,74.95733333333332,1.7333333333333334,6.666666666666667,0.5346666666666667,2.3333333333333335,22.4,0.10533333333333336,12.866666666666667,2.533333333333333,99.66666666666667
