placar_casa,placar_visitante,data,round,stage,ano,equipe_casa,equipe_visitante,Pts_casa,3P_casa,2P_casa,LL_casa,RT_casa,RO_casa,RD_casa,AS_casa,ER_casa,IA%_casa,3PC_casa,3PT_casa,3P%_casa,2PC_casa,2PT_casa,2P%_casa,LLC_casa,LLT_casa,LL%_casa,EN_casa,BR_casa,B/E_casa,TO_casa,FC_casa,T/FC_casa,ET_casa,VI_casa,EF_casa,Pts_visitante,3P_visitante,2P_visitante,LL_visitante,RT_visitante,RO_visitante,RD_visitante,AS_visitante,ER_visitante,IA%_visitante,3PC_visitante,3PT_visitante,3P%_visitante,2PC_visitante,2PT_visitante,2P%_visitante,LLC_visitante,LLT_visitante,LL%_visitante,EN_visitante,BR_visitante,B/E_visitante,TO_visitante,FC_visitante,T/FC_visitante,ET_visitante,VI_visitante,EF_visitante
57,83,2017-01-17,6,1,2016-2017,Mogi,Flamengo,83.13333333333334,31.0,37.333333333333336,14.8,34.06666666666667,9.133333333333333,24.933333333333334,19.4,12.933333333333334,1.5813333333333333,10.333333333333334,26.866666666666667,37.618,18.666666666666668,35.333333333333336,53.743333333333325,14.8,19.666666666666668,75.82333333333332,1.5333333333333334,9.666666666666666,0.7866666666666668,1.8666666666666667,20.533333333333335,0.09066666666666667,12.933333333333334,2.1333333333333333,97.13333333333334,90.33333333333333,26.0,45.46666666666667,18.866666666666667,40.6,10.733333333333333,29.866666666666667,19.866666666666667,12.533333333333333,1.7473333333333334,8.666666666666666,24.933333333333334,34.12066666666667,22.733333333333334,41.266666666666666,55.20733333333333,18.866666666666667,24.466666666666665,76.86733333333333,1.0,7.533333333333333,0.6706666666666666,1.8666666666666667,18.733333333333334,0.10866666666666666,12.533333333333333,3.066666666666667,107.26666666666667
