placar_casa,placar_visitante,data,round,stage,ano,equipe_casa,equipe_visitante,Pts_casa,3P_casa,2P_casa,LL_casa,RT_casa,RO_casa,RD_casa,AS_casa,ER_casa,IA%_casa,3PC_casa,3PT_casa,3P%_casa,2PC_casa,2PT_casa,2P%_casa,LLC_casa,LLT_casa,LL%_casa,EN_casa,BR_casa,B/E_casa,TO_casa,FC_casa,T/FC_casa,ET_casa,VI_casa,EF_casa,Pts_visitante,3P_visitante,2P_visitante,LL_visitante,RT_visitante,RO_visitante,RD_visitante,AS_visitante,ER_visitante,IA%_visitante,3PC_visitante,3PT_visitante,3P%_visitante,2PC_visitante,2PT_visitante,2P%_visitante,LLC_visitante,LLT_visitante,LL%_visitante,EN_visitante,BR_visitante,B/E_visitante,TO_visitante,FC_visitante,T/FC_visitante,ET_visitante,VI_visitante,EF_visitante
85,66,2016-12-10,13,1,2016-2017,Flamengo,Macaé Basquete,86.4,24.2,43.333333333333336,18.866666666666667,39.13333333333333,10.333333333333334,28.8,17.666666666666668,11.333333333333334,1.6939999999999997,8.066666666666666,24.466666666666665,32.062666666666665,21.666666666666668,40.333333333333336,53.941333333333326,18.866666666666667,24.8,74.69733333333333,0.8666666666666667,7.933333333333334,0.7886666666666666,2.2666666666666666,22.2,0.10866666666666669,11.333333333333334,2.8666666666666667,101.06666666666666,74.93333333333334,24.0,33.733333333333334,17.2,34.8,10.866666666666667,23.933333333333334,15.266666666666667,14.466666666666667,1.1213333333333333,8.0,25.533333333333335,31.200666666666663,16.866666666666667,37.13333333333333,45.93866666666667,17.2,22.066666666666666,77.06400000000001,1.0,7.6,0.5646666666666668,1.5333333333333334,21.733333333333334,0.07333333333333335,14.466666666666667,2.933333333333333,77.0
