placar_casa,placar_visitante,data,round,stage,ano,equipe_casa,equipe_visitante,Pts_casa,3P_casa,2P_casa,LL_casa,RT_casa,RO_casa,RD_casa,AS_casa,ER_casa,IA%_casa,3PC_casa,3PT_casa,3P%_casa,2PC_casa,2PT_casa,2P%_casa,LLC_casa,LLT_casa,LL%_casa,EN_casa,BR_casa,B/E_casa,TO_casa,FC_casa,T/FC_casa,ET_casa,VI_casa,EF_casa,Pts_visitante,3P_visitante,2P_visitante,LL_visitante,RT_visitante,RO_visitante,RD_visitante,AS_visitante,ER_visitante,IA%_visitante,3PC_visitante,3PT_visitante,3P%_visitante,2PC_visitante,2PT_visitante,2P%_visitante,LLC_visitante,LLT_visitante,LL%_visitante,EN_visitante,BR_visitante,B/E_visitante,TO_visitante,FC_visitante,T/FC_visitante,ET_visitante,VI_visitante,EF_visitante
80,87,2016-11-17,3,1,2016-2017,Caxias do Sul Basquete,Mogi,75.46666666666667,28.0,32.93333333333333,14.533333333333333,32.8,9.2,23.6,14.133333333333333,13.266666666666667,1.1033333333333333,9.333333333333334,26.933333333333334,35.15266666666666,16.466666666666665,34.13333333333333,48.28666666666666,14.533333333333333,19.933333333333334,74.43533333333335,1.7333333333333334,8.866666666666667,0.6853333333333332,1.4,22.533333333333335,0.06466666666666668,13.266666666666667,4.333333333333333,78.73333333333333,79.06666666666666,22.0,40.53333333333333,16.533333333333335,37.86666666666667,11.4,26.466666666666665,14.866666666666667,12.066666666666666,1.3213333333333337,7.333333333333333,22.2,33.47,20.266666666666666,40.4,50.216666666666676,16.533333333333335,22.2,74.22866666666667,1.8,10.0,0.8886666666666667,2.2666666666666666,21.4,0.10533333333333335,12.066666666666666,2.533333333333333,91.33333333333333
