placar_casa,placar_visitante,data,round,stage,ano,equipe_casa,equipe_visitante,Pts_casa,3P_casa,2P_casa,LL_casa,RT_casa,RO_casa,RD_casa,AS_casa,ER_casa,IA%_casa,3PC_casa,3PT_casa,3P%_casa,2PC_casa,2PT_casa,2P%_casa,LLC_casa,LLT_casa,LL%_casa,EN_casa,BR_casa,B/E_casa,TO_casa,FC_casa,T/FC_casa,ET_casa,VI_casa,EF_casa,Pts_visitante,3P_visitante,2P_visitante,LL_visitante,RT_visitante,RO_visitante,RD_visitante,AS_visitante,ER_visitante,IA%_visitante,3PC_visitante,3PT_visitante,3P%_visitante,2PC_visitante,2PT_visitante,2P%_visitante,LLC_visitante,LLT_visitante,LL%_visitante,EN_visitante,BR_visitante,B/E_visitante,TO_visitante,FC_visitante,T/FC_visitante,ET_visitante,VI_visitante,EF_visitante
81,83,2017-01-10,14,1,2016-2017,VipTech CMB,Sesi Franca,76.33333333333333,28.5,34.333333333333336,13.5,36.333333333333336,11.5,24.833333333333332,14.75,13.0,1.22,9.5,29.0,32.51833333333333,17.166666666666668,35.5,48.573333333333345,13.5,19.25,69.99166666666666,1.0,6.833333333333333,0.5716666666666668,3.1666666666666665,20.083333333333332,0.16916666666666666,13.0,3.0,80.83333333333333,76.6,22.2,38.13333333333333,16.266666666666666,33.2,8.8,24.4,15.0,13.733333333333333,1.1733333333333331,7.4,22.266666666666666,33.22933333333333,19.066666666666666,36.333333333333336,52.849999999999994,16.266666666666666,22.266666666666666,72.74733333333333,1.6,7.2,0.5760000000000001,2.2,21.4,0.10333333333333335,13.733333333333333,3.533333333333333,82.33333333333333
