placar_casa,placar_visitante,data,round,stage,ano,equipe_casa,equipe_visitante,Pts_casa,3P_casa,2P_casa,LL_casa,RT_casa,RO_casa,RD_casa,AS_casa,ER_casa,IA%_casa,3PC_casa,3PT_casa,3P%_casa,2PC_casa,2PT_casa,2P%_casa,LLC_casa,LLT_casa,LL%_casa,EN_casa,BR_casa,B/E_casa,TO_casa,FC_casa,T/FC_casa,ET_casa,VI_casa,EF_casa,Pts_visitante,3P_visitante,2P_visitante,LL_visitante,RT_visitante,RO_visitante,RD_visitante,AS_visitante,ER_visitante,IA%_visitante,3PC_visitante,3PT_visitante,3P%_visitante,2PC_visitante,2PT_visitante,2P%_visitante,LLC_visitante,LLT_visitante,LL%_visitante,EN_visitante,BR_visitante,B/E_visitante,TO_visitante,FC_visitante,T/FC_visitante,ET_visitante,VI_visitante,EF_visitante
75,86,2016-12-20,11,1,2016-2017,Bauru Basket,Minas,81.6,31.0,35.46666666666667,15.133333333333333,39.6,9.133333333333333,30.466666666666665,16.6,14.466666666666667,1.2086666666666663,10.333333333333334,29.333333333333332,35.25466666666667,17.733333333333334,33.4,52.74733333333333,15.133333333333333,20.733333333333334,73.86533333333334,1.0666666666666667,6.133333333333334,0.4633333333333332,1.2,19.133333333333333,0.06200000000000001,14.466666666666667,3.466666666666667,90.4,78.46666666666667,19.6,44.266666666666666,14.6,38.2,11.933333333333334,26.266666666666666,16.533333333333335,15.933333333333334,1.0553333333333332,6.533333333333333,21.8,30.528000000000002,22.133333333333333,41.6,53.162,14.6,20.2,72.26199999999999,1.8666666666666667,7.8,0.5006666666666667,1.7333333333333334,22.0,0.08066666666666669,15.933333333333334,5.0,86.46666666666667
