placar_casa,placar_visitante,data,round,stage,ano,equipe_casa,equipe_visitante,Pts_casa,3P_casa,2P_casa,LL_casa,RT_casa,RO_casa,RD_casa,AS_casa,ER_casa,IA%_casa,3PC_casa,3PT_casa,3P%_casa,2PC_casa,2PT_casa,2P%_casa,LLC_casa,LLT_casa,LL%_casa,EN_casa,BR_casa,B/E_casa,TO_casa,FC_casa,T/FC_casa,ET_casa,VI_casa,EF_casa,Pts_visitante,3P_visitante,2P_visitante,LL_visitante,RT_visitante,RO_visitante,RD_visitante,AS_visitante,ER_visitante,IA%_visitante,3PC_visitante,3PT_visitante,3P%_visitante,2PC_visitante,2PT_visitante,2P%_visitante,LLC_visitante,LLT_visitante,LL%_visitante,EN_visitante,BR_visitante,B/E_visitante,TO_visitante,FC_visitante,T/FC_visitante,ET_visitante,VI_visitante,EF_visitante
83,78,2009-04-03,4,2,2008-2009,Minas,Coop/São José Basketball,87.4,23.6,47.6,16.2,35.266666666666666,10.6,24.666666666666668,17.0,15.4,1.1586666666666667,7.866666666666666,21.066666666666666,37.544666666666664,23.8,42.53333333333333,56.162666666666674,16.2,23.2,70.42733333333332,1.2666666666666666,7.4,0.49,2.8,19.2,0.15733333333333333,15.4,0.0,95.53333333333333,78.52941176470588,25.941176470588236,37.64705882352941,14.941176470588236,27.88235294117647,8.529411764705882,19.352941176470587,13.411764705882353,13.764705882352942,1.0347058823529414,8.647058823529411,25.764705882352942,33.84294117647059,18.823529411764707,36.94117647058823,51.211176470588235,14.941176470588236,21.470588235294116,69.73882352941176,0.35294117647058826,7.411764705882353,0.5617647058823529,2.3529411764705883,22.941176470588236,0.11294117647058825,13.764705882352942,0.0,74.05882352941177
