placar_casa,placar_visitante,data,round,stage,ano,equipe_casa,equipe_visitante,Pts_casa,3P_casa,2P_casa,LL_casa,RT_casa,RO_casa,RD_casa,AS_casa,ER_casa,IA%_casa,3PC_casa,3PT_casa,3P%_casa,2PC_casa,2PT_casa,2P%_casa,LLC_casa,LLT_casa,LL%_casa,EN_casa,BR_casa,B/E_casa,TO_casa,FC_casa,T/FC_casa,ET_casa,VI_casa,EF_casa,Pts_visitante,3P_visitante,2P_visitante,LL_visitante,RT_visitante,RO_visitante,RD_visitante,AS_visitante,ER_visitante,IA%_visitante,3PC_visitante,3PT_visitante,3P%_visitante,2PC_visitante,2PT_visitante,2P%_visitante,LLC_visitante,LLT_visitante,LL%_visitante,EN_visitante,BR_visitante,B/E_visitante,TO_visitante,FC_visitante,T/FC_visitante,ET_visitante,VI_visitante,EF_visitante
74,73,2023-11-18,5,1,2023-2024,Botafogo,Cerrado,76.7,28.0,35.44466666666667,13.255333333333333,34.18866666666666,9.566666666666666,24.622,15.555333333333332,14.833333333333334,1.1073333333333333,9.333333333333334,28.422,32.467333333333336,17.721999999999998,33.58866666666667,52.74999999999999,13.255333333333333,18.578,72.25066666666665,0.978,6.688666666666666,0.47866666666666663,2.1113333333333335,21.811333333333334,0.10266666666666668,14.833333333333334,3.5113333333333334,80.13333333333334,73.89000000000001,27.133333333333333,36.35533333333333,10.399333333333335,38.91,11.734,27.178,15.867333333333333,15.311333333333334,1.0766666666666667,9.044666666666668,29.99933333333333,29.763999999999996,18.177999999999997,36.46666666666667,50.60866666666666,10.399333333333335,17.023333333333333,62.33400000000001,1.288666666666667,6.844666666666667,0.4646666666666666,1.9113333333333329,16.91133333333333,0.11,15.311333333333334,2.6220000000000003,76.24399999999999
