placar_casa,placar_visitante,data,round,stage,ano,equipe_casa,equipe_visitante,Pts_casa,3P_casa,2P_casa,LL_casa,RT_casa,RO_casa,RD_casa,AS_casa,ER_casa,IA%_casa,3PC_casa,3PT_casa,3P%_casa,2PC_casa,2PT_casa,2P%_casa,LLC_casa,LLT_casa,LL%_casa,EN_casa,BR_casa,B/E_casa,TO_casa,FC_casa,T/FC_casa,ET_casa,VI_casa,EF_casa,Pts_visitante,3P_visitante,2P_visitante,LL_visitante,RT_visitante,RO_visitante,RD_visitante,AS_visitante,ER_visitante,IA%_visitante,3PC_visitante,3PT_visitante,3P%_visitante,2PC_visitante,2PT_visitante,2P%_visitante,LLC_visitante,LLT_visitante,LL%_visitante,EN_visitante,BR_visitante,B/E_visitante,TO_visitante,FC_visitante,T/FC_visitante,ET_visitante,VI_visitante,EF_visitante
74,82,2023-12-20,10,1,2023-2024,Coop/São José Basketball,Bauru Basket,80.66666666666667,27.2,39.733333333333334,13.733333333333333,38.8,10.133333333333333,28.666666666666668,18.2,15.0,1.2293333333333334,9.066666666666666,25.933333333333334,34.91666666666666,19.866666666666667,37.13333333333333,53.669333333333334,13.733333333333333,19.066666666666666,72.17533333333333,1.3333333333333333,8.2,0.5579999999999999,2.1333333333333333,19.266666666666666,0.116,15.0,3.2666666666666666,93.53333333333333,78.46600000000002,29.3,38.2,10.966000000000001,34.065999999999995,9.5,24.565999999999995,18.133333333333333,12.633333333333333,1.4686666666666668,9.767333333333333,27.800666666666668,34.615333333333325,19.1,36.666000000000004,52.33866666666666,10.966000000000001,14.4,75.00799999999998,1.8,7.267333333333334,0.5906666666666667,1.4333333333333333,18.034000000000002,0.08000000000000002,12.633333333333333,2.9326666666666665,87.69933333333334
