placar_casa,placar_visitante,data,round,stage,ano,equipe_casa,equipe_visitante,Pts_casa,3P_casa,2P_casa,LL_casa,RT_casa,RO_casa,RD_casa,AS_casa,ER_casa,IA%_casa,3PC_casa,3PT_casa,3P%_casa,2PC_casa,2PT_casa,2P%_casa,LLC_casa,LLT_casa,LL%_casa,EN_casa,BR_casa,B/E_casa,TO_casa,FC_casa,T/FC_casa,ET_casa,VI_casa,EF_casa,Pts_visitante,3P_visitante,2P_visitante,LL_visitante,RT_visitante,RO_visitante,RD_visitante,AS_visitante,ER_visitante,IA%_visitante,3PC_visitante,3PT_visitante,3P%_visitante,2PC_visitante,2PT_visitante,2P%_visitante,LLC_visitante,LLT_visitante,LL%_visitante,EN_visitante,BR_visitante,B/E_visitante,TO_visitante,FC_visitante,T/FC_visitante,ET_visitante,VI_visitante,EF_visitante
86,80,2023-12-08,8,1,2023-2024,UNIFACISA,União Corinthians,77.53333333333333,27.0,35.86666666666667,14.666666666666666,35.96666666666667,9.733333333333333,26.233333333333334,15.466666666666667,12.5,1.3106666666666666,9.0,28.566666666666666,31.416666666666668,17.933333333333334,33.266666666666666,53.637333333333345,14.666666666666666,19.1,75.34266666666667,1.2333333333333334,6.866666666666666,0.5366666666666666,1.7666666666666666,19.6,0.09333333333333335,12.5,2.566666666666667,85.76666666666667,72.33333333333333,25.8,32.8,13.733333333333333,36.13333333333333,9.033333333333333,27.1,14.766666666666667,14.3,1.0546666666666669,8.6,26.766666666666666,32.80466666666666,16.4,33.63333333333333,48.67333333333333,13.733333333333333,18.833333333333332,72.08,0.6,5.566666666666666,0.38466666666666666,1.8333333333333333,20.7,0.08933333333333333,14.3,2.466666666666667,75.83333333333333
