placar_casa,placar_visitante,data,round,stage,ano,equipe_casa,equipe_visitante,Pts_casa,3P_casa,2P_casa,LL_casa,RT_casa,RO_casa,RD_casa,AS_casa,ER_casa,IA%_casa,3PC_casa,3PT_casa,3P%_casa,2PC_casa,2PT_casa,2P%_casa,LLC_casa,LLT_casa,LL%_casa,EN_casa,BR_casa,B/E_casa,TO_casa,FC_casa,T/FC_casa,ET_casa,VI_casa,EF_casa,Pts_visitante,3P_visitante,2P_visitante,LL_visitante,RT_visitante,RO_visitante,RD_visitante,AS_visitante,ER_visitante,IA%_visitante,3PC_visitante,3PT_visitante,3P%_visitante,2PC_visitante,2PT_visitante,2P%_visitante,LLC_visitante,LLT_visitante,LL%_visitante,EN_visitante,BR_visitante,B/E_visitante,TO_visitante,FC_visitante,T/FC_visitante,ET_visitante,VI_visitante,EF_visitante
101,73,2023-12-23,10,1,2023-2024,Flamengo,UNIFACISA,82.2,27.6,39.333333333333336,15.266666666666667,38.9,13.066666666666666,25.833333333333332,19.4,12.4,1.6586666666666667,9.2,31.133333333333333,29.73933333333333,19.666666666666668,33.7,58.406,15.266666666666667,19.633333333333333,77.86066666666666,1.9333333333333333,7.933333333333334,0.6513333333333332,1.6333333333333333,17.4,0.09466666666666666,12.4,2.6,97.33333333333333,78.35600000000001,26.333333333333332,36.53333333333333,15.489333333333336,37.08933333333333,10.556,26.533333333333335,16.043999999999997,13.289333333333332,1.2173333333333332,8.777333333333333,29.0,30.22066666666667,18.266666666666666,32.71066666666666,55.389333333333326,15.489333333333336,19.82266666666667,77.99666666666667,1.2,7.310666666666666,0.5466666666666667,2.066666666666667,18.843999999999998,0.11133333333333335,13.289333333333332,2.444,88.57733333333333
