placar_casa,placar_visitante,data,round,stage,ano,equipe_casa,equipe_visitante,Pts_casa,3P_casa,2P_casa,LL_casa,RT_casa,RO_casa,RD_casa,AS_casa,ER_casa,IA%_casa,3PC_casa,3PT_casa,3P%_casa,2PC_casa,2PT_casa,2P%_casa,LLC_casa,LLT_casa,LL%_casa,EN_casa,BR_casa,B/E_casa,TO_casa,FC_casa,T/FC_casa,ET_casa,VI_casa,EF_casa,Pts_visitante,3P_visitante,2P_visitante,LL_visitante,RT_visitante,RO_visitante,RD_visitante,AS_visitante,ER_visitante,IA%_visitante,3PC_visitante,3PT_visitante,3P%_visitante,2PC_visitante,2PT_visitante,2P%_visitante,LLC_visitante,LLT_visitante,LL%_visitante,EN_visitante,BR_visitante,B/E_visitante,TO_visitante,FC_visitante,T/FC_visitante,ET_visitante,VI_visitante,EF_visitante
97,86,2024-01-24,3,2,2023-2024,Pato Basquete,Botafogo,78.24900000000001,27.3,39.79899999999999,11.15,38.4,12.0,26.4,17.449,10.7,1.677,9.099,30.048999999999996,30.157999999999998,19.901000000000003,35.949,55.434000000000005,11.15,15.549000000000001,69.43800000000002,1.499,4.501,0.43000000000000005,1.049,18.501000000000005,0.05900000000000001,10.7,1.9490000000000003,87.55099999999999,78.30199999999999,25.8,37.60000000000001,14.899000000000001,34.9,9.899,25.001000000000005,16.498999999999995,12.299000000000001,1.374,8.6,26.799,32.148,18.799999999999994,38.300000000000004,48.865,14.899000000000001,20.299,74.37800000000001,0.4,7.098999999999999,0.5900000000000001,1.9,21.799,0.08800000000000001,12.299000000000001,2.601,83.299
