placar_casa,placar_visitante,data,round,stage,ano,equipe_casa,equipe_visitante,Pts_casa,3P_casa,2P_casa,LL_casa,RT_casa,RO_casa,RD_casa,AS_casa,ER_casa,IA%_casa,3PC_casa,3PT_casa,3P%_casa,2PC_casa,2PT_casa,2P%_casa,LLC_casa,LLT_casa,LL%_casa,EN_casa,BR_casa,B/E_casa,TO_casa,FC_casa,T/FC_casa,ET_casa,VI_casa,EF_casa,Pts_visitante,3P_visitante,2P_visitante,LL_visitante,RT_visitante,RO_visitante,RD_visitante,AS_visitante,ER_visitante,IA%_visitante,3PC_visitante,3PT_visitante,3P%_visitante,2PC_visitante,2PT_visitante,2P%_visitante,LLC_visitante,LLT_visitante,LL%_visitante,EN_visitante,BR_visitante,B/E_visitante,TO_visitante,FC_visitante,T/FC_visitante,ET_visitante,VI_visitante,EF_visitante
83,80,2023-11-29,7,1,2023-2024,Botafogo,Bauru Basket,75.76666666666667,26.5,36.4,12.866666666666667,35.1,10.633333333333333,24.466666666666665,15.9,15.466666666666667,1.0979999999999999,8.833333333333334,27.833333333333332,31.71066666666667,18.2,35.3,51.59266666666667,12.866666666666667,18.333333333333332,71.24199999999998,0.7,6.766666666666667,0.4746666666666666,1.9666666666666666,20.8,0.09800000000000003,15.466666666666667,3.7333333333333334,78.46666666666667,77.95533333333333,30.333333333333332,36.666666666666664,10.955333333333334,31.422,8.4,23.022,16.866666666666667,11.866666666666667,1.428,10.111333333333333,28.311333333333334,35.19800000000001,18.333333333333332,35.68866666666667,51.56466666666666,10.955333333333334,14.533333333333333,73.20333333333333,1.7333333333333334,7.978,0.6913333333333334,1.5333333333333334,18.64466666666667,0.08466666666666668,11.866666666666667,2.4886666666666666,84.75533333333333
