placar_casa,placar_visitante,data,round,stage,ano,equipe_casa,equipe_visitante,Pts_casa,3P_casa,2P_casa,LL_casa,RT_casa,RO_casa,RD_casa,AS_casa,ER_casa,IA%_casa,3PC_casa,3PT_casa,3P%_casa,2PC_casa,2PT_casa,2P%_casa,LLC_casa,LLT_casa,LL%_casa,EN_casa,BR_casa,B/E_casa,TO_casa,FC_casa,T/FC_casa,ET_casa,VI_casa,EF_casa,Pts_visitante,3P_visitante,2P_visitante,LL_visitante,RT_visitante,RO_visitante,RD_visitante,AS_visitante,ER_visitante,IA%_visitante,3PC_visitante,3PT_visitante,3P%_visitante,2PC_visitante,2PT_visitante,2P%_visitante,LLC_visitante,LLT_visitante,LL%_visitante,EN_visitante,BR_visitante,B/E_visitante,TO_visitante,FC_visitante,T/FC_visitante,ET_visitante,VI_visitante,EF_visitante
83,71,2023-11-27,7,1,2023-2024,Coop/São José Basketball,R10 Score Vasco da Gama,80.73333333333333,27.6,40.266666666666666,12.866666666666667,37.866,10.133333333333333,27.732666666666667,19.532666666666668,14.333333333333334,1.3953333333333333,9.199333333333334,26.199333333333335,35.17266666666667,20.133333333333333,37.13333333333333,54.34666666666667,12.866666666666667,18.666,68.47800000000001,1.4666666666666666,6.999333333333334,0.4886666666666668,2.1993333333333336,20.733333333333334,0.10800000000000001,14.333333333333334,2.3333333333333335,93.2,73.00066666666665,23.8,35.866,13.33266666666667,38.666000000000004,10.8,27.865999999999996,19.59933333333333,15.934000000000003,1.2746666666666664,7.934,26.267333333333337,29.95466666666667,17.934,35.666000000000004,50.761333333333326,13.33266666666667,19.334000000000003,69.67133333333332,1.4,6.067333333333334,0.37866666666666665,1.8673333333333333,20.866666666666667,0.08400000000000002,15.934000000000003,2.8,81.13333333333334
