placar_casa,placar_visitante,data,round,stage,ano,equipe_casa,equipe_visitante,Pts_casa,3P_casa,2P_casa,LL_casa,RT_casa,RO_casa,RD_casa,AS_casa,ER_casa,IA%_casa,3PC_casa,3PT_casa,3P%_casa,2PC_casa,2PT_casa,2P%_casa,LLC_casa,LLT_casa,LL%_casa,EN_casa,BR_casa,B/E_casa,TO_casa,FC_casa,T/FC_casa,ET_casa,VI_casa,EF_casa,Pts_visitante,3P_visitante,2P_visitante,LL_visitante,RT_visitante,RO_visitante,RD_visitante,AS_visitante,ER_visitante,IA%_visitante,3PC_visitante,3PT_visitante,3P%_visitante,2PC_visitante,2PT_visitante,2P%_visitante,LLC_visitante,LLT_visitante,LL%_visitante,EN_visitante,BR_visitante,B/E_visitante,TO_visitante,FC_visitante,T/FC_visitante,ET_visitante,VI_visitante,EF_visitante
74,96,2019-12-27,11,1,2019-2020,Paulistano,Pato Basquete,82.46666666666667,34.6,35.6,12.266666666666667,38.93333333333333,11.333333333333334,27.6,18.133333333333333,11.133333333333333,1.7586666666666668,11.533333333333333,33.86666666666667,34.965333333333334,17.8,32.733333333333334,54.436666666666675,12.266666666666667,16.6,74.148,4.0,6.2,0.5560000000000002,1.9333333333333333,21.266666666666666,0.09133333333333334,11.133333333333333,2.066666666666667,94.66666666666667,66.46153846153847,20.307692307692307,33.38461538461539,12.76923076923077,34.15384615384615,10.538461538461538,23.615384615384617,15.153846153846153,17.23076923076923,0.8861538461538461,6.769230769230769,23.153846153846153,29.76153846153846,16.692307692307693,36.92307692307692,45.38307692307693,12.76923076923077,18.692307692307693,68.74461538461539,1.3846153846153846,7.615384615384615,0.44538461538461543,1.9230769230769231,22.23076923076923,0.08692307692307694,17.23076923076923,4.0,65.46153846153847
