placar_casa,placar_visitante,data,round,stage,ano,equipe_casa,equipe_visitante,Pts_casa,3P_casa,2P_casa,LL_casa,RT_casa,RO_casa,RD_casa,AS_casa,ER_casa,IA%_casa,3PC_casa,3PT_casa,3P%_casa,2PC_casa,2PT_casa,2P%_casa,LLC_casa,LLT_casa,LL%_casa,EN_casa,BR_casa,B/E_casa,TO_casa,FC_casa,T/FC_casa,ET_casa,VI_casa,EF_casa,Pts_visitante,3P_visitante,2P_visitante,LL_visitante,RT_visitante,RO_visitante,RD_visitante,AS_visitante,ER_visitante,IA%_visitante,3PC_visitante,3PT_visitante,3P%_visitante,2PC_visitante,2PT_visitante,2P%_visitante,LLC_visitante,LLT_visitante,LL%_visitante,EN_visitante,BR_visitante,B/E_visitante,TO_visitante,FC_visitante,T/FC_visitante,ET_visitante,VI_visitante,EF_visitante
89,90,2020-02-14,5,2,2019-2020,Rio Claro,Botafogo,85.834,26.45,40.935,18.449,34.416,8.651,25.764999999999997,18.266,12.884,1.5030000000000001,8.817,23.851000000000006,36.94799999999999,20.464999999999996,36.864999999999995,55.854,18.449,24.335,75.33099999999999,2.033,4.183,0.342,1.167,23.55,0.05300000000000001,12.884,2.65,93.66699999999999,81.25,33.45,32.401,15.399000000000001,33.748999999999995,8.95,24.798999999999996,19.049,13.4,1.4700000000000002,11.15,29.748999999999995,37.293,16.199,31.548999999999996,52.742,15.399000000000001,19.701,78.06299999999999,1.251,6.148999999999999,0.46699999999999997,2.251,23.001000000000005,0.10400000000000001,13.4,2.401,90.8
