placar_casa,placar_visitante,data,round,stage,ano,equipe_casa,equipe_visitante,Pts_casa,3P_casa,2P_casa,LL_casa,RT_casa,RO_casa,RD_casa,AS_casa,ER_casa,IA%_casa,3PC_casa,3PT_casa,3P%_casa,2PC_casa,2PT_casa,2P%_casa,LLC_casa,LLT_casa,LL%_casa,EN_casa,BR_casa,B/E_casa,TO_casa,FC_casa,T/FC_casa,ET_casa,VI_casa,EF_casa,Pts_visitante,3P_visitante,2P_visitante,LL_visitante,RT_visitante,RO_visitante,RD_visitante,AS_visitante,ER_visitante,IA%_visitante,3PC_visitante,3PT_visitante,3P%_visitante,2PC_visitante,2PT_visitante,2P%_visitante,LLC_visitante,LLT_visitante,LL%_visitante,EN_visitante,BR_visitante,B/E_visitante,TO_visitante,FC_visitante,T/FC_visitante,ET_visitante,VI_visitante,EF_visitante
76,78,2019-11-22,6,1,2019-2020,Paulistano,Fortaleza B. C. / CFO,82.06666666666666,32.4,36.666666666666664,13.0,39.4,11.7,27.7,18.766666666666666,13.2,1.5113333333333332,10.8,30.733333333333334,35.84733333333333,18.333333333333332,33.833333333333336,54.48133333333333,13.0,17.833333333333332,73.35133333333333,3.6,6.0,0.4706666666666667,2.1333333333333333,21.966666666666665,0.09733333333333334,13.2,2.1,94.5,77.4,23.2,38.53333333333333,15.666666666666666,37.8,11.933333333333334,25.866666666666667,14.066666666666666,12.2,1.2253333333333332,7.733333333333333,24.933333333333334,30.502666666666666,19.266666666666666,40.13333333333333,47.85266666666667,15.666666666666666,20.666666666666668,76.84466666666667,1.1333333333333333,6.6,0.5486666666666667,2.466666666666667,23.0,0.11133333333333334,12.2,2.466666666666667,82.86666666666666
