placar_casa,placar_visitante,data,round,stage,ano,equipe_casa,equipe_visitante,Pts_casa,3P_casa,2P_casa,LL_casa,RT_casa,RO_casa,RD_casa,AS_casa,ER_casa,IA%_casa,3PC_casa,3PT_casa,3P%_casa,2PC_casa,2PT_casa,2P%_casa,LLC_casa,LLT_casa,LL%_casa,EN_casa,BR_casa,B/E_casa,TO_casa,FC_casa,T/FC_casa,ET_casa,VI_casa,EF_casa,Pts_visitante,3P_visitante,2P_visitante,LL_visitante,RT_visitante,RO_visitante,RD_visitante,AS_visitante,ER_visitante,IA%_visitante,3PC_visitante,3PT_visitante,3P%_visitante,2PC_visitante,2PT_visitante,2P%_visitante,LLC_visitante,LLT_visitante,LL%_visitante,EN_visitante,BR_visitante,B/E_visitante,TO_visitante,FC_visitante,T/FC_visitante,ET_visitante,VI_visitante,EF_visitante
83,70,2019-11-27,7,1,2019-2020,Pinheiros,Fortaleza B. C. / CFO,80.36600000000001,28.1,37.534,14.734,36.733333333333334,11.367333333333333,25.365999999999996,15.234,14.067333333333332,1.152666666666667,9.366666666666667,26.033333333333335,35.67133333333334,18.766000000000002,35.99933333333333,52.081999999999994,14.734,19.534000000000002,75.89266666666668,1.2660000000000002,7.899333333333333,0.594,1.7339999999999998,21.066666666666666,0.08266666666666667,14.067333333333332,2.600666666666667,89.06600000000002,76.47800000000001,24.5,37.022000000000006,14.955333333333334,37.38866666666667,11.366666666666667,26.022,14.033333333333333,11.988666666666667,1.2373333333333334,8.166666666666666,25.3,32.48133333333333,18.511333333333333,39.1,47.39533333333333,14.955333333333334,20.011333333333333,75.748,1.0666666666666667,6.3,0.53,2.178,22.233333333333334,0.10133333333333334,11.988666666666667,2.466666666666667,81.38866666666667
