placar_casa,placar_visitante,data,round,stage,ano,equipe_casa,equipe_visitante,Pts_casa,3P_casa,2P_casa,LL_casa,RT_casa,RO_casa,RD_casa,AS_casa,ER_casa,IA%_casa,3PC_casa,3PT_casa,3P%_casa,2PC_casa,2PT_casa,2P%_casa,LLC_casa,LLT_casa,LL%_casa,EN_casa,BR_casa,B/E_casa,TO_casa,FC_casa,T/FC_casa,ET_casa,VI_casa,EF_casa,Pts_visitante,3P_visitante,2P_visitante,LL_visitante,RT_visitante,RO_visitante,RD_visitante,AS_visitante,ER_visitante,IA%_visitante,3PC_visitante,3PT_visitante,3P%_visitante,2PC_visitante,2PT_visitante,2P%_visitante,LLC_visitante,LLT_visitante,LL%_visitante,EN_visitante,BR_visitante,B/E_visitante,TO_visitante,FC_visitante,T/FC_visitante,ET_visitante,VI_visitante,EF_visitante
74,92,2019-11-26,7,1,2019-2020,Rio Claro,Bauru Basket,80.33333333333333,24.6,37.733333333333334,18.0,31.333333333333332,7.466666666666667,23.866666666666667,16.466666666666665,14.666666666666666,1.1666666666666667,8.2,23.0,36.47466666666666,18.866666666666667,34.733333333333334,54.43733333333335,18.0,23.533333333333335,75.81333333333335,2.533333333333333,8.6,0.592,1.3333333333333333,23.0,0.05999999999999999,14.666666666666666,2.3333333333333335,87.2,79.4,25.6,40.266666666666666,13.533333333333333,34.93333333333333,8.533333333333333,26.4,17.533333333333335,13.266666666666667,1.3626666666666665,8.533333333333333,26.733333333333334,32.164,20.133333333333333,36.06666666666667,55.826666666666675,13.533333333333333,18.933333333333334,72.38733333333333,1.0666666666666667,7.6,0.5720000000000002,2.066666666666667,19.4,0.10866666666666666,13.266666666666667,1.9333333333333333,88.73333333333333
