placar_casa,placar_visitante,data,round,stage,ano,equipe_casa,equipe_visitante,Pts_casa,3P_casa,2P_casa,LL_casa,RT_casa,RO_casa,RD_casa,AS_casa,ER_casa,IA%_casa,3PC_casa,3PT_casa,3P%_casa,2PC_casa,2PT_casa,2P%_casa,LLC_casa,LLT_casa,LL%_casa,EN_casa,BR_casa,B/E_casa,TO_casa,FC_casa,T/FC_casa,ET_casa,VI_casa,EF_casa,Pts_visitante,3P_visitante,2P_visitante,LL_visitante,RT_visitante,RO_visitante,RD_visitante,AS_visitante,ER_visitante,IA%_visitante,3PC_visitante,3PT_visitante,3P%_visitante,2PC_visitante,2PT_visitante,2P%_visitante,LLC_visitante,LLT_visitante,LL%_visitante,EN_visitante,BR_visitante,B/E_visitante,TO_visitante,FC_visitante,T/FC_visitante,ET_visitante,VI_visitante,EF_visitante
103,83,2019-12-16,10,1,2019-2020,Flamengo,Coop/São José Basketball,82.33333333333333,28.2,39.333333333333336,14.8,37.86666666666667,10.533333333333333,27.333333333333332,17.533333333333335,11.666666666666666,1.664666666666667,9.4,26.6,34.912666666666674,19.666666666666668,37.53333333333333,52.69266666666667,14.8,21.2,70.04866666666666,0.9333333333333333,7.0,0.5853333333333333,1.2666666666666666,19.733333333333334,0.066,11.666666666666666,1.7333333333333334,92.8,80.13333333333334,23.6,42.93333333333333,13.6,35.53333333333333,10.2,25.333333333333332,19.666666666666668,14.733333333333333,1.3826666666666667,7.866666666666666,24.533333333333335,32.580666666666666,21.466666666666665,40.6,53.65133333333335,13.6,18.666666666666668,71.42666666666668,1.5333333333333334,7.0,0.484,1.7333333333333334,22.333333333333332,0.07333333333333333,14.733333333333333,1.9333333333333333,88.4
