placar_casa,placar_visitante,data,round,stage,ano,equipe_casa,equipe_visitante,Pts_casa,3P_casa,2P_casa,LL_casa,RT_casa,RO_casa,RD_casa,AS_casa,ER_casa,IA%_casa,3PC_casa,3PT_casa,3P%_casa,2PC_casa,2PT_casa,2P%_casa,LLC_casa,LLT_casa,LL%_casa,EN_casa,BR_casa,B/E_casa,TO_casa,FC_casa,T/FC_casa,ET_casa,VI_casa,EF_casa,Pts_visitante,3P_visitante,2P_visitante,LL_visitante,RT_visitante,RO_visitante,RD_visitante,AS_visitante,ER_visitante,IA%_visitante,3PC_visitante,3PT_visitante,3P%_visitante,2PC_visitante,2PT_visitante,2P%_visitante,LLC_visitante,LLT_visitante,LL%_visitante,EN_visitante,BR_visitante,B/E_visitante,TO_visitante,FC_visitante,T/FC_visitante,ET_visitante,VI_visitante,EF_visitante
93,75,2019-12-18,10,1,2019-2020,Botafogo,Coop/São José Basketball,75.46666666666667,28.6,33.333333333333336,13.533333333333333,33.733333333333334,9.666666666666666,24.066666666666666,15.866666666666667,13.466666666666667,1.27,9.533333333333333,27.933333333333334,34.354000000000006,16.666666666666668,33.333333333333336,49.842,13.533333333333333,16.733333333333334,81.27799999999999,0.8666666666666667,5.533333333333333,0.4433333333333333,2.2,24.066666666666666,0.09333333333333334,13.466666666666667,2.8666666666666667,80.8,81.06666666666666,23.7,43.46666666666667,13.9,35.666666666666664,10.333333333333334,25.333333333333332,19.633333333333333,14.8,1.375333333333333,7.9,23.933333333333334,33.25,21.733333333333334,41.5,52.89933333333334,13.9,19.0,72.00333333333333,1.6,7.033333333333333,0.48466666666666663,1.9,22.7,0.08133333333333334,14.8,2.1,89.5
