placar_casa,placar_visitante,data,round,stage,ano,equipe_casa,equipe_visitante,Pts_casa,3P_casa,2P_casa,LL_casa,RT_casa,RO_casa,RD_casa,AS_casa,ER_casa,IA%_casa,3PC_casa,3PT_casa,3P%_casa,2PC_casa,2PT_casa,2P%_casa,LLC_casa,LLT_casa,LL%_casa,EN_casa,BR_casa,B/E_casa,TO_casa,FC_casa,T/FC_casa,ET_casa,VI_casa,EF_casa,Pts_visitante,3P_visitante,2P_visitante,LL_visitante,RT_visitante,RO_visitante,RD_visitante,AS_visitante,ER_visitante,IA%_visitante,3PC_visitante,3PT_visitante,3P%_visitante,2PC_visitante,2PT_visitante,2P%_visitante,LLC_visitante,LLT_visitante,LL%_visitante,EN_visitante,BR_visitante,B/E_visitante,TO_visitante,FC_visitante,T/FC_visitante,ET_visitante,VI_visitante,EF_visitante
64,73,2022-04-19,1,3,2021-2022,Caxias do Sul Basquete,UNIFACISA,72.56459677419355,23.153225806451612,35.693709677419356,13.71790322580645,33.65314516129032,9.032338709677417,24.6208064516129,14.919516129032257,14.008064516129036,1.11758064516129,7.717822580645163,23.89508064516129,32.38,17.846612903225804,36.322741935483876,49.21153225806453,13.71790322580645,19.491935483870968,70.23451612903224,1.2256451612903225,7.838870967741934,0.5722580645161288,1.7418548387096775,21.677177419354834,0.08459677419354841,14.008064516129036,3.008145161290323,76.28225806451613,81.06571428571428,29.67032967032967,39.252747252747255,12.143296703296702,37.03263736263735,10.494065934065931,26.538901098901103,16.90120879120879,12.923076923076923,1.3768131868131874,9.889890109890107,27.95626373626374,35.20934065934067,19.626373626373628,37.7032967032967,52.22934065934067,12.143296703296702,16.241978021978017,74.13021978021979,1.4614285714285715,7.362747252747254,0.6072527472527472,1.9453846153846157,19.96725274725275,0.09978021978021978,12.923076923076923,2.2748351648351646,91.1210989010989
