placar_casa,placar_visitante,data,round,stage,ano,equipe_casa,equipe_visitante,Pts_casa,3P_casa,2P_casa,LL_casa,RT_casa,RO_casa,RD_casa,AS_casa,ER_casa,IA%_casa,3PC_casa,3PT_casa,3P%_casa,2PC_casa,2PT_casa,2P%_casa,LLC_casa,LLT_casa,LL%_casa,EN_casa,BR_casa,B/E_casa,TO_casa,FC_casa,T/FC_casa,ET_casa,VI_casa,EF_casa,Pts_visitante,3P_visitante,2P_visitante,LL_visitante,RT_visitante,RO_visitante,RD_visitante,AS_visitante,ER_visitante,IA%_visitante,3PC_visitante,3PT_visitante,3P%_visitante,2PC_visitante,2PT_visitante,2P%_visitante,LLC_visitante,LLT_visitante,LL%_visitante,EN_visitante,BR_visitante,B/E_visitante,TO_visitante,FC_visitante,T/FC_visitante,ET_visitante,VI_visitante,EF_visitante
87,78,2012-05-08,4,4,2011-2012,Uberlândia,Flamengo,83.76,24.72,42.56,16.48,29.4,7.2,22.2,14.76,11.44,1.4124000000000003,8.24,21.76,37.3276,21.28,39.0,54.614799999999995,16.48,20.76,79.21520000000001,3.16,6.6,0.6439999999999999,3.36,19.12,0.19360000000000002,11.44,2.28,95.24,90.63095238095238,28.857142857142858,44.642857142857146,17.13095238095238,32.13095238095238,7.964285714285714,24.166666666666668,15.988095238095237,12.392857142857142,1.4044047619047617,9.619047619047619,24.238095238095237,39.84309523809523,22.321428571428573,38.535714285714285,58.11166666666666,17.13095238095238,22.761904761904763,75.47190476190477,1.7976190476190477,8.428571428571429,0.7395238095238097,1.8214285714285714,19.69047619047619,0.09428571428571426,12.392857142857142,1.1904761904761905,101.29761904761905
