placar_casa,placar_visitante,data,round,stage,ano,equipe_casa,equipe_visitante,Pts_casa,3P_casa,2P_casa,LL_casa,RT_casa,RO_casa,RD_casa,AS_casa,ER_casa,IA%_casa,3PC_casa,3PT_casa,3P%_casa,2PC_casa,2PT_casa,2P%_casa,LLC_casa,LLT_casa,LL%_casa,EN_casa,BR_casa,B/E_casa,TO_casa,FC_casa,T/FC_casa,ET_casa,VI_casa,EF_casa,Pts_visitante,3P_visitante,2P_visitante,LL_visitante,RT_visitante,RO_visitante,RD_visitante,AS_visitante,ER_visitante,IA%_visitante,3PC_visitante,3PT_visitante,3P%_visitante,2PC_visitante,2PT_visitante,2P%_visitante,LLC_visitante,LLT_visitante,LL%_visitante,EN_visitante,BR_visitante,B/E_visitante,TO_visitante,FC_visitante,T/FC_visitante,ET_visitante,VI_visitante,EF_visitante
100,86,2022-12-15,9,1,2022-2023,Pinheiros,UNIFACISA,82.33849514563111,28.383495145631066,40.140776699029125,15.445364077669902,34.89446601941748,10.100776699029128,24.79368932038835,15.939296116504854,13.508495145631068,1.2586165048543696,8.917427184466018,24.7075,36.22667475728156,20.070388349514563,38.549684466019414,52.45349514563113,15.445364077669902,20.890728155339804,73.71555825242716,1.8446116504854375,7.942961165048544,0.6194902912621357,2.478228155339805,19.75983009708738,0.13072815533980556,13.508495145631068,2.3216990291262123,91.30696601941752,80.435,29.52777777777778,38.93518518518518,11.972592592592592,36.708055555555546,10.351481481481478,26.356851851851857,16.53712962962963,12.916666666666666,1.3496296296296302,9.842407407407405,27.759444444444448,35.25092592592593,19.46759259259259,37.59722222222222,51.95203703703706,11.972592592592592,16.12055555555555,73.83824074074073,1.430462962962963,7.3056481481481494,0.6028703703703704,1.8197222222222225,20.10203703703704,0.09287037037037037,12.916666666666666,2.259351851851852,89.67611111111111
