placar_casa,placar_visitante,data,round,stage,ano,equipe_casa,equipe_visitante,Pts_casa,3P_casa,2P_casa,LL_casa,RT_casa,RO_casa,RD_casa,AS_casa,ER_casa,IA%_casa,3PC_casa,3PT_casa,3P%_casa,2PC_casa,2PT_casa,2P%_casa,LLC_casa,LLT_casa,LL%_casa,EN_casa,BR_casa,B/E_casa,TO_casa,FC_casa,T/FC_casa,ET_casa,VI_casa,EF_casa,Pts_visitante,3P_visitante,2P_visitante,LL_visitante,RT_visitante,RO_visitante,RD_visitante,AS_visitante,ER_visitante,IA%_visitante,3PC_visitante,3PT_visitante,3P%_visitante,2PC_visitante,2PT_visitante,2P%_visitante,LLC_visitante,LLT_visitante,LL%_visitante,EN_visitante,BR_visitante,B/E_visitante,TO_visitante,FC_visitante,T/FC_visitante,ET_visitante,VI_visitante,EF_visitante
58,67,2023-10-23,2,1,2023-2024,Cerrado,Corinthians,77.75821052631579,28.736842105263158,36.94705263157895,12.07336842105263,38.51568421052632,11.368526315789476,27.14778947368421,15.158105263157896,14.07378947368421,1.1330526315789475,9.579157894736841,30.031684210526315,31.79905263157894,18.474000000000004,36.97894736842105,50.31421052631576,12.07336842105263,17.305578947368424,69.73315789473685,1.8099999999999998,6.726526315789473,0.4927368421052628,2.4106315789473673,17.758631578947377,0.13821052631578953,14.07378947368421,2.715157894736843,82.30568421052632,79.93075471698113,28.41509433962264,37.77358490566038,13.742264150943399,37.6288679245283,10.679056603773587,26.949622641509432,17.024842767295596,13.71062893081761,1.322830188679246,9.47176100628931,27.207358490566033,34.884213836477976,18.88679245283019,36.61641509433962,51.78301886792452,13.742264150943399,18.19490566037736,75.77509433962267,2.0693081761006287,6.389874213836478,0.49238993710691853,2.4150314465408806,20.402641509433963,0.12176100628930812,13.71062893081761,2.3709433962264157,89.71691823899371
