placar_casa,placar_visitante,data,round,stage,ano,equipe_casa,equipe_visitante,Pts_casa,3P_casa,2P_casa,LL_casa,RT_casa,RO_casa,RD_casa,AS_casa,ER_casa,IA%_casa,3PC_casa,3PT_casa,3P%_casa,2PC_casa,2PT_casa,2P%_casa,LLC_casa,LLT_casa,LL%_casa,EN_casa,BR_casa,B/E_casa,TO_casa,FC_casa,T/FC_casa,ET_casa,VI_casa,EF_casa,Pts_visitante,3P_visitante,2P_visitante,LL_visitante,RT_visitante,RO_visitante,RD_visitante,AS_visitante,ER_visitante,IA%_visitante,3PC_visitante,3PT_visitante,3P%_visitante,2PC_visitante,2PT_visitante,2P%_visitante,LLC_visitante,LLT_visitante,LL%_visitante,EN_visitante,BR_visitante,B/E_visitante,TO_visitante,FC_visitante,T/FC_visitante,ET_visitante,VI_visitante,EF_visitante
71,83,2013-01-05,11,1,2012-2013,Joinville,Bauru Basket,80.08333333333333,29.09375,40.125,16.458333333333332,32.380208333333336,9.963541666666666,22.416666666666668,13.8125,13.598958333333334,1.1215624999999998,7.833333333333333,23.015625,33.745833333333316,20.0625,40.005208333333336,50.22572916666667,16.458333333333332,22.989583333333332,71.71343749999998,1.609375,7.901041666666667,0.6364583333333333,2.296875,21.036458333333332,0.11729166666666661,13.598958333333334,1.875,84.36458333333333,81.96511627906976,29.686046511627907,40.7906976744186,14.732558139534884,31.11627906976744,10.174418604651162,20.941860465116278,13.30232558139535,10.546511627906977,1.4534883720930232,8.813953488372093,23.0,38.652674418604654,20.3953488372093,39.604651162790695,52.005,14.732558139534884,19.837209302325583,74.62616279069766,1.430232558139535,6.325581395348837,0.6945348837209303,1.8255813953488371,18.046511627906977,0.10604651162790703,10.546511627906977,1.6046511627906976,87.45348837209302
