placar_casa,placar_visitante,data,round,stage,ano,equipe_casa,equipe_visitante,Pts_casa,3P_casa,2P_casa,LL_casa,RT_casa,RO_casa,RD_casa,AS_casa,ER_casa,IA%_casa,3PC_casa,3PT_casa,3P%_casa,2PC_casa,2PT_casa,2P%_casa,LLC_casa,LLT_casa,LL%_casa,EN_casa,BR_casa,B/E_casa,TO_casa,FC_casa,T/FC_casa,ET_casa,VI_casa,EF_casa,Pts_visitante,3P_visitante,2P_visitante,LL_visitante,RT_visitante,RO_visitante,RD_visitante,AS_visitante,ER_visitante,IA%_visitante,3PC_visitante,3PT_visitante,3P%_visitante,2PC_visitante,2PT_visitante,2P%_visitante,LLC_visitante,LLT_visitante,LL%_visitante,EN_visitante,BR_visitante,B/E_visitante,TO_visitante,FC_visitante,T/FC_visitante,ET_visitante,VI_visitante,EF_visitante
72,65,2014-03-29,18,2,2013-2014,Macaé Basquete,Uberlândia,80.58064516129032,25.64516129032258,38.45161290322581,16.483870967741936,30.677419354838708,6.67741935483871,24.0,14.903225806451612,12.935483870967742,1.4032258064516132,8.548387096774194,22.06451612903226,38.79322580645161,19.225806451612904,35.774193548387096,54.02774193548389,16.483870967741936,21.387096774193548,78.05129032258066,1.4193548387096775,9.161290322580646,0.9074193548387097,1.6774193548387097,21.741935483870968,0.07806451612903229,12.935483870967742,2.5483870967741935,89.09677419354838,83.62376237623762,38.40594059405941,40.81188118811881,14.98019801980198,30.89108910891089,7.801980198019802,23.08910891089109,16.702970297029704,11.722772277227723,1.5913861386138615,9.277227722772277,23.10891089108911,40.24683168316832,20.405940594059405,37.10891089108911,55.23702970297032,14.98019801980198,18.900990099009903,79.51415841584158,3.108910891089109,6.772277227722772,0.6374257425742577,2.504950495049505,19.534653465346533,0.13475247524752482,11.722772277227723,2.4752475247524752,97.1980198019802
