placar_casa,placar_visitante,data,round,stage,ano,equipe_casa,equipe_visitante,Pts_casa,3P_casa,2P_casa,LL_casa,RT_casa,RO_casa,RD_casa,AS_casa,ER_casa,IA%_casa,3PC_casa,3PT_casa,3P%_casa,2PC_casa,2PT_casa,2P%_casa,LLC_casa,LLT_casa,LL%_casa,EN_casa,BR_casa,B/E_casa,TO_casa,FC_casa,T/FC_casa,ET_casa,VI_casa,EF_casa,Pts_visitante,3P_visitante,2P_visitante,LL_visitante,RT_visitante,RO_visitante,RD_visitante,AS_visitante,ER_visitante,IA%_visitante,3PC_visitante,3PT_visitante,3P%_visitante,2PC_visitante,2PT_visitante,2P%_visitante,LLC_visitante,LLT_visitante,LL%_visitante,EN_visitante,BR_visitante,B/E_visitante,TO_visitante,FC_visitante,T/FC_visitante,ET_visitante,VI_visitante,EF_visitante
76,74,2013-12-21,12,1,2013-2014,Limeira,Macaé Basquete,82.6078431372549,35.11764705882353,39.509803921568626,15.42156862745098,28.92156862745098,7.598039215686274,21.323529411764707,15.588235294117647,12.529411764705882,1.3506862745098034,9.22549019607843,23.686274509803923,39.34333333333334,19.754901960784313,37.27450980392157,53.14500000000002,15.42156862745098,20.068627450980394,76.66019607843137,1.8235294117647058,7.421568627450981,0.6458823529411766,2.5,21.41176470588235,0.12323529411764703,12.529411764705882,1.7156862745098038,90.87254901960785,80.6,22.5,42.4,15.7,32.3,8.6,23.7,14.5,11.0,1.9240000000000002,7.5,21.9,34.413999999999994,21.2,39.9,53.06999999999999,15.7,20.7,78.62600000000002,0.5,9.5,1.338,1.2,21.3,0.055999999999999994,11.0,1.6,89.0
