placar_casa,placar_visitante,data,round,stage,ano,equipe_casa,equipe_visitante,Pts_casa,3P_casa,2P_casa,LL_casa,RT_casa,RO_casa,RD_casa,AS_casa,ER_casa,IA%_casa,3PC_casa,3PT_casa,3P%_casa,2PC_casa,2PT_casa,2P%_casa,LLC_casa,LLT_casa,LL%_casa,EN_casa,BR_casa,B/E_casa,TO_casa,FC_casa,T/FC_casa,ET_casa,VI_casa,EF_casa,Pts_visitante,3P_visitante,2P_visitante,LL_visitante,RT_visitante,RO_visitante,RD_visitante,AS_visitante,ER_visitante,IA%_visitante,3PC_visitante,3PT_visitante,3P%_visitante,2PC_visitante,2PT_visitante,2P%_visitante,LLC_visitante,LLT_visitante,LL%_visitante,EN_visitante,BR_visitante,B/E_visitante,TO_visitante,FC_visitante,T/FC_visitante,ET_visitante,VI_visitante,EF_visitante
73,88,2024-03-21,9,2,2023-2024,Sesi Franca,Flamengo,83.11688659793812,29.47422680412371,41.07771134020616,15.79987628865979,34.71894845360825,9.297670103092786,25.421319587628865,16.43362886597938,13.148453608247422,1.3875670103092796,8.746309278350514,23.968350515463918,36.22665979381442,20.538783505154637,37.995175257731965,54.42484536082474,15.79987628865979,20.871505154639177,75.75148453608247,1.995855670103093,7.536123711340207,0.6132371134020622,2.5580824742268042,19.95121649484536,0.13505154639175274,13.148453608247422,2.1478350515463918,94.23430927835055,86.96977911646592,32.70783132530121,41.06018072289157,15.768032128514056,37.479879518072295,10.432710843373494,27.04722891566265,18.098393574297187,12.379538152610442,1.5993975903614477,10.047208835341365,27.406626506024097,36.895702811244966,20.53018072289157,36.62951807228917,56.190622489959864,15.768032128514056,20.847449799196788,75.51504016064251,1.59128514056225,7.758072289156627,0.6787951807228914,1.8906224899598387,18.76301204819277,0.10554216867469889,12.379538152610442,1.9467670682730926,102.00590361445789
