placar_casa,placar_visitante,data,round,stage,ano,equipe_casa,equipe_visitante,Pts_casa,3P_casa,2P_casa,LL_casa,RT_casa,RO_casa,RD_casa,AS_casa,ER_casa,IA%_casa,3PC_casa,3PT_casa,3P%_casa,2PC_casa,2PT_casa,2P%_casa,LLC_casa,LLT_casa,LL%_casa,EN_casa,BR_casa,B/E_casa,TO_casa,FC_casa,T/FC_casa,ET_casa,VI_casa,EF_casa,Pts_visitante,3P_visitante,2P_visitante,LL_visitante,RT_visitante,RO_visitante,RD_visitante,AS_visitante,ER_visitante,IA%_visitante,3PC_visitante,3PT_visitante,3P%_visitante,2PC_visitante,2PT_visitante,2P%_visitante,LLC_visitante,LLT_visitante,LL%_visitante,EN_visitante,BR_visitante,B/E_visitante,TO_visitante,FC_visitante,T/FC_visitante,ET_visitante,VI_visitante,EF_visitante
65,77,2024-01-06,1,2,2023-2024,BRB/Brasília,Pato Basquete,75.72925233644861,26.77570093457944,35.34551401869159,13.60747663551402,37.42990654205608,10.39233644859813,27.037289719626166,15.056074766355145,14.990747663551401,1.05392523364486,8.925140186915888,27.54196261682243,32.261028037383156,17.67317757009346,36.532990654205605,48.38878504672895,13.60747663551402,19.45785046728972,69.71028037383182,1.1681308411214952,6.0464485981308425,0.42308411214953306,1.5418691588785045,19.364392523364486,0.08093457943925234,14.990747663551401,2.644953271028038,77.48607476635515,74.35165517241379,25.03448275862069,37.034551724137934,12.282827586206894,35.86862068965517,10.861999999999998,25.00703448275862,14.861999999999998,13.70331034482758,1.1716551724137934,8.344620689655175,26.282620689655168,31.65386206896552,18.5171724137931,38.034551724137934,48.75696551724138,12.282827586206894,17.951862068965518,68.14937931034486,1.1586896551724142,7.324206896551724,0.5561379310344827,1.5380689655172415,20.48262068965517,0.07613793103448277,13.70331034482758,2.9863448275862075,77.1103448275862
