placar_casa,placar_visitante,data,round,stage,ano,equipe_casa,equipe_visitante,Pts_casa,3P_casa,2P_casa,LL_casa,RT_casa,RO_casa,RD_casa,AS_casa,ER_casa,IA%_casa,3PC_casa,3PT_casa,3P%_casa,2PC_casa,2PT_casa,2P%_casa,LLC_casa,LLT_casa,LL%_casa,EN_casa,BR_casa,B/E_casa,TO_casa,FC_casa,T/FC_casa,ET_casa,VI_casa,EF_casa,Pts_visitante,3P_visitante,2P_visitante,LL_visitante,RT_visitante,RO_visitante,RD_visitante,AS_visitante,ER_visitante,IA%_visitante,3PC_visitante,3PT_visitante,3P%_visitante,2PC_visitante,2PT_visitante,2P%_visitante,LLC_visitante,LLT_visitante,LL%_visitante,EN_visitante,BR_visitante,B/E_visitante,TO_visitante,FC_visitante,T/FC_visitante,ET_visitante,VI_visitante,EF_visitante
97,98,2022-01-06,11,1,2021-2022,Bauru Basket,Paulistano,82.06385204081629,31.002551020408163,38.87239795918367,14.959234693877551,34.75502551020408,9.548596938775512,25.206734693877554,16.03823979591837,12.214336734693878,1.43956632653061,9.410714285714286,25.83158163265306,36.687806122449025,19.436275510204084,36.05354591836735,54.36147959183672,14.959234693877551,20.06122448979592,74.67229591836731,1.3674234693877556,7.627576530612245,0.6778316326530609,1.793316326530613,19.04076530612245,0.09734693877551014,12.214336734693878,2.15313775510204,92.71676020408167,80.27029729729729,29.983783783783785,38.891864864864864,14.799972972972972,36.14054054054054,11.448729729729731,24.691891891891892,14.97572972972973,13.459378378378377,1.225189189189189,8.859486486486487,25.978405405405407,34.50916216216215,19.445972972972974,38.17572972972973,51.23256756756753,14.799972972972972,20.17835135135135,73.10659459459461,1.7541351351351344,7.67562162162162,0.6174054054054058,1.924351351351351,21.26754054054054,0.09424324324324314,13.459378378378377,2.4702432432432437,87.40813513513513
