placar_casa,placar_visitante,data,round,stage,ano,equipe_casa,equipe_visitante,Pts_casa,3P_casa,2P_casa,LL_casa,RT_casa,RO_casa,RD_casa,AS_casa,ER_casa,IA%_casa,3PC_casa,3PT_casa,3P%_casa,2PC_casa,2PT_casa,2P%_casa,LLC_casa,LLT_casa,LL%_casa,EN_casa,BR_casa,B/E_casa,TO_casa,FC_casa,T/FC_casa,ET_casa,VI_casa,EF_casa,Pts_visitante,3P_visitante,2P_visitante,LL_visitante,RT_visitante,RO_visitante,RD_visitante,AS_visitante,ER_visitante,IA%_visitante,3PC_visitante,3PT_visitante,3P%_visitante,2PC_visitante,2PT_visitante,2P%_visitante,LLC_visitante,LLT_visitante,LL%_visitante,EN_visitante,BR_visitante,B/E_visitante,TO_visitante,FC_visitante,T/FC_visitante,ET_visitante,VI_visitante,EF_visitante
101,98,2014-11-20,6,1,2014-2015,Uberlândia,Flamengo,82.64545454545454,37.14545454545455,40.25454545454546,14.954545454545455,31.145454545454545,7.9818181818181815,23.163636363636364,16.4,11.754545454545454,1.5585454545454553,9.145454545454545,23.236363636363638,39.36581818181817,20.12727272727273,36.99090909090909,54.6067272727273,14.954545454545455,18.990909090909092,78.98499999999999,3.018181818181818,7.072727272727272,0.6633636363636365,2.4545454545454546,19.51818181818182,0.13218181818181823,11.754545454545454,2.4727272727272727,95.61818181818182,88.81005586592178,34.75977653631285,43.92178770949721,17.268156424581004,33.46368715083799,8.8268156424581,24.636871508379887,15.636871508379889,12.29050279329609,1.4256424581005582,9.206703910614525,23.966480446927374,38.641843575418996,21.960893854748605,38.54189944134078,57.24597765363126,17.268156424581004,22.81564245810056,75.74575418994412,1.8547486033519553,8.223463687150838,0.7326256983240225,1.7094972067039107,19.804469273743017,0.08860335195530729,12.29050279329609,1.675977653631285,100.69832402234637
