placar_casa,placar_visitante,data,round,stage,ano,equipe_casa,equipe_visitante,Pts_casa,3P_casa,2P_casa,LL_casa,RT_casa,RO_casa,RD_casa,AS_casa,ER_casa,IA%_casa,3PC_casa,3PT_casa,3P%_casa,2PC_casa,2PT_casa,2P%_casa,LLC_casa,LLT_casa,LL%_casa,EN_casa,BR_casa,B/E_casa,TO_casa,FC_casa,T/FC_casa,ET_casa,VI_casa,EF_casa,Pts_visitante,3P_visitante,2P_visitante,LL_visitante,RT_visitante,RO_visitante,RD_visitante,AS_visitante,ER_visitante,IA%_visitante,3PC_visitante,3PT_visitante,3P%_visitante,2PC_visitante,2PT_visitante,2P%_visitante,LLC_visitante,LLT_visitante,LL%_visitante,EN_visitante,BR_visitante,B/E_visitante,TO_visitante,FC_visitante,T/FC_visitante,ET_visitante,VI_visitante,EF_visitante
83,69,2020-12-29,8,1,2020-2021,Corinthians,Flamengo,80.2728787878788,25.363636363636363,39.48484848484849,15.424393939393939,35.86363636363637,10.333181818181819,25.530454545454543,17.33287878787879,13.439242424242424,1.3621212121212125,8.454545454545455,24.015,35.204545454545446,19.742424242424242,39.27272727272728,50.49909090909091,15.424393939393939,20.13621212121212,76.55227272727267,1.93969696969697,7.424242424242424,0.5780303030303033,2.121212121212121,22.318484848484847,0.09742424242424241,13.439242424242424,1.8936363636363636,89.66666666666667,87.46417582417588,31.64010989010989,42.802142857142854,16.532912087912088,36.19228021978022,9.892884615384617,26.29947802197802,17.43409340659341,12.313214285714286,1.5542582417582418,9.3764010989011,25.219807692307693,37.35145604395606,21.401153846153846,38.30769230769231,56.056236263736274,16.532912087912088,21.791208791208792,75.85774725274723,1.6208516483516486,8.164862637362639,0.7205494505494503,1.8599450549450542,19.46434065934066,0.09890109890109892,12.313214285714286,1.8406043956043963,101.78843406593408
