placar_casa,placar_visitante,data,round,stage,ano,equipe_casa,equipe_visitante,Pts_casa,3P_casa,2P_casa,LL_casa,RT_casa,RO_casa,RD_casa,AS_casa,ER_casa,IA%_casa,3PC_casa,3PT_casa,3P%_casa,2PC_casa,2PT_casa,2P%_casa,LLC_casa,LLT_casa,LL%_casa,EN_casa,BR_casa,B/E_casa,TO_casa,FC_casa,T/FC_casa,ET_casa,VI_casa,EF_casa,Pts_visitante,3P_visitante,2P_visitante,LL_visitante,RT_visitante,RO_visitante,RD_visitante,AS_visitante,ER_visitante,IA%_visitante,3PC_visitante,3PT_visitante,3P%_visitante,2PC_visitante,2PT_visitante,2P%_visitante,LLC_visitante,LLT_visitante,LL%_visitante,EN_visitante,BR_visitante,B/E_visitante,TO_visitante,FC_visitante,T/FC_visitante,ET_visitante,VI_visitante,EF_visitante
105,77,2010-02-05,1,2,2009-2010,Brasília,Pinheiros,86.50980392156863,22.176470588235293,44.78431372549019,19.54901960784314,33.72549019607843,8.705882352941176,25.019607843137255,15.745098039215685,15.509803921568627,1.1231372549019611,7.392156862745098,22.215686274509803,33.79372549019609,22.392156862745097,38.35294117647059,58.440980392156874,19.54901960784314,25.725490196078432,75.9621568627451,1.9411764705882353,7.666666666666667,0.5349019607843137,3.6666666666666665,22.215686274509803,0.17745098039215687,15.509803921568627,0.47058823529411764,95.31372549019608,87.25,29.25,40.2,17.8,31.7,9.075,22.625,15.225,13.1,1.2222500000000003,9.75,24.5,40.34624999999999,20.1,37.05,54.369749999999996,17.8,23.875,74.75150000000001,2.825,7.225,0.573,1.95,18.425,0.1145,13.1,0.55,92.475
