placar_casa,placar_visitante,data,round,stage,ano,equipe_casa,equipe_visitante,Pts_casa,3P_casa,2P_casa,LL_casa,RT_casa,RO_casa,RD_casa,AS_casa,ER_casa,IA%_casa,3PC_casa,3PT_casa,3P%_casa,2PC_casa,2PT_casa,2P%_casa,LLC_casa,LLT_casa,LL%_casa,EN_casa,BR_casa,B/E_casa,TO_casa,FC_casa,T/FC_casa,ET_casa,VI_casa,EF_casa,Pts_visitante,3P_visitante,2P_visitante,LL_visitante,RT_visitante,RO_visitante,RD_visitante,AS_visitante,ER_visitante,IA%_visitante,3PC_visitante,3PT_visitante,3P%_visitante,2PC_visitante,2PT_visitante,2P%_visitante,LLC_visitante,LLT_visitante,LL%_visitante,EN_visitante,BR_visitante,B/E_visitante,TO_visitante,FC_visitante,T/FC_visitante,ET_visitante,VI_visitante,EF_visitante
87,88,2010-03-28,12,2,2009-2010,Minas,Joinville,87.4,23.836363636363636,47.127272727272725,16.436363636363637,33.872727272727275,9.545454545454545,24.327272727272728,18.145454545454545,14.836363636363636,1.3158181818181816,7.945454545454545,21.12727272727273,37.87018181818183,23.563636363636363,41.36363636363637,57.106909090909085,16.436363636363637,22.01818181818182,74.37872727272726,1.1272727272727272,6.836363636363636,0.48490909090909096,2.8181818181818183,19.327272727272728,0.1547272727272727,14.836363636363636,0.8909090909090909,97.67272727272727,81.78181818181818,29.236363636363638,37.6,14.945454545454545,33.1,9.627272727272727,23.472727272727273,15.072727272727272,13.809090909090909,1.1814545454545453,9.745454545454546,26.681818181818183,36.710363636363624,18.8,36.79090909090909,51.08090909090909,14.945454545454545,21.181818181818183,70.20636363636365,1.5727272727272728,7.9,0.616,2.5545454545454547,19.754545454545454,0.1387272727272727,13.809090909090909,0.9454545454545454,85.43636363636364
