placar_casa,placar_visitante,data,round,stage,ano,equipe_casa,equipe_visitante,Pts_casa,3P_casa,2P_casa,LL_casa,RT_casa,RO_casa,RD_casa,AS_casa,ER_casa,IA%_casa,3PC_casa,3PT_casa,3P%_casa,2PC_casa,2PT_casa,2P%_casa,LLC_casa,LLT_casa,LL%_casa,EN_casa,BR_casa,B/E_casa,TO_casa,FC_casa,T/FC_casa,ET_casa,VI_casa,EF_casa,Pts_visitante,3P_visitante,2P_visitante,LL_visitante,RT_visitante,RO_visitante,RD_visitante,AS_visitante,ER_visitante,IA%_visitante,3PC_visitante,3PT_visitante,3P%_visitante,2PC_visitante,2PT_visitante,2P%_visitante,LLC_visitante,LLT_visitante,LL%_visitante,EN_visitante,BR_visitante,B/E_visitante,TO_visitante,FC_visitante,T/FC_visitante,ET_visitante,VI_visitante,EF_visitante
84,94,2021-02-26,4,2,2020-2021,Mogi,Fortaleza B. C. / CFO,81.12667896678964,29.487084870848708,39.498228782287825,16.436678966789668,36.488376383763836,11.113136531365313,25.375166051660518,16.30878228782288,13.809261992619925,1.2942435424354242,8.39730627306273,23.651955719557197,35.643985239852405,19.749003690036897,38.75154981549816,51.22206642066414,16.436678966789668,21.96929889298893,74.80487084870845,1.3369003690036894,8.36280442804428,0.6538007380073798,1.9619557195571957,21.222583025830257,0.09642066420664205,13.809261992619925,2.655645756457564,91.63103321033208,76.82865306122449,29.118367346938776,39.183632653061224,13.338775510204082,35.39995918367347,10.330693877551022,25.069510204081634,13.636734693877552,12.828489795918365,1.168857142857143,8.102081632653062,24.68155102040816,33.05485714285713,19.59187755102041,39.191755102040815,50.09546938775506,13.338775510204082,18.755142857142857,70.92118367346939,1.4204897959183675,8.514244897959182,0.7229795918367347,2.461142857142858,20.583632653061223,0.12261224489795913,12.828489795918365,2.6000408163265303,83.2162448979592
