placar_casa,placar_visitante,data,round,stage,ano,equipe_casa,equipe_visitante,Pts_casa,3P_casa,2P_casa,LL_casa,RT_casa,RO_casa,RD_casa,AS_casa,ER_casa,IA%_casa,3PC_casa,3PT_casa,3P%_casa,2PC_casa,2PT_casa,2P%_casa,LLC_casa,LLT_casa,LL%_casa,EN_casa,BR_casa,B/E_casa,TO_casa,FC_casa,T/FC_casa,ET_casa,VI_casa,EF_casa,Pts_visitante,3P_visitante,2P_visitante,LL_visitante,RT_visitante,RO_visitante,RD_visitante,AS_visitante,ER_visitante,IA%_visitante,3PC_visitante,3PT_visitante,3P%_visitante,2PC_visitante,2PT_visitante,2P%_visitante,LLC_visitante,LLT_visitante,LL%_visitante,EN_visitante,BR_visitante,B/E_visitante,TO_visitante,FC_visitante,T/FC_visitante,ET_visitante,VI_visitante,EF_visitante
89,79,2009-05-31,3,5,2008-2009,Brasília,Minas,85.94285714285714,22.457142857142856,43.885714285714286,19.6,33.285714285714285,8.314285714285715,24.97142857142857,15.2,15.685714285714285,1.072857142857143,7.485714285714286,21.685714285714287,34.82514285714286,21.942857142857143,38.02857142857143,57.81685714285716,19.6,25.82857142857143,76.05428571428573,2.0285714285714285,8.057142857142857,0.5471428571428572,4.0,22.771428571428572,0.18742857142857144,15.685714285714285,0.0,94.28571428571429,85.66666666666667,23.0,46.303030303030305,16.363636363636363,34.42424242424242,9.272727272727273,25.151515151515152,17.272727272727273,15.06060606060606,1.267878787878788,7.666666666666667,21.03030303030303,36.60969696969697,23.151515151515152,40.36363636363637,57.65969696969695,16.363636363636363,22.636363636363637,72.68575757575756,1.2424242424242424,7.03030303030303,0.49969696969696986,2.909090909090909,18.21212121212121,0.16515151515151513,15.06060606060606,0.0,95.39393939393939
