placar_casa,placar_visitante,data,round,stage,ano,equipe_casa,equipe_visitante,Pts_casa,3P_casa,2P_casa,LL_casa,RT_casa,RO_casa,RD_casa,AS_casa,ER_casa,IA%_casa,3PC_casa,3PT_casa,3P%_casa,2PC_casa,2PT_casa,2P%_casa,LLC_casa,LLT_casa,LL%_casa,EN_casa,BR_casa,B/E_casa,TO_casa,FC_casa,T/FC_casa,ET_casa,VI_casa,EF_casa,Pts_visitante,3P_visitante,2P_visitante,LL_visitante,RT_visitante,RO_visitante,RD_visitante,AS_visitante,ER_visitante,IA%_visitante,3PC_visitante,3PT_visitante,3P%_visitante,2PC_visitante,2PT_visitante,2P%_visitante,LLC_visitante,LLT_visitante,LL%_visitante,EN_visitante,BR_visitante,B/E_visitante,TO_visitante,FC_visitante,T/FC_visitante,ET_visitante,VI_visitante,EF_visitante
79,77,2015-12-22,14,1,2015-2016,Flamengo,Mogi,88.53539823008849,33.4646017699115,43.89380530973451,16.831858407079647,33.93362831858407,8.986725663716815,24.946902654867255,16.207964601769913,12.128318584070797,1.5021681415929207,9.269911504424778,24.02212389380531,38.73853982300885,21.946902654867255,38.61504424778761,57.01203539823006,16.831858407079647,22.128318584070797,76.18238938053096,1.8761061946902655,8.526548672566372,0.7723008849557523,1.7699115044247788,19.513274336283185,0.09358407079646021,12.128318584070797,1.6592920353982301,101.73893805309734,80.12307692307692,31.223076923076924,40.276923076923076,17.576923076923077,35.56923076923077,11.653846153846153,23.915384615384614,14.3,14.392307692307693,1.0871538461538466,7.423076923076923,20.676923076923078,35.97484615384615,20.138461538461538,40.56923076923077,49.83146153846151,17.576923076923077,23.523076923076925,74.15507692307692,1.2923076923076924,8.861538461538462,0.659076923076923,1.7,22.315384615384616,0.0803076923076923,14.392307692307693,2.9692307692307693,88.62307692307692
