placar_casa,placar_visitante,data,round,stage,ano,equipe_casa,equipe_visitante,Pts_casa,3P_casa,2P_casa,LL_casa,RT_casa,RO_casa,RD_casa,AS_casa,ER_casa,IA%_casa,3PC_casa,3PT_casa,3P%_casa,2PC_casa,2PT_casa,2P%_casa,LLC_casa,LLT_casa,LL%_casa,EN_casa,BR_casa,B/E_casa,TO_casa,FC_casa,T/FC_casa,ET_casa,VI_casa,EF_casa,Pts_visitante,3P_visitante,2P_visitante,LL_visitante,RT_visitante,RO_visitante,RD_visitante,AS_visitante,ER_visitante,IA%_visitante,3PC_visitante,3PT_visitante,3P%_visitante,2PC_visitante,2PT_visitante,2P%_visitante,LLC_visitante,LLT_visitante,LL%_visitante,EN_visitante,BR_visitante,B/E_visitante,TO_visitante,FC_visitante,T/FC_visitante,ET_visitante,VI_visitante,EF_visitante
80,86,2013-04-06,18,2,2012-2013,Mogi,Fortaleza B. C. / CFO,74.72727272727273,54.0,38.06060606060606,17.939393939393938,31.90909090909091,9.121212121212121,22.78787878787879,12.393939393939394,14.666666666666666,0.9812121212121211,6.242424242424242,18.606060606060606,33.801515151515154,19.03030303030303,41.27272727272727,46.56969696969698,17.939393939393938,23.848484848484848,74.75030303030303,0.3939393939393939,5.454545454545454,0.4096969696969698,1.2727272727272727,22.818181818181817,0.06030303030303031,14.666666666666666,2.8181818181818183,78.9090909090909,79.87096774193549,59.70967741935484,43.03225806451613,15.161290322580646,30.29032258064516,8.741935483870968,21.548387096774192,13.483870967741936,11.193548387096774,1.473225806451613,7.225806451612903,20.967741935483872,34.79290322580645,21.516129032258064,41.74193548387097,51.891935483870974,15.161290322580646,19.806451612903224,76.19645161290325,1.064516129032258,7.032258064516129,0.7841935483870967,2.7096774193548385,20.741935483870968,0.13741935483870968,11.193548387096774,2.7096774193548385,90.29032258064517
