placar_casa,placar_visitante,data,round,stage,ano,equipe_casa,equipe_visitante,Pts_casa,3P_casa,2P_casa,LL_casa,RT_casa,RO_casa,RD_casa,AS_casa,ER_casa,IA%_casa,3PC_casa,3PT_casa,3P%_casa,2PC_casa,2PT_casa,2P%_casa,LLC_casa,LLT_casa,LL%_casa,EN_casa,BR_casa,B/E_casa,TO_casa,FC_casa,T/FC_casa,ET_casa,VI_casa,EF_casa,Pts_visitante,3P_visitante,2P_visitante,LL_visitante,RT_visitante,RO_visitante,RD_visitante,AS_visitante,ER_visitante,IA%_visitante,3PC_visitante,3PT_visitante,3P%_visitante,2PC_visitante,2PT_visitante,2P%_visitante,LLC_visitante,LLT_visitante,LL%_visitante,EN_visitante,BR_visitante,B/E_visitante,TO_visitante,FC_visitante,T/FC_visitante,ET_visitante,VI_visitante,EF_visitante
82,67,2015-11-03,1,1,2015-2016,Rio Claro,L. Sorocabana,79.2,21.2,43.0,15.0,30.733333333333334,8.333333333333334,22.4,16.533333333333335,13.7,1.3193333333333332,7.066666666666666,21.6,31.888333333333335,21.5,40.1,53.658,15.0,18.566666666666666,80.38300000000002,1.5,10.3,0.7986666666666665,1.3666666666666667,19.566666666666666,0.07433333333333335,13.7,3.033333333333333,87.73333333333333,76.70588235294117,30.907563025210084,39.529411764705884,15.974789915966387,29.756302521008404,10.07563025210084,19.680672268907564,11.067226890756302,12.361344537815127,0.9663025210084033,7.067226890756302,21.243697478991596,33.364621848739496,19.764705882352942,39.49579831932773,50.28193277310921,15.974789915966387,21.142857142857142,75.3255462184874,1.3781512605042017,9.15126050420168,0.8079831932773114,1.5798319327731092,21.51260504201681,0.07487394957983193,12.361344537815127,2.630252100840336,79.40336134453781
