placar_casa,placar_visitante,data,round,stage,ano,equipe_casa,equipe_visitante,Pts_casa,3P_casa,2P_casa,LL_casa,RT_casa,RO_casa,RD_casa,AS_casa,ER_casa,IA%_casa,3PC_casa,3PT_casa,3P%_casa,2PC_casa,2PT_casa,2P%_casa,LLC_casa,LLT_casa,LL%_casa,EN_casa,BR_casa,B/E_casa,TO_casa,FC_casa,T/FC_casa,ET_casa,VI_casa,EF_casa,Pts_visitante,3P_visitante,2P_visitante,LL_visitante,RT_visitante,RO_visitante,RD_visitante,AS_visitante,ER_visitante,IA%_visitante,3PC_visitante,3PT_visitante,3P%_visitante,2PC_visitante,2PT_visitante,2P%_visitante,LLC_visitante,LLT_visitante,LL%_visitante,EN_visitante,BR_visitante,B/E_visitante,TO_visitante,FC_visitante,T/FC_visitante,ET_visitante,VI_visitante,EF_visitante
69,86,2024-03-26,10,2,2023-2024,Cerrado,Bauru Basket,77.22612903225807,27.89516129032258,37.322419354838715,12.00782258064516,38.73370967741935,11.556532258064518,27.17766129032258,15.274354838709678,13.943548387096772,1.1490322580645158,9.298467741935484,28.693629032258062,32.518629032258055,18.661451612903225,37.54032258064516,50.032419354838716,12.00782258064516,17.47612903225807,68.61096774193553,1.6690322580645158,6.766209677419355,0.4998387096774189,2.2741935483870965,17.68596774193549,0.13088709677419358,13.943548387096772,2.660887096774194,82.58895161290323,81.47342213114752,30.891393442622952,38.43846311475411,14.368852459016393,34.55116803278689,9.371004098360658,25.180409836065575,16.360655737704917,12.073852459016395,1.4714549180327847,9.55530737704918,26.44875,36.30594262295084,19.219323770491805,35.67827868852461,54.22500000000002,14.368852459016393,19.241803278688526,74.60961065573767,1.4017418032786884,7.567643442622951,0.6733811475409832,1.7745081967213125,19.07165983606557,0.09629098360655743,12.073852459016395,2.1742008196721305,92.06549180327873
