placar_casa,placar_visitante,data,round,stage,ano,equipe_casa,equipe_visitante,Pts_casa,3P_casa,2P_casa,LL_casa,RT_casa,RO_casa,RD_casa,AS_casa,ER_casa,IA%_casa,3PC_casa,3PT_casa,3P%_casa,2PC_casa,2PT_casa,2P%_casa,LLC_casa,LLT_casa,LL%_casa,EN_casa,BR_casa,B/E_casa,TO_casa,FC_casa,T/FC_casa,ET_casa,VI_casa,EF_casa,Pts_visitante,3P_visitante,2P_visitante,LL_visitante,RT_visitante,RO_visitante,RD_visitante,AS_visitante,ER_visitante,IA%_visitante,3PC_visitante,3PT_visitante,3P%_visitante,2PC_visitante,2PT_visitante,2P%_visitante,LLC_visitante,LLT_visitante,LL%_visitante,EN_visitante,BR_visitante,B/E_visitante,TO_visitante,FC_visitante,T/FC_visitante,ET_visitante,VI_visitante,EF_visitante
88,86,2020-02-29,6,2,2019-2020,Botafogo,Pinheiros,76.6,27.45,35.633500000000005,13.516500000000002,34.13316666666666,10.45,23.68316666666666,16.68316666666667,13.65,1.2975000000000003,9.15,25.983166666666662,35.40499999999999,17.8165,35.38316666666666,50.57016666666665,13.516500000000002,17.76683333333333,76.17333333333335,1.2501666666666666,6.399833333333333,0.49400000000000005,2.0835,23.083500000000004,0.09283333333333332,13.65,2.7168333333333328,83.45,83.52134146341463,28.838414634146343,40.493963414634145,16.23783536585366,33.695091463414634,9.500060975609758,24.195121951219512,15.582317073170731,13.320121951219512,1.2567378048780486,8.92984756097561,24.10673780487805,37.06390243902437,20.24689024390244,38.01521341463415,53.637408536585376,16.23783536585366,21.765243902439025,74.61649390243898,1.9389939024390248,8.070091463414634,0.6407926829268293,2.481707317073171,20.115884146341465,0.1287804878048779,13.320121951219512,2.365884146341463,92.73472560975611
