placar_casa,placar_visitante,data,round,stage,ano,equipe_casa,equipe_visitante,Pts_casa,3P_casa,2P_casa,LL_casa,RT_casa,RO_casa,RD_casa,AS_casa,ER_casa,IA%_casa,3PC_casa,3PT_casa,3P%_casa,2PC_casa,2PT_casa,2P%_casa,LLC_casa,LLT_casa,LL%_casa,EN_casa,BR_casa,B/E_casa,TO_casa,FC_casa,T/FC_casa,ET_casa,VI_casa,EF_casa,Pts_visitante,3P_visitante,2P_visitante,LL_visitante,RT_visitante,RO_visitante,RD_visitante,AS_visitante,ER_visitante,IA%_visitante,3PC_visitante,3PT_visitante,3P%_visitante,2PC_visitante,2PT_visitante,2P%_visitante,LLC_visitante,LLT_visitante,LL%_visitante,EN_visitante,BR_visitante,B/E_visitante,TO_visitante,FC_visitante,T/FC_visitante,ET_visitante,VI_visitante,EF_visitante
85,94,2015-12-17,12,1,2015-2016,Brasília,Flamengo,86.81042654028435,31.393364928909953,42.59715639810427,16.829383886255926,34.052132701421804,9.018957345971565,25.033175355450236,16.473933649289098,13.270142180094787,1.4021800947867302,9.127962085308058,24.938388625592417,36.564597156398115,21.298578199052134,37.644549763033176,56.86786729857824,16.829383886255926,21.308056872037916,78.95924170616112,1.7393364928909953,7.668246445497631,0.6497630331753551,3.2322274881516586,21.61611374407583,0.1600947867298578,13.270142180094787,1.8578199052132702,99.99526066350711,88.48660714285714,33.535714285714285,43.8125,16.84375,33.924107142857146,8.955357142857142,24.96875,16.178571428571427,12.120535714285714,1.501919642857143,9.276785714285714,24.035714285714285,38.761785714285715,21.90625,38.558035714285715,56.9898214285714,16.84375,22.160714285714285,76.18138392857142,1.8839285714285714,8.5,0.7714732142857145,1.7633928571428572,19.535714285714285,0.09312500000000003,12.120535714285714,1.6607142857142858,101.62946428571429
