placar_casa,placar_visitante,data,round,stage,ano,equipe_casa,equipe_visitante,Pts_casa,3P_casa,2P_casa,LL_casa,RT_casa,RO_casa,RD_casa,AS_casa,ER_casa,IA%_casa,3PC_casa,3PT_casa,3P%_casa,2PC_casa,2PT_casa,2P%_casa,LLC_casa,LLT_casa,LL%_casa,EN_casa,BR_casa,B/E_casa,TO_casa,FC_casa,T/FC_casa,ET_casa,VI_casa,EF_casa,Pts_visitante,3P_visitante,2P_visitante,LL_visitante,RT_visitante,RO_visitante,RD_visitante,AS_visitante,ER_visitante,IA%_visitante,3PC_visitante,3PT_visitante,3P%_visitante,2PC_visitante,2PT_visitante,2P%_visitante,LLC_visitante,LLT_visitante,LL%_visitante,EN_visitante,BR_visitante,B/E_visitante,TO_visitante,FC_visitante,T/FC_visitante,ET_visitante,VI_visitante,EF_visitante
72,61,2015-02-13,8,2,2014-2015,Sesi Franca,Rio Claro,80.58288770053476,29.454545454545453,43.57219251336898,15.946524064171124,31.25133689839572,9.213903743315509,22.037433155080215,14.711229946524064,13.406417112299465,1.237219251336898,7.021390374331551,19.9572192513369,35.18780748663102,21.78609625668449,41.49197860962567,52.69401069518717,15.946524064171124,21.620320855614974,73.39796791443848,1.893048128342246,8.93048128342246,0.7265240641711228,2.828877005347594,20.668449197860962,0.1461497326203208,13.406417112299465,2.0481283422459895,88.62032085561498,77.55,19.5,43.4,14.65,30.85,7.8,23.05,16.75,14.1,1.2984999999999998,6.5,20.95,30.22800000000001,21.7,40.0,54.3005,14.65,18.0,80.69250000000001,1.6,10.6,0.7855,1.3,18.1,0.07800000000000001,14.1,2.75,86.85
