placar_casa,placar_visitante,data,round,stage,ano,equipe_casa,equipe_visitante,Pts_casa,3P_casa,2P_casa,LL_casa,RT_casa,RO_casa,RD_casa,AS_casa,ER_casa,IA%_casa,3PC_casa,3PT_casa,3P%_casa,2PC_casa,2PT_casa,2P%_casa,LLC_casa,LLT_casa,LL%_casa,EN_casa,BR_casa,B/E_casa,TO_casa,FC_casa,T/FC_casa,ET_casa,VI_casa,EF_casa,Pts_visitante,3P_visitante,2P_visitante,LL_visitante,RT_visitante,RO_visitante,RD_visitante,AS_visitante,ER_visitante,IA%_visitante,3PC_visitante,3PT_visitante,3P%_visitante,2PC_visitante,2PT_visitante,2P%_visitante,LLC_visitante,LLT_visitante,LL%_visitante,EN_visitante,BR_visitante,B/E_visitante,TO_visitante,FC_visitante,T/FC_visitante,ET_visitante,VI_visitante,EF_visitante
77,82,2012-12-10,6,1,2012-2013,Sesi Franca,Flamengo,83.56976744186046,26.406976744186046,43.116279069767444,17.6046511627907,29.476744186046513,8.337209302325581,21.13953488372093,15.290697674418604,12.63953488372093,1.3831395348837205,7.616279069767442,20.941860465116278,36.63662790697674,21.558139534883722,41.47674418604651,52.260697674418616,17.6046511627907,22.930232558139537,77.02430232558139,1.058139534883721,8.081395348837209,0.7082558139534881,2.383720930232558,21.732558139534884,0.11802325581395347,12.63953488372093,1.569767441860465,89.36046511627907,90.28260869565217,28.72826086956522,44.95652173913044,17.25,31.91304347826087,7.880434782608695,24.032608695652176,15.815217391304348,12.23913043478261,1.4339130434782608,9.358695652173912,23.847826086956523,39.35010869565217,22.47826086956522,38.72826086956522,58.24760869565217,17.25,22.73913043478261,75.89934782608697,1.8043478260869565,8.25,0.741521739130435,1.8369565217391304,19.804347826086957,0.09434782608695648,12.23913043478261,1.2717391304347827,101.21739130434783
