placar_casa,placar_visitante,data,round,stage,ano,equipe_casa,equipe_visitante,Pts_casa,3P_casa,2P_casa,LL_casa,RT_casa,RO_casa,RD_casa,AS_casa,ER_casa,IA%_casa,3PC_casa,3PT_casa,3P%_casa,2PC_casa,2PT_casa,2P%_casa,LLC_casa,LLT_casa,LL%_casa,EN_casa,BR_casa,B/E_casa,TO_casa,FC_casa,T/FC_casa,ET_casa,VI_casa,EF_casa,Pts_visitante,3P_visitante,2P_visitante,LL_visitante,RT_visitante,RO_visitante,RD_visitante,AS_visitante,ER_visitante,IA%_visitante,3PC_visitante,3PT_visitante,3P%_visitante,2PC_visitante,2PT_visitante,2P%_visitante,LLC_visitante,LLT_visitante,LL%_visitante,EN_visitante,BR_visitante,B/E_visitante,TO_visitante,FC_visitante,T/FC_visitante,ET_visitante,VI_visitante,EF_visitante
81,82,2019-12-09,9,1,2019-2020,Corinthians,Pinheiros,80.60488372093023,23.511627906976745,41.34883720930234,15.744418604651162,36.2093023255814,10.534651162790698,25.674651162790692,17.557441860465122,13.906744186046511,1.349767441860465,7.83720930232558,22.162558139534884,35.39790697674418,20.674418604651166,41.00000000000001,50.71976744186047,15.744418604651162,20.743953488372092,75.86162790697671,2.1632558139534885,7.558139534883721,0.564186046511628,2.116279069767442,22.48883720930232,0.09604651162790698,13.906744186046511,1.8599999999999997,90.34883720930233,83.61829652996846,28.930599369085172,40.47324921135647,16.33441640378549,33.640347003154574,9.47640378548896,24.16403785488959,15.558359621451103,13.305993690851736,1.2559305993690848,8.936876971608832,24.154605678233438,37.021167192429004,20.236529968454256,37.96211356466877,53.69605678233439,16.33441640378549,21.823343848580443,74.84921135646682,1.9621135646687702,8.091451104100946,0.6431545741324919,2.5141955835962144,20.132523659305996,0.1304731861198737,13.305993690851736,2.38173501577287,92.90848580441642
