placar_casa,placar_visitante,data,round,stage,ano,equipe_casa,equipe_visitante,Pts_casa,3P_casa,2P_casa,LL_casa,RT_casa,RO_casa,RD_casa,AS_casa,ER_casa,IA%_casa,3PC_casa,3PT_casa,3P%_casa,2PC_casa,2PT_casa,2P%_casa,LLC_casa,LLT_casa,LL%_casa,EN_casa,BR_casa,B/E_casa,TO_casa,FC_casa,T/FC_casa,ET_casa,VI_casa,EF_casa,Pts_visitante,3P_visitante,2P_visitante,LL_visitante,RT_visitante,RO_visitante,RD_visitante,AS_visitante,ER_visitante,IA%_visitante,3PC_visitante,3PT_visitante,3P%_visitante,2PC_visitante,2PT_visitante,2P%_visitante,LLC_visitante,LLT_visitante,LL%_visitante,EN_visitante,BR_visitante,B/E_visitante,TO_visitante,FC_visitante,T/FC_visitante,ET_visitante,VI_visitante,EF_visitante
74,69,2021-11-02,3,1,2021-2022,Paulistano,Corinthians,80.40671309192199,30.050139275766018,38.947047353760446,14.919192200557102,36.069637883008355,11.448551532033427,24.62116991643454,14.958272980501395,13.490167130919218,1.2232590529247909,8.84682451253482,25.905320334261837,34.56543175487464,19.47356545961003,38.11983286908078,51.38030640668517,14.919192200557102,20.334233983286907,73.14175487465182,1.7800278551532027,7.701894150417826,0.6192200557103067,1.9053203342618381,21.300807799442897,0.09314763231197759,13.490167130919218,2.456796657381616,87.57384401114204,81.02163043478261,27.91304347826087,38.36956521739131,14.73934782608696,36.369565217391305,10.293152173913047,26.076086956521735,17.45608695652174,13.304130434782607,1.382826086956522,9.304347826086957,25.608369565217384,36.155543478260874,19.184782608695652,38.18500000000001,50.39902173913045,14.73934782608696,19.260869565217394,76.6240217391304,1.6958695652173914,7.141195652173913,0.5613043478260874,2.1085869565217394,21.543695652173913,0.10076086956521735,13.304130434782607,1.8583695652173913,90.8911956521739
