placar_casa,placar_visitante,data,round,stage,ano,equipe_casa,equipe_visitante,Pts_casa,3P_casa,2P_casa,LL_casa,RT_casa,RO_casa,RD_casa,AS_casa,ER_casa,IA%_casa,3PC_casa,3PT_casa,3P%_casa,2PC_casa,2PT_casa,2P%_casa,LLC_casa,LLT_casa,LL%_casa,EN_casa,BR_casa,B/E_casa,TO_casa,FC_casa,T/FC_casa,ET_casa,VI_casa,EF_casa,Pts_visitante,3P_visitante,2P_visitante,LL_visitante,RT_visitante,RO_visitante,RD_visitante,AS_visitante,ER_visitante,IA%_visitante,3PC_visitante,3PT_visitante,3P%_visitante,2PC_visitante,2PT_visitante,2P%_visitante,LLC_visitante,LLT_visitante,LL%_visitante,EN_visitante,BR_visitante,B/E_visitante,TO_visitante,FC_visitante,T/FC_visitante,ET_visitante,VI_visitante,EF_visitante
58,69,2021-05-15,3,5,2020-2021,Paulistano,Flamengo,80.52811797752807,30.134831460674157,38.98873595505618,14.94379213483146,35.997191011235955,11.427050561797754,24.570224719101123,14.974775280898877,13.491488764044941,1.2235112359550557,8.865196629213484,25.887668539325844,34.653932584269654,19.49441011235955,38.09275280898876,51.46016853932578,14.94379213483146,20.362331460674156,73.09469101123597,1.77817415730337,7.696573033707864,0.6190730337078655,1.9017134831460671,21.331432584269663,0.09283707865168526,13.491488764044941,2.443792134831461,87.71912921348313,87.56760416666673,32.1015625,42.34369791666666,16.45046875,36.481744791666664,9.997369791666666,26.484375,17.59377604166667,12.307265625,1.5636718750000005,9.591119791666666,25.809895833333332,37.29927083333335,21.171927083333333,37.901041666666664,56.04229166666669,16.45046875,21.679739583333333,75.86049479166661,1.6248958333333345,8.130234375,0.7159895833333333,1.8594791666666655,19.294270833333332,0.10010416666666667,12.307265625,1.8567187500000006,102.09106770833337
