placar_casa,placar_visitante,data,round,stage,ano,equipe_casa,equipe_visitante,Pts_casa,3P_casa,2P_casa,LL_casa,RT_casa,RO_casa,RD_casa,AS_casa,ER_casa,IA%_casa,3PC_casa,3PT_casa,3P%_casa,2PC_casa,2PT_casa,2P%_casa,LLC_casa,LLT_casa,LL%_casa,EN_casa,BR_casa,B/E_casa,TO_casa,FC_casa,T/FC_casa,ET_casa,VI_casa,EF_casa,Pts_visitante,3P_visitante,2P_visitante,LL_visitante,RT_visitante,RO_visitante,RD_visitante,AS_visitante,ER_visitante,IA%_visitante,3PC_visitante,3PT_visitante,3P%_visitante,2PC_visitante,2PT_visitante,2P%_visitante,LLC_visitante,LLT_visitante,LL%_visitante,EN_visitante,BR_visitante,B/E_visitante,TO_visitante,FC_visitante,T/FC_visitante,ET_visitante,VI_visitante,EF_visitante
81,89,2014-12-19,12,1,2014-2015,Uberlândia,Limeira,82.47863247863248,36.92307692307692,39.8974358974359,14.786324786324787,31.145299145299145,8.076923076923077,23.068376068376068,16.35042735042735,11.854700854700855,1.5364957264957273,9.264957264957266,23.60683760683761,39.281367521367514,19.94871794871795,36.76068376068376,54.37811965811968,14.786324786324787,18.743589743589745,79.10034188034186,2.9145299145299144,7.153846153846154,0.6632478632478633,2.4871794871794872,19.692307692307693,0.1325641025641026,11.854700854700855,2.4957264957264957,95.13675213675214,81.63829787234043,32.659574468085104,39.1063829787234,15.25531914893617,29.390070921985817,7.773049645390071,21.617021276595743,15.624113475177305,12.312056737588652,1.4114184397163116,9.092198581560284,23.26950354609929,39.39503546099289,19.5531914893617,36.773049645390074,53.26687943262414,15.25531914893617,19.822695035460992,76.90609929078018,1.5602836879432624,7.829787234042553,0.7080141843971629,2.3333333333333335,21.4468085106383,0.11368794326241133,12.312056737588652,1.8581560283687943,90.70212765957447
