placar_casa,placar_visitante,data,round,stage,ano,equipe_casa,equipe_visitante,Pts_casa,3P_casa,2P_casa,LL_casa,RT_casa,RO_casa,RD_casa,AS_casa,ER_casa,IA%_casa,3PC_casa,3PT_casa,3P%_casa,2PC_casa,2PT_casa,2P%_casa,LLC_casa,LLT_casa,LL%_casa,EN_casa,BR_casa,B/E_casa,TO_casa,FC_casa,T/FC_casa,ET_casa,VI_casa,EF_casa,Pts_visitante,3P_visitante,2P_visitante,LL_visitante,RT_visitante,RO_visitante,RD_visitante,AS_visitante,ER_visitante,IA%_visitante,3PC_visitante,3PT_visitante,3P%_visitante,2PC_visitante,2PT_visitante,2P%_visitante,LLC_visitante,LLT_visitante,LL%_visitante,EN_visitante,BR_visitante,B/E_visitante,TO_visitante,FC_visitante,T/FC_visitante,ET_visitante,VI_visitante,EF_visitante
68,74,2019-03-26,12,2,2018-2019,Minas,Brasília,78.1816853932584,25.848314606741575,41.65921348314607,15.269662921348315,33.47947565543071,9.868876404494381,23.61048689138577,15.685355805243445,14.42318352059925,1.170000000000001,7.084344569288391,20.95318352059925,33.91659176029963,20.829550561797753,39.765917602996254,52.489737827715345,15.269662921348315,20.749063670411985,73.36853932584262,1.4457303370786518,7.923258426966293,0.5890262172284639,2.400749063670412,21.408277153558053,0.11775280898876417,14.42318352059925,2.632883895131087,85.97007490636702,85.22336666666665,29.94,41.98336666666667,16.12,34.435,9.293299999999999,25.1417,17.03,13.628333333333334,1.4075000000000004,9.04,24.8533,36.27853333333332,20.991633333333333,37.81503333333333,55.73186666666668,16.12,20.735033333333334,77.74966666666664,1.6416666666666666,7.656666666666666,0.6231999999999995,2.9683333333333333,21.721666666666668,0.14556666666666665,13.628333333333334,2.0566999999999998,97.57663333333335
