placar_casa,placar_visitante,data,round,stage,ano,equipe_casa,equipe_visitante,Pts_casa,3P_casa,2P_casa,LL_casa,RT_casa,RO_casa,RD_casa,AS_casa,ER_casa,IA%_casa,3PC_casa,3PT_casa,3P%_casa,2PC_casa,2PT_casa,2P%_casa,LLC_casa,LLT_casa,LL%_casa,EN_casa,BR_casa,B/E_casa,TO_casa,FC_casa,T/FC_casa,ET_casa,VI_casa,EF_casa,Pts_visitante,3P_visitante,2P_visitante,LL_visitante,RT_visitante,RO_visitante,RD_visitante,AS_visitante,ER_visitante,IA%_visitante,3PC_visitante,3PT_visitante,3P%_visitante,2PC_visitante,2PT_visitante,2P%_visitante,LLC_visitante,LLT_visitante,LL%_visitante,EN_visitante,BR_visitante,B/E_visitante,TO_visitante,FC_visitante,T/FC_visitante,ET_visitante,VI_visitante,EF_visitante
79,86,2020-01-27,3,2,2019-2020,São Paulo,Sesi Franca,86.94388888888889,33.0,38.77777777777778,15.166111111111109,42.22277777777778,11.333333333333334,30.889444444444443,19.77722222222222,13.000555555555554,1.6322222222222222,11.0,31.055,35.65888888888888,19.38888888888889,35.00055555555556,55.57333333333333,15.166111111111109,20.554999999999996,73.78111111111112,2.4438888888888886,5.500555555555556,0.4261111111111111,2.9438888888888886,18.166666666666668,0.16499999999999998,13.000555555555554,1.7222222222222223,103.27833333333335,80.57098765432099,28.38888888888889,41.074074074074076,15.950617283950617,32.71604938271605,9.175925925925926,23.540123456790123,15.256172839506172,13.589506172839506,1.2461111111111105,7.848765432098766,21.97222222222222,35.50922839506176,20.537037037037038,38.76543209876543,53.38419753086417,15.950617283950617,21.450617283950617,74.05944444444438,1.873456790123457,8.243827160493828,0.6566358024691359,2.5555555555555554,20.66358024691358,0.12972222222222216,13.589506172839506,2.2685185185185186,89.05246913580247
