placar_casa,placar_visitante,data,round,stage,ano,equipe_casa,equipe_visitante,Pts_casa,3P_casa,2P_casa,LL_casa,RT_casa,RO_casa,RD_casa,AS_casa,ER_casa,IA%_casa,3PC_casa,3PT_casa,3P%_casa,2PC_casa,2PT_casa,2P%_casa,LLC_casa,LLT_casa,LL%_casa,EN_casa,BR_casa,B/E_casa,TO_casa,FC_casa,T/FC_casa,ET_casa,VI_casa,EF_casa,Pts_visitante,3P_visitante,2P_visitante,LL_visitante,RT_visitante,RO_visitante,RD_visitante,AS_visitante,ER_visitante,IA%_visitante,3PC_visitante,3PT_visitante,3P%_visitante,2PC_visitante,2PT_visitante,2P%_visitante,LLC_visitante,LLT_visitante,LL%_visitante,EN_visitante,BR_visitante,B/E_visitante,TO_visitante,FC_visitante,T/FC_visitante,ET_visitante,VI_visitante,EF_visitante
65,55,2019-12-28,11,1,2019-2020,UNIFACISA,Fortaleza B. C. / CFO,84.785,30.642857142857142,40.57214285714286,13.572142857142861,37.714285714285715,10.499285714285715,27.215000000000003,18.286428571428576,12.21357142857143,1.5178571428571426,10.213571428571429,29.14357142857143,34.89357142857143,20.285,37.57071428571429,53.87999999999999,13.572142857142861,17.784999999999997,76.39714285714285,1.4992857142857139,7.071428571428571,0.5942857142857142,2.286428571428572,20.64357142857143,0.11214285714285713,12.21357142857143,1.9278571428571425,97.35714285714286,76.98607476635515,29.97196261682243,38.94392523364486,13.579392523364485,35.36448598130841,10.467289719626168,24.897196261682243,13.598177570093458,12.808317757009343,1.1805607476635516,8.154205607476635,24.691542056074766,33.3189719626168,19.47196261682243,39.046728971962615,49.98929906542054,13.579392523364485,19.088785046728972,70.91163551401867,1.4299532710280374,8.574766355140186,0.7374299065420559,2.4065420560747666,20.560794392523366,0.1201401869158878,12.808317757009343,2.663551401869159,83.4251401869159
