placar_casa,placar_visitante,data,round,stage,ano,equipe_casa,equipe_visitante,Pts_casa,3P_casa,2P_casa,LL_casa,RT_casa,RO_casa,RD_casa,AS_casa,ER_casa,IA%_casa,3PC_casa,3PT_casa,3P%_casa,2PC_casa,2PT_casa,2P%_casa,LLC_casa,LLT_casa,LL%_casa,EN_casa,BR_casa,B/E_casa,TO_casa,FC_casa,T/FC_casa,ET_casa,VI_casa,EF_casa,Pts_visitante,3P_visitante,2P_visitante,LL_visitante,RT_visitante,RO_visitante,RD_visitante,AS_visitante,ER_visitante,IA%_visitante,3PC_visitante,3PT_visitante,3P%_visitante,2PC_visitante,2PT_visitante,2P%_visitante,LLC_visitante,LLT_visitante,LL%_visitante,EN_visitante,BR_visitante,B/E_visitante,TO_visitante,FC_visitante,T/FC_visitante,ET_visitante,VI_visitante,EF_visitante
77,63,2024-04-04,11,2,2023-2024,UNIFACISA,R10 Score Vasco da Gama,80.96147928994083,30.05325443786982,38.0,12.908579881656806,36.69514792899408,10.183254437869822,26.512071005917164,16.393491124260354,12.813668639053256,1.355857988165681,10.01757396449704,28.532662721893495,34.94917159763313,19.0,36.325384615384614,52.45934911242603,12.908579881656806,17.124437869822483,74.79248520710055,1.2277514792899409,7.1420118343195265,0.5908875739644968,1.8078698224852072,19.645029585798817,0.09473372781065087,12.813668639053256,2.2928994082840233,90.1184023668639,75.52758241758242,24.98901098901099,35.58230769230769,14.955934065934068,35.23065934065934,9.68131868131868,25.549340659340658,17.615274725274727,14.791318681318678,1.2508791208791215,8.32978021978022,24.82428571428572,33.49164835164838,17.791318681318685,35.36252747252747,50.710000000000015,14.955934065934068,19.989120879120883,75.07406593406593,1.10989010989011,6.934175824175824,0.4841758241758242,1.6814285714285713,20.835164835164836,0.0825274725274725,14.791318681318678,3.10989010989011,83.07692307692308
