placar_casa,placar_visitante,data,round,stage,ano,equipe_casa,equipe_visitante,Pts_casa,3P_casa,2P_casa,LL_casa,RT_casa,RO_casa,RD_casa,AS_casa,ER_casa,IA%_casa,3PC_casa,3PT_casa,3P%_casa,2PC_casa,2PT_casa,2P%_casa,LLC_casa,LLT_casa,LL%_casa,EN_casa,BR_casa,B/E_casa,TO_casa,FC_casa,T/FC_casa,ET_casa,VI_casa,EF_casa,Pts_visitante,3P_visitante,2P_visitante,LL_visitante,RT_visitante,RO_visitante,RD_visitante,AS_visitante,ER_visitante,IA%_visitante,3PC_visitante,3PT_visitante,3P%_visitante,2PC_visitante,2PT_visitante,2P%_visitante,LLC_visitante,LLT_visitante,LL%_visitante,EN_visitante,BR_visitante,B/E_visitante,TO_visitante,FC_visitante,T/FC_visitante,ET_visitante,VI_visitante,EF_visitante
81,82,2023-01-31,2,2,2022-2023,Paulistano,Corinthians,79.86717391304346,29.402173913043477,39.01451690821256,14.493961352657005,36.32125603864734,11.504879227053141,24.816376811594203,14.975893719806765,13.316400966183574,1.2427777777777775,8.786207729468599,25.913091787439615,34.27888888888888,19.50722222222222,38.45659420289855,51.047681159420286,14.493961352657005,19.751159420289856,73.0655314009662,1.7513285024154577,7.640096618357488,0.6265942028985512,1.9529227053140095,21.07246376811594,0.09671497584541057,13.316400966183574,2.427536231884058,87.0978985507246,79.86706293706294,28.622377622377623,37.53846153846154,13.706433566433567,37.466153846153844,10.713076923076924,26.752867132867127,17.018321678321676,13.596643356643357,1.3279720279720288,9.540839160839163,27.146643356643352,35.17811188811189,18.76923076923077,36.76699300699301,51.28384615384617,13.706433566433567,18.004615384615384,76.20062937062937,1.8812587412587412,6.524405594405595,0.5040559440559444,2.3146153846153847,20.412727272727274,0.11699300699300696,13.596643356643357,2.3098601398601404,89.64328671328671
