placar_casa,placar_visitante,data,round,stage,ano,equipe_casa,equipe_visitante,Pts_casa,3P_casa,2P_casa,LL_casa,RT_casa,RO_casa,RD_casa,AS_casa,ER_casa,IA%_casa,3PC_casa,3PT_casa,3P%_casa,2PC_casa,2PT_casa,2P%_casa,LLC_casa,LLT_casa,LL%_casa,EN_casa,BR_casa,B/E_casa,TO_casa,FC_casa,T/FC_casa,ET_casa,VI_casa,EF_casa,Pts_visitante,3P_visitante,2P_visitante,LL_visitante,RT_visitante,RO_visitante,RD_visitante,AS_visitante,ER_visitante,IA%_visitante,3PC_visitante,3PT_visitante,3P%_visitante,2PC_visitante,2PT_visitante,2P%_visitante,LLC_visitante,LLT_visitante,LL%_visitante,EN_visitante,BR_visitante,B/E_visitante,TO_visitante,FC_visitante,T/FC_visitante,ET_visitante,VI_visitante,EF_visitante
89,95,2015-03-27,10,2,2014-2015,Macaé Basquete,Mogi,79.32203389830508,24.559322033898304,38.23728813559322,16.52542372881356,31.28813559322034,8.067796610169491,23.220338983050848,13.915254237288135,13.033898305084746,1.2837288135593217,8.186440677966102,21.54237288135593,37.828135593220345,19.11864406779661,37.0,51.849491525423744,16.52542372881356,21.033898305084747,79.16898305084744,1.3220338983050848,8.88135593220339,0.8211864406779663,1.4576271186440677,21.54237288135593,0.0698305084745763,13.033898305084746,3.0677966101694913,86.08474576271186,79.88679245283019,33.16981132075472,39.679245283018865,18.0188679245283,35.5,11.547169811320755,23.952830188679247,14.132075471698114,14.50943396226415,1.0688679245283024,7.39622641509434,20.141509433962263,36.64886792452831,19.839622641509433,40.528301886792455,49.08660377358489,18.0188679245283,23.9811320754717,74.46160377358488,1.2075471698113207,8.443396226415095,0.6219811320754718,1.6226415094339623,22.330188679245282,0.07669811320754716,14.50943396226415,2.952830188679245,88.27358490566037
