placar_casa,placar_visitante,data,round,stage,ano,equipe_casa,equipe_visitante,Pts_casa,3P_casa,2P_casa,LL_casa,RT_casa,RO_casa,RD_casa,AS_casa,ER_casa,IA%_casa,3PC_casa,3PT_casa,3P%_casa,2PC_casa,2PT_casa,2P%_casa,LLC_casa,LLT_casa,LL%_casa,EN_casa,BR_casa,B/E_casa,TO_casa,FC_casa,T/FC_casa,ET_casa,VI_casa,EF_casa,Pts_visitante,3P_visitante,2P_visitante,LL_visitante,RT_visitante,RO_visitante,RD_visitante,AS_visitante,ER_visitante,IA%_visitante,3PC_visitante,3PT_visitante,3P%_visitante,2PC_visitante,2PT_visitante,2P%_visitante,LLC_visitante,LLT_visitante,LL%_visitante,EN_visitante,BR_visitante,B/E_visitante,TO_visitante,FC_visitante,T/FC_visitante,ET_visitante,VI_visitante,EF_visitante
86,72,2020-02-01,3,2,2019-2020,Botafogo,Fortaleza B. C. / CFO,76.16071428571429,26.839285714285715,36.02392857142858,13.297500000000001,34.40464285714285,10.714285714285714,23.690357142857142,16.708214285714288,13.642857142857142,1.3053571428571433,8.946428571428571,25.76178571428571,35.00499999999999,18.011785714285715,35.85107142857142,50.42464285714284,13.297500000000001,17.52392857142857,76.03,1.220357142857143,6.458214285714285,0.5005357142857144,2.0417857142857145,22.970357142857146,0.09107142857142855,13.642857142857142,2.684642857142857,83.08928571428571,76.85397260273973,29.753424657534246,39.00456621004566,13.479406392694063,35.39881278538813,10.534246575342467,24.864566210045663,13.557123287671233,12.821826484018263,1.1734246575342466,8.123287671232877,24.655936073059358,33.22100456621003,19.50228310502283,39.135433789954334,49.96575342465752,13.479406392694063,18.960456621004568,70.85296803652966,1.4429680365296804,8.546392694063925,0.73324200913242,2.4246575342465753,20.592100456621004,0.12086757990867575,12.821826484018263,2.6377168949771694,83.2069406392694
