placar_casa,placar_visitante,data,round,stage,ano,equipe_casa,equipe_visitante,Pts_casa,3P_casa,2P_casa,LL_casa,RT_casa,RO_casa,RD_casa,AS_casa,ER_casa,IA%_casa,3PC_casa,3PT_casa,3P%_casa,2PC_casa,2PT_casa,2P%_casa,LLC_casa,LLT_casa,LL%_casa,EN_casa,BR_casa,B/E_casa,TO_casa,FC_casa,T/FC_casa,ET_casa,VI_casa,EF_casa,Pts_visitante,3P_visitante,2P_visitante,LL_visitante,RT_visitante,RO_visitante,RD_visitante,AS_visitante,ER_visitante,IA%_visitante,3PC_visitante,3PT_visitante,3P%_visitante,2PC_visitante,2PT_visitante,2P%_visitante,LLC_visitante,LLT_visitante,LL%_visitante,EN_visitante,BR_visitante,B/E_visitante,TO_visitante,FC_visitante,T/FC_visitante,ET_visitante,VI_visitante,EF_visitante
88,98,2023-05-27,1,6,2022-2023,Sesi Franca,São Paulo,82.7787831858407,29.283185840707965,41.181393805309746,15.785309734513273,34.39387168141593,9.194756637168142,25.199115044247787,16.234513274336283,13.141615044247787,1.3778318584070806,8.603893805309733,23.652676991150443,36.120221238938036,20.590730088495576,38.16590707964603,54.357499999999995,15.785309734513273,20.938097345132743,75.44057522123893,1.9734070796460181,7.628362831858408,0.6225884955752214,2.526526548672566,19.98674778761062,0.13318584070796466,13.141615044247787,2.106194690265487,93.46898230088497,86.22702127659575,32.95744680851064,39.276453900709214,13.992695035460995,37.65978723404256,8.992765957446807,28.666595744680848,17.971702127659576,11.82276595744681,1.6090780141843979,10.985815602836876,30.0,36.46794326241135,19.638439716312057,34.255319148936174,57.46205673758867,13.992695035460995,18.581276595744683,75.45808510638297,2.0709219858156027,6.737588652482271,0.5927659574468079,2.4041843971631205,17.79446808510638,0.1431205673758864,11.82276595744681,1.9291489361702128,100.95035460992908
