placar_casa,placar_visitante,data,round,stage,ano,equipe_casa,equipe_visitante,Pts_casa,3P_casa,2P_casa,LL_casa,RT_casa,RO_casa,RD_casa,AS_casa,ER_casa,IA%_casa,3PC_casa,3PT_casa,3P%_casa,2PC_casa,2PT_casa,2P%_casa,LLC_casa,LLT_casa,LL%_casa,EN_casa,BR_casa,B/E_casa,TO_casa,FC_casa,T/FC_casa,ET_casa,VI_casa,EF_casa,Pts_visitante,3P_visitante,2P_visitante,LL_visitante,RT_visitante,RO_visitante,RD_visitante,AS_visitante,ER_visitante,IA%_visitante,3PC_visitante,3PT_visitante,3P%_visitante,2PC_visitante,2PT_visitante,2P%_visitante,LLC_visitante,LLT_visitante,LL%_visitante,EN_visitante,BR_visitante,B/E_visitante,TO_visitante,FC_visitante,T/FC_visitante,ET_visitante,VI_visitante,EF_visitante
79,72,2020-12-11,5,1,2020-2021,Pinheiros,Caxias do Sul Basquete,83.3245,28.74705882352941,40.47061764705882,16.08338235294118,33.75,9.548117647058826,24.201970588235294,15.667705882352942,13.390235294117648,1.2560882352941174,8.923529411764706,24.073529411764707,37.098176470588236,20.23526470588235,38.12741176470588,53.47449999999999,16.08338235294118,21.598029411764706,74.43985294117644,1.9028823529411771,8.003911764705881,0.6326764705882352,2.448088235294117,20.14714705882353,0.12682352941176459,13.390235294117648,2.3500294117647056,92.38232352941178,71.38835820895522,22.208955223880597,34.11955223880597,15.059850746268655,32.83582089552239,9.134477611940296,23.701343283582087,13.806268656716414,14.462537313432838,1.006865671641791,7.4032835820895535,23.343134328358207,31.67268656716416,17.059552238805967,36.11940298507463,47.43597014925375,15.059850746268655,21.29835820895522,70.6113432835821,1.343134328358209,8.925373134328359,0.6341791044776118,1.5820895522388059,22.492238805970143,0.07477611940298509,14.462537313432838,3.298507462686567,72.83582089552239
