placar_casa,placar_visitante,data,round,stage,ano,equipe_casa,equipe_visitante,Pts_casa,3P_casa,2P_casa,LL_casa,RT_casa,RO_casa,RD_casa,AS_casa,ER_casa,IA%_casa,3PC_casa,3PT_casa,3P%_casa,2PC_casa,2PT_casa,2P%_casa,LLC_casa,LLT_casa,LL%_casa,EN_casa,BR_casa,B/E_casa,TO_casa,FC_casa,T/FC_casa,ET_casa,VI_casa,EF_casa,Pts_visitante,3P_visitante,2P_visitante,LL_visitante,RT_visitante,RO_visitante,RD_visitante,AS_visitante,ER_visitante,IA%_visitante,3PC_visitante,3PT_visitante,3P%_visitante,2PC_visitante,2PT_visitante,2P%_visitante,LLC_visitante,LLT_visitante,LL%_visitante,EN_visitante,BR_visitante,B/E_visitante,TO_visitante,FC_visitante,T/FC_visitante,ET_visitante,VI_visitante,EF_visitante
91,75,2019-11-26,7,1,2019-2020,Corinthians,UNIFACISA,80.45536585365853,23.634146341463413,41.02439024390245,15.796829268292685,36.34975609756098,10.560731707317073,25.7890243902439,17.51975609756098,13.950975609756098,1.346829268292683,7.878048780487804,22.38170731707317,35.19195121951219,20.512195121951223,40.85365853658538,50.53292682926829,15.796829268292685,20.601219512195126,76.53926829268289,2.187317073170732,7.4229268292682935,0.5531707317073171,2.1058536585365855,22.6590243902439,0.09487804878048779,13.950975609756098,1.8370731707317072,90.1219512195122,84.42857142857143,29.571428571428573,41.714285714285715,13.142857142857142,38.857142857142854,11.0,27.857142857142858,18.428571428571427,11.857142857142858,1.5657142857142856,9.857142857142858,29.428571428571427,34.112857142857145,20.857142857142858,38.857142857142854,53.982857142857135,13.142857142857142,18.428571428571427,71.93285714285715,1.4285714285714286,8.142857142857142,0.7014285714285714,2.142857142857143,19.428571428571427,0.1142857142857143,11.857142857142858,2.0,97.28571428571429
