placar_casa,placar_visitante,data,round,stage,ano,equipe_casa,equipe_visitante,Pts_casa,3P_casa,2P_casa,LL_casa,RT_casa,RO_casa,RD_casa,AS_casa,ER_casa,IA%_casa,3PC_casa,3PT_casa,3P%_casa,2PC_casa,2PT_casa,2P%_casa,LLC_casa,LLT_casa,LL%_casa,EN_casa,BR_casa,B/E_casa,TO_casa,FC_casa,T/FC_casa,ET_casa,VI_casa,EF_casa,Pts_visitante,3P_visitante,2P_visitante,LL_visitante,RT_visitante,RO_visitante,RD_visitante,AS_visitante,ER_visitante,IA%_visitante,3PC_visitante,3PT_visitante,3P%_visitante,2PC_visitante,2PT_visitante,2P%_visitante,LLC_visitante,LLT_visitante,LL%_visitante,EN_visitante,BR_visitante,B/E_visitante,TO_visitante,FC_visitante,T/FC_visitante,ET_visitante,VI_visitante,EF_visitante
78,77,2014-04-07,1,3,2013-2014,Coop/São José Basketball,Palmeiras,81.22784810126582,32.54430379746835,39.50632911392405,15.955696202531646,31.981012658227847,9.183544303797468,22.79746835443038,16.550632911392405,13.822784810126583,1.3003797468354423,8.58860759493671,24.348101265822784,35.38651898734177,19.753164556962027,36.5,54.26379746835445,15.955696202531646,20.841772151898734,76.28297468354428,0.8164556962025317,6.974683544303797,0.5322784810126581,2.3354430379746836,19.088607594936708,0.13069620253164557,13.822784810126583,1.7721518987341771,89.80379746835443,78.86363636363636,36.59090909090909,41.60606060606061,15.121212121212121,32.78787878787879,10.318181818181818,22.46969696969697,13.166666666666666,13.333333333333334,1.1293939393939398,7.378787878787879,21.757575757575758,34.15090909090908,20.803030303030305,41.57575757575758,50.35469696969698,15.121212121212121,21.924242424242426,68.58878787878788,2.0757575757575757,9.015151515151516,0.7493939393939392,1.9242424242424243,21.227272727272727,0.09196969696969695,13.333333333333334,2.909090909090909,84.87878787878788
