placar_casa,placar_visitante,data,round,stage,ano,equipe_casa,equipe_visitante,Pts_casa,3P_casa,2P_casa,LL_casa,RT_casa,RO_casa,RD_casa,AS_casa,ER_casa,IA%_casa,3PC_casa,3PT_casa,3P%_casa,2PC_casa,2PT_casa,2P%_casa,LLC_casa,LLT_casa,LL%_casa,EN_casa,BR_casa,B/E_casa,TO_casa,FC_casa,T/FC_casa,ET_casa,VI_casa,EF_casa,Pts_visitante,3P_visitante,2P_visitante,LL_visitante,RT_visitante,RO_visitante,RD_visitante,AS_visitante,ER_visitante,IA%_visitante,3PC_visitante,3PT_visitante,3P%_visitante,2PC_visitante,2PT_visitante,2P%_visitante,LLC_visitante,LLT_visitante,LL%_visitante,EN_visitante,BR_visitante,B/E_visitante,TO_visitante,FC_visitante,T/FC_visitante,ET_visitante,VI_visitante,EF_visitante
91,79,2015-12-09,9,1,2015-2016,Sesi Franca,Coop/São José Basketball,79.76415094339623,28.93867924528302,42.56603773584906,15.660377358490566,31.566037735849058,9.268867924528301,22.297169811320753,14.669811320754716,13.65566037735849,1.2119811320754712,7.179245283018868,20.32075471698113,35.30448113207548,21.28301886792453,40.79716981132076,52.332216981132085,15.660377358490566,21.400943396226417,72.73948113207544,1.919811320754717,8.95754716981132,0.7161792452830186,2.8349056603773586,20.849056603773583,0.1441981132075471,13.65566037735849,2.2122641509433962,87.5377358490566,80.17592592592592,29.444444444444443,40.398148148148145,15.291666666666666,33.24074074074074,9.439814814814815,23.800925925925927,16.53240740740741,13.837962962962964,1.2942592592592588,8.162037037037036,23.39351851851852,34.89671296296297,20.199074074074073,37.76851851851852,53.66347222222225,15.291666666666666,20.03240740740741,75.80189814814813,0.8333333333333334,7.046296296296297,0.5356944444444441,2.3287037037037037,19.15740740740741,0.12916666666666665,13.837962962962964,2.064814814814815,89.37037037037037
