placar_casa,placar_visitante,data,round,stage,ano,equipe_casa,equipe_visitante,Pts_casa,3P_casa,2P_casa,LL_casa,RT_casa,RO_casa,RD_casa,AS_casa,ER_casa,IA%_casa,3PC_casa,3PT_casa,3P%_casa,2PC_casa,2PT_casa,2P%_casa,LLC_casa,LLT_casa,LL%_casa,EN_casa,BR_casa,B/E_casa,TO_casa,FC_casa,T/FC_casa,ET_casa,VI_casa,EF_casa,Pts_visitante,3P_visitante,2P_visitante,LL_visitante,RT_visitante,RO_visitante,RD_visitante,AS_visitante,ER_visitante,IA%_visitante,3PC_visitante,3PT_visitante,3P%_visitante,2PC_visitante,2PT_visitante,2P%_visitante,LLC_visitante,LLT_visitante,LL%_visitante,EN_visitante,BR_visitante,B/E_visitante,TO_visitante,FC_visitante,T/FC_visitante,ET_visitante,VI_visitante,EF_visitante
96,89,2010-03-19,9,2,2009-2010,Coop/São José Basketball,Araraquara,77.4,25.8,37.422222222222224,14.177777777777777,30.444444444444443,9.911111111111111,20.533333333333335,14.866666666666667,14.2,1.1157777777777782,8.6,25.755555555555556,33.21777777777778,18.711111111111112,35.6,53.23422222222223,14.177777777777777,20.377777777777776,69.73444444444443,0.9555555555555556,6.977777777777778,0.5188888888888888,1.8,21.2,0.088,14.2,0.5555555555555556,77.04444444444445,76.06382978723404,25.148936170212767,37.4468085106383,13.46808510638298,28.95744680851064,7.340425531914893,21.617021276595743,14.851063829787234,15.46808510638298,1.0261702127659575,8.382978723404255,24.06382978723404,35.16425531914894,18.72340425531915,35.680851063829785,52.72510638297873,13.46808510638298,18.404255319148938,72.91872340425533,2.106382978723404,8.0,0.5495744680851066,3.276595744680851,21.76595744680851,0.16234042553191488,15.46808510638298,1.0,78.1063829787234
