placar_casa,placar_visitante,data,round,stage,ano,equipe_casa,equipe_visitante,Pts_casa,3P_casa,2P_casa,LL_casa,RT_casa,RO_casa,RD_casa,AS_casa,ER_casa,IA%_casa,3PC_casa,3PT_casa,3P%_casa,2PC_casa,2PT_casa,2P%_casa,LLC_casa,LLT_casa,LL%_casa,EN_casa,BR_casa,B/E_casa,TO_casa,FC_casa,T/FC_casa,ET_casa,VI_casa,EF_casa,Pts_visitante,3P_visitante,2P_visitante,LL_visitante,RT_visitante,RO_visitante,RD_visitante,AS_visitante,ER_visitante,IA%_visitante,3PC_visitante,3PT_visitante,3P%_visitante,2PC_visitante,2PT_visitante,2P%_visitante,LLC_visitante,LLT_visitante,LL%_visitante,EN_visitante,BR_visitante,B/E_visitante,TO_visitante,FC_visitante,T/FC_visitante,ET_visitante,VI_visitante,EF_visitante
62,75,2022-10-19,2,1,2022-2023,Fortaleza B. C. / CFO,BRB/Brasília,76.73712802768165,28.209342560553633,39.39446366782007,13.21280276816609,35.89608996539792,10.413633217993082,25.482871972318343,13.688581314878892,12.944532871972315,1.156055363321799,8.043287197231834,24.980934256055363,32.47231833910035,19.697231833910035,39.32522491349481,50.20449826989618,13.21280276816609,18.851314878892737,70.0220069204152,1.380622837370242,8.328719723183392,0.6984083044982695,2.4808304498269913,20.42903114186851,0.124878892733564,12.944532871972315,2.659134948096886,82.660830449827,76.05224137931036,26.586206896551722,35.67206896551725,13.79293103448276,39.198103448275866,10.784310344827587,28.413793103448278,14.96534482758621,15.267413793103447,1.0344827586206893,8.861896551724138,27.551379310344828,31.847068965517234,17.83655172413793,36.51775862068965,48.991206896551745,13.79293103448276,19.473793103448276,71.0446551724138,0.7584482758620689,5.715172413793104,0.3900000000000001,1.77551724137931,18.810172413793108,0.09637931034482757,15.267413793103447,2.4482758620689653,79.38793103448276
