placar_casa,placar_visitante,data,round,stage,ano,equipe_casa,equipe_visitante,Pts_casa,3P_casa,2P_casa,LL_casa,RT_casa,RO_casa,RD_casa,AS_casa,ER_casa,IA%_casa,3PC_casa,3PT_casa,3P%_casa,2PC_casa,2PT_casa,2P%_casa,LLC_casa,LLT_casa,LL%_casa,EN_casa,BR_casa,B/E_casa,TO_casa,FC_casa,T/FC_casa,ET_casa,VI_casa,EF_casa,Pts_visitante,3P_visitante,2P_visitante,LL_visitante,RT_visitante,RO_visitante,RD_visitante,AS_visitante,ER_visitante,IA%_visitante,3PC_visitante,3PT_visitante,3P%_visitante,2PC_visitante,2PT_visitante,2P%_visitante,LLC_visitante,LLT_visitante,LL%_visitante,EN_visitante,BR_visitante,B/E_visitante,TO_visitante,FC_visitante,T/FC_visitante,ET_visitante,VI_visitante,EF_visitante
75,74,2016-12-22,12,1,2016-2017,Sesi Franca,Minas,79.36693548387096,27.931451612903224,42.07258064516129,15.689516129032258,31.693548387096776,9.22983870967742,22.463709677419356,14.637096774193548,13.887096774193548,1.1812096774193546,7.201612903225806,20.443548387096776,35.18870967741937,21.036290322580644,40.20161290322581,52.63495967741934,15.689516129032258,21.366935483870968,73.00278225806447,1.8991935483870968,8.830645161290322,0.694314516129032,2.7903225806451615,20.79032258064516,0.1415322580645161,13.887096774193548,2.399193548387097,86.88306451612904,78.40625,26.035714285714285,42.455357142857146,15.392857142857142,32.857142857142854,9.669642857142858,23.1875,15.473214285714286,14.183035714285714,1.1817410714285719,6.852678571428571,20.03125,34.18763392857144,21.227678571428573,40.294642857142854,52.82120535714285,15.392857142857142,20.808035714285715,73.82522321428571,1.4017857142857142,8.004464285714286,0.6060714285714284,2.4419642857142856,21.258928571428573,0.1205357142857144,14.183035714285714,2.607142857142857,86.5625
