placar_casa,placar_visitante,data,round,stage,ano,equipe_casa,equipe_visitante,Pts_casa,3P_casa,2P_casa,LL_casa,RT_casa,RO_casa,RD_casa,AS_casa,ER_casa,IA%_casa,3PC_casa,3PT_casa,3P%_casa,2PC_casa,2PT_casa,2P%_casa,LLC_casa,LLT_casa,LL%_casa,EN_casa,BR_casa,B/E_casa,TO_casa,FC_casa,T/FC_casa,ET_casa,VI_casa,EF_casa,Pts_visitante,3P_visitante,2P_visitante,LL_visitante,RT_visitante,RO_visitante,RD_visitante,AS_visitante,ER_visitante,IA%_visitante,3PC_visitante,3PT_visitante,3P%_visitante,2PC_visitante,2PT_visitante,2P%_visitante,LLC_visitante,LLT_visitante,LL%_visitante,EN_visitante,BR_visitante,B/E_visitante,TO_visitante,FC_visitante,T/FC_visitante,ET_visitante,VI_visitante,EF_visitante
78,68,2017-01-31,18,1,2016-2017,Bauru Basket,Paulistano,83.20622568093385,33.1284046692607,39.0739299610895,15.229571984435797,33.95719844357976,9.688715953307392,24.268482490272373,15.540856031128405,11.750972762645915,1.4773540856031113,9.634241245136186,25.381322957198442,38.22793774319067,19.53696498054475,36.4863813229572,54.10673151750969,15.229571984435797,20.11284046692607,75.72599221789879,1.4396887159533074,7.688715953307393,0.7233463035019451,1.727626459143969,18.330739299610894,0.09836575875486377,11.750972762645915,2.0894941634241246,94.01556420233463,80.66806722689076,29.861344537815125,40.529411764705884,15.571428571428571,34.1890756302521,11.071428571428571,23.11764705882353,13.844537815126051,13.701680672268907,1.1212184873949582,8.1890756302521,23.550420168067227,35.09281512605042,20.264705882352942,39.60504201680672,51.43163865546216,15.571428571428571,21.19747899159664,73.20508403361349,1.550420168067227,8.34873949579832,0.6717226890756302,1.773109243697479,21.710084033613445,0.08571428571428569,13.701680672268907,2.4831932773109244,86.5798319327731
