placar_casa,placar_visitante,data,round,stage,ano,equipe_casa,equipe_visitante,Pts_casa,3P_casa,2P_casa,LL_casa,RT_casa,RO_casa,RD_casa,AS_casa,ER_casa,IA%_casa,3PC_casa,3PT_casa,3P%_casa,2PC_casa,2PT_casa,2P%_casa,LLC_casa,LLT_casa,LL%_casa,EN_casa,BR_casa,B/E_casa,TO_casa,FC_casa,T/FC_casa,ET_casa,VI_casa,EF_casa,Pts_visitante,3P_visitante,2P_visitante,LL_visitante,RT_visitante,RO_visitante,RD_visitante,AS_visitante,ER_visitante,IA%_visitante,3PC_visitante,3PT_visitante,3P%_visitante,2PC_visitante,2PT_visitante,2P%_visitante,LLC_visitante,LLT_visitante,LL%_visitante,EN_visitante,BR_visitante,B/E_visitante,TO_visitante,FC_visitante,T/FC_visitante,ET_visitante,VI_visitante,EF_visitante
79,83,2016-02-03,5,2,2015-2016,Minas,Vitória,78.68341708542714,26.894472361809044,42.36180904522613,15.592964824120603,32.18090452261306,9.447236180904522,22.733668341708544,15.447236180904522,13.949748743718592,1.2017085427135679,6.909547738693467,20.01005025125628,34.45859296482412,21.180904522613066,40.14070351758794,52.905678391959796,15.592964824120603,20.954773869346734,74.29844221105526,1.35678391959799,8.035175879396984,0.6198492462311558,2.4673366834170856,21.21608040201005,0.12246231155778906,13.949748743718592,2.336683417085427,86.81909547738694,71.41176470588235,17.470588235294116,38.705882352941174,15.235294117647058,33.705882352941174,10.823529411764707,22.88235294117647,11.588235294117647,14.764705882352942,0.8229411764705884,5.823529411764706,19.0,30.851176470588236,19.352941176470587,40.11764705882353,48.614117647058826,15.235294117647058,21.470588235294116,71.1870588235294,1.1764705882352942,10.411764705882353,0.7352941176470589,1.5294117647058822,18.352941176470587,0.08823529411764706,14.764705882352942,4.0,73.6470588235294
