placar_casa,placar_visitante,data,round,stage,ano,equipe_casa,equipe_visitante,Pts_casa,3P_casa,2P_casa,LL_casa,RT_casa,RO_casa,RD_casa,AS_casa,ER_casa,IA%_casa,3PC_casa,3PT_casa,3P%_casa,2PC_casa,2PT_casa,2P%_casa,LLC_casa,LLT_casa,LL%_casa,EN_casa,BR_casa,B/E_casa,TO_casa,FC_casa,T/FC_casa,ET_casa,VI_casa,EF_casa,Pts_visitante,3P_visitante,2P_visitante,LL_visitante,RT_visitante,RO_visitante,RD_visitante,AS_visitante,ER_visitante,IA%_visitante,3PC_visitante,3PT_visitante,3P%_visitante,2PC_visitante,2PT_visitante,2P%_visitante,LLC_visitante,LLT_visitante,LL%_visitante,EN_visitante,BR_visitante,B/E_visitante,TO_visitante,FC_visitante,T/FC_visitante,ET_visitante,VI_visitante,EF_visitante
84,75,2021-11-05,3,1,2021-2022,Sesi Franca,Caxias do Sul Basquete,81.367897574124,28.41509433962264,41.30185983827493,15.879973045822101,33.15509433962264,9.067439353099731,24.087654986522914,15.832884097035041,13.427277628032346,1.2964690026954169,8.061913746630726,22.369272237196764,35.809002695417796,20.650970350404315,38.79646900269542,53.61137466307272,15.879973045822101,21.172506738544474,74.88261455525608,1.90156334231806,8.106522911051215,0.648948787061995,2.5350673854447434,20.442102425876012,0.12970350404312672,13.427277628032346,2.1711320754716983,90.83010781671163,73.18957894736842,23.068421052631578,35.410736842105266,14.710736842105263,33.67884210526316,9.315894736842104,24.362947368421047,14.500210526315787,14.152631578947373,1.073578947368421,7.689578947368424,23.626210526315788,32.53336842105263,17.705052631578944,36.20021052631579,49.01557894736845,14.710736842105263,20.873684210526317,70.31926315789475,1.278736842105263,7.99494736842105,0.5749473684210527,1.4630526315789474,22.11547368421052,0.0693684210526316,14.152631578947373,3.0895789473684214,76.07894736842105
