placar_casa,placar_visitante,data,round,stage,ano,equipe_casa,equipe_visitante,Pts_casa,3P_casa,2P_casa,LL_casa,RT_casa,RO_casa,RD_casa,AS_casa,ER_casa,IA%_casa,3PC_casa,3PT_casa,3P%_casa,2PC_casa,2PT_casa,2P%_casa,LLC_casa,LLT_casa,LL%_casa,EN_casa,BR_casa,B/E_casa,TO_casa,FC_casa,T/FC_casa,ET_casa,VI_casa,EF_casa,Pts_visitante,3P_visitante,2P_visitante,LL_visitante,RT_visitante,RO_visitante,RD_visitante,AS_visitante,ER_visitante,IA%_visitante,3PC_visitante,3PT_visitante,3P%_visitante,2PC_visitante,2PT_visitante,2P%_visitante,LLC_visitante,LLT_visitante,LL%_visitante,EN_visitante,BR_visitante,B/E_visitante,TO_visitante,FC_visitante,T/FC_visitante,ET_visitante,VI_visitante,EF_visitante
77,85,2017-02-22,22,1,2016-2017,Fortaleza B. C. / CFO,Mogi,77.85806451612903,31.993548387096773,39.63870967741936,13.832258064516129,34.593548387096774,10.290322580645162,24.303225806451614,13.651612903225807,12.438709677419356,1.2366451612903229,8.129032258064516,24.393548387096775,33.67090322580644,19.81935483870968,39.354838709677416,50.46367741935485,13.832258064516129,19.251612903225805,71.66870967741936,1.4193548387096775,9.167741935483871,0.8179354838709677,2.432258064516129,20.329032258064515,0.12277419354838708,12.438709677419356,2.6193548387096772,85.38709677419355,80.31284916201118,30.11731843575419,39.73184357541899,16.966480446927374,35.75977653631285,11.41340782122905,24.3463687150838,15.167597765363128,13.899441340782124,1.2138547486033522,7.871508379888268,22.094972067039105,35.70983240223465,19.865921787709496,39.59217877094972,50.44664804469273,16.966480446927374,22.837988826815643,74.05050279329609,1.3743016759776536,9.100558659217876,0.7154748603351955,1.7430167597765363,21.837988826815643,0.08335195530726258,13.899441340782124,2.9441340782122905,89.88268156424581
