placar_casa,placar_visitante,data,round,stage,ano,equipe_casa,equipe_visitante,Pts_casa,3P_casa,2P_casa,LL_casa,RT_casa,RO_casa,RD_casa,AS_casa,ER_casa,IA%_casa,3PC_casa,3PT_casa,3P%_casa,2PC_casa,2PT_casa,2P%_casa,LLC_casa,LLT_casa,LL%_casa,EN_casa,BR_casa,B/E_casa,TO_casa,FC_casa,T/FC_casa,ET_casa,VI_casa,EF_casa,Pts_visitante,3P_visitante,2P_visitante,LL_visitante,RT_visitante,RO_visitante,RD_visitante,AS_visitante,ER_visitante,IA%_visitante,3PC_visitante,3PT_visitante,3P%_visitante,2PC_visitante,2PT_visitante,2P%_visitante,LLC_visitante,LLT_visitante,LL%_visitante,EN_visitante,BR_visitante,B/E_visitante,TO_visitante,FC_visitante,T/FC_visitante,ET_visitante,VI_visitante,EF_visitante
77,82,2022-03-12,6,2,2021-2022,União Corinthians,Bauru Basket,74.79166666666667,25.125,37.583333333333336,12.083333333333334,37.166666666666664,10.75,26.416666666666668,14.916666666666666,12.833333333333334,1.24875,8.375,28.541666666666668,29.307916666666667,18.791666666666668,39.833333333333336,47.519583333333344,12.083333333333334,17.625,68.24458333333335,2.0,8.625,0.6920833333333332,2.4583333333333335,20.875,0.12291666666666666,12.833333333333334,2.0416666666666665,78.375,81.92829207920788,31.00990099009901,38.75737623762376,14.849059405940595,34.71527227722772,9.50012376237624,25.21544554455446,16.07918316831683,12.188168316831684,1.444183168316829,9.44059405940594,25.955396039603958,36.62477722772281,19.378762376237624,35.97769801980198,54.30316831683168,14.849059405940595,19.923267326732674,74.5905940594059,1.363935643564357,7.608935643564357,0.6762128712871285,1.7821287128712877,19.032128712871287,0.09673267326732668,12.188168316831684,2.1584900990099003,92.50735148514855
