placar_casa,placar_visitante,data,round,stage,ano,equipe_casa,equipe_visitante,Pts_casa,3P_casa,2P_casa,LL_casa,RT_casa,RO_casa,RD_casa,AS_casa,ER_casa,IA%_casa,3PC_casa,3PT_casa,3P%_casa,2PC_casa,2PT_casa,2P%_casa,LLC_casa,LLT_casa,LL%_casa,EN_casa,BR_casa,B/E_casa,TO_casa,FC_casa,T/FC_casa,ET_casa,VI_casa,EF_casa,Pts_visitante,3P_visitante,2P_visitante,LL_visitante,RT_visitante,RO_visitante,RD_visitante,AS_visitante,ER_visitante,IA%_visitante,3PC_visitante,3PT_visitante,3P%_visitante,2PC_visitante,2PT_visitante,2P%_visitante,LLC_visitante,LLT_visitante,LL%_visitante,EN_visitante,BR_visitante,B/E_visitante,TO_visitante,FC_visitante,T/FC_visitante,ET_visitante,VI_visitante,EF_visitante
74,93,2024-04-21,1,3,2023-2024,Pato Basquete,Bauru Basket,75.11638036809815,25.380368098159508,37.59515337423313,12.141226993865029,36.03030674846625,10.877177914110426,25.15349693251534,15.110306748466256,13.429263803680975,1.2176073619631904,8.459877300613497,26.484478527607358,31.846993865030672,18.797484662576686,38.018343558282204,49.52754601226993,12.141226993865029,17.68723926380368,68.59680981595093,1.184110429447853,7.135030674846626,0.5508588957055216,1.5092638036809818,20.404907975460127,0.0748466257668712,13.429263803680975,2.895705521472393,78.67496932515337,81.54274390243899,30.926829268292682,38.49993902439025,14.323170731707316,34.54871951219513,9.345630081300815,25.203333333333337,16.441056910569106,12.095609756097563,1.4752642276422743,9.573150406504064,26.451199186991868,36.36762195121954,19.250060975609756,35.6788617886179,54.312154471544744,14.323170731707316,19.178861788617887,74.61327235772355,1.4005081300813007,7.575223577235773,0.6728658536585361,1.7722764227642287,19.069044715447152,0.09619918699186997,12.095609756097563,2.170752032520325,92.25398373983744
