placar_casa,placar_visitante,data,round,stage,ano,equipe_casa,equipe_visitante,Pts_casa,3P_casa,2P_casa,LL_casa,RT_casa,RO_casa,RD_casa,AS_casa,ER_casa,IA%_casa,3PC_casa,3PT_casa,3P%_casa,2PC_casa,2PT_casa,2P%_casa,LLC_casa,LLT_casa,LL%_casa,EN_casa,BR_casa,B/E_casa,TO_casa,FC_casa,T/FC_casa,ET_casa,VI_casa,EF_casa,Pts_visitante,3P_visitante,2P_visitante,LL_visitante,RT_visitante,RO_visitante,RD_visitante,AS_visitante,ER_visitante,IA%_visitante,3PC_visitante,3PT_visitante,3P%_visitante,2PC_visitante,2PT_visitante,2P%_visitante,LLC_visitante,LLT_visitante,LL%_visitante,EN_visitante,BR_visitante,B/E_visitante,TO_visitante,FC_visitante,T/FC_visitante,ET_visitante,VI_visitante,EF_visitante
77,82,2021-12-09,7,1,2021-2022,BRB/Brasília,Minas,74.67685714285716,26.685714285714287,33.73257142857144,14.256857142857143,38.70428571428572,10.266571428571428,28.438285714285715,15.152285714285716,15.571714285714286,1.0265714285714285,8.895142857142856,28.228000000000005,31.08257142857143,16.867428571428572,35.68657142857142,47.443142857142874,14.256857142857143,19.58057142857143,73.13028571428572,0.6665714285714285,5.609142857142857,0.37485714285714294,1.8468571428571425,18.580857142857145,0.10200000000000002,15.571714285714286,2.2474285714285718,76.94285714285714,79.7046783625731,26.67543859649123,41.43856725146199,15.17830409356725,34.65941520467836,10.05111111111111,24.608216374269006,16.24701754385965,14.070087719298243,1.2430701754385973,7.6959649122807035,22.23842105263158,34.567017543859635,20.719327485380116,39.24409356725146,52.9070760233918,15.17830409356725,20.545263157894734,73.60859649122796,1.4883040935672514,7.647690058479533,0.5779532163742682,2.3684210526315788,21.310000000000002,0.11692982456140366,14.070087719298243,2.5759356725146207,88.90646198830407
