placar_casa,placar_visitante,data,round,stage,ano,equipe_casa,equipe_visitante,Pts_casa,3P_casa,2P_casa,LL_casa,RT_casa,RO_casa,RD_casa,AS_casa,ER_casa,IA%_casa,3PC_casa,3PT_casa,3P%_casa,2PC_casa,2PT_casa,2P%_casa,LLC_casa,LLT_casa,LL%_casa,EN_casa,BR_casa,B/E_casa,TO_casa,FC_casa,T/FC_casa,ET_casa,VI_casa,EF_casa,Pts_visitante,3P_visitante,2P_visitante,LL_visitante,RT_visitante,RO_visitante,RD_visitante,AS_visitante,ER_visitante,IA%_visitante,3PC_visitante,3PT_visitante,3P%_visitante,2PC_visitante,2PT_visitante,2P%_visitante,LLC_visitante,LLT_visitante,LL%_visitante,EN_visitante,BR_visitante,B/E_visitante,TO_visitante,FC_visitante,T/FC_visitante,ET_visitante,VI_visitante,EF_visitante
86,69,2014-04-28,2,4,2013-2014,Flamengo,Bauru Basket,89.16766467065868,35.17365269461078,44.34730538922156,17.29940119760479,33.32335329341317,8.718562874251496,24.604790419161677,15.562874251497005,12.215568862275449,1.428203592814371,9.173652694610778,23.766467065868262,38.83149700598802,22.17365269461078,38.880239520958085,57.28928143712574,17.29940119760479,22.802395209580837,75.86592814371255,1.8383233532934131,8.179640718562874,0.7337724550898204,1.6946107784431137,19.664670658682635,0.08814371257485033,12.215568862275449,1.6467065868263473,101.08982035928143,81.8974358974359,33.44230769230769,40.743589743589745,14.673076923076923,31.865384615384617,9.83974358974359,22.025641025641026,14.314102564102564,11.076923076923077,1.4622435897435884,8.826923076923077,23.0,38.74525641025641,20.371794871794872,38.93589743589744,52.87429487179486,14.673076923076923,19.58974358974359,75.18012820512823,1.5961538461538463,7.108974358974359,0.7223076923076922,1.8717948717948718,18.21794871794872,0.10647435897435904,11.076923076923077,1.8846153846153846,90.34615384615384
