placar_casa,placar_visitante,data,round,stage,ano,equipe_casa,equipe_visitante,Pts_casa,3P_casa,2P_casa,LL_casa,RT_casa,RO_casa,RD_casa,AS_casa,ER_casa,IA%_casa,3PC_casa,3PT_casa,3P%_casa,2PC_casa,2PT_casa,2P%_casa,LLC_casa,LLT_casa,LL%_casa,EN_casa,BR_casa,B/E_casa,TO_casa,FC_casa,T/FC_casa,ET_casa,VI_casa,EF_casa,Pts_visitante,3P_visitante,2P_visitante,LL_visitante,RT_visitante,RO_visitante,RD_visitante,AS_visitante,ER_visitante,IA%_visitante,3PC_visitante,3PT_visitante,3P%_visitante,2PC_visitante,2PT_visitante,2P%_visitante,LLC_visitante,LLT_visitante,LL%_visitante,EN_visitante,BR_visitante,B/E_visitante,TO_visitante,FC_visitante,T/FC_visitante,ET_visitante,VI_visitante,EF_visitante
85,79,2021-11-18,5,1,2021-2022,Rio Claro,Paulistano,78.245,23.96938775510204,38.97979591836735,15.29581632653061,33.06112244897959,8.693979591836733,24.367142857142852,16.846836734693877,14.367448979591838,1.2646938775510201,7.989795918367347,23.17357142857143,34.31530612244897,19.48959183673469,36.816122448979584,52.93632653061226,15.29581632653061,20.224693877551026,75.14795918367349,1.9081632653061225,8.887755102040817,0.6438775510204082,1.6428571428571428,21.887755102040817,0.07806122448979591,14.367448979591838,3.1020408163265305,86.87755102040816,80.37019337016574,30.016574585635357,38.95024861878453,14.883950276243093,36.06353591160221,11.439309392265196,24.624309392265193,14.9807182320442,13.480580110497236,1.2253867403314918,8.845331491712708,25.892292817679557,34.574475138121535,19.475165745856355,38.140939226519336,51.35533149171265,14.883950276243093,20.298314917127072,73.07453038674034,1.7680386740331484,7.696077348066297,0.6188950276243097,1.9005801104972373,21.30660220994475,0.09287292817679546,13.480580110497236,2.45853591160221,87.53593922651932
