placar_casa,placar_visitante,data,round,stage,ano,equipe_casa,equipe_visitante,Pts_casa,3P_casa,2P_casa,LL_casa,RT_casa,RO_casa,RD_casa,AS_casa,ER_casa,IA%_casa,3PC_casa,3PT_casa,3P%_casa,2PC_casa,2PT_casa,2P%_casa,LLC_casa,LLT_casa,LL%_casa,EN_casa,BR_casa,B/E_casa,TO_casa,FC_casa,T/FC_casa,ET_casa,VI_casa,EF_casa,Pts_visitante,3P_visitante,2P_visitante,LL_visitante,RT_visitante,RO_visitante,RD_visitante,AS_visitante,ER_visitante,IA%_visitante,3PC_visitante,3PT_visitante,3P%_visitante,2PC_visitante,2PT_visitante,2P%_visitante,LLC_visitante,LLT_visitante,LL%_visitante,EN_visitante,BR_visitante,B/E_visitante,TO_visitante,FC_visitante,T/FC_visitante,ET_visitante,VI_visitante,EF_visitante
76,84,2013-12-05,7,1,2013-2014,Pinheiros,Uberlândia,86.02272727272727,33.63636363636363,40.84848484848485,16.62878787878788,30.136363636363637,7.931818181818182,22.204545454545453,15.643939393939394,12.757575757575758,1.325681818181818,9.515151515151516,24.651515151515152,38.74575757575756,20.424242424242426,36.52272727272727,56.23946969696968,16.62878787878788,22.310606060606062,74.19499999999996,2.257575757575758,7.083333333333333,0.5904545454545455,2.4242424242424243,19.757575757575758,0.12803030303030302,12.757575757575758,1.9090909090909092,94.59848484848484,83.79729729729729,41.229729729729726,41.5945945945946,15.405405405405405,30.22972972972973,7.351351351351352,22.87837837837838,16.39189189189189,11.716216216216216,1.5750000000000006,8.932432432432432,22.324324324324323,40.11459459459459,20.7972972972973,37.810810810810814,55.29513513513513,15.405405405405405,19.22972972972973,80.21283783783784,2.9864864864864864,6.081081081081081,0.5750000000000001,2.5945945945945947,19.594594594594593,0.14081081081081087,11.716216216216216,2.418918918918919,97.08108108108108
