placar_casa,placar_visitante,data,round,stage,ano,equipe_casa,equipe_visitante,Pts_casa,3P_casa,2P_casa,LL_casa,RT_casa,RO_casa,RD_casa,AS_casa,ER_casa,IA%_casa,3PC_casa,3PT_casa,3P%_casa,2PC_casa,2PT_casa,2P%_casa,LLC_casa,LLT_casa,LL%_casa,EN_casa,BR_casa,B/E_casa,TO_casa,FC_casa,T/FC_casa,ET_casa,VI_casa,EF_casa,Pts_visitante,3P_visitante,2P_visitante,LL_visitante,RT_visitante,RO_visitante,RD_visitante,AS_visitante,ER_visitante,IA%_visitante,3PC_visitante,3PT_visitante,3P%_visitante,2PC_visitante,2PT_visitante,2P%_visitante,LLC_visitante,LLT_visitante,LL%_visitante,EN_visitante,BR_visitante,B/E_visitante,TO_visitante,FC_visitante,T/FC_visitante,ET_visitante,VI_visitante,EF_visitante
92,86,2015-04-17,4,3,2014-2015,Macaé Basquete,Minas,79.84615384615384,24.369230769230768,38.55384615384615,16.923076923076923,31.892307692307693,8.4,23.49230769230769,14.015384615384615,13.276923076923078,1.2647692307692302,8.123076923076923,21.43076923076923,37.78076923076923,19.276923076923076,37.16923076923077,52.00907692307693,16.923076923076923,21.353846153846153,79.72107692307691,1.2923076923076924,8.8,0.7932307692307694,1.4923076923076923,22.06153846153846,0.06953846153846156,13.276923076923078,3.1076923076923078,87.13846153846154,79.3,27.75,42.58888888888889,15.777777777777779,31.855555555555554,9.36111111111111,22.494444444444444,15.477777777777778,13.911111111111111,1.2021111111111114,6.977777777777778,20.066666666666666,34.68244444444445,21.294444444444444,40.21111111111111,53.07094444444445,15.777777777777779,21.083333333333332,74.91561111111109,1.3333333333333333,7.955555555555556,0.6105,2.488888888888889,21.266666666666666,0.12372222222222236,13.911111111111111,2.227777777777778,87.38333333333334
