placar_casa,placar_visitante,data,round,stage,ano,equipe_casa,equipe_visitante,Pts_casa,3P_casa,2P_casa,LL_casa,RT_casa,RO_casa,RD_casa,AS_casa,ER_casa,IA%_casa,3PC_casa,3PT_casa,3P%_casa,2PC_casa,2PT_casa,2P%_casa,LLC_casa,LLT_casa,LL%_casa,EN_casa,BR_casa,B/E_casa,TO_casa,FC_casa,T/FC_casa,ET_casa,VI_casa,EF_casa,Pts_visitante,3P_visitante,2P_visitante,LL_visitante,RT_visitante,RO_visitante,RD_visitante,AS_visitante,ER_visitante,IA%_visitante,3PC_visitante,3PT_visitante,3P%_visitante,2PC_visitante,2PT_visitante,2P%_visitante,LLC_visitante,LLT_visitante,LL%_visitante,EN_visitante,BR_visitante,B/E_visitante,TO_visitante,FC_visitante,T/FC_visitante,ET_visitante,VI_visitante,EF_visitante
72,86,2014-12-07,1,1,2014-2015,Limeira,Pinheiros,81.62043795620438,32.802919708029194,38.99270072992701,15.364963503649635,29.277372262773724,7.7153284671532845,21.562043795620436,15.540145985401459,12.284671532846716,1.4117518248175178,9.087591240875913,23.197080291970803,39.49569343065692,19.496350364963504,36.76642335766423,53.130072992700754,15.364963503649635,19.985401459854014,76.78306569343069,1.5547445255474452,7.788321167883212,0.708759124087591,2.291970802919708,21.437956204379564,0.11175182481751822,12.284671532846716,1.832116788321168,90.45985401459853,85.42261904761905,32.625,40.404761904761905,16.392857142857142,30.833333333333332,8.208333333333334,22.625,15.738095238095237,12.898809523809524,1.317857142857143,9.541666666666666,24.910714285714285,38.48083333333332,20.202380952380953,36.19047619047619,56.12827380952382,16.392857142857142,21.833333333333332,74.863869047619,2.3035714285714284,7.863095238095238,0.645,2.5416666666666665,19.571428571428573,0.1364880952380952,12.898809523809524,1.994047619047619,95.0297619047619
