placar_casa,placar_visitante,data,round,stage,ano,equipe_casa,equipe_visitante,Pts_casa,3P_casa,2P_casa,LL_casa,RT_casa,RO_casa,RD_casa,AS_casa,ER_casa,IA%_casa,3PC_casa,3PT_casa,3P%_casa,2PC_casa,2PT_casa,2P%_casa,LLC_casa,LLT_casa,LL%_casa,EN_casa,BR_casa,B/E_casa,TO_casa,FC_casa,T/FC_casa,ET_casa,VI_casa,EF_casa,Pts_visitante,3P_visitante,2P_visitante,LL_visitante,RT_visitante,RO_visitante,RD_visitante,AS_visitante,ER_visitante,IA%_visitante,3PC_visitante,3PT_visitante,3P%_visitante,2PC_visitante,2PT_visitante,2P%_visitante,LLC_visitante,LLT_visitante,LL%_visitante,EN_visitante,BR_visitante,B/E_visitante,TO_visitante,FC_visitante,T/FC_visitante,ET_visitante,VI_visitante,EF_visitante
67,78,2024-03-12,8,2,2023-2024,Bauru Basket,Sesi Franca,81.45367010309275,30.85979381443299,38.44529896907218,14.387628865979382,34.56076288659794,9.371237113402064,25.189773195876292,16.342268041237112,12.080494845360827,1.4694639175257707,9.540185567010308,26.424721649484535,36.291896907216525,19.222742268041237,35.69484536082476,54.210515463917545,14.387628865979382,19.25360824742268,74.66905154639171,1.4083505154639175,7.5732164948453615,0.6738144329896902,1.7669278350515474,19.041175257731958,0.09608247422680417,12.080494845360827,2.1773402061855665,92.034969072165,83.11805383022772,29.496894409937887,41.072505175983416,15.796977225672876,34.69362318840581,9.283726708074536,25.409958592132504,16.42853002070393,13.144927536231885,1.3877846790890283,8.749399585921322,23.95855072463768,36.25134575569357,20.536190476190477,37.999979296066265,54.412236024844724,15.796977225672876,20.873726708074535,75.7296894409938,1.9937681159420293,7.548695652173914,0.6143478260869569,2.559006211180124,19.956542443064183,0.1351138716356109,13.144927536231885,2.1491304347826086,94.22561076604558
