placar_casa,placar_visitante,data,round,stage,ano,equipe_casa,equipe_visitante,Pts_casa,3P_casa,2P_casa,LL_casa,RT_casa,RO_casa,RD_casa,AS_casa,ER_casa,IA%_casa,3PC_casa,3PT_casa,3P%_casa,2PC_casa,2PT_casa,2P%_casa,LLC_casa,LLT_casa,LL%_casa,EN_casa,BR_casa,B/E_casa,TO_casa,FC_casa,T/FC_casa,ET_casa,VI_casa,EF_casa,Pts_visitante,3P_visitante,2P_visitante,LL_visitante,RT_visitante,RO_visitante,RD_visitante,AS_visitante,ER_visitante,IA%_visitante,3PC_visitante,3PT_visitante,3P%_visitante,2PC_visitante,2PT_visitante,2P%_visitante,LLC_visitante,LLT_visitante,LL%_visitante,EN_visitante,BR_visitante,B/E_visitante,TO_visitante,FC_visitante,T/FC_visitante,ET_visitante,VI_visitante,EF_visitante
88,82,2019-01-07,1,2,2018-2019,Mogi,Coop/São José Basketball,80.95117073170731,29.809756097560975,39.892731707317076,16.926878048780488,36.18546341463415,11.424390243902439,24.760926829268293,15.629317073170732,13.736487804878047,1.2644390243902444,8.04390243902439,22.756195121951222,35.54941463414635,19.946292682926828,39.34629268292683,50.94878048780486,16.926878048780488,22.804878048780488,74.0090731707317,1.3803902439024385,8.892682926829268,0.70390243902439,1.8000975609756102,21.60970731707317,0.08668292682926829,13.736487804878047,2.8585365853658535,91.04878048780488,79.60557768924303,28.733067729083665,39.8804780876494,15.258964143426295,33.1394422310757,9.318725099601593,23.820717131474105,16.51394422310757,13.876494023904382,1.2947011952191234,8.155378486055778,23.55776892430279,34.70019920318726,19.9402390438247,37.44223107569721,53.4085657370518,15.258964143426295,19.99601593625498,75.8033067729083,0.8087649402390438,7.203187250996016,0.5486454183266927,2.243027888446215,19.617529880478088,0.12211155378486051,13.876494023904382,2.187250996015936,88.39840637450199
