placar_casa,placar_visitante,data,round,stage,ano,equipe_casa,equipe_visitante,Pts_casa,3P_casa,2P_casa,LL_casa,RT_casa,RO_casa,RD_casa,AS_casa,ER_casa,IA%_casa,3PC_casa,3PT_casa,3P%_casa,2PC_casa,2PT_casa,2P%_casa,LLC_casa,LLT_casa,LL%_casa,EN_casa,BR_casa,B/E_casa,TO_casa,FC_casa,T/FC_casa,ET_casa,VI_casa,EF_casa,Pts_visitante,3P_visitante,2P_visitante,LL_visitante,RT_visitante,RO_visitante,RD_visitante,AS_visitante,ER_visitante,IA%_visitante,3PC_visitante,3PT_visitante,3P%_visitante,2PC_visitante,2PT_visitante,2P%_visitante,LLC_visitante,LLT_visitante,LL%_visitante,EN_visitante,BR_visitante,B/E_visitante,TO_visitante,FC_visitante,T/FC_visitante,ET_visitante,VI_visitante,EF_visitante
78,89,2012-04-05,15,2,2011-2012,Araraquara,Limeira,77.43478260869566,23.782608695652176,39.65217391304348,14.0,27.71014492753623,7.130434782608695,20.579710144927535,14.855072463768115,14.869565217391305,1.0544927536231887,7.927536231884058,22.782608695652176,35.09478260869565,19.82608695652174,37.594202898550726,52.88681159420291,14.0,18.797101449275363,73.75623188405795,1.8115942028985508,7.826086956521739,0.5531884057971016,2.8550724637681157,21.89855072463768,0.13898550724637682,14.869565217391305,1.5797101449275361,79.20289855072464,84.0625,27.625,39.166666666666664,17.270833333333332,28.208333333333332,7.083333333333333,21.125,15.854166666666666,13.354166666666666,1.2914583333333334,9.208333333333334,24.6875,37.64125000000001,19.583333333333332,36.458333333333336,53.85604166666665,17.270833333333332,22.25,78.15104166666667,2.2916666666666665,7.854166666666667,0.6366666666666666,3.3125,21.375,0.16729166666666662,13.354166666666666,0.8333333333333334,89.70833333333333
