placar_casa,placar_visitante,data,round,stage,ano,equipe_casa,equipe_visitante,Pts_casa,3P_casa,2P_casa,LL_casa,RT_casa,RO_casa,RD_casa,AS_casa,ER_casa,IA%_casa,3PC_casa,3PT_casa,3P%_casa,2PC_casa,2PT_casa,2P%_casa,LLC_casa,LLT_casa,LL%_casa,EN_casa,BR_casa,B/E_casa,TO_casa,FC_casa,T/FC_casa,ET_casa,VI_casa,EF_casa,Pts_visitante,3P_visitante,2P_visitante,LL_visitante,RT_visitante,RO_visitante,RD_visitante,AS_visitante,ER_visitante,IA%_visitante,3PC_visitante,3PT_visitante,3P%_visitante,2PC_visitante,2PT_visitante,2P%_visitante,LLC_visitante,LLT_visitante,LL%_visitante,EN_visitante,BR_visitante,B/E_visitante,TO_visitante,FC_visitante,T/FC_visitante,ET_visitante,VI_visitante,EF_visitante
95,87,2019-02-01,4,2,2018-2019,Flamengo,Paulistano,87.73196078431376,31.45098039215686,43.69274509803921,16.764705882352942,35.31692810457516,9.545816993464054,25.771307189542487,17.022875816993466,12.369281045751634,1.5194117647058818,9.091503267973856,24.258202614379087,37.65660130718954,21.846470588235295,38.85290849673203,56.43091503267973,16.764705882352942,21.99019607843137,76.1414705882353,1.7189542483660132,8.33330065359477,0.7377124183006537,1.8791503267973848,19.660163398692813,0.09918300653594767,12.369281045751634,1.852875816993465,101.70261437908496,80.76220279720282,29.86888111888112,39.59440559440559,15.704510489510488,34.93353146853147,11.169615384615385,23.76402097902098,14.27451048951049,13.701013986013985,1.1480069930069927,8.487762237762238,24.529755244755247,34.96013986013984,19.797202797202797,38.71506993006993,51.42590909090907,15.704510489510488,21.265734265734267,73.63751748251747,1.6014335664335666,8.005244755244755,0.6401398601398601,1.9143706293706289,21.746503496503497,0.09213286713286704,13.701013986013985,2.458041958041958,87.13290209790208
