placar_casa,placar_visitante,data,round,stage,ano,equipe_casa,equipe_visitante,Pts_casa,3P_casa,2P_casa,LL_casa,RT_casa,RO_casa,RD_casa,AS_casa,ER_casa,IA%_casa,3PC_casa,3PT_casa,3P%_casa,2PC_casa,2PT_casa,2P%_casa,LLC_casa,LLT_casa,LL%_casa,EN_casa,BR_casa,B/E_casa,TO_casa,FC_casa,T/FC_casa,ET_casa,VI_casa,EF_casa,Pts_visitante,3P_visitante,2P_visitante,LL_visitante,RT_visitante,RO_visitante,RD_visitante,AS_visitante,ER_visitante,IA%_visitante,3PC_visitante,3PT_visitante,3P%_visitante,2PC_visitante,2PT_visitante,2P%_visitante,LLC_visitante,LLT_visitante,LL%_visitante,EN_visitante,BR_visitante,B/E_visitante,TO_visitante,FC_visitante,T/FC_visitante,ET_visitante,VI_visitante,EF_visitante
63,81,2011-11-21,2,1,2011-2012,Tijuca,Paulistano,71.0,18.0,38.0,15.0,14.0,4.0,10.0,12.0,19.0,0.63,6.0,15.0,40.0,19.0,35.0,54.29,15.0,22.0,68.18,0.0,2.0,0.11,2.0,18.0,0.11,19.0,6.0,50.0,78.46153846153847,22.21153846153846,41.26923076923077,14.98076923076923,30.673076923076923,10.51923076923077,20.153846153846153,13.846153846153847,15.326923076923077,1.0001923076923076,7.403846153846154,23.057692307692307,32.68096153846154,20.634615384615383,39.25,52.64461538461536,14.98076923076923,21.51923076923077,69.44846153846153,1.1923076923076923,7.865384615384615,0.5573076923076925,2.480769230769231,22.23076923076923,0.11480769230769226,15.326923076923077,1.1730769230769231,77.1923076923077
