placar_casa,placar_visitante,data,round,stage,ano,equipe_casa,equipe_visitante,Pts_casa,3P_casa,2P_casa,LL_casa,RT_casa,RO_casa,RD_casa,AS_casa,ER_casa,IA%_casa,3PC_casa,3PT_casa,3P%_casa,2PC_casa,2PT_casa,2P%_casa,LLC_casa,LLT_casa,LL%_casa,EN_casa,BR_casa,B/E_casa,TO_casa,FC_casa,T/FC_casa,ET_casa,VI_casa,EF_casa,Pts_visitante,3P_visitante,2P_visitante,LL_visitante,RT_visitante,RO_visitante,RD_visitante,AS_visitante,ER_visitante,IA%_visitante,3PC_visitante,3PT_visitante,3P%_visitante,2PC_visitante,2PT_visitante,2P%_visitante,LLC_visitante,LLT_visitante,LL%_visitante,EN_visitante,BR_visitante,B/E_visitante,TO_visitante,FC_visitante,T/FC_visitante,ET_visitante,VI_visitante,EF_visitante
95,86,2022-04-27,1,4,2021-2022,Sesi Franca,Pinheiros,82.0025,28.7325,41.42,15.772424999999998,33.640075,9.125050000000002,24.515025,15.929974999999999,13.287525,1.3224250000000004,8.269924999999999,22.925025,35.828275,20.71,38.5675,54.1464,15.772424999999998,20.975025000000002,75.1516,1.9799750000000003,7.930050000000001,0.6413000000000002,2.535,20.167550000000002,0.13257500000000008,13.287525,2.1425,91.96745000000003,82.3928463476071,28.45843828715365,40.12090680100756,15.506272040302266,34.60206549118388,9.967304785894207,24.634760705289672,15.848841309823676,13.498740554156171,1.2527204030226706,8.921863979848865,24.586876574307304,36.4030226700252,20.06045340050378,38.43821158690176,52.57911838790937,15.506272040302266,20.964685138539043,73.76390428211585,1.856372795969774,7.972292191435768,0.6220151133501258,2.4786649874055406,19.793576826196475,0.13030226700251865,13.498740554156171,2.340151133501258,91.26692695214109
