placar_casa,placar_visitante,data,round,stage,ano,equipe_casa,equipe_visitante,Pts_casa,3P_casa,2P_casa,LL_casa,RT_casa,RO_casa,RD_casa,AS_casa,ER_casa,IA%_casa,3PC_casa,3PT_casa,3P%_casa,2PC_casa,2PT_casa,2P%_casa,LLC_casa,LLT_casa,LL%_casa,EN_casa,BR_casa,B/E_casa,TO_casa,FC_casa,T/FC_casa,ET_casa,VI_casa,EF_casa,Pts_visitante,3P_visitante,2P_visitante,LL_visitante,RT_visitante,RO_visitante,RD_visitante,AS_visitante,ER_visitante,IA%_visitante,3PC_visitante,3PT_visitante,3P%_visitante,2PC_visitante,2PT_visitante,2P%_visitante,LLC_visitante,LLT_visitante,LL%_visitante,EN_visitante,BR_visitante,B/E_visitante,TO_visitante,FC_visitante,T/FC_visitante,ET_visitante,VI_visitante,EF_visitante
80,73,2015-01-19,1,2,2014-2015,Macaé Basquete,L. Sorocabana,79.76595744680851,25.53191489361702,37.95744680851064,16.27659574468085,30.893617021276597,7.638297872340425,23.25531914893617,14.148936170212766,12.574468085106384,1.3585106382978724,8.51063829787234,22.085106382978722,38.704468085106384,18.97872340425532,36.276595744680854,52.533617021276605,16.27659574468085,20.851063829787233,78.80744680851062,1.2765957446808511,9.085106382978724,0.8791489361702131,1.4893617021276595,21.595744680851062,0.06936170212765959,12.574468085106384,2.723404255319149,87.36170212765957,76.29523809523809,32.02857142857143,39.10476190476191,16.16190476190476,28.961904761904762,9.485714285714286,19.476190476190474,10.933333333333334,12.342857142857143,0.9459999999999997,7.0095238095238095,21.295238095238094,32.98257142857144,19.552380952380954,38.819047619047616,50.523619047619015,16.16190476190476,21.419047619047618,75.4897142857143,1.3904761904761904,9.028571428571428,0.7794285714285716,1.5809523809523809,21.447619047619046,0.07457142857142858,12.342857142857143,2.5238095238095237,78.57142857142857
