placar_casa,placar_visitante,data,round,stage,ano,equipe_casa,equipe_visitante,Pts_casa,3P_casa,2P_casa,LL_casa,RT_casa,RO_casa,RD_casa,AS_casa,ER_casa,IA%_casa,3PC_casa,3PT_casa,3P%_casa,2PC_casa,2PT_casa,2P%_casa,LLC_casa,LLT_casa,LL%_casa,EN_casa,BR_casa,B/E_casa,TO_casa,FC_casa,T/FC_casa,ET_casa,VI_casa,EF_casa,Pts_visitante,3P_visitante,2P_visitante,LL_visitante,RT_visitante,RO_visitante,RD_visitante,AS_visitante,ER_visitante,IA%_visitante,3PC_visitante,3PT_visitante,3P%_visitante,2PC_visitante,2PT_visitante,2P%_visitante,LLC_visitante,LLT_visitante,LL%_visitante,EN_visitante,BR_visitante,B/E_visitante,TO_visitante,FC_visitante,T/FC_visitante,ET_visitante,VI_visitante,EF_visitante
67,98,2014-02-08,6,2,2013-2014,Paulistano,Flamengo,80.36842105263158,32.8421052631579,41.45864661654135,15.541353383458647,31.736842105263158,10.263157894736842,21.473684210526315,13.406015037593985,14.233082706766917,1.043759398496241,7.7894736842105265,22.285714285714285,35.48759398496241,20.729323308270676,39.59398496240601,52.52571428571428,15.541353383458647,22.24812030075188,69.0993233082707,1.5789473684210527,7.639097744360902,0.5934586466165414,2.082706766917293,22.112781954887218,0.09849624060150372,14.233082706766917,2.1278195488721803,84.12781954887218,89.27388535031847,35.35031847133758,44.59872611464968,17.46496815286624,33.12101910828026,8.630573248407643,24.49044585987261,15.343949044585987,12.242038216560509,1.4035031847133757,9.070063694267516,23.420382165605094,38.94522292993631,22.29936305732484,39.0828025477707,57.32305732484074,17.46496815286624,23.019108280254777,76.04210191082802,1.802547770700637,8.050955414012739,0.7175796178343948,1.694267515923567,19.777070063694268,0.08738853503184717,12.242038216560509,1.624203821656051,100.87261146496816
