placar_casa,placar_visitante,data,round,stage,ano,equipe_casa,equipe_visitante,Pts_casa,3P_casa,2P_casa,LL_casa,RT_casa,RO_casa,RD_casa,AS_casa,ER_casa,IA%_casa,3PC_casa,3PT_casa,3P%_casa,2PC_casa,2PT_casa,2P%_casa,LLC_casa,LLT_casa,LL%_casa,EN_casa,BR_casa,B/E_casa,TO_casa,FC_casa,T/FC_casa,ET_casa,VI_casa,EF_casa,Pts_visitante,3P_visitante,2P_visitante,LL_visitante,RT_visitante,RO_visitante,RD_visitante,AS_visitante,ER_visitante,IA%_visitante,3PC_visitante,3PT_visitante,3P%_visitante,2PC_visitante,2PT_visitante,2P%_visitante,LLC_visitante,LLT_visitante,LL%_visitante,EN_visitante,BR_visitante,B/E_visitante,TO_visitante,FC_visitante,T/FC_visitante,ET_visitante,VI_visitante,EF_visitante
74,86,2021-11-21,5,1,2021-2022,Cerrado,Mogi,75.23666666666666,24.666666666666668,38.66583333333334,11.902499999999996,38.6386111111111,11.680833333333334,26.959444444444447,14.625277777777777,13.61138888888889,1.1208333333333333,8.2225,26.181388888888893,31.85388888888889,19.33416666666667,39.972500000000004,48.41277777777777,11.902499999999996,17.01472222222223,70.21194444444444,1.4847222222222216,7.416944444444444,0.5549999999999999,2.194166666666666,19.154166666666672,0.11444444444444442,13.61138888888889,2.36,80.79250000000002,80.96397260273973,29.352739726027398,39.46921232876712,16.128424657534246,36.71404109589041,11.160924657534245,25.553116438356167,16.592534246575344,13.878321917808217,1.3018493150684927,8.455479452054794,24.0188698630137,35.36452054794521,19.734554794520548,38.66609589041096,51.285479452054716,16.128424657534246,21.508664383561648,75.01856164383555,1.4159246575342457,8.222568493150684,0.6389383561643832,2.0137671232876717,21.18654109589041,0.09873287671232875,13.878321917808217,2.6251027397260263,91.66438356164383
