placar_casa,placar_visitante,data,round,stage,ano,equipe_casa,equipe_visitante,Pts_casa,3P_casa,2P_casa,LL_casa,RT_casa,RO_casa,RD_casa,AS_casa,ER_casa,IA%_casa,3PC_casa,3PT_casa,3P%_casa,2PC_casa,2PT_casa,2P%_casa,LLC_casa,LLT_casa,LL%_casa,EN_casa,BR_casa,B/E_casa,TO_casa,FC_casa,T/FC_casa,ET_casa,VI_casa,EF_casa,Pts_visitante,3P_visitante,2P_visitante,LL_visitante,RT_visitante,RO_visitante,RD_visitante,AS_visitante,ER_visitante,IA%_visitante,3PC_visitante,3PT_visitante,3P%_visitante,2PC_visitante,2PT_visitante,2P%_visitante,LLC_visitante,LLT_visitante,LL%_visitante,EN_visitante,BR_visitante,B/E_visitante,TO_visitante,FC_visitante,T/FC_visitante,ET_visitante,VI_visitante,EF_visitante
72,71,2010-01-15,9,1,2009-2010,Sesi Franca,Flamengo,83.8157894736842,23.92105263157895,42.473684210526315,17.42105263157895,29.710526315789473,8.631578947368421,21.07894736842105,15.81578947368421,12.473684210526315,1.453684210526316,7.973684210526316,22.394736842105264,36.1307894736842,21.236842105263158,41.60526315789474,51.25210526315787,17.42105263157895,23.0,75.85868421052633,0.7368421052631579,8.263157894736842,0.7071052631578948,2.289473684210526,22.07894736842105,0.11289473684210524,12.473684210526315,0.15789473684210525,87.05263157894737,91.04651162790698,28.813953488372093,43.02325581395349,19.209302325581394,32.97674418604651,8.744186046511627,24.232558139534884,16.46511627906977,13.44186046511628,1.3190697674418606,9.604651162790697,25.697674418604652,37.802093023255814,21.511627906976745,37.25581395348837,57.915348837209315,19.209302325581394,25.325581395348838,76.98,1.9767441860465116,8.883720930232558,0.7055813953488372,1.7674418604651163,19.930232558139537,0.08558139534883721,13.44186046511628,0.16279069767441862,99.5813953488372
