placar_casa,placar_visitante,data,round,stage,ano,equipe_casa,equipe_visitante,Pts_casa,3P_casa,2P_casa,LL_casa,RT_casa,RO_casa,RD_casa,AS_casa,ER_casa,IA%_casa,3PC_casa,3PT_casa,3P%_casa,2PC_casa,2PT_casa,2P%_casa,LLC_casa,LLT_casa,LL%_casa,EN_casa,BR_casa,B/E_casa,TO_casa,FC_casa,T/FC_casa,ET_casa,VI_casa,EF_casa,Pts_visitante,3P_visitante,2P_visitante,LL_visitante,RT_visitante,RO_visitante,RD_visitante,AS_visitante,ER_visitante,IA%_visitante,3PC_visitante,3PT_visitante,3P%_visitante,2PC_visitante,2PT_visitante,2P%_visitante,LLC_visitante,LLT_visitante,LL%_visitante,EN_visitante,BR_visitante,B/E_visitante,TO_visitante,FC_visitante,T/FC_visitante,ET_visitante,VI_visitante,EF_visitante
96,87,2013-12-07,8,1,2013-2014,Pinheiros,Sesi Franca,85.94736842105263,33.63157894736842,40.766917293233085,16.601503759398497,30.13533834586466,7.93984962406015,22.195488721804512,15.61654135338346,12.781954887218046,1.3213533834586464,9.526315789473685,24.69172932330827,38.730150375939836,20.383458646616543,36.46616541353384,56.2054887218045,16.601503759398497,22.285714285714285,74.15157894736839,2.255639097744361,7.105263157894737,0.590751879699248,2.443609022556391,19.721804511278197,0.1295488721804511,12.781954887218046,1.9323308270676691,94.47368421052632,81.16279069767442,32.883720930232556,43.98449612403101,16.45736434108527,29.62015503875969,8.364341085271318,21.25581395348837,15.093023255813954,13.085271317829458,1.3139534883720927,6.906976744186046,19.41860465116279,35.50023255813953,21.992248062015506,42.06201550387597,52.47085271317831,16.45736434108527,22.1937984496124,74.03100775193798,1.7286821705426356,8.589147286821705,0.7216279069767442,2.7209302325581395,20.953488372093023,0.14069767441860467,13.085271317829458,1.813953488372093,88.74418604651163
