placar_casa,placar_visitante,data,round,stage,ano,equipe_casa,equipe_visitante,Pts_casa,3P_casa,2P_casa,LL_casa,RT_casa,RO_casa,RD_casa,AS_casa,ER_casa,IA%_casa,3PC_casa,3PT_casa,3P%_casa,2PC_casa,2PT_casa,2P%_casa,LLC_casa,LLT_casa,LL%_casa,EN_casa,BR_casa,B/E_casa,TO_casa,FC_casa,T/FC_casa,ET_casa,VI_casa,EF_casa,Pts_visitante,3P_visitante,2P_visitante,LL_visitante,RT_visitante,RO_visitante,RD_visitante,AS_visitante,ER_visitante,IA%_visitante,3PC_visitante,3PT_visitante,3P%_visitante,2PC_visitante,2PT_visitante,2P%_visitante,LLC_visitante,LLT_visitante,LL%_visitante,EN_visitante,BR_visitante,B/E_visitante,TO_visitante,FC_visitante,T/FC_visitante,ET_visitante,VI_visitante,EF_visitante
82,74,2023-12-21,10,1,2023-2024,Cerrado,São Paulo,77.27559633027523,28.19724770642202,37.06403669724771,12.013486238532108,38.999816513761466,11.63770642201835,27.362660550458713,15.417614678899085,13.95412844036697,1.1610091743119266,9.399174311926606,29.32577981651376,32.11119266055045,18.53229357798165,37.39908256880734,49.8915596330275,12.013486238532108,17.47284403669725,68.81266055045874,1.7427522935779811,6.6193577981651375,0.49036697247706384,2.348623853211009,17.6656880733945,0.13467889908256891,13.95412844036697,2.6555045871559644,82.45440366972478,85.387625,32.4375,38.8748125,14.07475,37.187625000000004,8.974874999999999,28.212374999999998,17.725,11.681375000000003,1.6077500000000007,10.812499999999996,29.6186875,36.293687500000004,19.437687500000003,34.2936875,56.781875,14.07475,18.568437499999998,75.84456249999998,1.94375,6.631312500000002,0.5900624999999995,2.3623749999999997,18.125062499999995,0.1391874999999999,11.681375000000003,1.8876250000000003,99.4500625
