placar_casa,placar_visitante,data,round,stage,ano,equipe_casa,equipe_visitante,Pts_casa,3P_casa,2P_casa,LL_casa,RT_casa,RO_casa,RD_casa,AS_casa,ER_casa,IA%_casa,3PC_casa,3PT_casa,3P%_casa,2PC_casa,2PT_casa,2P%_casa,LLC_casa,LLT_casa,LL%_casa,EN_casa,BR_casa,B/E_casa,TO_casa,FC_casa,T/FC_casa,ET_casa,VI_casa,EF_casa,Pts_visitante,3P_visitante,2P_visitante,LL_visitante,RT_visitante,RO_visitante,RD_visitante,AS_visitante,ER_visitante,IA%_visitante,3PC_visitante,3PT_visitante,3P%_visitante,2PC_visitante,2PT_visitante,2P%_visitante,LLC_visitante,LLT_visitante,LL%_visitante,EN_visitante,BR_visitante,B/E_visitante,TO_visitante,FC_visitante,T/FC_visitante,ET_visitante,VI_visitante,EF_visitante
78,88,2019-11-20,6,1,2019-2020,Pinheiros,São Paulo,83.70833333333333,28.990384615384617,40.512884615384614,16.35900641025641,33.63137820512821,9.496858974358975,24.134615384615383,15.538461538461538,13.28525641025641,1.2574999999999998,8.945480769230768,24.16669871794872,37.03608974358973,20.256346153846152,38.003173076923076,53.6980448717949,16.35900641025641,21.85576923076923,74.8475961538461,1.9711217948717952,8.124967948717948,0.6469230769230767,2.519230769230769,20.10900641025641,0.13092948717948708,13.28525641025641,2.375032051282051,93.0159935897436,84.71428571428571,34.714285714285715,38.0,12.0,44.0,11.142857142857142,32.857142857142854,20.0,13.714285714285714,1.5799999999999998,11.571428571428571,31.571428571428573,36.37571428571429,19.0,35.142857142857146,53.94857142857143,12.0,18.285714285714285,66.14285714285714,2.0,5.571428571428571,0.41000000000000003,4.0,18.571428571428573,0.22571428571428573,13.714285714285714,1.8571428571428572,102.14285714285714
