placar_casa,placar_visitante,data,round,stage,ano,equipe_casa,equipe_visitante,Pts_casa,3P_casa,2P_casa,LL_casa,RT_casa,RO_casa,RD_casa,AS_casa,ER_casa,IA%_casa,3PC_casa,3PT_casa,3P%_casa,2PC_casa,2PT_casa,2P%_casa,LLC_casa,LLT_casa,LL%_casa,EN_casa,BR_casa,B/E_casa,TO_casa,FC_casa,T/FC_casa,ET_casa,VI_casa,EF_casa,Pts_visitante,3P_visitante,2P_visitante,LL_visitante,RT_visitante,RO_visitante,RD_visitante,AS_visitante,ER_visitante,IA%_visitante,3PC_visitante,3PT_visitante,3P%_visitante,2PC_visitante,2PT_visitante,2P%_visitante,LLC_visitante,LLT_visitante,LL%_visitante,EN_visitante,BR_visitante,B/E_visitante,TO_visitante,FC_visitante,T/FC_visitante,ET_visitante,VI_visitante,EF_visitante
74,68,2010-02-12,11,1,2009-2010,Coop/São José Basketball,Assis,75.8157894736842,24.63157894736842,37.1578947368421,14.026315789473685,30.0,9.789473684210526,20.210526315789473,13.578947368421053,14.421052631578947,1.007368421052632,8.210526315789474,25.05263157894737,32.669736842105266,18.57894736842105,35.89473684210526,52.49578947368421,14.026315789473685,20.263157894736842,69.46947368421051,0.9210526315789473,6.947368421052632,0.5073684210526316,1.7894736842105263,21.210526315789473,0.08736842105263157,14.421052631578947,0.39473684210526316,73.3157894736842,75.17948717948718,22.846153846153847,34.76923076923077,17.564102564102566,29.974358974358974,8.461538461538462,21.512820512820515,11.102564102564102,12.64102564102564,1.0312820512820515,7.615384615384615,22.71794871794872,33.612051282051276,17.384615384615383,33.743589743589745,51.508717948717944,17.564102564102566,24.871794871794872,70.81410256410257,1.4871794871794872,5.948717948717949,0.5041025641025642,3.076923076923077,19.897435897435898,0.15923076923076923,12.64102564102564,0.8974358974358975,73.87179487179488
