placar_casa,placar_visitante,data,round,stage,ano,equipe_casa,equipe_visitante,Pts_casa,3P_casa,2P_casa,LL_casa,RT_casa,RO_casa,RD_casa,AS_casa,ER_casa,IA%_casa,3PC_casa,3PT_casa,3P%_casa,2PC_casa,2PT_casa,2P%_casa,LLC_casa,LLT_casa,LL%_casa,EN_casa,BR_casa,B/E_casa,TO_casa,FC_casa,T/FC_casa,ET_casa,VI_casa,EF_casa,Pts_visitante,3P_visitante,2P_visitante,LL_visitante,RT_visitante,RO_visitante,RD_visitante,AS_visitante,ER_visitante,IA%_visitante,3PC_visitante,3PT_visitante,3P%_visitante,2PC_visitante,2PT_visitante,2P%_visitante,LLC_visitante,LLT_visitante,LL%_visitante,EN_visitante,BR_visitante,B/E_visitante,TO_visitante,FC_visitante,T/FC_visitante,ET_visitante,VI_visitante,EF_visitante
71,77,2023-03-23,7,2,2022-2023,Coop/São José Basketball,Paulistano,80.14059375000002,28.125,40.47496875,14.8875,33.59684375,9.468781250000001,24.12815625,17.29059375,13.818718749999999,1.35790625,8.259406250000001,23.99059375,34.53265625000001,20.23753125,37.77184375,53.75178125000001,14.8875,19.64690625,75.11637499999998,0.94065625,7.16878125,0.5494375,2.1562812499999997,19.93753125,0.11578125000000003,13.818718749999999,2.13128125,89.45,79.87440758293839,29.342417061611375,39.04502369668246,14.472748815165877,36.39452606635071,11.52611374407583,24.86841232227488,14.986990521327014,13.304454976303317,1.2428672985781986,8.785545023696683,25.89696682464455,34.29518957345971,19.52251184834123,38.514265402843606,51.00990521327012,14.472748815165877,19.734549763033176,73.01372037914693,1.759573459715639,7.648080568720379,0.6268246445497633,1.939620853080568,21.068744075829386,0.09599526066350707,13.304454976303317,2.4336255924170622,87.14582938388621
