placar_casa,placar_visitante,data,round,stage,ano,equipe_casa,equipe_visitante,Pts_casa,3P_casa,2P_casa,LL_casa,RT_casa,RO_casa,RD_casa,AS_casa,ER_casa,IA%_casa,3PC_casa,3PT_casa,3P%_casa,2PC_casa,2PT_casa,2P%_casa,LLC_casa,LLT_casa,LL%_casa,EN_casa,BR_casa,B/E_casa,TO_casa,FC_casa,T/FC_casa,ET_casa,VI_casa,EF_casa,Pts_visitante,3P_visitante,2P_visitante,LL_visitante,RT_visitante,RO_visitante,RD_visitante,AS_visitante,ER_visitante,IA%_visitante,3PC_visitante,3PT_visitante,3P%_visitante,2PC_visitante,2PT_visitante,2P%_visitante,LLC_visitante,LLT_visitante,LL%_visitante,EN_visitante,BR_visitante,B/E_visitante,TO_visitante,FC_visitante,T/FC_visitante,ET_visitante,VI_visitante,EF_visitante
85,88,2023-11-13,5,1,2023-2024,Sesi Franca,Pinheiros,82.92193058568328,29.27765726681128,41.201713665943615,15.845900216919738,34.49681127982647,9.238676789587855,25.25813449023861,16.281995661605205,13.128004338394794,1.3811496746203915,8.6246420824295,23.754902386117138,36.074273318872,20.600889370932755,38.12796095444686,54.424338394793914,15.845900216919738,20.989197396963124,75.52806941431672,1.9782646420824301,7.607418655097614,0.6208026030368767,2.5509544468546634,20.002190889370933,0.13420824295010853,13.128004338394794,2.1127982646420826,93.7396529284165,82.16730769230774,28.235294117647058,40.1447963800905,15.307647058823528,35.36658371040724,10.296425339366516,25.070158371040723,16.10628959276018,13.608574660633483,1.263619909502263,8.904932126696831,24.782760180995474,36.05457013574662,20.07239819004525,38.63570135746606,52.31796380090503,15.307647058823528,20.83705882352941,73.26776018099547,1.8279864253393674,7.895904977375565,0.6128280542986423,2.429909502262442,19.81004524886878,0.12780542986425322,13.608574660633483,2.341696832579185,91.26011312217199
