placar_casa,placar_visitante,data,round,stage,ano,equipe_casa,equipe_visitante,Pts_casa,3P_casa,2P_casa,LL_casa,RT_casa,RO_casa,RD_casa,AS_casa,ER_casa,IA%_casa,3PC_casa,3PT_casa,3P%_casa,2PC_casa,2PT_casa,2P%_casa,LLC_casa,LLT_casa,LL%_casa,EN_casa,BR_casa,B/E_casa,TO_casa,FC_casa,T/FC_casa,ET_casa,VI_casa,EF_casa,Pts_visitante,3P_visitante,2P_visitante,LL_visitante,RT_visitante,RO_visitante,RD_visitante,AS_visitante,ER_visitante,IA%_visitante,3PC_visitante,3PT_visitante,3P%_visitante,2PC_visitante,2PT_visitante,2P%_visitante,LLC_visitante,LLT_visitante,LL%_visitante,EN_visitante,BR_visitante,B/E_visitante,TO_visitante,FC_visitante,T/FC_visitante,ET_visitante,VI_visitante,EF_visitante
76,85,2013-03-14,11,2,2012-2013,Mogi,Espírito Santo,75.0,57.666666666666664,38.44444444444444,17.77777777777778,31.74074074074074,9.25925925925926,22.48148148148148,11.88888888888889,14.777777777777779,0.9337037037037035,6.2592592592592595,18.74074074074074,33.73407407407407,19.22222222222222,41.370370370370374,46.98851851851852,17.77777777777778,24.14814814814815,73.23222222222222,0.4444444444444444,5.592592592592593,0.4196296296296297,1.1111111111111112,23.296296296296298,0.05148148148148149,14.777777777777779,2.888888888888889,78.81481481481481,73.93617021276596,30.670212765957448,36.680851063829785,15.48936170212766,29.606382978723403,8.925531914893616,20.680851063829788,10.76595744680851,14.148936170212766,0.8591489361702125,7.25531914893617,22.106382978723403,32.62255319148937,18.340425531914892,37.202127659574465,49.538936170212786,15.48936170212766,22.170212765957448,70.31744680851061,1.2765957446808511,7.797872340425532,0.6052127659574468,1.797872340425532,21.117021276595743,0.08787234042553191,14.148936170212766,2.617021276595745,72.3936170212766
