placar_casa,placar_visitante,data,round,stage,ano,equipe_casa,equipe_visitante,Pts_casa,3P_casa,2P_casa,LL_casa,RT_casa,RO_casa,RD_casa,AS_casa,ER_casa,IA%_casa,3PC_casa,3PT_casa,3P%_casa,2PC_casa,2PT_casa,2P%_casa,LLC_casa,LLT_casa,LL%_casa,EN_casa,BR_casa,B/E_casa,TO_casa,FC_casa,T/FC_casa,ET_casa,VI_casa,EF_casa,Pts_visitante,3P_visitante,2P_visitante,LL_visitante,RT_visitante,RO_visitante,RD_visitante,AS_visitante,ER_visitante,IA%_visitante,3PC_visitante,3PT_visitante,3P%_visitante,2PC_visitante,2PT_visitante,2P%_visitante,LLC_visitante,LLT_visitante,LL%_visitante,EN_visitante,BR_visitante,B/E_visitante,TO_visitante,FC_visitante,T/FC_visitante,ET_visitante,VI_visitante,EF_visitante
60,90,2017-01-25,16,1,2016-2017,L. Sorocabana,Mogi,75.09937888198758,27.950310559006212,39.32919254658385,14.993788819875776,30.900621118012424,10.79503105590062,20.1055900621118,11.602484472049689,13.167701863354038,0.9454037267080743,6.925465838509317,21.428571428571427,32.12571428571428,19.664596273291924,39.68944099378882,49.73664596273289,14.993788819875776,20.062111801242235,74.39658385093168,1.4285714285714286,9.478260869565217,0.7837267080745343,1.68944099378882,21.614906832298136,0.0826086956521739,13.167701863354038,3.111801242236025,77.91304347826087,80.21965317919076,29.809248554913296,40.08092485549133,17.057803468208093,35.69364161849711,11.398843930635838,24.294797687861273,15.00578034682081,13.965317919075144,1.175433526011561,7.69364161849711,21.803468208092486,35.45144508670521,20.040462427745666,39.83236994219653,50.57606936416184,17.057803468208093,22.878612716763005,74.32618497109826,1.369942196531792,9.202312138728324,0.7151445086705202,1.7745664739884393,21.832369942196532,0.08491329479768787,13.965317919075144,2.913294797687861,89.78034682080924
