placar_casa,placar_visitante,data,round,stage,ano,equipe_casa,equipe_visitante,Pts_casa,3P_casa,2P_casa,LL_casa,RT_casa,RO_casa,RD_casa,AS_casa,ER_casa,IA%_casa,3PC_casa,3PT_casa,3P%_casa,2PC_casa,2PT_casa,2P%_casa,LLC_casa,LLT_casa,LL%_casa,EN_casa,BR_casa,B/E_casa,TO_casa,FC_casa,T/FC_casa,ET_casa,VI_casa,EF_casa,Pts_visitante,3P_visitante,2P_visitante,LL_visitante,RT_visitante,RO_visitante,RD_visitante,AS_visitante,ER_visitante,IA%_visitante,3PC_visitante,3PT_visitante,3P%_visitante,2PC_visitante,2PT_visitante,2P%_visitante,LLC_visitante,LLT_visitante,LL%_visitante,EN_visitante,BR_visitante,B/E_visitante,TO_visitante,FC_visitante,T/FC_visitante,ET_visitante,VI_visitante,EF_visitante
107,84,2024-01-11,1,2,2023-2024,UNIFACISA,São Paulo,80.41551948051948,29.707792207792206,38.15584415584416,12.552272727272728,36.76610389610389,10.175129870129869,26.591168831168833,16.2987012987013,12.948116883116885,1.3251298701298706,9.902402597402595,28.15597402597403,35.012987012987,19.07792207792208,36.668766233766235,52.13603896103897,12.552272727272728,16.759935064935064,74.40902597402592,1.2986363636363636,7.175324675324675,0.5845454545454545,1.8183766233766236,19.83123376623377,0.09454545454545454,12.948116883116885,2.305194805194805,89.4611038961039,85.03626506024096,32.1777108433735,38.78295180722891,14.075060240963856,37.06939759036145,8.963734939759036,28.105301204819273,17.68975903614458,11.707951807228918,1.5989156626506036,10.72590361445783,29.533072289156625,36.09873493975904,19.39174698795181,34.219819277108435,56.750843373493986,14.075060240963856,18.626204819277106,75.60090361445783,1.9066265060240963,6.632590361445785,0.5886144578313247,2.358313253012048,18.08439759036144,0.13897590361445772,11.707951807228918,1.888674698795181,98.88560240963857
