placar_casa,placar_visitante,data,round,stage,ano,equipe_casa,equipe_visitante,Pts_casa,3P_casa,2P_casa,LL_casa,RT_casa,RO_casa,RD_casa,AS_casa,ER_casa,IA%_casa,3PC_casa,3PT_casa,3P%_casa,2PC_casa,2PT_casa,2P%_casa,LLC_casa,LLT_casa,LL%_casa,EN_casa,BR_casa,B/E_casa,TO_casa,FC_casa,T/FC_casa,ET_casa,VI_casa,EF_casa,Pts_visitante,3P_visitante,2P_visitante,LL_visitante,RT_visitante,RO_visitante,RD_visitante,AS_visitante,ER_visitante,IA%_visitante,3PC_visitante,3PT_visitante,3P%_visitante,2PC_visitante,2PT_visitante,2P%_visitante,LLC_visitante,LLT_visitante,LL%_visitante,EN_visitante,BR_visitante,B/E_visitante,TO_visitante,FC_visitante,T/FC_visitante,ET_visitante,VI_visitante,EF_visitante
65,82,2021-12-22,9,1,2021-2022,Mogi,Pinheiros,80.89050505050506,29.272727272727273,39.44111111111111,16.095959595959595,36.755892255892256,11.129595959595958,25.626296296296296,16.619595959595962,13.888787878787877,1.3018855218855214,8.451178451178452,24.09599326599327,35.252289562289576,19.72050505050505,38.5959595959596,51.346969696969616,16.095959595959595,21.446228956228957,75.07511784511777,1.4442760942760935,8.20030303030303,0.6367676767676765,2.0253198653198656,21.168249158249157,0.09932659932659932,13.888787878787877,2.6229966329966317,91.62794612794613,82.41592000000004,28.448,40.053333333333335,15.706666666666667,34.30674666666667,9.77072,24.536026666666668,15.776,13.506666666666666,1.2492266666666672,8.885306666666667,24.4,36.511680000000005,20.026666666666667,38.277253333333334,52.70245333333337,15.706666666666667,21.205306666666665,73.9402133333333,1.8426400000000003,7.994693333333334,0.6252266666666664,2.472079999999999,19.986773333333336,0.12882666666666645,13.506666666666666,2.3334133333333322,91.22394666666669
