placar_casa,placar_visitante,data,round,stage,ano,equipe_casa,equipe_visitante,Pts_casa,3P_casa,2P_casa,LL_casa,RT_casa,RO_casa,RD_casa,AS_casa,ER_casa,IA%_casa,3PC_casa,3PT_casa,3P%_casa,2PC_casa,2PT_casa,2P%_casa,LLC_casa,LLT_casa,LL%_casa,EN_casa,BR_casa,B/E_casa,TO_casa,FC_casa,T/FC_casa,ET_casa,VI_casa,EF_casa,Pts_visitante,3P_visitante,2P_visitante,LL_visitante,RT_visitante,RO_visitante,RD_visitante,AS_visitante,ER_visitante,IA%_visitante,3PC_visitante,3PT_visitante,3P%_visitante,2PC_visitante,2PT_visitante,2P%_visitante,LLC_visitante,LLT_visitante,LL%_visitante,EN_visitante,BR_visitante,B/E_visitante,TO_visitante,FC_visitante,T/FC_visitante,ET_visitante,VI_visitante,EF_visitante
75,97,2020-02-07,4,2,2019-2020,Fortaleza B. C. / CFO,Sesi Franca,76.86434389140271,29.70135746606335,39.06334841628959,13.434343891402714,35.36882352941176,10.51131221719457,24.857511312217195,13.576968325791857,12.827963800904975,1.173393665158371,8.122171945701357,24.637918552036197,33.23886877828052,19.531674208144796,39.14475113122172,50.02610859728505,13.434343891402714,18.891447963800907,70.89479638009048,1.4434841628959276,8.529366515837102,0.7310407239819005,2.425339366515837,20.59049773755656,0.12085972850678726,12.827963800904975,2.626651583710408,83.23751131221718,80.65393292682928,28.46798780487805,41.03963414634146,15.92984756097561,32.73021341463415,9.146341463414634,23.583871951219514,15.318567073170732,13.5625,1.2528048780487795,7.894786585365853,22.04423780487805,35.58512195121954,20.51981707317073,38.71036585365854,53.41262195121948,15.92984756097561,21.39481707317073,74.18609756097555,1.8658231707317077,8.21344512195122,0.6548475609756098,2.5625,20.635701219512196,0.1302439024390243,13.5625,2.262225609756097,89.2484756097561
