placar_casa,placar_visitante,data,round,stage,ano,equipe_casa,equipe_visitante,Pts_casa,3P_casa,2P_casa,LL_casa,RT_casa,RO_casa,RD_casa,AS_casa,ER_casa,IA%_casa,3PC_casa,3PT_casa,3P%_casa,2PC_casa,2PT_casa,2P%_casa,LLC_casa,LLT_casa,LL%_casa,EN_casa,BR_casa,B/E_casa,TO_casa,FC_casa,T/FC_casa,ET_casa,VI_casa,EF_casa,Pts_visitante,3P_visitante,2P_visitante,LL_visitante,RT_visitante,RO_visitante,RD_visitante,AS_visitante,ER_visitante,IA%_visitante,3PC_visitante,3PT_visitante,3P%_visitante,2PC_visitante,2PT_visitante,2P%_visitante,LLC_visitante,LLT_visitante,LL%_visitante,EN_visitante,BR_visitante,B/E_visitante,TO_visitante,FC_visitante,T/FC_visitante,ET_visitante,VI_visitante,EF_visitante
85,73,2017-01-13,15,1,2016-2017,Vitória,Paulistano,72.65116279069767,18.837209302325583,38.604651162790695,15.209302325581396,35.58139534883721,11.162790697674419,24.41860465116279,13.69767441860465,14.953488372093023,0.9783720930232558,6.27906976744186,21.0,30.066511627906973,19.302325581395348,40.55813953488372,47.88069767441861,15.209302325581396,20.697674418604652,73.25999999999999,1.255813953488372,9.465116279069768,0.6611627906976745,1.697674418604651,20.3953488372093,0.08790697674418604,14.953488372093023,3.744186046511628,76.6046511627907,80.72765957446809,29.872340425531913,40.61276595744681,15.604255319148937,34.161702127659574,11.05531914893617,23.106382978723403,13.782978723404256,13.736170212765957,1.1134468085106386,8.170212765957446,23.404255319148938,35.1871914893617,20.306382978723406,39.67659574468085,51.44680851063828,15.604255319148937,21.2468085106383,73.15238297872344,1.5446808510638297,8.374468085106383,0.6723829787234041,1.7659574468085106,21.72340425531915,0.0853191489361702,13.736170212765957,2.4851063829787234,86.63829787234043
