placar_casa,placar_visitante,data,round,stage,ano,equipe_casa,equipe_visitante,Pts_casa,3P_casa,2P_casa,LL_casa,RT_casa,RO_casa,RD_casa,AS_casa,ER_casa,IA%_casa,3PC_casa,3PT_casa,3P%_casa,2PC_casa,2PT_casa,2P%_casa,LLC_casa,LLT_casa,LL%_casa,EN_casa,BR_casa,B/E_casa,TO_casa,FC_casa,T/FC_casa,ET_casa,VI_casa,EF_casa,Pts_visitante,3P_visitante,2P_visitante,LL_visitante,RT_visitante,RO_visitante,RD_visitante,AS_visitante,ER_visitante,IA%_visitante,3PC_visitante,3PT_visitante,3P%_visitante,2PC_visitante,2PT_visitante,2P%_visitante,LLC_visitante,LLT_visitante,LL%_visitante,EN_visitante,BR_visitante,B/E_visitante,TO_visitante,FC_visitante,T/FC_visitante,ET_visitante,VI_visitante,EF_visitante
83,71,2017-03-07,24,1,2016-2017,Bauru Basket,Vitória,83.16349809885932,33.01140684410647,38.965779467680605,15.315589353612168,34.09125475285171,9.680608365019012,24.4106463878327,15.566539923954373,11.806083650190114,1.4703422053231925,9.627376425855513,25.509505703422054,38.04429657794678,19.482889733840302,36.346007604562736,54.16942965779463,15.315589353612168,20.269961977186313,75.59749049429655,1.4258555133079849,7.684410646387833,0.7193916349809882,1.7376425855513309,18.38783269961977,0.09851711026615964,11.806083650190114,2.1254752851711025,93.93536121673004,73.13461538461539,19.442307692307693,38.53846153846154,15.153846153846153,35.57692307692308,10.557692307692308,25.01923076923077,14.307692307692308,14.788461538461538,1.0415384615384615,6.480769230769231,21.365384615384617,30.669999999999998,19.26923076923077,40.05769230769231,48.38596153846155,15.153846153846153,20.557692307692307,73.28903846153845,1.25,9.423076923076923,0.6719230769230771,1.6923076923076923,20.46153846153846,0.08634615384615384,14.788461538461538,3.519230769230769,78.21153846153847
