placar_casa,placar_visitante,data,round,stage,ano,equipe_casa,equipe_visitante,Pts_casa,3P_casa,2P_casa,LL_casa,RT_casa,RO_casa,RD_casa,AS_casa,ER_casa,IA%_casa,3PC_casa,3PT_casa,3P%_casa,2PC_casa,2PT_casa,2P%_casa,LLC_casa,LLT_casa,LL%_casa,EN_casa,BR_casa,B/E_casa,TO_casa,FC_casa,T/FC_casa,ET_casa,VI_casa,EF_casa,Pts_visitante,3P_visitante,2P_visitante,LL_visitante,RT_visitante,RO_visitante,RD_visitante,AS_visitante,ER_visitante,IA%_visitante,3PC_visitante,3PT_visitante,3P%_visitante,2PC_visitante,2PT_visitante,2P%_visitante,LLC_visitante,LLT_visitante,LL%_visitante,EN_visitante,BR_visitante,B/E_visitante,TO_visitante,FC_visitante,T/FC_visitante,ET_visitante,VI_visitante,EF_visitante
74,71,2015-12-02,7,1,2015-2016,Minas,Mogi,79.01069518716578,27.449197860962567,42.42780748663102,15.695187165775401,31.893048128342247,9.37433155080214,22.518716577540108,15.508021390374331,13.850267379679144,1.212192513368984,6.962566844919786,20.155080213903744,34.48604278074867,21.21390374331551,40.0855614973262,53.03566844919787,15.695187165775401,21.0427807486631,74.67112299465239,1.3529411764705883,8.026737967914439,0.622139037433155,2.4759358288770055,21.25668449197861,0.12310160427807498,13.850267379679144,2.27807486631016,87.12299465240642,80.08870967741936,31.620967741935484,40.306451612903224,17.548387096774192,35.70967741935484,11.741935483870968,23.967741935483872,14.274193548387096,14.379032258064516,1.0895967741935488,7.411290322580645,20.467741935483872,36.24209677419354,20.153225806451612,40.75,49.64209677419353,17.548387096774192,23.524193548387096,73.99016129032259,1.282258064516129,8.78225806451613,0.6539516129032257,1.717741935483871,22.39516129032258,0.08080645161290322,14.379032258064516,2.9838709677419355,88.75806451612904
