placar_casa,placar_visitante,data,round,stage,ano,equipe_casa,equipe_visitante,Pts_casa,3P_casa,2P_casa,LL_casa,RT_casa,RO_casa,RD_casa,AS_casa,ER_casa,IA%_casa,3PC_casa,3PT_casa,3P%_casa,2PC_casa,2PT_casa,2P%_casa,LLC_casa,LLT_casa,LL%_casa,EN_casa,BR_casa,B/E_casa,TO_casa,FC_casa,T/FC_casa,ET_casa,VI_casa,EF_casa,Pts_visitante,3P_visitante,2P_visitante,LL_visitante,RT_visitante,RO_visitante,RD_visitante,AS_visitante,ER_visitante,IA%_visitante,3PC_visitante,3PT_visitante,3P%_visitante,2PC_visitante,2PT_visitante,2P%_visitante,LLC_visitante,LLT_visitante,LL%_visitante,EN_visitante,BR_visitante,B/E_visitante,TO_visitante,FC_visitante,T/FC_visitante,ET_visitante,VI_visitante,EF_visitante
85,81,2014-04-15,3,3,2013-2014,Mogi,Pinheiros,78.07352941176471,38.205882352941174,38.94117647058823,18.044117647058822,34.544117647058826,10.970588235294118,23.573529411764707,13.485294117647058,14.617647058823529,1.0310294117647059,7.029411764705882,19.852941176470587,35.54264705882353,19.470588235294116,40.794117647058826,47.9185294117647,18.044117647058822,24.294117647058822,73.74220588235295,0.7647058823529411,7.882352941176471,0.5808823529411765,1.3970588235294117,22.147058823529413,0.06720588235294116,14.617647058823529,2.9411764705882355,84.41176470588235,85.5625,32.86875,40.3875,16.50625,30.74375,8.05625,22.6875,15.71875,12.91875,1.3150000000000004,9.55625,24.8,38.66056249999998,20.19375,36.05625,56.30018750000001,16.50625,22.0,74.91724999999997,2.26875,7.6125,0.62525,2.55625,19.58125,0.13681249999999995,12.91875,2.0125,95.11875
