placar_casa,placar_visitante,data,round,stage,ano,equipe_casa,equipe_visitante,Pts_casa,3P_casa,2P_casa,LL_casa,RT_casa,RO_casa,RD_casa,AS_casa,ER_casa,IA%_casa,3PC_casa,3PT_casa,3P%_casa,2PC_casa,2PT_casa,2P%_casa,LLC_casa,LLT_casa,LL%_casa,EN_casa,BR_casa,B/E_casa,TO_casa,FC_casa,T/FC_casa,ET_casa,VI_casa,EF_casa,Pts_visitante,3P_visitante,2P_visitante,LL_visitante,RT_visitante,RO_visitante,RD_visitante,AS_visitante,ER_visitante,IA%_visitante,3PC_visitante,3PT_visitante,3P%_visitante,2PC_visitante,2PT_visitante,2P%_visitante,LLC_visitante,LLT_visitante,LL%_visitante,EN_visitante,BR_visitante,B/E_visitante,TO_visitante,FC_visitante,T/FC_visitante,ET_visitante,VI_visitante,EF_visitante
83,79,2024-03-30,10,2,2023-2024,Pato Basquete,Pinheiros,74.96,25.358490566037737,37.417232704402515,12.18459119496855,36.01012578616351,10.884591194968552,25.125911949685534,15.04389937106918,13.469433962264144,1.2096855345911952,8.452578616352202,26.540691823899365,31.739056603773587,18.708553459119496,37.93496855345912,49.40226415094339,12.18459119496855,17.782075471698114,68.40452830188681,1.184528301886793,7.123773584905661,0.548364779874214,1.5032075471698116,20.417169811320758,0.07446540880503147,13.469433962264144,2.9161635220125786,78.25377358490566,81.79518123667384,28.036247334754798,39.970170575692954,15.221727078891258,35.49579957356077,10.380618336886995,25.115181236673774,16.206759061833687,13.576716417910447,1.2768656716417914,8.86773987206823,24.85496801705757,35.82880597014927,19.98505330490405,38.52445628997869,52.23577825159921,15.221727078891258,20.697206823027717,73.32618336886998,1.79633262260128,7.722793176972281,0.60046908315565,2.4126439232409376,19.765543710021323,0.12682302771854995,13.576716417910447,2.344392324093816,90.87731343283586
