placar_casa,placar_visitante,data,round,stage,ano,equipe_casa,equipe_visitante,Pts_casa,3P_casa,2P_casa,LL_casa,RT_casa,RO_casa,RD_casa,AS_casa,ER_casa,IA%_casa,3PC_casa,3PT_casa,3P%_casa,2PC_casa,2PT_casa,2P%_casa,LLC_casa,LLT_casa,LL%_casa,EN_casa,BR_casa,B/E_casa,TO_casa,FC_casa,T/FC_casa,ET_casa,VI_casa,EF_casa,Pts_visitante,3P_visitante,2P_visitante,LL_visitante,RT_visitante,RO_visitante,RD_visitante,AS_visitante,ER_visitante,IA%_visitante,3PC_visitante,3PT_visitante,3P%_visitante,2PC_visitante,2PT_visitante,2P%_visitante,LLC_visitante,LLT_visitante,LL%_visitante,EN_visitante,BR_visitante,B/E_visitante,TO_visitante,FC_visitante,T/FC_visitante,ET_visitante,VI_visitante,EF_visitante
77,89,2017-03-23,27,1,2016-2017,Minas,Bauru Basket,78.22268907563026,25.941176470588236,42.11764705882353,15.319327731092438,33.04201680672269,9.739495798319327,23.30252100840336,15.57563025210084,14.331932773109244,1.1743697478991602,6.928571428571429,20.394957983193276,34.07281512605042,21.058823529411764,40.11764705882353,52.60445378151261,15.319327731092438,20.714285714285715,73.82033613445374,1.403361344537815,7.995798319327731,0.5991596638655459,2.4327731092436973,21.407563025210084,0.11949579831932786,14.331932773109244,2.689075630252101,86.16806722689076,83.14339622641509,32.89811320754717,39.011320754716984,15.332075471698113,34.10188679245283,9.679245283018869,24.422641509433962,15.581132075471698,11.815094339622641,1.4693207547169798,9.6,25.49811320754717,37.94486792452831,19.505660377358492,36.339622641509436,54.23607547169807,15.332075471698113,20.29433962264151,75.57852830188676,1.4226415094339622,7.686792452830189,0.7185283018867921,1.7358490566037736,18.381132075471697,0.0984905660377358,11.815094339622641,2.150943396226415,93.92830188679245
