placar_casa,placar_visitante,data,round,stage,ano,equipe_casa,equipe_visitante,Pts_casa,3P_casa,2P_casa,LL_casa,RT_casa,RO_casa,RD_casa,AS_casa,ER_casa,IA%_casa,3PC_casa,3PT_casa,3P%_casa,2PC_casa,2PT_casa,2P%_casa,LLC_casa,LLT_casa,LL%_casa,EN_casa,BR_casa,B/E_casa,TO_casa,FC_casa,T/FC_casa,ET_casa,VI_casa,EF_casa,Pts_visitante,3P_visitante,2P_visitante,LL_visitante,RT_visitante,RO_visitante,RD_visitante,AS_visitante,ER_visitante,IA%_visitante,3PC_visitante,3PT_visitante,3P%_visitante,2PC_visitante,2PT_visitante,2P%_visitante,LLC_visitante,LLT_visitante,LL%_visitante,EN_visitante,BR_visitante,B/E_visitante,TO_visitante,FC_visitante,T/FC_visitante,ET_visitante,VI_visitante,EF_visitante
102,82,2024-03-07,7,2,2023-2024,Corinthians,Fortaleza B. C. / CFO,79.82603260869566,28.27173913043478,37.83695652173913,13.717500000000003,37.57603260869565,10.581358695652176,26.994510869565215,17.04320652173913,13.418423913043478,1.359347826086957,9.423967391304348,27.271576086956518,34.606086956521715,18.918478260869566,36.54896739130435,51.95663043478258,13.717500000000003,18.28798913043478,75.27875000000003,2.0055434782608694,6.315163043478261,0.4968478260869567,2.3803804347826087,20.125108695652173,0.12163043478260871,13.418423913043478,2.2988043478260876,89.6358152173913,76.67438040345823,27.319884726224785,39.47550432276657,13.276685878962537,36.380317002881846,10.36319884726225,26.017463976945248,13.818472622478387,13.083458213256481,1.1474927953890492,7.974092219020173,24.82994236311239,32.32187319884725,19.737752161383284,39.210345821325646,50.424899135446694,13.276685878962537,19.129740634005763,69.34933717579246,1.4149855907780977,7.991354466858789,0.6645533141210372,2.36005763688761,20.371671469740633,0.11939481268011527,13.083458213256481,2.6599423631123917,82.52443804034583
