placar_casa,placar_visitante,data,round,stage,ano,equipe_casa,equipe_visitante,Pts_casa,3P_casa,2P_casa,LL_casa,RT_casa,RO_casa,RD_casa,AS_casa,ER_casa,IA%_casa,3PC_casa,3PT_casa,3P%_casa,2PC_casa,2PT_casa,2P%_casa,LLC_casa,LLT_casa,LL%_casa,EN_casa,BR_casa,B/E_casa,TO_casa,FC_casa,T/FC_casa,ET_casa,VI_casa,EF_casa,Pts_visitante,3P_visitante,2P_visitante,LL_visitante,RT_visitante,RO_visitante,RD_visitante,AS_visitante,ER_visitante,IA%_visitante,3PC_visitante,3PT_visitante,3P%_visitante,2PC_visitante,2PT_visitante,2P%_visitante,LLC_visitante,LLT_visitante,LL%_visitante,EN_visitante,BR_visitante,B/E_visitante,TO_visitante,FC_visitante,T/FC_visitante,ET_visitante,VI_visitante,EF_visitante
86,65,2022-04-06,10,2,2021-2022,Mogi,Caxias do Sul Basquete,80.60466666666669,29.214285714285715,39.292095238095236,15.793619047619046,36.884095238095234,11.063492063492063,25.820698412698412,16.758793650793653,14.115777777777776,1.2908888888888888,8.506349206349206,24.366698412698412,35.11539682539684,19.646,38.376222222222225,51.43622222222212,15.793619047619046,21.12546031746032,74.63787301587294,1.52679365079365,8.090412698412697,0.6217777777777772,2.054063492063492,21.020507936507933,0.10158730158730156,14.115777777777776,2.63342857142857,91.1984126984127,72.89175,23.225,35.716833333333334,13.950166666666666,33.69991666666667,9.058416666666664,24.641499999999997,14.916833333333331,13.975000000000003,1.1214999999999997,7.7417500000000015,23.758249999999997,32.612833333333334,17.858166666666662,36.39183333333334,49.147583333333344,13.950166666666666,19.766666666666666,70.50633333333332,1.2581666666666667,7.825166666666664,0.573,1.7415833333333335,21.76641666666666,0.08441666666666671,13.975000000000003,3.025083333333334,76.73333333333333
