placar_casa,placar_visitante,data,round,stage,ano,equipe_casa,equipe_visitante,Pts_casa,3P_casa,2P_casa,LL_casa,RT_casa,RO_casa,RD_casa,AS_casa,ER_casa,IA%_casa,3PC_casa,3PT_casa,3P%_casa,2PC_casa,2PT_casa,2P%_casa,LLC_casa,LLT_casa,LL%_casa,EN_casa,BR_casa,B/E_casa,TO_casa,FC_casa,T/FC_casa,ET_casa,VI_casa,EF_casa,Pts_visitante,3P_visitante,2P_visitante,LL_visitante,RT_visitante,RO_visitante,RD_visitante,AS_visitante,ER_visitante,IA%_visitante,3PC_visitante,3PT_visitante,3P%_visitante,2PC_visitante,2PT_visitante,2P%_visitante,LLC_visitante,LLT_visitante,LL%_visitante,EN_visitante,BR_visitante,B/E_visitante,TO_visitante,FC_visitante,T/FC_visitante,ET_visitante,VI_visitante,EF_visitante
85,77,2018-12-04,8,1,2018-2019,Minas,Botafogo,78.18326693227091,25.900398406374503,41.87254980079681,15.298764940239042,33.159402390438245,9.705139442231074,23.45414342629482,15.609561752988048,14.330677290836654,1.1736653386454188,7.004023904382471,20.649402390438247,34.00055776892431,20.93621513944223,39.88051792828686,52.609362549800785,15.298764940239042,20.760916334661353,73.60071713147406,1.4223505976095618,7.924342629482073,0.593665338645418,2.4262948207171315,21.422310756972113,0.11900398406374517,14.330677290836654,2.6533466135458172,86.00800796812747,75.4,23.7,40.4,11.3,35.8,10.0,25.8,17.8,14.7,1.309,7.9,21.4,36.492000000000004,20.2,39.4,51.375,11.3,15.9,70.298,2.3,7.9,0.536,2.1,23.2,0.094,14.7,2.8,86.8
