placar_casa,placar_visitante,data,round,stage,ano,equipe_casa,equipe_visitante,Pts_casa,3P_casa,2P_casa,LL_casa,RT_casa,RO_casa,RD_casa,AS_casa,ER_casa,IA%_casa,3PC_casa,3PT_casa,3P%_casa,2PC_casa,2PT_casa,2P%_casa,LLC_casa,LLT_casa,LL%_casa,EN_casa,BR_casa,B/E_casa,TO_casa,FC_casa,T/FC_casa,ET_casa,VI_casa,EF_casa,Pts_visitante,3P_visitante,2P_visitante,LL_visitante,RT_visitante,RO_visitante,RD_visitante,AS_visitante,ER_visitante,IA%_visitante,3PC_visitante,3PT_visitante,3P%_visitante,2PC_visitante,2PT_visitante,2P%_visitante,LLC_visitante,LLT_visitante,LL%_visitante,EN_visitante,BR_visitante,B/E_visitante,TO_visitante,FC_visitante,T/FC_visitante,ET_visitante,VI_visitante,EF_visitante
107,104,2015-12-15,11,1,2015-2016,Brasília,Macaé Basquete,86.71428571428571,31.4,42.55238095238095,16.79047619047619,33.98571428571429,8.985714285714286,25.0,16.423809523809524,13.280952380952382,1.3971904761904765,9.123809523809523,24.923809523809524,36.56866666666667,21.276190476190475,37.58095238095238,56.8959047619048,16.79047619047619,21.252380952380953,78.97447619047618,1.7285714285714286,7.671428571428572,0.6498095238095236,3.223809523809524,21.576190476190476,0.16004761904761902,13.280952380952382,1.8523809523809525,99.84285714285714,79.4125,24.6,37.3,17.5125,31.5625,8.425,23.1375,13.6875,13.5125,1.2003749999999997,8.2,21.975,37.31875,18.65,36.175,51.83950000000001,17.5125,21.825,80.48937499999997,1.2375,8.9,0.771625,1.4375,22.3125,0.06637500000000002,13.5125,3.15,85.875
