placar_casa,placar_visitante,data,round,stage,ano,equipe_casa,equipe_visitante,Pts_casa,3P_casa,2P_casa,LL_casa,RT_casa,RO_casa,RD_casa,AS_casa,ER_casa,IA%_casa,3PC_casa,3PT_casa,3P%_casa,2PC_casa,2PT_casa,2P%_casa,LLC_casa,LLT_casa,LL%_casa,EN_casa,BR_casa,B/E_casa,TO_casa,FC_casa,T/FC_casa,ET_casa,VI_casa,EF_casa,Pts_visitante,3P_visitante,2P_visitante,LL_visitante,RT_visitante,RO_visitante,RD_visitante,AS_visitante,ER_visitante,IA%_visitante,3PC_visitante,3PT_visitante,3P%_visitante,2PC_visitante,2PT_visitante,2P%_visitante,LLC_visitante,LLT_visitante,LL%_visitante,EN_visitante,BR_visitante,B/E_visitante,TO_visitante,FC_visitante,T/FC_visitante,ET_visitante,VI_visitante,EF_visitante
96,66,2024-02-16,5,2,2023-2024,UNIFACISA,Botafogo,80.62726708074534,29.925465838509318,38.04968944099379,12.652484472049691,36.68310559006211,10.179937888198756,26.503354037267087,16.37888198757764,12.882049689440995,1.3368944099378886,9.974968944099377,28.372795031055905,34.97242236024844,19.024844720496894,36.484409937888195,52.2888198757764,12.652484472049691,16.882173913043477,74.4128571428571,1.260807453416149,7.204968944099379,0.5889440993788818,1.8200621118012423,19.73298136645963,0.0950310559006211,12.882049689440995,2.291925465838509,89.73298136645963,76.81483146067416,27.117977528089888,36.11247191011236,13.584044943820224,34.40438202247191,10.45494382022472,23.94943820224719,16.578426966292135,13.76393258426966,1.2806741573033715,9.039325842696629,26.48853932584269,34.294719101123604,18.056067415730336,35.78640449438202,50.60685393258427,13.584044943820224,18.28651685393258,74.6957303370787,1.0450561797752809,6.516629213483148,0.5000000000000001,1.983258426966292,22.331460674157302,0.09112359550561797,13.76393258426966,2.8597752808988757,82.55044943820225
