placar_casa,placar_visitante,data,round,stage,ano,equipe_casa,equipe_visitante,Pts_casa,3P_casa,2P_casa,LL_casa,RT_casa,RO_casa,RD_casa,AS_casa,ER_casa,IA%_casa,3PC_casa,3PT_casa,3P%_casa,2PC_casa,2PT_casa,2P%_casa,LLC_casa,LLT_casa,LL%_casa,EN_casa,BR_casa,B/E_casa,TO_casa,FC_casa,T/FC_casa,ET_casa,VI_casa,EF_casa,Pts_visitante,3P_visitante,2P_visitante,LL_visitante,RT_visitante,RO_visitante,RD_visitante,AS_visitante,ER_visitante,IA%_visitante,3PC_visitante,3PT_visitante,3P%_visitante,2PC_visitante,2PT_visitante,2P%_visitante,LLC_visitante,LLT_visitante,LL%_visitante,EN_visitante,BR_visitante,B/E_visitante,TO_visitante,FC_visitante,T/FC_visitante,ET_visitante,VI_visitante,EF_visitante
91,77,2012-12-15,8,1,2012-2013,Pinheiros,Minas,86.5,27.627906976744185,42.02325581395349,18.0,30.96511627906977,8.593023255813954,22.372093023255815,15.255813953488373,13.279069767441861,1.2279069767441861,8.825581395348838,23.406976744186046,37.9743023255814,21.011627906976745,37.94186046511628,55.391511627906965,18.0,24.093023255813954,74.58930232558141,2.558139534883721,7.523255813953488,0.5998837209302325,2.4186046511627906,19.74418604651163,0.12860465116279068,13.279069767441861,1.8953488372093024,94.5813953488372,84.37349397590361,25.228915662650603,45.83132530120482,16.16867469879518,32.04819277108434,9.481927710843374,22.566265060240966,16.542168674698797,14.144578313253012,1.25289156626506,7.457831325301205,20.53012048192771,36.348313253012066,22.91566265060241,41.2289156626506,55.754337349397574,16.16867469879518,21.433734939759034,75.4967469879518,1.0843373493975903,6.891566265060241,0.5180722891566265,2.674698795180723,20.120481927710845,0.14060240963855425,14.144578313253012,1.5662650602409638,93.18072289156626
