placar_casa,placar_visitante,data,round,stage,ano,equipe_casa,equipe_visitante,Pts_casa,3P_casa,2P_casa,LL_casa,RT_casa,RO_casa,RD_casa,AS_casa,ER_casa,IA%_casa,3PC_casa,3PT_casa,3P%_casa,2PC_casa,2PT_casa,2P%_casa,LLC_casa,LLT_casa,LL%_casa,EN_casa,BR_casa,B/E_casa,TO_casa,FC_casa,T/FC_casa,ET_casa,VI_casa,EF_casa,Pts_visitante,3P_visitante,2P_visitante,LL_visitante,RT_visitante,RO_visitante,RD_visitante,AS_visitante,ER_visitante,IA%_visitante,3PC_visitante,3PT_visitante,3P%_visitante,2PC_visitante,2PT_visitante,2P%_visitante,LLC_visitante,LLT_visitante,LL%_visitante,EN_visitante,BR_visitante,B/E_visitante,TO_visitante,FC_visitante,T/FC_visitante,ET_visitante,VI_visitante,EF_visitante
92,90,2010-01-20,9,1,2009-2010,Assis,Joinville,74.55882352941177,22.323529411764707,34.411764705882355,17.823529411764707,29.235294117647058,8.147058823529411,21.08823529411765,11.058823529411764,13.088235294117647,0.9729411764705884,7.4411764705882355,21.941176470588236,33.969117647058816,17.205882352941178,33.411764705882355,51.48941176470587,17.823529411764707,25.176470588235293,71.19617647058824,1.5294117647058822,6.117647058823529,0.49676470588235294,3.176470588235294,20.235294117647058,0.16176470588235295,13.088235294117647,0.5294117647058824,73.0,83.0,29.926829268292682,38.390243902439025,14.682926829268293,33.58536585365854,9.951219512195122,23.634146341463413,16.048780487804876,13.707317073170731,1.2826829268292683,9.975609756097562,27.073170731707318,37.02292682926828,19.195121951219512,37.02439024390244,51.75975609756097,14.682926829268293,20.634146341463413,71.2658536585366,1.5853658536585367,8.634146341463415,0.6814634146341465,2.8536585365853657,19.902439024390244,0.1546341463414634,13.707317073170731,0.3170731707317073,89.53658536585365
