placar_casa,placar_visitante,data,round,stage,ano,equipe_casa,equipe_visitante,Pts_casa,3P_casa,2P_casa,LL_casa,RT_casa,RO_casa,RD_casa,AS_casa,ER_casa,IA%_casa,3PC_casa,3PT_casa,3P%_casa,2PC_casa,2PT_casa,2P%_casa,LLC_casa,LLT_casa,LL%_casa,EN_casa,BR_casa,B/E_casa,TO_casa,FC_casa,T/FC_casa,ET_casa,VI_casa,EF_casa,Pts_visitante,3P_visitante,2P_visitante,LL_visitante,RT_visitante,RO_visitante,RD_visitante,AS_visitante,ER_visitante,IA%_visitante,3PC_visitante,3PT_visitante,3P%_visitante,2PC_visitante,2PT_visitante,2P%_visitante,LLC_visitante,LLT_visitante,LL%_visitante,EN_visitante,BR_visitante,B/E_visitante,TO_visitante,FC_visitante,T/FC_visitante,ET_visitante,VI_visitante,EF_visitante
85,67,2012-02-23,7,2,2011-2012,Pinheiros,Espírito Santo,87.5,27.515625,42.15625,17.828125,30.859375,8.765625,22.09375,15.203125,13.015625,1.2307812500000002,9.171875,23.71875,38.905625,21.078125,38.109375,55.250468749999996,17.828125,23.5,75.64640625000001,2.734375,7.625,0.61625,2.453125,18.625,0.13734375,13.015625,1.4375,93.515625,72.08333333333333,20.5,36.733333333333334,14.85,29.566666666666666,9.066666666666666,20.5,10.716666666666667,14.366666666666667,0.8409999999999999,6.833333333333333,21.3,31.7205,18.366666666666667,36.583333333333336,50.63416666666667,14.85,22.566666666666666,66.43166666666666,1.3166666666666667,7.933333333333334,0.6010000000000001,1.9333333333333333,21.166666666666668,0.09350000000000001,14.366666666666667,2.1,67.46666666666667
