placar_casa,placar_visitante,data,round,stage,ano,equipe_casa,equipe_visitante,Pts_casa,3P_casa,2P_casa,LL_casa,RT_casa,RO_casa,RD_casa,AS_casa,ER_casa,IA%_casa,3PC_casa,3PT_casa,3P%_casa,2PC_casa,2PT_casa,2P%_casa,LLC_casa,LLT_casa,LL%_casa,EN_casa,BR_casa,B/E_casa,TO_casa,FC_casa,T/FC_casa,ET_casa,VI_casa,EF_casa,Pts_visitante,3P_visitante,2P_visitante,LL_visitante,RT_visitante,RO_visitante,RD_visitante,AS_visitante,ER_visitante,IA%_visitante,3PC_visitante,3PT_visitante,3P%_visitante,2PC_visitante,2PT_visitante,2P%_visitante,LLC_visitante,LLT_visitante,LL%_visitante,EN_visitante,BR_visitante,B/E_visitante,TO_visitante,FC_visitante,T/FC_visitante,ET_visitante,VI_visitante,EF_visitante
83,75,2014-11-16,4,1,2014-2015,Mogi,Pinheiros,78.01234567901234,35.666666666666664,38.81481481481482,17.901234567901234,34.81481481481482,11.074074074074074,23.74074074074074,13.617283950617283,14.555555555555555,1.0319753086419756,7.098765432098766,19.77777777777778,35.79469135802469,19.40740740740741,40.46913580246913,48.045061728395055,17.901234567901234,24.037037037037038,73.99864197530863,0.9629629629629629,8.061728395061728,0.5912345679012345,1.4320987654320987,22.098765432098766,0.06950617283950618,14.555555555555555,3.0246913580246915,84.90123456790124,85.32317073170732,32.6890243902439,40.390243902439025,16.341463414634145,30.774390243902438,8.158536585365853,22.615853658536587,15.731707317073171,12.932926829268293,1.3125609756097565,9.53048780487805,24.835365853658537,38.55908536585365,20.195121951219512,36.13414634146341,56.19408536585367,16.341463414634145,21.823170731707318,74.6412195121951,2.298780487804878,7.719512195121951,0.6317682926829268,2.5609756097560976,19.53048780487805,0.13780487804878044,12.932926829268293,2.0060975609756095,94.83536585365853
