placar_casa,placar_visitante,data,round,stage,ano,equipe_casa,equipe_visitante,Pts_casa,3P_casa,2P_casa,LL_casa,RT_casa,RO_casa,RD_casa,AS_casa,ER_casa,IA%_casa,3PC_casa,3PT_casa,3P%_casa,2PC_casa,2PT_casa,2P%_casa,LLC_casa,LLT_casa,LL%_casa,EN_casa,BR_casa,B/E_casa,TO_casa,FC_casa,T/FC_casa,ET_casa,VI_casa,EF_casa,Pts_visitante,3P_visitante,2P_visitante,LL_visitante,RT_visitante,RO_visitante,RD_visitante,AS_visitante,ER_visitante,IA%_visitante,3PC_visitante,3PT_visitante,3P%_visitante,2PC_visitante,2PT_visitante,2P%_visitante,LLC_visitante,LLT_visitante,LL%_visitante,EN_visitante,BR_visitante,B/E_visitante,TO_visitante,FC_visitante,T/FC_visitante,ET_visitante,VI_visitante,EF_visitante
78,81,2009-05-08,14,2,2008-2009,Araraquara,Minas,74.76923076923077,25.03846153846154,35.38461538461539,14.346153846153847,28.26923076923077,6.846153846153846,21.423076923076923,15.153846153846153,16.346153846153847,1.006923076923077,8.346153846153847,24.807692307692307,33.784615384615385,17.692307692307693,33.88461538461539,52.56307692307693,14.346153846153847,20.115384615384617,70.1373076923077,2.1153846153846154,8.0,0.5180769230769232,3.769230769230769,22.0,0.18615384615384614,16.346153846153847,0.0,75.1923076923077,87.1923076923077,23.076923076923077,48.0,16.115384615384617,35.23076923076923,10.076923076923077,25.153846153846153,17.307692307692307,15.384615384615385,1.1634615384615385,7.6923076923076925,20.615384615384617,37.473461538461535,24.0,41.11538461538461,58.69923076923075,16.115384615384617,22.615384615384617,71.64923076923075,1.3461538461538463,7.153846153846154,0.47307692307692323,3.3076923076923075,18.423076923076923,0.18807692307692306,15.384615384615385,0.0,98.26923076923077
