placar_casa,placar_visitante,data,round,stage,ano,equipe_casa,equipe_visitante,Pts_casa,3P_casa,2P_casa,LL_casa,RT_casa,RO_casa,RD_casa,AS_casa,ER_casa,IA%_casa,3PC_casa,3PT_casa,3P%_casa,2PC_casa,2PT_casa,2P%_casa,LLC_casa,LLT_casa,LL%_casa,EN_casa,BR_casa,B/E_casa,TO_casa,FC_casa,T/FC_casa,ET_casa,VI_casa,EF_casa,Pts_visitante,3P_visitante,2P_visitante,LL_visitante,RT_visitante,RO_visitante,RD_visitante,AS_visitante,ER_visitante,IA%_visitante,3PC_visitante,3PT_visitante,3P%_visitante,2PC_visitante,2PT_visitante,2P%_visitante,LLC_visitante,LLT_visitante,LL%_visitante,EN_visitante,BR_visitante,B/E_visitante,TO_visitante,FC_visitante,T/FC_visitante,ET_visitante,VI_visitante,EF_visitante
95,90,2010-03-12,7,2,2009-2010,Paulistano,Coop/São José Basketball,76.68181818181819,21.272727272727273,40.22727272727273,15.181818181818182,30.636363636363637,10.363636363636363,20.272727272727273,13.477272727272727,15.590909090909092,0.9579545454545454,7.090909090909091,22.818181818181817,31.581136363636368,20.113636363636363,39.0,51.62590909090908,15.181818181818182,21.84090909090909,69.4275,1.0454545454545454,7.7272727272727275,0.5431818181818184,2.659090909090909,22.34090909090909,0.12249999999999997,15.590909090909092,0.8636363636363636,74.31818181818181,77.25581395348837,25.46511627906977,37.58139534883721,14.209302325581396,30.6046511627907,9.976744186046512,20.627906976744185,14.534883720930232,14.279069767441861,1.085116279069768,8.488372093023257,25.511627906976745,33.15534883720931,18.790697674418606,35.76744186046512,53.24744186046512,14.209302325581396,20.3953488372093,69.89116279069766,0.9767441860465116,7.023255813953488,0.5209302325581395,1.813953488372093,21.162790697674417,0.08883720930232557,14.279069767441861,0.4418604651162791,76.76744186046511
