placar_casa,placar_visitante,data,round,stage,ano,equipe_casa,equipe_visitante,Pts_casa,3P_casa,2P_casa,LL_casa,RT_casa,RO_casa,RD_casa,AS_casa,ER_casa,IA%_casa,3PC_casa,3PT_casa,3P%_casa,2PC_casa,2PT_casa,2P%_casa,LLC_casa,LLT_casa,LL%_casa,EN_casa,BR_casa,B/E_casa,TO_casa,FC_casa,T/FC_casa,ET_casa,VI_casa,EF_casa,Pts_visitante,3P_visitante,2P_visitante,LL_visitante,RT_visitante,RO_visitante,RD_visitante,AS_visitante,ER_visitante,IA%_visitante,3PC_visitante,3PT_visitante,3P%_visitante,2PC_visitante,2PT_visitante,2P%_visitante,LLC_visitante,LLT_visitante,LL%_visitante,EN_visitante,BR_visitante,B/E_visitante,TO_visitante,FC_visitante,T/FC_visitante,ET_visitante,VI_visitante,EF_visitante
94,93,2014-02-27,10,2,2013-2014,Minas,Mogi,80.64492753623189,29.717391304347824,43.79710144927536,16.02173913043478,31.195652173913043,9.130434782608695,22.065217391304348,15.340579710144928,13.855072463768115,1.1978260869565218,6.942028985507246,19.58695652173913,35.11847826086958,21.89855072463768,40.72463768115942,53.94239130434783,16.02173913043478,21.181159420289855,75.88768115942028,1.1014492753623188,7.340579710144928,0.570144927536232,2.5652173913043477,20.782608695652176,0.13007246376811601,13.855072463768115,1.9565217391304348,88.59420289855072,76.8135593220339,39.355932203389834,39.016949152542374,18.16949152542373,33.983050847457626,10.64406779661017,23.338983050847457,13.067796610169491,14.559322033898304,1.0140677966101694,6.5423728813559325,19.11864406779661,34.623050847457634,19.508474576271187,40.932203389830505,47.91288135593219,18.16949152542373,24.593220338983052,73.4035593220339,0.6779661016949152,7.745762711864407,0.5745762711864407,1.2881355932203389,22.152542372881356,0.06220338983050846,14.559322033898304,2.76271186440678,82.57627118644068
