placar_casa,placar_visitante,data,round,stage,ano,equipe_casa,equipe_visitante,Pts_casa,3P_casa,2P_casa,LL_casa,RT_casa,RO_casa,RD_casa,AS_casa,ER_casa,IA%_casa,3PC_casa,3PT_casa,3P%_casa,2PC_casa,2PT_casa,2P%_casa,LLC_casa,LLT_casa,LL%_casa,EN_casa,BR_casa,B/E_casa,TO_casa,FC_casa,T/FC_casa,ET_casa,VI_casa,EF_casa,Pts_visitante,3P_visitante,2P_visitante,LL_visitante,RT_visitante,RO_visitante,RD_visitante,AS_visitante,ER_visitante,IA%_visitante,3PC_visitante,3PT_visitante,3P%_visitante,2PC_visitante,2PT_visitante,2P%_visitante,LLC_visitante,LLT_visitante,LL%_visitante,EN_visitante,BR_visitante,B/E_visitante,TO_visitante,FC_visitante,T/FC_visitante,ET_visitante,VI_visitante,EF_visitante
100,78,2023-05-07,4,4,2022-2023,Sesi Franca,UNIFACISA,82.59328089887639,29.17752808988764,41.146044943820236,15.795415730337076,34.386584269662926,9.213550561797755,25.17303370786517,16.182022471910113,13.177550561797753,1.3498202247191018,8.550471910112357,23.56406741573034,36.03817977528089,20.573056179775282,38.19773033707866,54.26876404494381,15.795415730337076,20.955101123595508,75.41604494382022,1.9752359550561804,7.694426966292136,0.6256629213483149,2.5280674157303364,19.95732584269663,0.13339325842696634,13.177550561797753,2.1168539325842697,93.24714606741576,80.31328358208955,29.66417910447761,38.35820895522388,12.291343283582089,36.798283582089546,10.216119402985072,26.582388059701497,16.216492537313435,12.843283582089553,1.3373134328358212,9.887910447761193,27.903134328358213,35.287537313432836,19.17910447761194,37.24626865671642,51.59216417910449,12.291343283582089,16.470298507462683,74.2377611940298,1.3357462686567165,7.097089552238807,0.5878358208955222,1.7688805970149255,20.052388059701496,0.09022388059701492,12.843283582089553,2.261268656716418,89.07477611940298
