placar_casa,placar_visitante,data,round,stage,ano,equipe_casa,equipe_visitante,Pts_casa,3P_casa,2P_casa,LL_casa,RT_casa,RO_casa,RD_casa,AS_casa,ER_casa,IA%_casa,3PC_casa,3PT_casa,3P%_casa,2PC_casa,2PT_casa,2P%_casa,LLC_casa,LLT_casa,LL%_casa,EN_casa,BR_casa,B/E_casa,TO_casa,FC_casa,T/FC_casa,ET_casa,VI_casa,EF_casa,Pts_visitante,3P_visitante,2P_visitante,LL_visitante,RT_visitante,RO_visitante,RD_visitante,AS_visitante,ER_visitante,IA%_visitante,3PC_visitante,3PT_visitante,3P%_visitante,2PC_visitante,2PT_visitante,2P%_visitante,LLC_visitante,LLT_visitante,LL%_visitante,EN_visitante,BR_visitante,B/E_visitante,TO_visitante,FC_visitante,T/FC_visitante,ET_visitante,VI_visitante,EF_visitante
81,73,2019-01-14,2,2,2018-2019,Pinheiros,Flamengo,83.92391003460206,28.941176470588236,40.84432525951557,16.463667820069205,33.33906574394464,9.339134948096886,24.000034602076127,15.570899653979238,13.23871972318339,1.2649826989619375,8.871937716262975,23.986193771626297,37.0218685121107,20.4221107266436,38.186851211072664,53.927128027681675,16.463667820069205,21.937681660899653,75.00204152249127,2.027681660899654,8.173010380622838,0.6528373702422143,2.5951211072664364,20.134982698961938,0.13477508650519018,13.23871972318339,2.339100346020761,93.3598615916955,87.77145695364241,31.589403973509935,43.622450331125826,16.79139072847682,35.198609271523175,9.493443708609274,25.7053642384106,17.049668874172184,12.364238410596027,1.5235761589403969,9.119205298013245,24.28811258278146,37.733907284768215,21.81132450331126,38.81122516556292,56.40629139072848,16.79139072847682,22.019867549668874,76.16519867549668,1.7317880794701987,8.384072847682118,0.7426490066225165,1.8808609271523171,19.665596026490068,0.09917218543046354,12.364238410596027,1.857549668874173,101.7251655629139
