placar_casa,placar_visitante,data,round,stage,ano,equipe_casa,equipe_visitante,Pts_casa,3P_casa,2P_casa,LL_casa,RT_casa,RO_casa,RD_casa,AS_casa,ER_casa,IA%_casa,3PC_casa,3PT_casa,3P%_casa,2PC_casa,2PT_casa,2P%_casa,LLC_casa,LLT_casa,LL%_casa,EN_casa,BR_casa,B/E_casa,TO_casa,FC_casa,T/FC_casa,ET_casa,VI_casa,EF_casa,Pts_visitante,3P_visitante,2P_visitante,LL_visitante,RT_visitante,RO_visitante,RD_visitante,AS_visitante,ER_visitante,IA%_visitante,3PC_visitante,3PT_visitante,3P%_visitante,2PC_visitante,2PT_visitante,2P%_visitante,LLC_visitante,LLT_visitante,LL%_visitante,EN_visitante,BR_visitante,B/E_visitante,TO_visitante,FC_visitante,T/FC_visitante,ET_visitante,VI_visitante,EF_visitante
79,69,2015-01-23,2,2,2014-2015,Palmeiras,Limeira,78.49425287356321,33.37931034482759,41.28735632183908,14.793103448275861,33.5632183908046,10.494252873563218,23.06896551724138,13.781609195402298,13.471264367816092,1.1509195402298855,7.471264367816092,21.7816091954023,34.56804597701149,20.64367816091954,41.18390804597701,50.42655172413795,14.793103448275861,21.183908045977013,69.24505747126436,2.160919540229885,9.195402298850574,0.7532183908045975,1.8275862068965518,20.482758620689655,0.09114942528735631,13.471264367816092,3.0114942528735633,85.49425287356321,81.72789115646259,32.44897959183673,39.3469387755102,15.095238095238095,29.38095238095238,7.73469387755102,21.64625850340136,15.73469387755102,12.272108843537415,1.4212925170068025,9.095238095238095,23.170068027210885,39.62040816326529,19.6734693877551,36.91836734693877,53.34952380952384,15.095238095238095,19.58503401360544,76.97265306122452,1.6258503401360545,7.918367346938775,0.7147619047619045,2.360544217687075,21.360544217687075,0.11503401360544217,12.272108843537415,1.8911564625850341,91.1156462585034
