placar_casa,placar_visitante,data,round,stage,ano,equipe_casa,equipe_visitante,Pts_casa,3P_casa,2P_casa,LL_casa,RT_casa,RO_casa,RD_casa,AS_casa,ER_casa,IA%_casa,3PC_casa,3PT_casa,3P%_casa,2PC_casa,2PT_casa,2P%_casa,LLC_casa,LLT_casa,LL%_casa,EN_casa,BR_casa,B/E_casa,TO_casa,FC_casa,T/FC_casa,ET_casa,VI_casa,EF_casa,Pts_visitante,3P_visitante,2P_visitante,LL_visitante,RT_visitante,RO_visitante,RD_visitante,AS_visitante,ER_visitante,IA%_visitante,3PC_visitante,3PT_visitante,3P%_visitante,2PC_visitante,2PT_visitante,2P%_visitante,LLC_visitante,LLT_visitante,LL%_visitante,EN_visitante,BR_visitante,B/E_visitante,TO_visitante,FC_visitante,T/FC_visitante,ET_visitante,VI_visitante,EF_visitante
85,73,2018-10-29,3,1,2018-2019,Minas,Joinville / AABJ,78.11475409836065,25.807377049180328,42.00819672131148,15.327868852459016,33.0655737704918,9.721311475409836,23.34426229508197,15.586065573770492,14.39344262295082,1.168770491803279,6.926229508196721,20.50409836065574,33.90643442622951,21.00409836065574,39.954918032786885,52.68381147540983,15.327868852459016,20.766393442622952,73.72983606557374,1.4057377049180328,7.950819672131147,0.5936065573770488,2.4344262295081966,21.483606557377048,0.11922131147540999,14.39344262295082,2.7008196721311477,85.9139344262295,70.25,29.25,27.4975,13.5025,39.25,11.7525,27.4975,15.5,17.0025,0.915,9.7475,27.25,35.845,13.7525,30.5025,45.74,13.5025,20.2475,67.11,1.4975,6.7524999999999995,0.4025,1.2525,16.75,0.0675,17.0025,3.4975,74.75
