placar_casa,placar_visitante,data,round,stage,ano,equipe_casa,equipe_visitante,Pts_casa,3P_casa,2P_casa,LL_casa,RT_casa,RO_casa,RD_casa,AS_casa,ER_casa,IA%_casa,3PC_casa,3PT_casa,3P%_casa,2PC_casa,2PT_casa,2P%_casa,LLC_casa,LLT_casa,LL%_casa,EN_casa,BR_casa,B/E_casa,TO_casa,FC_casa,T/FC_casa,ET_casa,VI_casa,EF_casa,Pts_visitante,3P_visitante,2P_visitante,LL_visitante,RT_visitante,RO_visitante,RD_visitante,AS_visitante,ER_visitante,IA%_visitante,3PC_visitante,3PT_visitante,3P%_visitante,2PC_visitante,2PT_visitante,2P%_visitante,LLC_visitante,LLT_visitante,LL%_visitante,EN_visitante,BR_visitante,B/E_visitante,TO_visitante,FC_visitante,T/FC_visitante,ET_visitante,VI_visitante,EF_visitante
89,90,2019-10-22,2,1,2019-2020,Rio Claro,Minas,76.98529411764706,23.38235294117647,39.470588235294116,14.132352941176471,32.38235294117647,8.661764705882353,23.720588235294116,16.323529411764707,14.911764705882353,1.1857352941176469,7.794117647058823,22.558823529411764,34.194411764705876,19.735294117647058,37.26470588235294,52.78838235294118,14.132352941176471,18.926470588235293,74.16926470588237,1.8529411764705883,10.220588235294118,0.7236764705882353,1.838235294117647,21.323529411764707,0.08897058823529412,14.911764705882353,3.323529411764706,85.75,78.11725274725273,25.912087912087912,41.51652014652015,15.183150183150182,33.47992673992674,9.86076923076923,23.61904761904762,15.703260073260072,14.36992673992674,1.1747252747252757,7.139267399267401,21.10989010989011,33.9225641025641,20.758205128205127,39.637362637362635,52.47743589743589,15.183150183150182,20.673992673992675,73.17318681318673,1.4432600732600733,7.923113553113554,0.5905128205128201,2.41025641025641,21.39930402930403,0.11820512820512835,14.36992673992674,2.6372893772893784,85.90846153846152
