placar_casa,placar_visitante,data,round,stage,ano,equipe_casa,equipe_visitante,Pts_casa,3P_casa,2P_casa,LL_casa,RT_casa,RO_casa,RD_casa,AS_casa,ER_casa,IA%_casa,3PC_casa,3PT_casa,3P%_casa,2PC_casa,2PT_casa,2P%_casa,LLC_casa,LLT_casa,LL%_casa,EN_casa,BR_casa,B/E_casa,TO_casa,FC_casa,T/FC_casa,ET_casa,VI_casa,EF_casa,Pts_visitante,3P_visitante,2P_visitante,LL_visitante,RT_visitante,RO_visitante,RD_visitante,AS_visitante,ER_visitante,IA%_visitante,3PC_visitante,3PT_visitante,3P%_visitante,2PC_visitante,2PT_visitante,2P%_visitante,LLC_visitante,LLT_visitante,LL%_visitante,EN_visitante,BR_visitante,B/E_visitante,TO_visitante,FC_visitante,T/FC_visitante,ET_visitante,VI_visitante,EF_visitante
88,101,2023-01-05,12,1,2022-2023,BRB/Brasília,Corinthians,76.49347222222224,26.645833333333332,36.13861111111112,13.708194444444445,38.999861111111116,10.722083333333334,28.27777777777778,15.277638888888893,15.104305555555555,1.0702777777777777,8.881805555555555,27.68722222222222,31.899027777777764,18.06972222222222,36.437916666666666,49.632083333333334,13.708194444444445,19.59,70.07861111111113,1.0415277777777776,5.617777777777778,0.38958333333333345,1.6524999999999999,19.062361111111116,0.08888888888888885,15.104305555555555,2.5069444444444446,79.88194444444444,79.8848201438849,28.68345323741007,37.460431654676256,13.741151079136692,37.45323741007194,10.71561151079137,26.737410071942442,16.99611510791367,13.550215827338128,1.3311510791366914,9.56115107913669,27.22280575539568,35.150647482014385,18.730215827338128,36.68359712230216,51.28705035971225,13.741151079136692,18.03956834532374,76.23827338129497,1.798705035971223,6.553884892086331,0.5076978417266191,2.2876978417266187,20.442589928057554,0.1153956834532374,13.550215827338128,2.2875539568345324,89.66179856115107
