placar_casa,placar_visitante,data,round,stage,ano,equipe_casa,equipe_visitante,Pts_casa,3P_casa,2P_casa,LL_casa,RT_casa,RO_casa,RD_casa,AS_casa,ER_casa,IA%_casa,3PC_casa,3PT_casa,3P%_casa,2PC_casa,2PT_casa,2P%_casa,LLC_casa,LLT_casa,LL%_casa,EN_casa,BR_casa,B/E_casa,TO_casa,FC_casa,T/FC_casa,ET_casa,VI_casa,EF_casa,Pts_visitante,3P_visitante,2P_visitante,LL_visitante,RT_visitante,RO_visitante,RD_visitante,AS_visitante,ER_visitante,IA%_visitante,3PC_visitante,3PT_visitante,3P%_visitante,2PC_visitante,2PT_visitante,2P%_visitante,LLC_visitante,LLT_visitante,LL%_visitante,EN_visitante,BR_visitante,B/E_visitante,TO_visitante,FC_visitante,T/FC_visitante,ET_visitante,VI_visitante,EF_visitante
96,89,2021-03-17,7,2,2020-2021,Sesi Franca,UNIFACISA,81.29242339832872,28.512534818941504,41.20612813370474,15.944233983286907,32.97919220055711,9.065487465181059,23.913704735376047,15.697743732590528,13.497270194986074,1.2804178272980486,8.047298050139274,22.296685236768802,35.84339832869082,20.60306406685237,38.72701949860724,53.5886629526462,15.944233983286907,21.24651810584958,74.91214484679665,1.8732033426183852,8.110083565459611,0.6467966573816161,2.5473537604456826,20.509777158774373,0.12994428969359334,13.497270194986074,2.1949582172701954,90.4929805013928,82.73566037735849,29.235849056603772,40.92471698113208,12.576226415094336,37.14113207547169,10.197169811320752,26.943962264150947,18.028301886792455,12.990566037735848,1.4603773584905664,9.744716981132074,27.443584905660376,35.56396226415094,20.462075471698114,38.67905660377358,52.97132075471699,12.576226415094336,16.71716981132075,74.39867924528302,1.490377358490566,7.179433962264153,0.5852830188679243,2.2741509433962266,20.339811320754716,0.11584905660377356,12.990566037735848,2.169811320754717,94.27377358490567
