placar_casa,placar_visitante,data,round,stage,ano,equipe_casa,equipe_visitante,Pts_casa,3P_casa,2P_casa,LL_casa,RT_casa,RO_casa,RD_casa,AS_casa,ER_casa,IA%_casa,3PC_casa,3PT_casa,3P%_casa,2PC_casa,2PT_casa,2P%_casa,LLC_casa,LLT_casa,LL%_casa,EN_casa,BR_casa,B/E_casa,TO_casa,FC_casa,T/FC_casa,ET_casa,VI_casa,EF_casa,Pts_visitante,3P_visitante,2P_visitante,LL_visitante,RT_visitante,RO_visitante,RD_visitante,AS_visitante,ER_visitante,IA%_visitante,3PC_visitante,3PT_visitante,3P%_visitante,2PC_visitante,2PT_visitante,2P%_visitante,LLC_visitante,LLT_visitante,LL%_visitante,EN_visitante,BR_visitante,B/E_visitante,TO_visitante,FC_visitante,T/FC_visitante,ET_visitante,VI_visitante,EF_visitante
78,77,2023-02-18,4,2,2022-2023,União Corinthians,Flamengo,76.1390566037736,29.433962264150942,34.893207547169816,11.811320754716979,36.7422641509434,10.371320754716985,26.371132075471703,16.17018867924528,12.811320754716979,1.3426415094339625,9.811132075471699,30.912641509433975,31.545283018867924,17.446415094339624,36.79867924528302,47.68150943396227,11.811320754716979,16.754905660377357,71.02886792452827,1.7230188679245282,7.912075471698114,0.6383018867924528,2.3330188679245283,20.691509433962267,0.11603773584905666,12.811320754716979,2.1443396226415095,81.08792452830188,87.17209713024288,32.958057395143484,41.21847682119206,15.816754966887416,37.328123620309064,10.325187637969094,27.002980132450332,17.909514348785873,12.306843267108167,1.5952980132450343,10.045629139072847,27.22514348785872,37.10988962472406,20.609337748344373,36.86167770419427,56.08068432671083,15.816754966887416,20.941192052980135,75.36492273730676,1.5878587196468,7.830816777041944,0.689911699779249,1.9110596026490054,18.838101545253863,0.10633554083885212,12.306843267108167,1.91757174392936,102.08746136865348
