placar_casa,placar_visitante,data,round,stage,ano,equipe_casa,equipe_visitante,Pts_casa,3P_casa,2P_casa,LL_casa,RT_casa,RO_casa,RD_casa,AS_casa,ER_casa,IA%_casa,3PC_casa,3PT_casa,3P%_casa,2PC_casa,2PT_casa,2P%_casa,LLC_casa,LLT_casa,LL%_casa,EN_casa,BR_casa,B/E_casa,TO_casa,FC_casa,T/FC_casa,ET_casa,VI_casa,EF_casa,Pts_visitante,3P_visitante,2P_visitante,LL_visitante,RT_visitante,RO_visitante,RD_visitante,AS_visitante,ER_visitante,IA%_visitante,3PC_visitante,3PT_visitante,3P%_visitante,2PC_visitante,2PT_visitante,2P%_visitante,LLC_visitante,LLT_visitante,LL%_visitante,EN_visitante,BR_visitante,B/E_visitante,TO_visitante,FC_visitante,T/FC_visitante,ET_visitante,VI_visitante,EF_visitante
95,77,2023-04-19,1,3,2022-2023,UNIFACISA,Corinthians,80.00759689922481,29.58139534883721,38.201550387596896,12.225116279069766,36.96875968992248,10.325271317829454,26.64372093023256,16.263643410852715,13.023255813953488,1.3155813953488376,9.860310077519378,27.938139534883724,35.15953488372093,19.100775193798448,37.248062015503876,51.36891472868218,12.225116279069766,16.403255813953486,74.2085271317829,1.3255038759689923,7.170620155038761,0.5855038759689921,1.798682170542636,20.007906976744188,0.09186046511627906,13.023255813953488,2.3179069767441858,88.76759689922481,79.98711538461538,28.5,37.756410256410255,13.730897435897438,37.62814102564102,10.647243589743592,26.980705128205127,17.070192307692306,13.705064102564101,1.3280128205128212,9.500064102564105,27.20493589743589,34.9852564102564,18.878205128205128,36.62185897435898,51.7601282051282,13.730897435897438,18.192243589743587,75.71858974358976,2.0578205128205127,6.390961538461538,0.49301282051282086,2.410192307692308,20.442435897435896,0.1211538461538461,13.705064102564101,2.3780769230769234,89.82685897435897
