placar_casa,placar_visitante,data,round,stage,ano,equipe_casa,equipe_visitante,Pts_casa,3P_casa,2P_casa,LL_casa,RT_casa,RO_casa,RD_casa,AS_casa,ER_casa,IA%_casa,3PC_casa,3PT_casa,3P%_casa,2PC_casa,2PT_casa,2P%_casa,LLC_casa,LLT_casa,LL%_casa,EN_casa,BR_casa,B/E_casa,TO_casa,FC_casa,T/FC_casa,ET_casa,VI_casa,EF_casa,Pts_visitante,3P_visitante,2P_visitante,LL_visitante,RT_visitante,RO_visitante,RD_visitante,AS_visitante,ER_visitante,IA%_visitante,3PC_visitante,3PT_visitante,3P%_visitante,2PC_visitante,2PT_visitante,2P%_visitante,LLC_visitante,LLT_visitante,LL%_visitante,EN_visitante,BR_visitante,B/E_visitante,TO_visitante,FC_visitante,T/FC_visitante,ET_visitante,VI_visitante,EF_visitante
81,74,2016-12-01,7,1,2016-2017,Flamengo,L. Sorocabana,88.17760617760618,32.28185328185328,44.061776061776065,16.768339768339768,34.293436293436294,9.111969111969112,25.18146718146718,16.513513513513512,12.204633204633204,1.5106563706563707,9.115830115830116,23.81853281853282,38.39220077220076,22.030888030888033,38.9034749034749,56.81339768339767,16.768339768339768,22.00772200772201,76.09042471042468,1.7953667953667953,8.694980694980694,0.7806563706563707,1.8803088803088803,19.637065637065636,0.09938223938223939,12.204633204633204,1.7722007722007722,101.94594594594595,75.1907894736842,28.026315789473685,39.6578947368421,15.105263157894736,30.74342105263158,10.736842105263158,20.00657894736842,11.447368421052632,12.921052631578947,0.9527631578947366,6.809210526315789,21.19078947368421,31.93032894736842,19.82894736842105,39.94078947368421,49.8336184210526,15.105263157894736,20.25,74.15203947368423,1.4276315789473684,9.532894736842104,0.8009868421052634,1.6644736842105263,21.519736842105264,0.08177631578947368,12.921052631578947,2.9210526315789473,78.03947368421052
