placar_casa,placar_visitante,data,round,stage,ano,equipe_casa,equipe_visitante,Pts_casa,3P_casa,2P_casa,LL_casa,RT_casa,RO_casa,RD_casa,AS_casa,ER_casa,IA%_casa,3PC_casa,3PT_casa,3P%_casa,2PC_casa,2PT_casa,2P%_casa,LLC_casa,LLT_casa,LL%_casa,EN_casa,BR_casa,B/E_casa,TO_casa,FC_casa,T/FC_casa,ET_casa,VI_casa,EF_casa,Pts_visitante,3P_visitante,2P_visitante,LL_visitante,RT_visitante,RO_visitante,RD_visitante,AS_visitante,ER_visitante,IA%_visitante,3PC_visitante,3PT_visitante,3P%_visitante,2PC_visitante,2PT_visitante,2P%_visitante,LLC_visitante,LLT_visitante,LL%_visitante,EN_visitante,BR_visitante,B/E_visitante,TO_visitante,FC_visitante,T/FC_visitante,ET_visitante,VI_visitante,EF_visitante
84,76,2014-01-30,3,2,2013-2014,Flamengo,Palmeiras,89.36601307189542,35.431372549019606,44.87581699346405,17.41176470588235,33.07843137254902,8.627450980392156,24.45098039215686,15.300653594771243,12.22875816993464,1.404313725490196,9.026143790849673,23.352941176470587,38.86601307189542,22.437908496732025,39.333333333333336,57.299411764705866,17.41176470588235,23.0,75.90601307189542,1.8169934640522876,8.03921568627451,0.7183660130718954,1.7254901960784315,19.751633986928105,0.08901960784313728,12.22875816993464,1.65359477124183,100.84967320261438,78.38461538461539,40.5,40.84615384615385,15.384615384615385,32.17307692307692,10.23076923076923,21.942307692307693,12.75,12.923076923076923,1.1423076923076925,7.384615384615385,22.307692307692307,33.292307692307695,20.423076923076923,40.92307692307692,50.187884615384625,15.384615384615385,22.53846153846154,67.94307692307692,2.1346153846153846,8.25,0.7207692307692306,1.8846153846153846,21.23076923076923,0.08999999999999998,12.923076923076923,3.1538461538461537,83.53846153846153
