placar_casa,placar_visitante,data,round,stage,ano,equipe_casa,equipe_visitante,Pts_casa,3P_casa,2P_casa,LL_casa,RT_casa,RO_casa,RD_casa,AS_casa,ER_casa,IA%_casa,3PC_casa,3PT_casa,3P%_casa,2PC_casa,2PT_casa,2P%_casa,LLC_casa,LLT_casa,LL%_casa,EN_casa,BR_casa,B/E_casa,TO_casa,FC_casa,T/FC_casa,ET_casa,VI_casa,EF_casa,Pts_visitante,3P_visitante,2P_visitante,LL_visitante,RT_visitante,RO_visitante,RD_visitante,AS_visitante,ER_visitante,IA%_visitante,3PC_visitante,3PT_visitante,3P%_visitante,2PC_visitante,2PT_visitante,2P%_visitante,LLC_visitante,LLT_visitante,LL%_visitante,EN_visitante,BR_visitante,B/E_visitante,TO_visitante,FC_visitante,T/FC_visitante,ET_visitante,VI_visitante,EF_visitante
67,74,2023-02-14,4,2,2022-2023,Pinheiros,Paulistano,82.31741706161144,28.329383886255926,40.18009478672986,15.400426540284359,35.094857819905215,10.19436018957346,24.900497630331753,16.007061611374407,13.511824644549762,1.2633412322274884,8.912274881516586,24.767725118483412,36.12009478672987,20.09004739336493,38.61843601895735,52.3977725118484,15.400426540284359,20.86962085308057,73.57421800947864,1.8387914691943137,7.940734597156397,0.6188388625592414,2.4692417061611365,19.774976303317537,0.1301421800947865,13.511824644549762,2.327085308056871,91.37907582938392,79.86602870813397,29.38995215311005,39.02392344497608,14.466507177033494,36.325334928229665,11.485693779904308,24.839641148325356,14.990454545454545,13.296602870813397,1.2449043062200955,8.791866028708133,25.894784688995216,34.324688995215304,19.51196172248804,38.47612440191388,51.031674641148314,14.466507177033494,19.727224880382774,73.00287081339714,1.7560765550239226,7.631555023923444,0.6263397129186605,1.94023923444976,21.06700956937799,0.0960765550239234,13.296602870813397,2.425813397129187,87.11014354066981
