placar_casa,placar_visitante,data,round,stage,ano,equipe_casa,equipe_visitante,Pts_casa,3P_casa,2P_casa,LL_casa,RT_casa,RO_casa,RD_casa,AS_casa,ER_casa,IA%_casa,3PC_casa,3PT_casa,3P%_casa,2PC_casa,2PT_casa,2P%_casa,LLC_casa,LLT_casa,LL%_casa,EN_casa,BR_casa,B/E_casa,TO_casa,FC_casa,T/FC_casa,ET_casa,VI_casa,EF_casa,Pts_visitante,3P_visitante,2P_visitante,LL_visitante,RT_visitante,RO_visitante,RD_visitante,AS_visitante,ER_visitante,IA%_visitante,3PC_visitante,3PT_visitante,3P%_visitante,2PC_visitante,2PT_visitante,2P%_visitante,LLC_visitante,LLT_visitante,LL%_visitante,EN_visitante,BR_visitante,B/E_visitante,TO_visitante,FC_visitante,T/FC_visitante,ET_visitante,VI_visitante,EF_visitante
82,67,2022-11-05,4,1,2022-2023,Caxias do Sul Basquete,Cerrado,72.57372093023255,23.24418604651163,35.65906976744186,13.670697674418605,33.69372093023256,9.054341085271316,24.639379844961237,14.81798449612403,13.972868217054268,1.1153488372093021,7.748139534883722,24.02705426356589,32.31697674418605,17.82930232558139,36.27534883720931,49.1962015503876,13.670697674418605,19.4031007751938,70.27224806201548,1.185891472868217,7.763720930232556,0.5689147286821704,1.7596124031007752,21.503643410852707,0.08643410852713183,13.972868217054268,2.972945736434109,76.17829457364341,76.4779104477612,25.723880597014926,38.62641791044776,12.126716417910446,39.54462686567164,11.918059701492536,27.627462686567164,14.888208955223881,13.40313432835821,1.1749253731343288,8.574776119402985,27.881044776119406,30.99492537313432,19.31388059701493,39.31358208955224,49.33,12.126716417910446,17.276567164179106,70.42582089552239,1.8499999999999999,6.79865671641791,0.5207462686567161,2.641641791044776,18.560447761194034,0.1432835820895523,13.40313432835821,2.5068656716417905,82.49298507462687
