placar_casa,placar_visitante,data,round,stage,ano,equipe_casa,equipe_visitante,Pts_casa,3P_casa,2P_casa,LL_casa,RT_casa,RO_casa,RD_casa,AS_casa,ER_casa,IA%_casa,3PC_casa,3PT_casa,3P%_casa,2PC_casa,2PT_casa,2P%_casa,LLC_casa,LLT_casa,LL%_casa,EN_casa,BR_casa,B/E_casa,TO_casa,FC_casa,T/FC_casa,ET_casa,VI_casa,EF_casa,Pts_visitante,3P_visitante,2P_visitante,LL_visitante,RT_visitante,RO_visitante,RD_visitante,AS_visitante,ER_visitante,IA%_visitante,3PC_visitante,3PT_visitante,3P%_visitante,2PC_visitante,2PT_visitante,2P%_visitante,LLC_visitante,LLT_visitante,LL%_visitante,EN_visitante,BR_visitante,B/E_visitante,TO_visitante,FC_visitante,T/FC_visitante,ET_visitante,VI_visitante,EF_visitante
74,57,2021-01-28,1,2,2020-2021,Cerrado,VipTech CMB,74.625625,23.875,37.7075,13.041249999999998,37.060625,11.271249999999998,25.793125000000007,15.375625,13.39625,1.1737499999999998,7.958749999999999,23.855625000000007,33.504375,18.855,38.39625,49.032499999999985,13.041249999999998,18.917500000000004,68.74875,1.27,6.750625,0.5012499999999999,1.9587499999999998,20.356250000000006,0.09625000000000002,13.39625,2.206875,81.0625,75.63326530612247,27.306122448979593,34.42897959183674,13.89816326530612,37.18326530612244,11.754897959183676,25.428979591836736,15.204285714285712,13.551224489795919,1.2138775510204083,9.102244897959185,27.438571428571432,33.26387755102041,17.213877551020413,37.295918367346935,46.08918367346938,13.89816326530612,20.0,68.47999999999998,1.0406122448979591,6.989591836734694,0.5522448979591837,2.122448979591837,20.45959183673469,0.10673469387755097,13.551224489795919,2.714489795918367,79.06142857142858
