placar_casa,placar_visitante,data,round,stage,ano,equipe_casa,equipe_visitante,Pts_casa,3P_casa,2P_casa,LL_casa,RT_casa,RO_casa,RD_casa,AS_casa,ER_casa,IA%_casa,3PC_casa,3PT_casa,3P%_casa,2PC_casa,2PT_casa,2P%_casa,LLC_casa,LLT_casa,LL%_casa,EN_casa,BR_casa,B/E_casa,TO_casa,FC_casa,T/FC_casa,ET_casa,VI_casa,EF_casa,Pts_visitante,3P_visitante,2P_visitante,LL_visitante,RT_visitante,RO_visitante,RD_visitante,AS_visitante,ER_visitante,IA%_visitante,3PC_visitante,3PT_visitante,3P%_visitante,2PC_visitante,2PT_visitante,2P%_visitante,LLC_visitante,LLT_visitante,LL%_visitante,EN_visitante,BR_visitante,B/E_visitante,TO_visitante,FC_visitante,T/FC_visitante,ET_visitante,VI_visitante,EF_visitante
94,92,2023-02-06,3,2,2022-2023,Coop/São José Basketball,Pinheiros,80.0348888888889,28.21904761904762,40.311079365079365,14.904761904761905,33.58092063492064,9.479396825396826,24.10161904761905,17.231714285714286,13.838063492063492,1.349809523809524,8.27304761904762,24.022190476190474,34.56076190476191,20.155587301587303,37.71425396825397,53.62876190476191,14.904761904761905,19.660349206349206,75.18933333333331,0.9174920634920635,7.155587301587302,0.5463174603174603,2.1619365079365074,19.93336507936508,0.11619047619047622,13.838063492063492,2.136539682539682,89.21904761904761,82.29441805225659,28.32541567695962,40.156769596199524,15.408503562945366,35.07845605700713,10.180570071258908,24.897885985748218,15.992826603325415,13.51541567695962,1.261995249406176,8.909691211401425,24.7529216152019,36.12926365795726,20.078384798099762,38.612779097387175,52.377387173396734,15.408503562945366,20.878812351543942,73.58130641330163,1.8407838479809986,7.952470308788598,0.619714964370546,2.475106888361044,19.772066508313543,0.13045130641330144,13.51541567695962,2.3326128266033246,91.34672209026132
