placar_casa,placar_visitante,data,round,stage,ano,equipe_casa,equipe_visitante,Pts_casa,3P_casa,2P_casa,LL_casa,RT_casa,RO_casa,RD_casa,AS_casa,ER_casa,IA%_casa,3PC_casa,3PT_casa,3P%_casa,2PC_casa,2PT_casa,2P%_casa,LLC_casa,LLT_casa,LL%_casa,EN_casa,BR_casa,B/E_casa,TO_casa,FC_casa,T/FC_casa,ET_casa,VI_casa,EF_casa,Pts_visitante,3P_visitante,2P_visitante,LL_visitante,RT_visitante,RO_visitante,RD_visitante,AS_visitante,ER_visitante,IA%_visitante,3PC_visitante,3PT_visitante,3P%_visitante,2PC_visitante,2PT_visitante,2P%_visitante,LLC_visitante,LLT_visitante,LL%_visitante,EN_visitante,BR_visitante,B/E_visitante,TO_visitante,FC_visitante,T/FC_visitante,ET_visitante,VI_visitante,EF_visitante
92,89,2013-03-28,13,2,2012-2013,Pinheiros,Brasília,86.34234234234235,33.945945945945944,41.333333333333336,17.117117117117118,30.27027027027027,8.054054054054054,22.216216216216218,15.576576576576576,13.08108108108108,1.2690090090090091,9.297297297297296,24.207207207207208,38.638108108108106,20.666666666666668,36.891891891891895,56.13783783783782,17.117117117117118,22.9009009009009,74.4082882882883,2.3513513513513513,7.252252252252252,0.5855855855855855,2.3783783783783785,19.81081081081081,0.1255855855855856,13.08108108108108,1.927927927927928,95.34234234234235,87.90082644628099,32.20661157024794,44.28099173553719,18.40495867768595,33.239669421487605,8.958677685950413,24.28099173553719,16.041322314049587,13.834710743801653,1.3112396694214876,8.40495867768595,23.785123966942148,35.234049586776855,22.140495867768596,37.94214876033058,58.42842975206614,18.40495867768595,23.520661157024794,78.43479338842974,1.5950413223140496,7.619834710743802,0.6190909090909095,3.3057851239669422,22.00826446280992,0.1625619834710744,13.834710743801653,1.6611570247933884,100.87603305785125
