placar_casa,placar_visitante,data,round,stage,ano,equipe_casa,equipe_visitante,Pts_casa,3P_casa,2P_casa,LL_casa,RT_casa,RO_casa,RD_casa,AS_casa,ER_casa,IA%_casa,3PC_casa,3PT_casa,3P%_casa,2PC_casa,2PT_casa,2P%_casa,LLC_casa,LLT_casa,LL%_casa,EN_casa,BR_casa,B/E_casa,TO_casa,FC_casa,T/FC_casa,ET_casa,VI_casa,EF_casa,Pts_visitante,3P_visitante,2P_visitante,LL_visitante,RT_visitante,RO_visitante,RD_visitante,AS_visitante,ER_visitante,IA%_visitante,3PC_visitante,3PT_visitante,3P%_visitante,2PC_visitante,2PT_visitante,2P%_visitante,LLC_visitante,LLT_visitante,LL%_visitante,EN_visitante,BR_visitante,B/E_visitante,TO_visitante,FC_visitante,T/FC_visitante,ET_visitante,VI_visitante,EF_visitante
99,89,2012-03-06,3,2,2011-2012,Flamengo,Minas,91.36486486486487,29.91891891891892,44.4054054054054,17.04054054054054,32.37837837837838,7.864864864864865,24.513513513513512,16.283783783783782,12.64864864864865,1.4160810810810809,9.972972972972974,24.7972972972973,40.35202702702702,22.2027027027027,38.0,58.50108108108108,17.04054054054054,22.64864864864865,75.5158108108108,1.8918918918918919,8.64864864864865,0.7510810810810813,1.837837837837838,19.62162162162162,0.09621621621621619,12.64864864864865,1.027027027027027,101.83783783783784,85.06944444444444,22.708333333333332,46.416666666666664,15.944444444444445,32.791666666666664,9.61111111111111,23.180555555555557,17.194444444444443,14.541666666666666,1.2652777777777777,7.569444444444445,20.59722222222222,36.813055555555565,23.208333333333332,41.416666666666664,56.21666666666666,15.944444444444445,21.305555555555557,74.8523611111111,1.0972222222222223,6.805555555555555,0.48916666666666664,2.736111111111111,19.791666666666668,0.14569444444444446,14.541666666666666,1.4305555555555556,94.04166666666667
