placar_casa,placar_visitante,data,round,stage,ano,equipe_casa,equipe_visitante,Pts_casa,3P_casa,2P_casa,LL_casa,RT_casa,RO_casa,RD_casa,AS_casa,ER_casa,IA%_casa,3PC_casa,3PT_casa,3P%_casa,2PC_casa,2PT_casa,2P%_casa,LLC_casa,LLT_casa,LL%_casa,EN_casa,BR_casa,B/E_casa,TO_casa,FC_casa,T/FC_casa,ET_casa,VI_casa,EF_casa,Pts_visitante,3P_visitante,2P_visitante,LL_visitante,RT_visitante,RO_visitante,RD_visitante,AS_visitante,ER_visitante,IA%_visitante,3PC_visitante,3PT_visitante,3P%_visitante,2PC_visitante,2PT_visitante,2P%_visitante,LLC_visitante,LLT_visitante,LL%_visitante,EN_visitante,BR_visitante,B/E_visitante,TO_visitante,FC_visitante,T/FC_visitante,ET_visitante,VI_visitante,EF_visitante
88,75,2013-11-21,3,1,2013-2014,Brasília,Fortaleza B. C. / CFO,87.75,32.18181818181818,44.15151515151515,17.825757575757574,33.09090909090909,8.909090909090908,24.181818181818183,16.098484848484848,13.681818181818182,1.3282575757575759,8.590909090909092,24.106060606060606,35.527803030303026,22.075757575757574,38.083333333333336,58.05507575757577,17.825757575757574,22.734848484848484,78.64590909090907,1.5606060606060606,7.484848484848484,0.6117424242424244,3.2803030303030303,22.075757575757574,0.16075757575757577,13.681818181818182,1.7045454545454546,100.25,80.14634146341463,50.707317073170735,43.75609756097561,14.439024390243903,30.21951219512195,8.75609756097561,21.463414634146343,14.097560975609756,11.073170731707316,1.540731707317073,7.317073170731708,21.195121951219512,35.19121951219511,21.878048780487806,41.926829268292686,52.51756097560976,14.439024390243903,19.24390243902439,74.70634146341463,1.0731707317073171,7.560975609756097,0.8348780487804875,2.4634146341463414,21.21951219512195,0.12219512195121951,11.073170731707316,2.682926829268293,89.7560975609756
