placar_casa,placar_visitante,data,round,stage,ano,equipe_casa,equipe_visitante,Pts_casa,3P_casa,2P_casa,LL_casa,RT_casa,RO_casa,RD_casa,AS_casa,ER_casa,IA%_casa,3PC_casa,3PT_casa,3P%_casa,2PC_casa,2PT_casa,2P%_casa,LLC_casa,LLT_casa,LL%_casa,EN_casa,BR_casa,B/E_casa,TO_casa,FC_casa,T/FC_casa,ET_casa,VI_casa,EF_casa,Pts_visitante,3P_visitante,2P_visitante,LL_visitante,RT_visitante,RO_visitante,RD_visitante,AS_visitante,ER_visitante,IA%_visitante,3PC_visitante,3PT_visitante,3P%_visitante,2PC_visitante,2PT_visitante,2P%_visitante,LLC_visitante,LLT_visitante,LL%_visitante,EN_visitante,BR_visitante,B/E_visitante,TO_visitante,FC_visitante,T/FC_visitante,ET_visitante,VI_visitante,EF_visitante
70,80,2014-01-18,18,1,2013-2014,Sesi Franca,Flamengo,81.0948905109489,32.34306569343066,43.88321167883212,16.32116788321168,29.905109489051096,8.474452554744525,21.43065693430657,15.153284671532846,13.218978102189782,1.306715328467153,6.963503649635037,19.452554744525546,35.77437956204379,21.94160583941606,41.839416058394164,52.63598540145986,16.32116788321168,22.029197080291972,73.94496350364965,1.72992700729927,8.642335766423358,0.7191970802919708,2.6861313868613137,20.715328467153284,0.141021897810219,13.218978102189782,1.8394160583941606,88.94890510948905,89.44295302013423,35.577181208053695,45.04697986577181,17.395973154362416,32.899328859060404,8.516778523489933,24.38255033557047,15.275167785234899,12.21476510067114,1.4079194630872482,9.0,23.34228187919463,38.77295302013423,22.523489932885905,39.30201342281879,57.5538255033557,17.395973154362416,22.986577181208055,75.841677852349,1.8120805369127517,7.939597315436242,0.7119463087248323,1.738255033557047,19.78523489932886,0.0895302013422819,12.21476510067114,1.6308724832214765,100.81208053691275
