placar_casa,placar_visitante,data,round,stage,ano,equipe_casa,equipe_visitante,Pts_casa,3P_casa,2P_casa,LL_casa,RT_casa,RO_casa,RD_casa,AS_casa,ER_casa,IA%_casa,3PC_casa,3PT_casa,3P%_casa,2PC_casa,2PT_casa,2P%_casa,LLC_casa,LLT_casa,LL%_casa,EN_casa,BR_casa,B/E_casa,TO_casa,FC_casa,T/FC_casa,ET_casa,VI_casa,EF_casa,Pts_visitante,3P_visitante,2P_visitante,LL_visitante,RT_visitante,RO_visitante,RD_visitante,AS_visitante,ER_visitante,IA%_visitante,3PC_visitante,3PT_visitante,3P%_visitante,2PC_visitante,2PT_visitante,2P%_visitante,LLC_visitante,LLT_visitante,LL%_visitante,EN_visitante,BR_visitante,B/E_visitante,TO_visitante,FC_visitante,T/FC_visitante,ET_visitante,VI_visitante,EF_visitante
92,93,2014-01-25,2,2,2013-2014,Paulistano,Coop/São José Basketball,79.9922480620155,33.0,41.31782945736434,15.44186046511628,31.790697674418606,10.24031007751938,21.550387596899224,13.34108527131783,14.317829457364342,1.0316279069767444,7.744186046511628,22.25581395348837,35.35821705426357,20.65891472868217,39.57364341085271,52.35930232558138,15.44186046511628,22.155038759689923,68.99147286821707,1.5968992248062015,7.5271317829457365,0.5796899224806202,2.10077519379845,22.108527131782946,0.09914728682170537,14.317829457364342,2.10077519379845,83.59689922480621,81.00699300699301,33.31468531468531,39.28671328671329,15.895104895104895,31.566433566433567,9.13986013986014,22.426573426573427,16.39160839160839,13.797202797202797,1.2981118881118874,8.608391608391608,24.34965034965035,35.48153846153846,19.643356643356643,36.34265734265734,54.214265734265744,15.895104895104895,20.853146853146853,75.97097902097899,0.8671328671328671,6.7622377622377625,0.5195104895104894,2.3496503496503496,19.153846153846153,0.13083916083916083,13.797202797202797,1.6713286713286712,89.03496503496504
