placar_casa,placar_visitante,data,round,stage,ano,equipe_casa,equipe_visitante,Pts_casa,3P_casa,2P_casa,LL_casa,RT_casa,RO_casa,RD_casa,AS_casa,ER_casa,IA%_casa,3PC_casa,3PT_casa,3P%_casa,2PC_casa,2PT_casa,2P%_casa,LLC_casa,LLT_casa,LL%_casa,EN_casa,BR_casa,B/E_casa,TO_casa,FC_casa,T/FC_casa,ET_casa,VI_casa,EF_casa,Pts_visitante,3P_visitante,2P_visitante,LL_visitante,RT_visitante,RO_visitante,RD_visitante,AS_visitante,ER_visitante,IA%_visitante,3PC_visitante,3PT_visitante,3P%_visitante,2PC_visitante,2PT_visitante,2P%_visitante,LLC_visitante,LLT_visitante,LL%_visitante,EN_visitante,BR_visitante,B/E_visitante,TO_visitante,FC_visitante,T/FC_visitante,ET_visitante,VI_visitante,EF_visitante
75,81,2023-11-17,5,1,2023-2024,Pinheiros,São Paulo,82.16580135440186,28.242663656884876,40.137697516930025,15.302437923250563,35.36349887133183,10.295756207674945,25.067742663656887,16.107178329571106,13.60607223476298,1.263747178329572,8.908532731376974,24.786636568848756,36.06261851015803,20.068848758465013,38.62749435665914,52.31918735891653,15.302437923250563,20.83178329571106,73.26099322799097,1.828374717832958,7.890496613995484,0.6124379232505641,2.4266817155756195,19.80821670428894,0.12762979683972894,13.60607223476298,2.3409255079006765,91.25275395033863,85.75993421052631,32.8125,38.927499999999995,14.019539473684212,37.345592105263165,8.947236842105262,28.39796052631579,17.858618421052633,11.72375,1.618223684210527,10.937499999999996,29.851973684210527,36.451578947368425,19.463947368421053,34.32565789473684,56.86197368421053,14.019539473684212,18.55894736842105,75.58506578947367,2.0,6.6907894736842115,0.5945394736842101,2.315723684210526,18.115263157894734,0.13703947368421043,11.72375,1.8816447368421052,99.92434210526316
