placar_casa,placar_visitante,data,round,stage,ano,equipe_casa,equipe_visitante,Pts_casa,3P_casa,2P_casa,LL_casa,RT_casa,RO_casa,RD_casa,AS_casa,ER_casa,IA%_casa,3PC_casa,3PT_casa,3P%_casa,2PC_casa,2PT_casa,2P%_casa,LLC_casa,LLT_casa,LL%_casa,EN_casa,BR_casa,B/E_casa,TO_casa,FC_casa,T/FC_casa,ET_casa,VI_casa,EF_casa,Pts_visitante,3P_visitante,2P_visitante,LL_visitante,RT_visitante,RO_visitante,RD_visitante,AS_visitante,ER_visitante,IA%_visitante,3PC_visitante,3PT_visitante,3P%_visitante,2PC_visitante,2PT_visitante,2P%_visitante,LLC_visitante,LLT_visitante,LL%_visitante,EN_visitante,BR_visitante,B/E_visitante,TO_visitante,FC_visitante,T/FC_visitante,ET_visitante,VI_visitante,EF_visitante
80,79,2016-01-27,3,2,2015-2016,Sesi Franca,Minas,79.48868778280543,28.601809954751133,42.425339366515836,15.561085972850679,31.502262443438916,9.226244343891402,22.27601809954751,14.624434389140271,13.692307692307692,1.2009502262443434,7.167420814479638,20.32579185520362,35.18859728506788,21.212669683257918,40.547511312217196,52.60090497737557,15.561085972850679,21.262443438914026,72.79656108597283,1.9502262443438914,8.941176470588236,0.7123981900452485,2.828054298642534,20.742081447963802,0.14416289592760176,13.692307692307692,2.248868778280543,87.22171945701358,78.67005076142132,26.96954314720812,42.35532994923858,15.573604060913706,32.101522842639596,9.395939086294415,22.705583756345177,15.527918781725889,13.934010152284264,1.2076649746192893,6.913705583756345,20.02030456852792,34.461573604060916,21.17766497461929,40.10659898477157,52.947208121827416,15.573604060913706,20.908629441624367,74.39583756345176,1.3604060913705585,8.035532994923859,0.6201522842639593,2.487309644670051,21.17766497461929,0.12355329949238589,13.934010152284264,2.3299492385786804,86.91370558375634
