placar_casa,placar_visitante,data,round,stage,ano,equipe_casa,equipe_visitante,Pts_casa,3P_casa,2P_casa,LL_casa,RT_casa,RO_casa,RD_casa,AS_casa,ER_casa,IA%_casa,3PC_casa,3PT_casa,3P%_casa,2PC_casa,2PT_casa,2P%_casa,LLC_casa,LLT_casa,LL%_casa,EN_casa,BR_casa,B/E_casa,TO_casa,FC_casa,T/FC_casa,ET_casa,VI_casa,EF_casa,Pts_visitante,3P_visitante,2P_visitante,LL_visitante,RT_visitante,RO_visitante,RD_visitante,AS_visitante,ER_visitante,IA%_visitante,3PC_visitante,3PT_visitante,3P%_visitante,2PC_visitante,2PT_visitante,2P%_visitante,LLC_visitante,LLT_visitante,LL%_visitante,EN_visitante,BR_visitante,B/E_visitante,TO_visitante,FC_visitante,T/FC_visitante,ET_visitante,VI_visitante,EF_visitante
88,76,2013-05-25,5,5,2012-2013,Flamengo,Coop/São José Basketball,90.46969696969697,36.88636363636363,45.803030303030305,17.46212121212121,32.42424242424242,8.204545454545455,24.21969696969697,15.295454545454545,12.030303030303031,1.437424242424242,9.068181818181818,23.166666666666668,39.35878787878788,22.901515151515152,39.734848484848484,57.8626515151515,17.46212121212121,23.09090909090909,75.75977272727272,1.7803030303030303,7.916666666666667,0.7269696969696969,1.696969696969697,19.734848484848484,0.08772727272727275,12.030303030303031,1.5454545454545454,101.96969696969697,80.92,34.464,39.008,16.016,30.856,8.92,21.936,16.496,13.808,1.3064799999999994,8.632,24.512,35.19632,19.504,35.888,54.49967999999999,16.016,21.072,75.62079999999997,0.888,6.568,0.5079199999999999,2.376,19.856,0.12608000000000005,13.808,1.504,88.552
