placar_casa,placar_visitante,data,round,stage,ano,equipe_casa,equipe_visitante,Pts_casa,3P_casa,2P_casa,LL_casa,RT_casa,RO_casa,RD_casa,AS_casa,ER_casa,IA%_casa,3PC_casa,3PT_casa,3P%_casa,2PC_casa,2PT_casa,2P%_casa,LLC_casa,LLT_casa,LL%_casa,EN_casa,BR_casa,B/E_casa,TO_casa,FC_casa,T/FC_casa,ET_casa,VI_casa,EF_casa,Pts_visitante,3P_visitante,2P_visitante,LL_visitante,RT_visitante,RO_visitante,RD_visitante,AS_visitante,ER_visitante,IA%_visitante,3PC_visitante,3PT_visitante,3P%_visitante,2PC_visitante,2PT_visitante,2P%_visitante,LLC_visitante,LLT_visitante,LL%_visitante,EN_visitante,BR_visitante,B/E_visitante,TO_visitante,FC_visitante,T/FC_visitante,ET_visitante,VI_visitante,EF_visitante
93,75,2021-12-16,8,1,2021-2022,Rio Claro,Cerrado,77.85446601941747,23.650485436893202,39.10699029126214,15.096990291262134,32.99990291262136,8.737961165048542,24.261941747572813,16.912524271844656,14.252524271844662,1.2794174757281551,7.883495145631068,23.18456310679612,33.91990291262135,19.55320388349514,36.97067961165048,52.88961165048546,15.096990291262134,20.009902912621364,74.89990291262139,1.9223300970873787,8.825242718446601,0.6444660194174758,1.6310679611650485,21.883495145631066,0.07718446601941747,14.252524271844662,3.0485436893203883,86.33980582524272,76.0248780487805,25.024390243902438,39.121219512195125,11.877804878048778,39.09731707317073,12.024634146341464,27.074146341463415,15.219756097560975,13.34170731707317,1.1953658536585363,8.34170731707317,26.43975609756098,32.014634146341464,19.56170731707317,40.43926829268293,48.43170731707316,11.877804878048778,16.9519512195122,70.27634146341464,1.6329268292682924,7.244146341463415,0.5504878048780487,2.3412195121951216,19.098780487804884,0.12317073170731704,13.34170731707317,2.4136585365853658,82.53731707317075
