placar_casa,placar_visitante,data,round,stage,ano,equipe_casa,equipe_visitante,Pts_casa,3P_casa,2P_casa,LL_casa,RT_casa,RO_casa,RD_casa,AS_casa,ER_casa,IA%_casa,3PC_casa,3PT_casa,3P%_casa,2PC_casa,2PT_casa,2P%_casa,LLC_casa,LLT_casa,LL%_casa,EN_casa,BR_casa,B/E_casa,TO_casa,FC_casa,T/FC_casa,ET_casa,VI_casa,EF_casa,Pts_visitante,3P_visitante,2P_visitante,LL_visitante,RT_visitante,RO_visitante,RD_visitante,AS_visitante,ER_visitante,IA%_visitante,3PC_visitante,3PT_visitante,3P%_visitante,2PC_visitante,2PT_visitante,2P%_visitante,LLC_visitante,LLT_visitante,LL%_visitante,EN_visitante,BR_visitante,B/E_visitante,TO_visitante,FC_visitante,T/FC_visitante,ET_visitante,VI_visitante,EF_visitante
83,67,2015-02-10,7,2,2014-2015,Palmeiras,Macaé Basquete,78.28260869565217,32.869565217391305,41.17391304347826,14.608695652173912,33.56521739130435,10.543478260869565,23.02173913043478,13.782608695652174,13.58695652173913,1.1381521739130438,7.5,21.91304347826087,34.49271739130434,20.58695652173913,41.02173913043478,50.4646739130435,14.608695652173912,20.91304347826087,69.32152173913042,2.119565217391304,9.217391304347826,0.746086956521739,1.8369565217391304,20.358695652173914,0.0927173913043478,13.58695652173913,3.0434782608695654,85.1086956521739,79.32075471698113,24.79245283018868,38.0377358490566,16.49056603773585,31.433962264150942,7.962264150943396,23.471698113207548,13.924528301886792,12.81132075471698,1.3016981132075471,8.264150943396226,21.77358490566038,37.931320754716985,19.0188679245283,36.60377358490566,52.179245283018886,16.49056603773585,21.07547169811321,78.95075471698112,1.2641509433962264,8.867924528301886,0.8369811320754719,1.509433962264151,21.528301886792452,0.07132075471698114,12.81132075471698,2.8867924528301887,86.56603773584905
