placar_casa,placar_visitante,data,round,stage,ano,equipe_casa,equipe_visitante,Pts_casa,3P_casa,2P_casa,LL_casa,RT_casa,RO_casa,RD_casa,AS_casa,ER_casa,IA%_casa,3PC_casa,3PT_casa,3P%_casa,2PC_casa,2PT_casa,2P%_casa,LLC_casa,LLT_casa,LL%_casa,EN_casa,BR_casa,B/E_casa,TO_casa,FC_casa,T/FC_casa,ET_casa,VI_casa,EF_casa,Pts_visitante,3P_visitante,2P_visitante,LL_visitante,RT_visitante,RO_visitante,RD_visitante,AS_visitante,ER_visitante,IA%_visitante,3PC_visitante,3PT_visitante,3P%_visitante,2PC_visitante,2PT_visitante,2P%_visitante,LLC_visitante,LLT_visitante,LL%_visitante,EN_visitante,BR_visitante,B/E_visitante,TO_visitante,FC_visitante,T/FC_visitante,ET_visitante,VI_visitante,EF_visitante
68,111,2024-01-17,2,2,2023-2024,BRB/Brasília,Minas,75.62990740740742,26.75,35.37009259259259,13.509259259259261,37.351851851851855,10.370185185185184,26.981388888888887,15.092592592592597,14.972314814814816,1.0576851851851852,8.916574074074074,27.546203703703707,32.22685185185183,17.685462962962966,36.500277777777775,48.473888888888865,13.509259259259261,19.323981481481482,69.62037037037041,1.1758333333333333,6.018240740740742,0.4212962962962966,1.5368518518518517,19.37027777777778,0.08064814814814815,14.972314814814816,2.648240740740741,77.39824074074075,80.76260368663598,27.463133640552996,41.21200460829492,14.914723502304147,35.612926267281104,10.09442396313364,25.518502304147468,16.82942396313364,13.916935483870965,1.2993778801843319,8.212050691244242,23.297327188940095,35.05610599078342,20.605967741935483,38.51608294930875,53.63218894009219,14.914723502304147,20.110552995391703,73.97499999999987,1.705023041474655,7.278894009216592,0.5535944700460819,2.3317972350230414,20.7028801843318,0.11843317972350238,13.916935483870965,2.6589631336405546,91.32490783410137
