placar_casa,placar_visitante,data,round,stage,ano,equipe_casa,equipe_visitante,Pts_casa,3P_casa,2P_casa,LL_casa,RT_casa,RO_casa,RD_casa,AS_casa,ER_casa,IA%_casa,3PC_casa,3PT_casa,3P%_casa,2PC_casa,2PT_casa,2P%_casa,LLC_casa,LLT_casa,LL%_casa,EN_casa,BR_casa,B/E_casa,TO_casa,FC_casa,T/FC_casa,ET_casa,VI_casa,EF_casa,Pts_visitante,3P_visitante,2P_visitante,LL_visitante,RT_visitante,RO_visitante,RD_visitante,AS_visitante,ER_visitante,IA%_visitante,3PC_visitante,3PT_visitante,3P%_visitante,2PC_visitante,2PT_visitante,2P%_visitante,LLC_visitante,LLT_visitante,LL%_visitante,EN_visitante,BR_visitante,B/E_visitante,TO_visitante,FC_visitante,T/FC_visitante,ET_visitante,VI_visitante,EF_visitante
87,90,2019-12-03,8,1,2019-2020,Paulistano,Rio Claro,80.97399350649353,30.155844155844157,39.37662337662338,15.532435064935065,35.24996753246753,11.217564935064935,24.032500000000002,14.56172077922078,13.659058441558441,1.1719480519480516,8.688311688311689,25.045487012987014,35.03068181818181,19.68831168831169,38.37340909090909,51.60558441558438,15.532435064935065,21.042207792207794,73.64704545454546,1.7402922077922078,7.857142857142857,0.6282142857142857,1.9253571428571425,21.743506493506494,0.09240259740259729,13.659058441558441,2.438311688311688,87.69159090909089,77.33333333333333,23.48,39.25333333333333,14.6,32.16,8.48,23.68,16.6,14.88,1.2030666666666665,7.826666666666667,22.826666666666668,34.03386666666666,19.626666666666665,36.733333333333334,53.360666666666674,14.6,19.466666666666665,74.51040000000002,1.9333333333333333,9.933333333333334,0.7022666666666666,1.7866666666666666,21.48,0.08600000000000001,14.88,3.2,85.96
