placar_casa,placar_visitante,data,round,stage,ano,equipe_casa,equipe_visitante,Pts_casa,3P_casa,2P_casa,LL_casa,RT_casa,RO_casa,RD_casa,AS_casa,ER_casa,IA%_casa,3PC_casa,3PT_casa,3P%_casa,2PC_casa,2PT_casa,2P%_casa,LLC_casa,LLT_casa,LL%_casa,EN_casa,BR_casa,B/E_casa,TO_casa,FC_casa,T/FC_casa,ET_casa,VI_casa,EF_casa,Pts_visitante,3P_visitante,2P_visitante,LL_visitante,RT_visitante,RO_visitante,RD_visitante,AS_visitante,ER_visitante,IA%_visitante,3PC_visitante,3PT_visitante,3P%_visitante,2PC_visitante,2PT_visitante,2P%_visitante,LLC_visitante,LLT_visitante,LL%_visitante,EN_visitante,BR_visitante,B/E_visitante,TO_visitante,FC_visitante,T/FC_visitante,ET_visitante,VI_visitante,EF_visitante
70,69,2013-11-28,5,1,2013-2014,Fortaleza B. C. / CFO,Palmeiras,79.62790697674419,48.76744186046512,44.04651162790697,14.232558139534884,30.13953488372093,8.767441860465116,21.372093023255815,13.767441860465116,10.930232558139535,1.5088372093023255,7.116279069767442,21.023255813953487,34.38511627906976,22.023255813953487,42.25581395348837,52.436976744186055,14.232558139534884,19.0,74.52325581395348,1.1162790697674418,7.72093023255814,0.8602325581395346,2.441860465116279,21.11627906976744,0.1213953488372093,10.930232558139535,2.6511627906976742,88.69767441860465,77.94736842105263,47.68421052631579,38.89473684210526,16.473684210526315,31.31578947368421,9.81578947368421,21.5,12.131578947368421,12.921052631578947,1.0992105263157896,7.526315789473684,22.605263157894736,33.1978947368421,19.44736842105263,40.36842105263158,48.4413157894737,16.473684210526315,24.236842105263158,67.2186842105263,1.9473684210526316,7.894736842105263,0.6897368421052631,1.8157894736842106,21.81578947368421,0.08263157894736843,12.921052631578947,2.8421052631578947,82.07894736842105
