placar_casa,placar_visitante,data,round,stage,ano,equipe_casa,equipe_visitante,Pts_casa,3P_casa,2P_casa,LL_casa,RT_casa,RO_casa,RD_casa,AS_casa,ER_casa,IA%_casa,3PC_casa,3PT_casa,3P%_casa,2PC_casa,2PT_casa,2P%_casa,LLC_casa,LLT_casa,LL%_casa,EN_casa,BR_casa,B/E_casa,TO_casa,FC_casa,T/FC_casa,ET_casa,VI_casa,EF_casa,Pts_visitante,3P_visitante,2P_visitante,LL_visitante,RT_visitante,RO_visitante,RD_visitante,AS_visitante,ER_visitante,IA%_visitante,3PC_visitante,3PT_visitante,3P%_visitante,2PC_visitante,2PT_visitante,2P%_visitante,LLC_visitante,LLT_visitante,LL%_visitante,EN_visitante,BR_visitante,B/E_visitante,TO_visitante,FC_visitante,T/FC_visitante,ET_visitante,VI_visitante,EF_visitante
95,76,2022-11-30,7,1,2022-2023,Pato Basquete,Pinheiros,72.6930693069307,24.356435643564357,35.604059405940596,12.732871287128711,35.682871287128705,10.534653465346535,25.14881188118812,14.504950495049505,14.019801980198014,1.110792079207921,8.118712871287128,25.74237623762376,31.47237623762377,17.801881188118813,38.17831683168317,46.689108910891086,12.732871287128711,18.70306930693069,68.0679207920792,1.326930693069307,7.4852475247524755,0.5564356435643566,1.6635643564356437,21.02950495049505,0.08079207920792078,14.019801980198014,3.0297029702970297,74.02970297029702,82.30872549019612,28.441176470588236,40.0735294117647,15.441151960784314,34.84563725490196,10.056421568627451,24.78921568627451,15.926446078431372,13.507352941176471,1.2568382352941183,8.931323529411763,24.70830882352941,36.28752450980393,20.03676470588235,38.47786764705882,52.459117647058875,15.441151960784314,20.867598039215686,73.77598039215684,1.8406372549019614,7.938725490196078,0.6190931372549018,2.4829166666666658,19.762377450980395,0.1309803921568625,13.507352941176471,2.318725490196077,91.29649509803926
