placar_casa,placar_visitante,data,round,stage,ano,equipe_casa,equipe_visitante,Pts_casa,3P_casa,2P_casa,LL_casa,RT_casa,RO_casa,RD_casa,AS_casa,ER_casa,IA%_casa,3PC_casa,3PT_casa,3P%_casa,2PC_casa,2PT_casa,2P%_casa,LLC_casa,LLT_casa,LL%_casa,EN_casa,BR_casa,B/E_casa,TO_casa,FC_casa,T/FC_casa,ET_casa,VI_casa,EF_casa,Pts_visitante,3P_visitante,2P_visitante,LL_visitante,RT_visitante,RO_visitante,RD_visitante,AS_visitante,ER_visitante,IA%_visitante,3PC_visitante,3PT_visitante,3P%_visitante,2PC_visitante,2PT_visitante,2P%_visitante,LLC_visitante,LLT_visitante,LL%_visitante,EN_visitante,BR_visitante,B/E_visitante,TO_visitante,FC_visitante,T/FC_visitante,ET_visitante,VI_visitante,EF_visitante
72,85,2014-12-17,11,1,2014-2015,Minas,Limeira,79.75796178343948,28.605095541401273,43.12101910828026,15.847133757961783,31.579617834394906,9.318471337579618,22.261146496815286,15.331210191082803,13.980891719745223,1.1847133757961783,6.929936305732484,19.70700636942675,34.96770700636944,21.56050955414013,40.547770700636946,53.31452229299364,15.847133757961783,21.05732484076433,75.3508917197452,1.178343949044586,7.67515923566879,0.5864331210191083,2.605095541401274,20.993630573248407,0.1305095541401275,13.980891719745223,2.171974522292994,87.7452229299363,81.61428571428571,32.7,39.08571428571429,15.25,29.335714285714285,7.728571428571429,21.607142857142858,15.571428571428571,12.3,1.409785714285714,9.092857142857143,23.257142857142856,39.41928571428569,19.542857142857144,36.75714285714286,53.26271428571431,15.25,19.821428571428573,76.88400000000003,1.542857142857143,7.792857142857143,0.7064285714285712,2.3214285714285716,21.40714285714286,0.1134285714285714,12.3,1.8642857142857143,90.56428571428572
