placar_casa,placar_visitante,data,round,stage,ano,equipe_casa,equipe_visitante,Pts_casa,3P_casa,2P_casa,LL_casa,RT_casa,RO_casa,RD_casa,AS_casa,ER_casa,IA%_casa,3PC_casa,3PT_casa,3P%_casa,2PC_casa,2PT_casa,2P%_casa,LLC_casa,LLT_casa,LL%_casa,EN_casa,BR_casa,B/E_casa,TO_casa,FC_casa,T/FC_casa,ET_casa,VI_casa,EF_casa,Pts_visitante,3P_visitante,2P_visitante,LL_visitante,RT_visitante,RO_visitante,RD_visitante,AS_visitante,ER_visitante,IA%_visitante,3PC_visitante,3PT_visitante,3P%_visitante,2PC_visitante,2PT_visitante,2P%_visitante,LLC_visitante,LLT_visitante,LL%_visitante,EN_visitante,BR_visitante,B/E_visitante,TO_visitante,FC_visitante,T/FC_visitante,ET_visitante,VI_visitante,EF_visitante
82,65,2019-03-23,11,2,2018-2019,Sesi Franca,Mogi,80.1,28.03728813559322,41.48135593220339,15.9,32.284745762711864,9.233898305084745,23.050847457627118,14.984745762711864,13.783050847457627,1.210203389830508,7.5728813559322035,21.410169491525423,35.24600000000003,20.740677966101696,39.26949152542373,53.21962711864405,15.9,21.461016949152544,73.80959322033894,1.8898305084745763,8.479661016949153,0.6688813559322032,2.6203389830508477,20.79322033898305,0.1326101694915254,13.783050847457627,2.3491525423728814,88.03728813559322,80.9397685185185,29.555555555555557,40.018564814814816,16.754675925925927,36.33342592592593,11.393518518518519,24.939768518518516,15.810231481481482,13.731388888888887,1.2733796296296305,8.055555555555555,22.791759259259262,35.56203703703705,20.009212962962962,39.38421296296296,51.08879629629629,16.754675925925927,22.60185185185185,73.93328703703702,1.3887962962962959,8.75462962962963,0.6924537037037034,1.8658333333333337,21.467546296296295,0.09064814814814814,13.731388888888887,2.814814814814815,91.25925925925925
