placar_casa,placar_visitante,data,round,stage,ano,equipe_casa,equipe_visitante,Pts_casa,3P_casa,2P_casa,LL_casa,RT_casa,RO_casa,RD_casa,AS_casa,ER_casa,IA%_casa,3PC_casa,3PT_casa,3P%_casa,2PC_casa,2PT_casa,2P%_casa,LLC_casa,LLT_casa,LL%_casa,EN_casa,BR_casa,B/E_casa,TO_casa,FC_casa,T/FC_casa,ET_casa,VI_casa,EF_casa,Pts_visitante,3P_visitante,2P_visitante,LL_visitante,RT_visitante,RO_visitante,RD_visitante,AS_visitante,ER_visitante,IA%_visitante,3PC_visitante,3PT_visitante,3P%_visitante,2PC_visitante,2PT_visitante,2P%_visitante,LLC_visitante,LLT_visitante,LL%_visitante,EN_visitante,BR_visitante,B/E_visitante,TO_visitante,FC_visitante,T/FC_visitante,ET_visitante,VI_visitante,EF_visitante
70,101,2022-02-06,2,2,2021-2022,Pato Basquete,Minas,72.6907894736842,23.348684210526315,36.15802631578948,13.184473684210523,36.16407894736841,10.848684210526317,25.31618421052632,15.118421052631579,14.124999999999995,1.1580263157894735,7.782763157894736,24.328684210526312,31.777236842105253,18.078815789473683,39.47381578947369,45.73684210526314,13.184473684210523,19.375131578947364,67.81894736842106,1.2700000000000002,7.467236842105263,0.5502631578947369,1.8950000000000002,21.565526315789473,0.0907894736842105,14.124999999999995,2.855263157894737,75.0657894736842,79.86,26.837142857142858,41.40568571428572,15.122799999999998,34.788628571428575,10.068514285714285,24.72002857142857,16.288514285714285,14.04562857142857,1.2470857142857152,7.7772000000000014,22.434400000000004,34.61314285714284,20.702885714285713,39.12851428571428,53.03522857142857,15.122799999999998,20.499942857142855,73.50131428571417,1.5142857142857142,7.642885714285715,0.5780857142857134,2.3657142857142857,21.197200000000002,0.11740000000000017,14.04562857142857,2.571342857142858,89.20574285714284
