placar_casa,placar_visitante,data,round,stage,ano,equipe_casa,equipe_visitante,Pts_casa,3P_casa,2P_casa,LL_casa,RT_casa,RO_casa,RD_casa,AS_casa,ER_casa,IA%_casa,3PC_casa,3PT_casa,3P%_casa,2PC_casa,2PT_casa,2P%_casa,LLC_casa,LLT_casa,LL%_casa,EN_casa,BR_casa,B/E_casa,TO_casa,FC_casa,T/FC_casa,ET_casa,VI_casa,EF_casa,Pts_visitante,3P_visitante,2P_visitante,LL_visitante,RT_visitante,RO_visitante,RD_visitante,AS_visitante,ER_visitante,IA%_visitante,3PC_visitante,3PT_visitante,3P%_visitante,2PC_visitante,2PT_visitante,2P%_visitante,LLC_visitante,LLT_visitante,LL%_visitante,EN_visitante,BR_visitante,B/E_visitante,TO_visitante,FC_visitante,T/FC_visitante,ET_visitante,VI_visitante,EF_visitante
70,83,2016-01-12,1,2,2015-2016,Minas,Pinheiros,78.72307692307692,27.076923076923077,42.33846153846154,15.6,32.08205128205128,9.425641025641026,22.656410256410258,15.512820512820513,13.902564102564103,1.21,6.9282051282051285,20.05128205128205,34.48738461538461,21.16923076923077,40.13846153846154,52.88015384615385,15.6,20.94871794871795,74.3753846153846,1.353846153846154,8.056410256410256,0.6227179487179487,2.4974358974358974,21.17948717948718,0.12405128205128214,13.902564102564103,2.2974358974358973,86.93846153846154,84.73205741626795,30.976076555023923,40.708133971291865,16.263157894736842,31.9377990430622,8.76555023923445,23.172248803827753,15.45933014354067,13.07177033492823,1.2742583732057409,9.253588516746412,24.31578947368421,38.12090909090907,20.354066985645932,37.30622009569378,54.99626794258376,16.263157894736842,21.636363636363637,74.88071770334923,2.1578947368421053,8.033492822966506,0.6479425837320575,2.6794258373205744,19.894736842105264,0.14071770334928219,13.07177033492823,2.1339712918660285,94.2535885167464
