placar_casa,placar_visitante,data,round,stage,ano,equipe_casa,equipe_visitante,Pts_casa,3P_casa,2P_casa,LL_casa,RT_casa,RO_casa,RD_casa,AS_casa,ER_casa,IA%_casa,3PC_casa,3PT_casa,3P%_casa,2PC_casa,2PT_casa,2P%_casa,LLC_casa,LLT_casa,LL%_casa,EN_casa,BR_casa,B/E_casa,TO_casa,FC_casa,T/FC_casa,ET_casa,VI_casa,EF_casa,Pts_visitante,3P_visitante,2P_visitante,LL_visitante,RT_visitante,RO_visitante,RD_visitante,AS_visitante,ER_visitante,IA%_visitante,3PC_visitante,3PT_visitante,3P%_visitante,2PC_visitante,2PT_visitante,2P%_visitante,LLC_visitante,LLT_visitante,LL%_visitante,EN_visitante,BR_visitante,B/E_visitante,TO_visitante,FC_visitante,T/FC_visitante,ET_visitante,VI_visitante,EF_visitante
68,86,2015-04-28,3,4,2014-2015,Coop/São José Basketball,Flamengo,80.33333333333333,29.753623188405797,40.405797101449274,15.347826086956522,33.14975845410628,9.434782608695652,23.714975845410628,16.642512077294686,13.806763285024154,1.3058454106280186,8.193236714975846,23.42512077294686,35.013285024154605,20.202898550724637,37.743961352657,53.71376811594205,15.347826086956522,20.082125603864736,75.91903381642511,0.8357487922705314,7.086956521739131,0.5399033816425118,2.342995169082126,19.06280193236715,0.1305797101449275,13.806763285024154,2.0096618357487923,89.72946859903382,88.86407766990291,34.06310679611651,43.9126213592233,17.09223300970874,33.9126213592233,9.014563106796116,24.898058252427184,15.888349514563107,12.160194174757281,1.471796116504854,9.28640776699029,24.058252427184467,38.77495145631068,21.95631067961165,38.59708737864078,57.10470873786405,17.09223300970874,22.567961165048544,75.82398058252426,1.8883495145631068,8.29126213592233,0.7487864077669906,1.7233009708737863,19.59223300970874,0.09072815533980585,12.160194174757281,1.6796116504854368,101.39805825242719
