placar_casa,placar_visitante,data,round,stage,ano,equipe_casa,equipe_visitante,Pts_casa,3P_casa,2P_casa,LL_casa,RT_casa,RO_casa,RD_casa,AS_casa,ER_casa,IA%_casa,3PC_casa,3PT_casa,3P%_casa,2PC_casa,2PT_casa,2P%_casa,LLC_casa,LLT_casa,LL%_casa,EN_casa,BR_casa,B/E_casa,TO_casa,FC_casa,T/FC_casa,ET_casa,VI_casa,EF_casa,Pts_visitante,3P_visitante,2P_visitante,LL_visitante,RT_visitante,RO_visitante,RD_visitante,AS_visitante,ER_visitante,IA%_visitante,3PC_visitante,3PT_visitante,3P%_visitante,2PC_visitante,2PT_visitante,2P%_visitante,LLC_visitante,LLT_visitante,LL%_visitante,EN_visitante,BR_visitante,B/E_visitante,TO_visitante,FC_visitante,T/FC_visitante,ET_visitante,VI_visitante,EF_visitante
81,66,2016-02-25,10,2,2015-2016,Caxias do Sul Basquete,Macaé Basquete,68.8695652173913,23.869565217391305,31.304347826086957,13.695652173913043,31.956521739130434,8.91304347826087,23.043478260869566,13.478260869565217,14.73913043478261,0.99,7.956521739130435,25.26086956521739,31.99173913043478,15.652173913043478,34.17391304347826,46.040000000000006,13.695652173913043,19.347826086956523,69.92565217391304,1.2608695652173914,11.478260869565217,0.8334782608695653,1.4782608695652173,22.52173913043478,0.0647826086956522,14.73913043478261,3.6956521739130435,71.04347826086956,79.10752688172043,24.129032258064516,37.096774193548384,17.881720430107528,32.225806451612904,8.612903225806452,23.612903225806452,13.838709677419354,13.623655913978494,1.1859139784946235,8.043010752688172,22.043010752688172,36.58827956989247,18.548387096774192,36.483870967741936,51.17440860215054,17.881720430107528,22.258064516129032,80.6159139784946,1.2043010752688172,8.935483870967742,0.7595698924731182,1.4623655913978495,22.365591397849464,0.06655913978494624,13.623655913978494,3.139784946236559,85.63440860215054
