placar_casa,placar_visitante,data,round,stage,ano,equipe_casa,equipe_visitante,Pts_casa,3P_casa,2P_casa,LL_casa,RT_casa,RO_casa,RD_casa,AS_casa,ER_casa,IA%_casa,3PC_casa,3PT_casa,3P%_casa,2PC_casa,2PT_casa,2P%_casa,LLC_casa,LLT_casa,LL%_casa,EN_casa,BR_casa,B/E_casa,TO_casa,FC_casa,T/FC_casa,ET_casa,VI_casa,EF_casa,Pts_visitante,3P_visitante,2P_visitante,LL_visitante,RT_visitante,RO_visitante,RD_visitante,AS_visitante,ER_visitante,IA%_visitante,3PC_visitante,3PT_visitante,3P%_visitante,2PC_visitante,2PT_visitante,2P%_visitante,LLC_visitante,LLT_visitante,LL%_visitante,EN_visitante,BR_visitante,B/E_visitante,TO_visitante,FC_visitante,T/FC_visitante,ET_visitante,VI_visitante,EF_visitante
85,91,2015-02-04,5,2,2014-2015,Fortaleza B. C. / CFO,Pinheiros,77.53763440860214,34.45161290322581,42.043010752688176,13.720430107526882,33.03225806451613,9.870967741935484,23.161290322580644,13.591397849462366,12.0,1.3088172043010755,7.258064516129032,22.35483870967742,33.13881720430106,21.021505376344088,41.354838709677416,51.049892473118305,13.720430107526882,18.849462365591396,72.65075268817205,1.4086021505376345,9.10752688172043,0.8662365591397849,2.3548387096774195,20.150537634408604,0.12150537634408601,12.0,2.6129032258064515,85.3010752688172,84.92777777777778,32.13333333333333,40.266666666666666,16.261111111111113,31.06111111111111,8.366666666666667,22.694444444444443,15.616666666666667,12.983333333333333,1.2983333333333333,9.466666666666667,24.977777777777778,38.08455555555555,20.133333333333333,36.3,55.76127777777778,16.261111111111113,21.694444444444443,74.66055555555552,2.2444444444444445,7.955555555555556,0.6491666666666667,2.566666666666667,19.67222222222222,0.13661111111111104,12.983333333333333,2.022222222222222,94.20555555555555
