placar_casa,placar_visitante,data,round,stage,ano,equipe_casa,equipe_visitante,Pts_casa,3P_casa,2P_casa,LL_casa,RT_casa,RO_casa,RD_casa,AS_casa,ER_casa,IA%_casa,3PC_casa,3PT_casa,3P%_casa,2PC_casa,2PT_casa,2P%_casa,LLC_casa,LLT_casa,LL%_casa,EN_casa,BR_casa,B/E_casa,TO_casa,FC_casa,T/FC_casa,ET_casa,VI_casa,EF_casa,Pts_visitante,3P_visitante,2P_visitante,LL_visitante,RT_visitante,RO_visitante,RD_visitante,AS_visitante,ER_visitante,IA%_visitante,3PC_visitante,3PT_visitante,3P%_visitante,2PC_visitante,2PT_visitante,2P%_visitante,LLC_visitante,LLT_visitante,LL%_visitante,EN_visitante,BR_visitante,B/E_visitante,TO_visitante,FC_visitante,T/FC_visitante,ET_visitante,VI_visitante,EF_visitante
74,70,2021-03-12,6,2,2020-2021,Minas,Caxias do Sul Basquete,79.5,26.409375,41.61871875,15.306187499999998,34.4031875,10.0218125,24.38128125,16.1811875,14.159281249999998,1.228625000000001,7.5250625000000015,21.856375000000003,34.43912499999999,20.809406250000002,39.5249375,52.72824999999999,15.306187499999998,20.668687499999997,73.7261874999999,1.478125,7.721906250000001,0.5802499999999992,2.371875,21.5531875,0.11525000000000012,14.159281249999998,2.574906250000001,88.44690624999998,73.17658823529412,23.08235294117647,35.12964705882354,14.964941176470589,33.42341176470588,9.282470588235293,24.140941176470584,14.435529411764703,14.364705882352947,1.0496470588235294,7.694235294117649,23.63517647058823,32.51141176470588,17.564470588235288,36.200235294117654,48.69470588235296,14.964941176470589,21.16470588235294,70.65670588235292,1.3174117647058823,8.270823529411762,0.5883529411764706,1.470470588235294,22.23494117647058,0.06976470588235295,14.364705882352947,3.211882352941177,75.63529411764706
