placar_casa,placar_visitante,data,round,stage,ano,equipe_casa,equipe_visitante,Pts_casa,3P_casa,2P_casa,LL_casa,RT_casa,RO_casa,RD_casa,AS_casa,ER_casa,IA%_casa,3PC_casa,3PT_casa,3P%_casa,2PC_casa,2PT_casa,2P%_casa,LLC_casa,LLT_casa,LL%_casa,EN_casa,BR_casa,B/E_casa,TO_casa,FC_casa,T/FC_casa,ET_casa,VI_casa,EF_casa,Pts_visitante,3P_visitante,2P_visitante,LL_visitante,RT_visitante,RO_visitante,RD_visitante,AS_visitante,ER_visitante,IA%_visitante,3PC_visitante,3PT_visitante,3P%_visitante,2PC_visitante,2PT_visitante,2P%_visitante,LLC_visitante,LLT_visitante,LL%_visitante,EN_visitante,BR_visitante,B/E_visitante,TO_visitante,FC_visitante,T/FC_visitante,ET_visitante,VI_visitante,EF_visitante
93,81,2021-04-04,8,2,2020-2021,Sesi Franca,Cerrado,81.32313019390584,28.481994459833796,41.250221606648196,15.93714681440443,33.00470914127424,9.060055401662051,23.94465373961219,15.722049861495844,13.484819944598339,1.2831578947368407,8.04518005540166,22.29734072022161,35.83518005540167,20.62512465373961,38.75714681440443,53.60268698060938,15.93714681440443,21.23268698060942,74.9296675900277,1.8780609418282554,8.110858725761775,0.6472576177285322,2.547562326869806,20.497728531855955,0.13000000000000003,13.484819944598339,2.191108033240998,90.57703601108037,75.58760000000001,24.48,38.29200000000001,12.812799999999996,37.8392,11.48,26.361600000000003,15.0272,13.453600000000002,1.1484,8.16,24.25440000000001,33.7444,19.148000000000003,40.0668,47.838399999999986,12.812799999999996,18.041200000000007,71.48960000000002,1.3319999999999996,7.426800000000001,0.5499999999999998,2.1995999999999993,19.602000000000007,0.11199999999999999,13.453600000000002,2.4252,82.3872
