placar_casa,placar_visitante,data,round,stage,ano,equipe_casa,equipe_visitante,Pts_casa,3P_casa,2P_casa,LL_casa,RT_casa,RO_casa,RD_casa,AS_casa,ER_casa,IA%_casa,3PC_casa,3PT_casa,3P%_casa,2PC_casa,2PT_casa,2P%_casa,LLC_casa,LLT_casa,LL%_casa,EN_casa,BR_casa,B/E_casa,TO_casa,FC_casa,T/FC_casa,ET_casa,VI_casa,EF_casa,Pts_visitante,3P_visitante,2P_visitante,LL_visitante,RT_visitante,RO_visitante,RD_visitante,AS_visitante,ER_visitante,IA%_visitante,3PC_visitante,3PT_visitante,3P%_visitante,2PC_visitante,2PT_visitante,2P%_visitante,LLC_visitante,LLT_visitante,LL%_visitante,EN_visitante,BR_visitante,B/E_visitante,TO_visitante,FC_visitante,T/FC_visitante,ET_visitante,VI_visitante,EF_visitante
74,73,2013-03-23,14,2,2012-2013,Joinville,Tijuca,79.34482758620689,35.14655172413793,40.87931034482759,16.275862068965516,31.95258620689655,10.099137931034482,21.853448275862068,13.46551724137931,13.918103448275861,1.076293103448276,7.396551724137931,22.237068965517242,32.7803448275862,20.439655172413794,40.616379310344826,50.32413793103448,16.275862068965516,22.879310344827587,71.22887931034482,1.7112068965517242,8.073275862068966,0.6387931034482756,2.461206896551724,21.030172413793103,0.12525862068965513,13.918103448275861,2.2241379310344827,84.15517241379311,72.75510204081633,37.59183673469388,39.63265306122449,16.102040816326532,27.040816326530614,7.326530612244898,19.714285714285715,10.428571428571429,12.204081632653061,0.9065306122448983,5.673469387755102,18.612244897959183,29.547346938775505,19.816326530612244,39.30612244897959,50.69551020408163,16.102040816326532,21.755102040816325,73.30387755102042,0.8979591836734694,6.428571428571429,0.5708163265306121,1.6734693877551021,19.93877551020408,0.08999999999999997,12.204081632653061,2.7346938775510203,74.9795918367347
