placar_casa,placar_visitante,data,round,stage,ano,equipe_casa,equipe_visitante,Pts_casa,3P_casa,2P_casa,LL_casa,RT_casa,RO_casa,RD_casa,AS_casa,ER_casa,IA%_casa,3PC_casa,3PT_casa,3P%_casa,2PC_casa,2PT_casa,2P%_casa,LLC_casa,LLT_casa,LL%_casa,EN_casa,BR_casa,B/E_casa,TO_casa,FC_casa,T/FC_casa,ET_casa,VI_casa,EF_casa,Pts_visitante,3P_visitante,2P_visitante,LL_visitante,RT_visitante,RO_visitante,RD_visitante,AS_visitante,ER_visitante,IA%_visitante,3PC_visitante,3PT_visitante,3P%_visitante,2PC_visitante,2PT_visitante,2P%_visitante,LLC_visitante,LLT_visitante,LL%_visitante,EN_visitante,BR_visitante,B/E_visitante,TO_visitante,FC_visitante,T/FC_visitante,ET_visitante,VI_visitante,EF_visitante
82,84,2013-01-24,17,1,2012-2013,L. Sorocabana,Minas,75.8,40.457142857142856,38.57142857142857,17.17142857142857,28.514285714285716,9.0,19.514285714285716,9.942857142857143,12.17142857142857,0.8919999999999999,6.685714285714286,21.428571428571427,31.596571428571433,19.285714285714285,38.114285714285714,50.259142857142855,17.17142857142857,23.02857142857143,74.59857142857142,1.5142857142857142,8.0,0.7062857142857142,1.4,19.457142857142856,0.07400000000000001,12.17142857142857,2.342857142857143,78.34285714285714,84.34782608695652,29.282608695652176,45.69565217391305,16.119565217391305,31.217391304347824,9.152173913043478,22.065217391304348,16.27173913043478,14.130434782608695,1.2425,7.510869565217392,20.51086956521739,36.52956521739132,22.847826086956523,40.96739130434783,56.005108695652176,16.119565217391305,21.17391304347826,76.10586956521738,1.0326086956521738,6.923913043478261,0.5216304347826088,2.5760869565217392,20.217391304347824,0.13445652173913045,14.130434782608695,1.7173913043478262,92.94565217391305
