placar_casa,placar_visitante,data,round,stage,ano,equipe_casa,equipe_visitante,Pts_casa,3P_casa,2P_casa,LL_casa,RT_casa,RO_casa,RD_casa,AS_casa,ER_casa,IA%_casa,3PC_casa,3PT_casa,3P%_casa,2PC_casa,2PT_casa,2P%_casa,LLC_casa,LLT_casa,LL%_casa,EN_casa,BR_casa,B/E_casa,TO_casa,FC_casa,T/FC_casa,ET_casa,VI_casa,EF_casa,Pts_visitante,3P_visitante,2P_visitante,LL_visitante,RT_visitante,RO_visitante,RD_visitante,AS_visitante,ER_visitante,IA%_visitante,3PC_visitante,3PT_visitante,3P%_visitante,2PC_visitante,2PT_visitante,2P%_visitante,LLC_visitante,LLT_visitante,LL%_visitante,EN_visitante,BR_visitante,B/E_visitante,TO_visitante,FC_visitante,T/FC_visitante,ET_visitante,VI_visitante,EF_visitante
92,87,2014-02-13,7,2,2013-2014,Fortaleza B. C. / CFO,L. Sorocabana,79.04918032786885,40.18032786885246,44.0655737704918,14.131147540983607,31.81967213114754,9.21311475409836,22.60655737704918,13.639344262295081,11.573770491803279,1.4026229508196721,6.950819672131147,20.327868852459016,34.742622950819666,22.0327868852459,42.68852459016394,51.92885245901642,14.131147540983607,19.0327868852459,73.7522950819672,1.6065573770491803,8.737704918032787,0.8803278688524588,2.3114754098360657,20.950819672131146,0.11508196721311476,11.573770491803279,2.7049180327868854,88.45901639344262,76.1923076923077,35.88461538461539,38.51282051282051,16.602564102564102,28.166666666666668,8.935897435897436,19.23076923076923,10.294871794871796,11.820512820512821,0.9438461538461539,7.0256410256410255,21.076923076923077,33.411410256410264,19.256410256410255,38.11538461538461,50.692051282051274,16.602564102564102,22.076923076923077,75.22653846153847,1.3333333333333333,8.423076923076923,0.7678205128205128,1.4743589743589745,20.55128205128205,0.07282051282051283,11.820512820512821,2.4615384615384617,78.28205128205128
