placar_casa,placar_visitante,data,round,stage,ano,equipe_casa,equipe_visitante,Pts_casa,3P_casa,2P_casa,LL_casa,RT_casa,RO_casa,RD_casa,AS_casa,ER_casa,IA%_casa,3PC_casa,3PT_casa,3P%_casa,2PC_casa,2PT_casa,2P%_casa,LLC_casa,LLT_casa,LL%_casa,EN_casa,BR_casa,B/E_casa,TO_casa,FC_casa,T/FC_casa,ET_casa,VI_casa,EF_casa,Pts_visitante,3P_visitante,2P_visitante,LL_visitante,RT_visitante,RO_visitante,RD_visitante,AS_visitante,ER_visitante,IA%_visitante,3PC_visitante,3PT_visitante,3P%_visitante,2PC_visitante,2PT_visitante,2P%_visitante,LLC_visitante,LLT_visitante,LL%_visitante,EN_visitante,BR_visitante,B/E_visitante,TO_visitante,FC_visitante,T/FC_visitante,ET_visitante,VI_visitante,EF_visitante
72,116,2024-04-08,12,2,2023-2024,Botafogo,Corinthians,77.55690721649485,27.061855670103093,36.51556701030928,13.979175257731958,34.38134020618556,10.546288659793817,23.835051546391753,16.56680412371134,13.84525773195876,1.2711340206185573,9.02061855670103,26.680206185567005,34.07216494845362,18.25762886597938,36.05144329896907,50.783402061855675,13.979175257731958,18.752577319587623,74.77793814432994,1.0104123711340207,6.577113402061857,0.500618556701031,2.051649484536082,22.391752577319586,0.09371134020618559,13.84525773195876,2.8661855670103087,82.96896907216495,80.06244791666667,28.609375,37.916666666666664,13.536562500000002,37.42703125,10.484218750000002,26.94265625,17.234114583333334,13.400989583333333,1.3795833333333338,9.536510416666667,27.39567708333333,34.79614583333331,18.958333333333332,36.489635416666665,52.140624999999964,13.536562500000002,18.078072916666667,75.17901041666669,2.0001041666666666,6.328072916666667,0.49890625000000005,2.3593229166666667,19.901145833333334,0.12234375000000001,13.400989583333333,2.286354166666667,90.04161458333333
