placar_casa,placar_visitante,data,round,stage,ano,equipe_casa,equipe_visitante,Pts_casa,3P_casa,2P_casa,LL_casa,RT_casa,RO_casa,RD_casa,AS_casa,ER_casa,IA%_casa,3PC_casa,3PT_casa,3P%_casa,2PC_casa,2PT_casa,2P%_casa,LLC_casa,LLT_casa,LL%_casa,EN_casa,BR_casa,B/E_casa,TO_casa,FC_casa,T/FC_casa,ET_casa,VI_casa,EF_casa,Pts_visitante,3P_visitante,2P_visitante,LL_visitante,RT_visitante,RO_visitante,RD_visitante,AS_visitante,ER_visitante,IA%_visitante,3PC_visitante,3PT_visitante,3P%_visitante,2PC_visitante,2PT_visitante,2P%_visitante,LLC_visitante,LLT_visitante,LL%_visitante,EN_visitante,BR_visitante,B/E_visitante,TO_visitante,FC_visitante,T/FC_visitante,ET_visitante,VI_visitante,EF_visitante
79,86,2014-02-25,9,2,2013-2014,Limeira,Bauru Basket,81.67241379310344,34.03448275862069,38.94827586206897,15.232758620689655,29.32758620689655,7.698275862068965,21.629310344827587,15.456896551724139,12.53448275862069,1.341724137931034,9.163793103448276,23.551724137931036,39.26008620689655,19.474137931034484,36.87931034482759,52.90801724137933,15.232758620689655,19.939655172413794,76.13965517241381,1.6293103448275863,7.560344827586207,0.6573275862068965,2.4051724137931036,21.336206896551722,0.11844827586206894,12.53448275862069,1.7413793103448276,90.01724137931035,81.73426573426573,33.88111888111888,40.85314685314685,14.594405594405595,31.377622377622377,9.727272727272727,21.65034965034965,14.167832167832168,11.006993006993007,1.466153846153845,8.762237762237762,22.86013986013986,38.766363636363636,20.426573426573427,39.02097902097902,52.9225874125874,14.594405594405595,19.524475524475523,74.96734265734267,1.5944055944055944,6.937062937062937,0.7138461538461537,1.8461538461538463,18.223776223776223,0.10587412587412597,11.006993006993007,1.8181818181818181,89.63636363636364
