placar_casa,placar_visitante,data,round,stage,ano,equipe_casa,equipe_visitante,Pts_casa,3P_casa,2P_casa,LL_casa,RT_casa,RO_casa,RD_casa,AS_casa,ER_casa,IA%_casa,3PC_casa,3PT_casa,3P%_casa,2PC_casa,2PT_casa,2P%_casa,LLC_casa,LLT_casa,LL%_casa,EN_casa,BR_casa,B/E_casa,TO_casa,FC_casa,T/FC_casa,ET_casa,VI_casa,EF_casa,Pts_visitante,3P_visitante,2P_visitante,LL_visitante,RT_visitante,RO_visitante,RD_visitante,AS_visitante,ER_visitante,IA%_visitante,3PC_visitante,3PT_visitante,3P%_visitante,2PC_visitante,2PT_visitante,2P%_visitante,LLC_visitante,LLT_visitante,LL%_visitante,EN_visitante,BR_visitante,B/E_visitante,TO_visitante,FC_visitante,T/FC_visitante,ET_visitante,VI_visitante,EF_visitante
76,74,2013-01-19,16,1,2012-2013,Minas,Fortaleza B. C. / CFO,84.37777777777778,28.5,45.75555555555555,16.08888888888889,31.333333333333332,9.144444444444444,22.18888888888889,16.333333333333332,14.177777777777777,1.2422222222222221,7.511111111111111,20.5,36.62022222222224,22.877777777777776,40.87777777777778,56.178222222222225,16.08888888888889,21.2,75.90822222222221,1.0444444444444445,6.9222222222222225,0.518888888888889,2.566666666666667,20.18888888888889,0.13444444444444445,14.177777777777777,1.6888888888888889,93.08888888888889,78.64285714285714,66.21428571428571,44.142857142857146,13.928571428571429,30.785714285714285,8.857142857142858,21.928571428571427,12.928571428571429,11.928571428571429,1.2,6.857142857142857,20.642857142857142,33.87285714285714,22.071428571428573,41.57142857142857,53.396428571428565,13.928571428571429,19.071428571428573,72.10857142857144,1.2857142857142858,7.071428571428571,0.6857142857142858,2.4285714285714284,20.428571428571427,0.1207142857142857,11.928571428571429,2.7142857142857144,89.35714285714286
