placar_casa,placar_visitante,data,round,stage,ano,equipe_casa,equipe_visitante,Pts_casa,3P_casa,2P_casa,LL_casa,RT_casa,RO_casa,RD_casa,AS_casa,ER_casa,IA%_casa,3PC_casa,3PT_casa,3P%_casa,2PC_casa,2PT_casa,2P%_casa,LLC_casa,LLT_casa,LL%_casa,EN_casa,BR_casa,B/E_casa,TO_casa,FC_casa,T/FC_casa,ET_casa,VI_casa,EF_casa,Pts_visitante,3P_visitante,2P_visitante,LL_visitante,RT_visitante,RO_visitante,RD_visitante,AS_visitante,ER_visitante,IA%_visitante,3PC_visitante,3PT_visitante,3P%_visitante,2PC_visitante,2PT_visitante,2P%_visitante,LLC_visitante,LLT_visitante,LL%_visitante,EN_visitante,BR_visitante,B/E_visitante,TO_visitante,FC_visitante,T/FC_visitante,ET_visitante,VI_visitante,EF_visitante
96,87,2013-02-16,6,2,2012-2013,Palmeiras,Minas,74.57142857142857,54.857142857142854,36.57142857142857,14.571428571428571,28.904761904761905,9.523809523809524,19.38095238095238,11.476190476190476,12.714285714285714,1.0471428571428572,7.809523809523809,23.0,33.76952380952381,18.285714285714285,39.61904761904762,46.413809523809526,14.571428571428571,21.952380952380953,65.98666666666666,1.4285714285714286,7.809523809523809,0.6852380952380953,1.4761904761904763,23.047619047619047,0.06476190476190477,12.714285714285714,2.857142857142857,77.85714285714286,83.94949494949495,31.90909090909091,45.5959595959596,16.292929292929294,31.303030303030305,9.262626262626263,22.04040404040404,15.909090909090908,14.151515151515152,1.2215151515151514,7.353535353535354,20.181818181818183,36.28757575757577,22.7979797979798,40.97979797979798,55.86494949494951,16.292929292929294,21.434343434343436,76.00292929292928,1.02020202020202,7.01010101010101,0.5304040404040404,2.5656565656565657,20.282828282828284,0.13333333333333336,14.151515151515152,1.7575757575757576,92.81818181818181
