placar_casa,placar_visitante,data,round,stage,ano,equipe_casa,equipe_visitante,Pts_casa,3P_casa,2P_casa,LL_casa,RT_casa,RO_casa,RD_casa,AS_casa,ER_casa,IA%_casa,3PC_casa,3PT_casa,3P%_casa,2PC_casa,2PT_casa,2P%_casa,LLC_casa,LLT_casa,LL%_casa,EN_casa,BR_casa,B/E_casa,TO_casa,FC_casa,T/FC_casa,ET_casa,VI_casa,EF_casa,Pts_visitante,3P_visitante,2P_visitante,LL_visitante,RT_visitante,RO_visitante,RD_visitante,AS_visitante,ER_visitante,IA%_visitante,3PC_visitante,3PT_visitante,3P%_visitante,2PC_visitante,2PT_visitante,2P%_visitante,LLC_visitante,LLT_visitante,LL%_visitante,EN_visitante,BR_visitante,B/E_visitante,TO_visitante,FC_visitante,T/FC_visitante,ET_visitante,VI_visitante,EF_visitante
72,77,2023-12-05,8,1,2023-2024,Paulistano,Flamengo,79.7286995515695,29.044843049327355,39.134529147982065,14.374439461883409,36.578452914798206,11.670448430493275,24.908004484304932,14.96639013452915,13.282466367713004,1.2405829596412548,8.739910313901346,25.847578475336324,34.14195067264573,19.567264573991032,38.639058295964126,50.95627802690581,14.374439461883409,19.63896860986547,72.86195067264575,1.7669058295964117,7.647959641255605,0.6272869955156951,1.9798654708520174,21.035896860986547,0.09784753363228695,13.282466367713004,2.42822869955157,87.09426008968605,87.01244258872656,32.855949895615865,41.1022338204593,15.722317327766179,37.41121085594991,10.404968684759915,27.006304801670147,18.010459290187892,12.36116910229645,1.5981628392484357,10.062630480167014,27.415427974947807,36.94951983298539,20.551210855949897,36.65764091858038,56.2134446764092,15.722317327766179,20.791294363256785,75.48091858037569,1.588663883089771,7.791294363256786,0.6837995824634653,1.8956993736951973,18.789123173277662,0.10572025052192072,12.36116910229645,1.9373486430062632,101.98736951983304
