placar_casa,placar_visitante,data,round,stage,ano,equipe_casa,equipe_visitante,Pts_casa,3P_casa,2P_casa,LL_casa,RT_casa,RO_casa,RD_casa,AS_casa,ER_casa,IA%_casa,3PC_casa,3PT_casa,3P%_casa,2PC_casa,2PT_casa,2P%_casa,LLC_casa,LLT_casa,LL%_casa,EN_casa,BR_casa,B/E_casa,TO_casa,FC_casa,T/FC_casa,ET_casa,VI_casa,EF_casa,Pts_visitante,3P_visitante,2P_visitante,LL_visitante,RT_visitante,RO_visitante,RD_visitante,AS_visitante,ER_visitante,IA%_visitante,3PC_visitante,3PT_visitante,3P%_visitante,2PC_visitante,2PT_visitante,2P%_visitante,LLC_visitante,LLT_visitante,LL%_visitante,EN_visitante,BR_visitante,B/E_visitante,TO_visitante,FC_visitante,T/FC_visitante,ET_visitante,VI_visitante,EF_visitante
77,92,2012-04-27,1,4,2011-2012,Sesi Franca,Coop/São José Basketball,83.82051282051282,23.807692307692307,42.12820512820513,17.884615384615383,29.602564102564102,8.307692307692308,21.294871794871796,15.26923076923077,12.576923076923077,1.3766666666666663,7.935897435897436,21.743589743589745,36.75474358974359,21.064102564102566,40.76923076923077,51.99705128205128,17.884615384615383,23.192307692307693,77.35115384615384,0.8974358974358975,7.910256410256411,0.6928205128205126,2.3205128205128207,22.0,0.11320512820512821,12.576923076923077,1.435897435897436,88.61538461538461,80.3623188405797,26.52173913043478,38.0,15.840579710144928,30.72463768115942,9.44927536231884,21.27536231884058,16.10144927536232,13.956521739130435,1.2413043478260866,8.840579710144928,25.47826086956522,34.630869565217395,19.0,35.11594202898551,54.56753623188406,15.840579710144928,21.26086956521739,74.26840579710142,1.1014492753623188,6.884057971014493,0.5227536231884056,2.101449275362319,20.333333333333332,0.10753623188405796,13.956521739130435,1.0724637681159421,85.0
