placar_casa,placar_visitante,data,round,stage,ano,equipe_casa,equipe_visitante,Pts_casa,3P_casa,2P_casa,LL_casa,RT_casa,RO_casa,RD_casa,AS_casa,ER_casa,IA%_casa,3PC_casa,3PT_casa,3P%_casa,2PC_casa,2PT_casa,2P%_casa,LLC_casa,LLT_casa,LL%_casa,EN_casa,BR_casa,B/E_casa,TO_casa,FC_casa,T/FC_casa,ET_casa,VI_casa,EF_casa,Pts_visitante,3P_visitante,2P_visitante,LL_visitante,RT_visitante,RO_visitante,RD_visitante,AS_visitante,ER_visitante,IA%_visitante,3PC_visitante,3PT_visitante,3P%_visitante,2PC_visitante,2PT_visitante,2P%_visitante,LLC_visitante,LLT_visitante,LL%_visitante,EN_visitante,BR_visitante,B/E_visitante,TO_visitante,FC_visitante,T/FC_visitante,ET_visitante,VI_visitante,EF_visitante
80,99,2015-01-06,14,1,2014-2015,Mogi,Bauru Basket,78.52222222222223,34.733333333333334,39.0,17.72222222222222,35.111111111111114,11.3,23.81111111111111,13.777777777777779,14.733333333333333,1.0305555555555561,7.266666666666667,19.833333333333332,36.56100000000001,19.5,40.48888888888889,48.24822222222221,17.72222222222222,23.7,74.18155555555553,1.1333333333333333,8.266666666666667,0.5975555555555556,1.5,22.0,0.07244444444444444,14.733333333333333,2.988888888888889,85.96666666666667,82.14117647058823,33.15882352941176,40.576470588235296,14.794117647058824,32.241176470588236,9.852941176470589,22.388235294117646,14.470588235294118,11.205882352941176,1.4633529411764694,8.923529411764706,23.36470588235294,38.51364705882353,20.288235294117648,38.51176470588236,53.25723529411761,14.794117647058824,19.735294117647058,75.08411764705885,1.588235294117647,7.311764705882353,0.7321176470588234,1.8235294117647058,18.111764705882354,0.10494117647058826,11.205882352941176,1.8705882352941177,91.02941176470588
