placar_casa,placar_visitante,data,round,stage,ano,equipe_casa,equipe_visitante,Pts_casa,3P_casa,2P_casa,LL_casa,RT_casa,RO_casa,RD_casa,AS_casa,ER_casa,IA%_casa,3PC_casa,3PT_casa,3P%_casa,2PC_casa,2PT_casa,2P%_casa,LLC_casa,LLT_casa,LL%_casa,EN_casa,BR_casa,B/E_casa,TO_casa,FC_casa,T/FC_casa,ET_casa,VI_casa,EF_casa,Pts_visitante,3P_visitante,2P_visitante,LL_visitante,RT_visitante,RO_visitante,RD_visitante,AS_visitante,ER_visitante,IA%_visitante,3PC_visitante,3PT_visitante,3P%_visitante,2PC_visitante,2PT_visitante,2P%_visitante,LLC_visitante,LLT_visitante,LL%_visitante,EN_visitante,BR_visitante,B/E_visitante,TO_visitante,FC_visitante,T/FC_visitante,ET_visitante,VI_visitante,EF_visitante
97,84,2023-03-30,8,2,2022-2023,Coop/São José Basketball,São Paulo,80.11177018633542,28.111801242236027,40.45959627329192,14.866459627329192,33.6127950310559,9.475186335403727,24.13770186335404,17.308447204968942,13.81363354037267,1.3590993788819878,8.26192546583851,24.019627329192545,34.50801242236025,20.229844720496896,37.75773291925466,53.75577639751554,14.866459627329192,19.619068322981366,75.1335714285714,0.9565527950310558,7.147018633540373,0.5477639751552795,2.156335403726708,19.96276397515528,0.11568322981366463,13.81363354037267,2.121149068322981,89.4192546583851,86.48469230769231,33.11538461538461,39.41523076923077,13.953615384615386,38.06176923076924,9.061384615384613,28.99992307692307,18.03853846153846,11.830846153846155,1.6141538461538467,11.038461538461535,30.04615384615385,36.61730769230769,19.707846153846155,34.39230769230769,57.414000000000016,13.953615384615386,18.568923076923078,75.34207692307692,2.1615384615384614,6.684615384615386,0.587461538461538,2.530692307692308,17.530923076923074,0.15192307692307683,11.830846153846155,1.9385384615384615,101.65384615384616
