placar_casa,placar_visitante,data,round,stage,ano,equipe_casa,equipe_visitante,Pts_casa,3P_casa,2P_casa,LL_casa,RT_casa,RO_casa,RD_casa,AS_casa,ER_casa,IA%_casa,3PC_casa,3PT_casa,3P%_casa,2PC_casa,2PT_casa,2P%_casa,LLC_casa,LLT_casa,LL%_casa,EN_casa,BR_casa,B/E_casa,TO_casa,FC_casa,T/FC_casa,ET_casa,VI_casa,EF_casa,Pts_visitante,3P_visitante,2P_visitante,LL_visitante,RT_visitante,RO_visitante,RD_visitante,AS_visitante,ER_visitante,IA%_visitante,3PC_visitante,3PT_visitante,3P%_visitante,2PC_visitante,2PT_visitante,2P%_visitante,LLC_visitante,LLT_visitante,LL%_visitante,EN_visitante,BR_visitante,B/E_visitante,TO_visitante,FC_visitante,T/FC_visitante,ET_visitante,VI_visitante,EF_visitante
64,86,2020-12-03,4,1,2020-2021,Pato Basquete,Sesi Franca,71.13333333333334,20.2,36.733333333333334,14.2,35.00033333333333,11.033333333333333,23.966999999999995,16.499666666666666,14.499666666666664,1.199333333333333,6.733666666666665,22.566666666666666,30.118999999999986,18.366666666666667,40.40033333333334,45.32833333333334,14.2,19.633333333333333,72.34133333333331,1.1666666666666667,6.9336666666666655,0.4926666666666668,1.8670000000000002,22.133333333333333,0.08499999999999998,14.499666666666664,3.133666666666667,73.6,80.90233727810653,28.562130177514792,41.04733727810651,15.934881656804732,32.79591715976331,9.162751479289941,23.633165680473372,15.440769230769229,13.523698224852073,1.263491124260354,7.973343195266271,22.165739644970415,35.72130177514796,20.523668639053255,38.671568047337274,53.47405325443783,15.934881656804732,21.310650887573964,74.59473372781059,1.872721893491125,8.1805325443787,0.6528698224852073,2.5561834319526633,20.565147928994083,0.13041420118343192,13.523698224852073,2.2455621301775146,89.7396153846154
