placar_casa,placar_visitante,data,round,stage,ano,equipe_casa,equipe_visitante,Pts_casa,3P_casa,2P_casa,LL_casa,RT_casa,RO_casa,RD_casa,AS_casa,ER_casa,IA%_casa,3PC_casa,3PT_casa,3P%_casa,2PC_casa,2PT_casa,2P%_casa,LLC_casa,LLT_casa,LL%_casa,EN_casa,BR_casa,B/E_casa,TO_casa,FC_casa,T/FC_casa,ET_casa,VI_casa,EF_casa,Pts_visitante,3P_visitante,2P_visitante,LL_visitante,RT_visitante,RO_visitante,RD_visitante,AS_visitante,ER_visitante,IA%_visitante,3PC_visitante,3PT_visitante,3P%_visitante,2PC_visitante,2PT_visitante,2P%_visitante,LLC_visitante,LLT_visitante,LL%_visitante,EN_visitante,BR_visitante,B/E_visitante,TO_visitante,FC_visitante,T/FC_visitante,ET_visitante,VI_visitante,EF_visitante
108,99,2020-11-21,2,1,2020-2021,Minas,UNIFACISA,78.86382059800663,26.008305647840533,41.70106312292359,15.230863787375414,34.0449169435216,9.966710963455148,24.07810631229236,15.936843853820598,14.204252491694351,1.2094019933554827,7.3106976744186065,21.608006644518273,33.93172757475083,20.850431893687706,39.61624584717608,52.72574750830563,15.230863787375414,20.67611295681063,73.35936877076404,1.5016611295681064,7.848837209302325,0.5895348837209298,2.370431893687708,21.558205980066447,0.11538205980066461,14.204252491694351,2.59295681063123,87.24255813953486,83.02096774193548,29.774193548387096,39.914516129032265,13.333870967741937,37.54838709677419,10.343548387096773,27.204838709677418,18.269354838709674,12.633870967741935,1.515483870967742,9.924193548387096,28.516451612903225,34.70516129032258,19.95645161290323,37.62354838709678,53.18354838709678,13.333870967741937,17.494516129032256,75.49580645161289,1.8274193548387094,6.870967741935484,0.5703225806451612,2.462903225806452,20.075806451612902,0.12709677419354837,12.633870967741935,2.0964516129032256,95.05354838709677
