placar_casa,placar_visitante,data,round,stage,ano,equipe_casa,equipe_visitante,Pts_casa,3P_casa,2P_casa,LL_casa,RT_casa,RO_casa,RD_casa,AS_casa,ER_casa,IA%_casa,3PC_casa,3PT_casa,3P%_casa,2PC_casa,2PT_casa,2P%_casa,LLC_casa,LLT_casa,LL%_casa,EN_casa,BR_casa,B/E_casa,TO_casa,FC_casa,T/FC_casa,ET_casa,VI_casa,EF_casa,Pts_visitante,3P_visitante,2P_visitante,LL_visitante,RT_visitante,RO_visitante,RD_visitante,AS_visitante,ER_visitante,IA%_visitante,3PC_visitante,3PT_visitante,3P%_visitante,2PC_visitante,2PT_visitante,2P%_visitante,LLC_visitante,LLT_visitante,LL%_visitante,EN_visitante,BR_visitante,B/E_visitante,TO_visitante,FC_visitante,T/FC_visitante,ET_visitante,VI_visitante,EF_visitante
80,72,2019-03-12,10,2,2018-2019,Flamengo,Bauru Basket,87.66122580645164,31.393548387096775,43.63864516129032,16.751612903225805,35.464451612903225,9.632322580645162,25.83232258064516,17.04193548387097,12.390322580645162,1.5195806451612897,9.09032258064516,24.300032258064515,37.586612903225806,21.81941935483871,38.88706451612903,56.32467741935482,16.751612903225805,21.967741935483872,76.1608064516129,1.7193548387096773,8.31932258064516,0.7367741935483872,1.883935483870967,19.674225806451613,0.09929032258064512,12.390322580645162,1.848322580645162,101.65806451612903,82.76228013029312,32.12052117263843,38.74267100977199,15.43654723127036,34.469055374592834,9.625472312703584,24.84368078175896,15.817524429967426,12.081400651465797,1.4492182410423438,9.527654723127036,25.53742671009772,37.60335504885994,19.371335504885995,36.08472312703583,54.18583061889243,15.43654723127036,20.52768729641694,75.29328990228008,1.3974592833876225,7.566807817589577,0.6904234527687289,1.8110749185667752,18.892475570032573,0.09899022801302924,12.081400651465797,2.231302931596091,93.54723127035831
