placar_casa,placar_visitante,data,round,stage,ano,equipe_casa,equipe_visitante,Pts_casa,3P_casa,2P_casa,LL_casa,RT_casa,RO_casa,RD_casa,AS_casa,ER_casa,IA%_casa,3PC_casa,3PT_casa,3P%_casa,2PC_casa,2PT_casa,2P%_casa,LLC_casa,LLT_casa,LL%_casa,EN_casa,BR_casa,B/E_casa,TO_casa,FC_casa,T/FC_casa,ET_casa,VI_casa,EF_casa,Pts_visitante,3P_visitante,2P_visitante,LL_visitante,RT_visitante,RO_visitante,RD_visitante,AS_visitante,ER_visitante,IA%_visitante,3PC_visitante,3PT_visitante,3P%_visitante,2PC_visitante,2PT_visitante,2P%_visitante,LLC_visitante,LLT_visitante,LL%_visitante,EN_visitante,BR_visitante,B/E_visitante,TO_visitante,FC_visitante,T/FC_visitante,ET_visitante,VI_visitante,EF_visitante
70,76,2009-05-01,12,2,2008-2009,Paulistano,Sesi Franca,76.33333333333333,21.5,39.583333333333336,15.25,31.291666666666668,10.583333333333334,20.708333333333332,14.291666666666666,16.833333333333332,0.95125,7.166666666666667,22.166666666666668,33.1375,19.791666666666668,37.791666666666664,52.22624999999999,15.25,21.833333333333332,69.82166666666667,0.9583333333333334,8.0,0.5095833333333334,3.0,23.0,0.13499999999999998,16.833333333333332,0.0,76.5,84.04166666666667,21.5,45.333333333333336,17.208333333333332,30.791666666666668,9.291666666666666,21.5,16.25,12.791666666666666,1.3558333333333332,7.166666666666667,20.833333333333332,35.522083333333335,22.666666666666668,44.166666666666664,51.495416666666664,17.208333333333332,22.833333333333332,75.2725,1.0416666666666667,8.791666666666666,0.7216666666666667,2.2083333333333335,22.041666666666668,0.10791666666666666,12.791666666666666,0.0,88.5
