placar_casa,placar_visitante,data,round,stage,ano,equipe_casa,equipe_visitante,Pts_casa,3P_casa,2P_casa,LL_casa,RT_casa,RO_casa,RD_casa,AS_casa,ER_casa,IA%_casa,3PC_casa,3PT_casa,3P%_casa,2PC_casa,2PT_casa,2P%_casa,LLC_casa,LLT_casa,LL%_casa,EN_casa,BR_casa,B/E_casa,TO_casa,FC_casa,T/FC_casa,ET_casa,VI_casa,EF_casa,Pts_visitante,3P_visitante,2P_visitante,LL_visitante,RT_visitante,RO_visitante,RD_visitante,AS_visitante,ER_visitante,IA%_visitante,3PC_visitante,3PT_visitante,3P%_visitante,2PC_visitante,2PT_visitante,2P%_visitante,LLC_visitante,LLT_visitante,LL%_visitante,EN_visitante,BR_visitante,B/E_visitante,TO_visitante,FC_visitante,T/FC_visitante,ET_visitante,VI_visitante,EF_visitante
90,73,2014-03-27,12,2,2013-2014,Palmeiras,Pinheiros,78.55555555555556,36.904761904761905,41.46031746031746,15.333333333333334,32.61904761904762,10.301587301587302,22.317460317460316,13.0,13.412698412698413,1.112698412698413,7.253968253968254,21.746031746031747,33.58730158730159,20.73015873015873,41.41269841269841,50.40301587301589,15.333333333333334,22.253968253968253,68.48301587301587,2.015873015873016,8.698412698412698,0.7195238095238093,1.9365079365079365,21.49206349206349,0.09142857142857141,13.412698412698413,2.984126984126984,83.92063492063492,85.70779220779221,32.96103896103896,40.506493506493506,16.603896103896105,30.564935064935064,7.941558441558442,22.623376623376622,15.642857142857142,12.7987012987013,1.3199350649350654,9.532467532467532,24.694805194805195,38.709740259740244,20.253246753246753,36.188311688311686,56.24233766233766,16.603896103896105,22.123376623376622,74.80954545454541,2.279220779220779,7.5,0.6226623376623376,2.564935064935065,19.649350649350648,0.13720779220779217,12.7987012987013,1.922077922077922,95.1038961038961
