placar_casa,placar_visitante,data,round,stage,ano,equipe_casa,equipe_visitante,Pts_casa,3P_casa,2P_casa,LL_casa,RT_casa,RO_casa,RD_casa,AS_casa,ER_casa,IA%_casa,3PC_casa,3PT_casa,3P%_casa,2PC_casa,2PT_casa,2P%_casa,LLC_casa,LLT_casa,LL%_casa,EN_casa,BR_casa,B/E_casa,TO_casa,FC_casa,T/FC_casa,ET_casa,VI_casa,EF_casa,Pts_visitante,3P_visitante,2P_visitante,LL_visitante,RT_visitante,RO_visitante,RD_visitante,AS_visitante,ER_visitante,IA%_visitante,3PC_visitante,3PT_visitante,3P%_visitante,2PC_visitante,2PT_visitante,2P%_visitante,LLC_visitante,LLT_visitante,LL%_visitante,EN_visitante,BR_visitante,B/E_visitante,TO_visitante,FC_visitante,T/FC_visitante,ET_visitante,VI_visitante,EF_visitante
80,108,2020-01-17,1,2,2019-2020,Coop/São José Basketball,Bauru Basket,79.56024822695038,28.20744680851064,39.96095744680851,15.189716312056738,33.390035460992905,9.407836879432624,23.982304964539008,16.815567375886523,14.015921985815602,1.2953546099290782,8.136560283687944,23.71095744680851,34.438120567375904,19.980531914893618,37.56024822695036,53.39351063829787,15.189716312056738,19.984078014184398,75.43407801418434,0.8723758865248226,7.212801418439717,0.542765957446808,2.1596099290780137,20.0018085106383,0.11578014184397158,14.015921985815602,2.161382978723404,88.24468085106383,82.38444444444441,31.64864864864865,38.75675675675676,15.240300300300301,34.471471471471475,9.606666666666667,24.864894894894896,15.876816816816815,12.195165165165164,1.4361561561561547,9.462432432432431,25.678648648648647,37.15345345345348,19.37837837837838,36.045075075075076,54.22516516516512,15.240300300300301,20.34234234234234,75.00597597597596,1.3694294294294298,7.633663663663664,0.6854954954954947,1.7837837837837838,18.96093093093093,0.09720720720720716,12.195165165165164,2.18021021021021,92.90390390390391
