placar_casa,placar_visitante,data,round,stage,ano,equipe_casa,equipe_visitante,Pts_casa,3P_casa,2P_casa,LL_casa,RT_casa,RO_casa,RD_casa,AS_casa,ER_casa,IA%_casa,3PC_casa,3PT_casa,3P%_casa,2PC_casa,2PT_casa,2P%_casa,LLC_casa,LLT_casa,LL%_casa,EN_casa,BR_casa,B/E_casa,TO_casa,FC_casa,T/FC_casa,ET_casa,VI_casa,EF_casa,Pts_visitante,3P_visitante,2P_visitante,LL_visitante,RT_visitante,RO_visitante,RD_visitante,AS_visitante,ER_visitante,IA%_visitante,3PC_visitante,3PT_visitante,3P%_visitante,2PC_visitante,2PT_visitante,2P%_visitante,LLC_visitante,LLT_visitante,LL%_visitante,EN_visitante,BR_visitante,B/E_visitante,TO_visitante,FC_visitante,T/FC_visitante,ET_visitante,VI_visitante,EF_visitante
77,65,2020-12-21,7,1,2020-2021,São Paulo,UNIFACISA,90.78405405405405,35.75675675675676,39.729729729729726,15.296756756756757,40.83810810810811,10.864864864864865,29.973243243243235,19.16189189189189,11.838108108108107,1.7010810810810806,11.91891891891892,31.59432432432433,37.846486486486484,19.864864864864863,34.783783783783775,57.23432432432431,15.296756756756757,20.32351351351352,75.67054054054056,2.8916216216216215,6.053783783783786,0.5362162162162161,2.8105405405405404,17.567837837837835,0.1627027027027027,11.838108108108107,1.9464864864864868,108.16216216216216,83.89394736842104,29.92105263157895,40.895,13.079473684210528,38.02605263157894,10.525526315789472,27.50052631578947,17.868684210526315,12.683947368421054,1.467105263157895,9.972894736842102,28.158157894736842,35.35921052631578,20.447105263157894,38.26289473684211,53.53973684210526,13.079473684210528,17.236842105263154,75.14210526315787,1.736578947368421,6.894473684210527,0.5652631578947367,2.342894736842106,20.211052631578944,0.11973684210526316,12.683947368421054,2.0789473684210527,96.13131578947367
