placar_casa,placar_visitante,data,round,stage,ano,equipe_casa,equipe_visitante,Pts_casa,3P_casa,2P_casa,LL_casa,RT_casa,RO_casa,RD_casa,AS_casa,ER_casa,IA%_casa,3PC_casa,3PT_casa,3P%_casa,2PC_casa,2PT_casa,2P%_casa,LLC_casa,LLT_casa,LL%_casa,EN_casa,BR_casa,B/E_casa,TO_casa,FC_casa,T/FC_casa,ET_casa,VI_casa,EF_casa,Pts_visitante,3P_visitante,2P_visitante,LL_visitante,RT_visitante,RO_visitante,RD_visitante,AS_visitante,ER_visitante,IA%_visitante,3PC_visitante,3PT_visitante,3P%_visitante,2PC_visitante,2PT_visitante,2P%_visitante,LLC_visitante,LLT_visitante,LL%_visitante,EN_visitante,BR_visitante,B/E_visitante,TO_visitante,FC_visitante,T/FC_visitante,ET_visitante,VI_visitante,EF_visitante
82,80,2017-04-11,2,3,2016-2017,Vitória,VipTech CMB,73.68333333333334,19.95,38.666666666666664,15.066666666666666,35.81666666666667,10.516666666666667,25.3,14.35,15.0,1.0298333333333334,6.65,21.75,30.903666666666663,19.333333333333332,39.86666666666667,48.892166666666675,15.066666666666666,20.75,72.34666666666666,1.3333333333333333,9.316666666666666,0.656,1.65,20.783333333333335,0.08333333333333331,15.0,3.683333333333333,78.45,75.96551724137932,26.896551724137932,33.51724137931034,15.551724137931034,36.206896551724135,10.89655172413793,25.310344827586206,14.551724137931034,13.689655172413794,1.1617241379310346,8.96551724137931,26.79310344827586,33.501379310344824,16.75862068965517,36.58620689655172,46.04034482758621,15.551724137931034,21.24137931034483,72.55,1.0344827586206897,7.655172413793103,0.5993103448275862,2.3793103448275863,20.551724137931036,0.12068965517241376,13.689655172413794,3.0,79.72413793103448
