placar_casa,placar_visitante,data,round,stage,ano,equipe_casa,equipe_visitante,Pts_casa,3P_casa,2P_casa,LL_casa,RT_casa,RO_casa,RD_casa,AS_casa,ER_casa,IA%_casa,3PC_casa,3PT_casa,3P%_casa,2PC_casa,2PT_casa,2P%_casa,LLC_casa,LLT_casa,LL%_casa,EN_casa,BR_casa,B/E_casa,TO_casa,FC_casa,T/FC_casa,ET_casa,VI_casa,EF_casa,Pts_visitante,3P_visitante,2P_visitante,LL_visitante,RT_visitante,RO_visitante,RD_visitante,AS_visitante,ER_visitante,IA%_visitante,3PC_visitante,3PT_visitante,3P%_visitante,2PC_visitante,2PT_visitante,2P%_visitante,LLC_visitante,LLT_visitante,LL%_visitante,EN_visitante,BR_visitante,B/E_visitante,TO_visitante,FC_visitante,T/FC_visitante,ET_visitante,VI_visitante,EF_visitante
72,76,2017-05-20,4,5,2016-2017,Pinheiros,Bauru Basket,84.12087912087912,28.802197802197803,41.13553113553114,16.644688644688646,33.282051282051285,9.256410256410257,24.025641025641026,15.619047619047619,13.296703296703297,1.2607692307692309,8.780219780219781,23.692307692307693,37.09109890109888,20.56776556776557,38.362637362637365,54.072051282051305,16.644688644688646,22.186813186813186,74.96311355311349,2.0842490842490844,8.19047619047619,0.6497435897435894,2.619047619047619,20.21978021978022,0.1360439560439559,13.296703296703297,2.326007326007326,93.71794871794872,83.26164874551971,32.634408602150536,39.03942652329749,15.480286738351255,34.2652329749104,9.709677419354838,24.555555555555557,15.727598566308243,11.946236559139784,1.4634767025089594,9.580645161290322,25.483870967741936,37.88953405017922,19.519713261648747,36.31182795698925,54.33010752688167,15.480286738351255,20.537634408602152,75.46157706093187,1.4157706093189963,7.670250896057348,0.7090322580645155,1.7813620071684588,18.584229390681003,0.09953405017921142,11.946236559139784,2.175627240143369,94.13620071684588
