placar_casa,placar_visitante,data,round,stage,ano,equipe_casa,equipe_visitante,Pts_casa,3P_casa,2P_casa,LL_casa,RT_casa,RO_casa,RD_casa,AS_casa,ER_casa,IA%_casa,3PC_casa,3PT_casa,3P%_casa,2PC_casa,2PT_casa,2P%_casa,LLC_casa,LLT_casa,LL%_casa,EN_casa,BR_casa,B/E_casa,TO_casa,FC_casa,T/FC_casa,ET_casa,VI_casa,EF_casa,Pts_visitante,3P_visitante,2P_visitante,LL_visitante,RT_visitante,RO_visitante,RD_visitante,AS_visitante,ER_visitante,IA%_visitante,3PC_visitante,3PT_visitante,3P%_visitante,2PC_visitante,2PT_visitante,2P%_visitante,LLC_visitante,LLT_visitante,LL%_visitante,EN_visitante,BR_visitante,B/E_visitante,TO_visitante,FC_visitante,T/FC_visitante,ET_visitante,VI_visitante,EF_visitante
75,66,2013-03-16,12,2,2012-2013,Mogi,Minas,75.03571428571429,57.75,38.5,17.571428571428573,31.892857142857142,9.321428571428571,22.571428571428573,12.178571428571429,15.035714285714286,0.9328571428571426,6.321428571428571,18.857142857142858,33.82785714285715,19.25,41.357142857142854,47.0525,17.571428571428573,23.964285714285715,72.8725,0.42857142857142855,5.571428571428571,0.4128571428571429,1.25,23.25,0.057857142857142864,15.035714285714286,3.0,79.25,84.57692307692308,33.86538461538461,45.73076923076923,16.548076923076923,31.51923076923077,9.307692307692308,22.21153846153846,15.990384615384615,14.192307692307692,1.219326923076923,7.4326923076923075,20.307692307692307,36.44721153846155,22.865384615384617,41.06730769230769,55.89663461538463,16.548076923076923,21.576923076923077,76.60586538461536,1.0288461538461537,6.990384615384615,0.5274038461538462,2.5384615384615383,20.442307692307693,0.1313461538461539,14.192307692307692,1.8173076923076923,93.86538461538461
