placar_casa,placar_visitante,data,round,stage,ano,equipe_casa,equipe_visitante,Pts_casa,3P_casa,2P_casa,LL_casa,RT_casa,RO_casa,RD_casa,AS_casa,ER_casa,IA%_casa,3PC_casa,3PT_casa,3P%_casa,2PC_casa,2PT_casa,2P%_casa,LLC_casa,LLT_casa,LL%_casa,EN_casa,BR_casa,B/E_casa,TO_casa,FC_casa,T/FC_casa,ET_casa,VI_casa,EF_casa,Pts_visitante,3P_visitante,2P_visitante,LL_visitante,RT_visitante,RO_visitante,RD_visitante,AS_visitante,ER_visitante,IA%_visitante,3PC_visitante,3PT_visitante,3P%_visitante,2PC_visitante,2PT_visitante,2P%_visitante,LLC_visitante,LLT_visitante,LL%_visitante,EN_visitante,BR_visitante,B/E_visitante,TO_visitante,FC_visitante,T/FC_visitante,ET_visitante,VI_visitante,EF_visitante
82,92,2023-12-21,10,1,2023-2024,União Corinthians,Corinthians,72.93333333333334,25.4,34.266666666666666,13.266666666666667,36.333333333333336,9.066666666666666,27.266666666666666,14.933333333333334,13.866666666666667,1.1006666666666667,8.466666666666667,26.066666666666666,33.158,17.133333333333333,34.666666666666664,49.46866666666666,13.266666666666667,18.333333333333332,71.49133333333333,0.6666666666666666,5.4,0.38733333333333336,2.0,20.866666666666667,0.09666666666666668,13.866666666666667,2.466666666666667,77.53333333333333,80.26666666666667,25.7,40.8,13.766666666666667,39.266666666666666,10.866666666666667,28.4,16.866666666666667,11.566666666666666,1.6066666666666667,8.566666666666666,27.766666666666666,30.49,20.4,37.666666666666664,54.34066666666666,13.766666666666667,18.833333333333332,73.36666666666669,1.7333333333333334,5.233333333333333,0.4746666666666667,1.9666666666666666,17.933333333333334,0.11600000000000002,11.566666666666666,2.1,90.5
