placar_casa,placar_visitante,data,round,stage,ano,equipe_casa,equipe_visitante,Pts_casa,3P_casa,2P_casa,LL_casa,RT_casa,RO_casa,RD_casa,AS_casa,ER_casa,IA%_casa,3PC_casa,3PT_casa,3P%_casa,2PC_casa,2PT_casa,2P%_casa,LLC_casa,LLT_casa,LL%_casa,EN_casa,BR_casa,B/E_casa,TO_casa,FC_casa,T/FC_casa,ET_casa,VI_casa,EF_casa,Pts_visitante,3P_visitante,2P_visitante,LL_visitante,RT_visitante,RO_visitante,RD_visitante,AS_visitante,ER_visitante,IA%_visitante,3PC_visitante,3PT_visitante,3P%_visitante,2PC_visitante,2PT_visitante,2P%_visitante,LLC_visitante,LLT_visitante,LL%_visitante,EN_visitante,BR_visitante,B/E_visitante,TO_visitante,FC_visitante,T/FC_visitante,ET_visitante,VI_visitante,EF_visitante
81,111,2022-12-08,8,1,2022-2023,Fortaleza B. C. / CFO,São Paulo,71.2,19.0,42.93333333333333,9.266666666666667,41.666666666666664,12.4,29.266666666666666,13.666666666666666,13.866666666666667,1.034,6.333333333333333,25.466666666666665,24.569333333333326,21.466666666666665,42.333333333333336,50.80333333333333,9.266666666666667,17.733333333333334,54.010666666666665,1.6,8.133333333333333,0.6113333333333333,2.6666666666666665,21.0,0.12933333333333336,13.866666666666667,2.6,75.0,83.46666666666667,32.4,38.666666666666664,12.4,36.53333333333333,8.2,28.333333333333332,16.6,11.2,1.544,10.8,30.2,35.75933333333333,19.333333333333332,34.266666666666666,56.79933333333334,12.4,16.866666666666667,73.89733333333334,0.9333333333333333,6.933333333333334,0.6246666666666666,1.8,18.333333333333332,0.11600000000000005,11.2,1.8,95.33333333333333
