placar_casa,placar_visitante,data,round,stage,ano,equipe_casa,equipe_visitante,Pts_casa,3P_casa,2P_casa,LL_casa,RT_casa,RO_casa,RD_casa,AS_casa,ER_casa,IA%_casa,3PC_casa,3PT_casa,3P%_casa,2PC_casa,2PT_casa,2P%_casa,LLC_casa,LLT_casa,LL%_casa,EN_casa,BR_casa,B/E_casa,TO_casa,FC_casa,T/FC_casa,ET_casa,VI_casa,EF_casa,Pts_visitante,3P_visitante,2P_visitante,LL_visitante,RT_visitante,RO_visitante,RD_visitante,AS_visitante,ER_visitante,IA%_visitante,3PC_visitante,3PT_visitante,3P%_visitante,2PC_visitante,2PT_visitante,2P%_visitante,LLC_visitante,LLT_visitante,LL%_visitante,EN_visitante,BR_visitante,B/E_visitante,TO_visitante,FC_visitante,T/FC_visitante,ET_visitante,VI_visitante,EF_visitante
66,63,2022-11-25,6,1,2022-2023,Caxias do Sul Basquete,Paulistano,69.26666666666667,24.8,34.2,10.266666666666667,34.266666666666666,8.8,25.466666666666665,13.033333333333333,12.966666666666667,1.0606666666666669,8.266666666666667,27.1,30.821333333333328,17.1,35.06666666666667,48.51466666666667,10.266666666666667,14.833333333333334,68.494,0.36666666666666664,7.1,0.5666666666666667,1.9,19.1,0.10533333333333333,12.966666666666667,2.2,71.23333333333333,71.26666666666667,22.2,37.666666666666664,11.4,37.4,13.266666666666667,24.133333333333333,15.766666666666667,11.633333333333333,1.5759999999999998,7.4,25.2,30.093333333333337,18.833333333333332,40.63333333333333,47.346,11.4,15.333333333333334,73.62333333333332,1.7,7.5,0.7973333333333333,2.3666666666666667,19.1,0.12733333333333333,11.633333333333333,1.7666666666666666,79.13333333333334
