placar_casa,placar_visitante,data,round,stage,ano,equipe_casa,equipe_visitante,Pts_casa,3P_casa,2P_casa,LL_casa,RT_casa,RO_casa,RD_casa,AS_casa,ER_casa,IA%_casa,3PC_casa,3PT_casa,3P%_casa,2PC_casa,2PT_casa,2P%_casa,LLC_casa,LLT_casa,LL%_casa,EN_casa,BR_casa,B/E_casa,TO_casa,FC_casa,T/FC_casa,ET_casa,VI_casa,EF_casa,Pts_visitante,3P_visitante,2P_visitante,LL_visitante,RT_visitante,RO_visitante,RD_visitante,AS_visitante,ER_visitante,IA%_visitante,3PC_visitante,3PT_visitante,3P%_visitante,2PC_visitante,2PT_visitante,2P%_visitante,LLC_visitante,LLT_visitante,LL%_visitante,EN_visitante,BR_visitante,B/E_visitante,TO_visitante,FC_visitante,T/FC_visitante,ET_visitante,VI_visitante,EF_visitante
89,96,2022-12-17,9,1,2022-2023,BRB/Brasília,São Paulo,75.83333333333333,28.4,36.06666666666667,11.366666666666667,36.93333333333333,9.5,27.433333333333334,15.9,14.766666666666667,1.144,9.466666666666667,28.233333333333334,34.096666666666664,18.033333333333335,34.96666666666667,51.43333333333333,11.366666666666667,17.433333333333334,66.46133333333333,1.6,5.3,0.39133333333333337,0.7,18.9,0.03866666666666666,14.766666666666667,2.966666666666667,78.13333333333334,85.13333333333334,33.6,38.0,13.533333333333333,36.2,8.1,28.1,16.6,11.6,1.468,11.2,30.566666666666666,36.69266666666667,19.0,33.86666666666667,56.525999999999996,13.533333333333333,18.2,74.75933333333334,0.5666666666666667,7.166666666666667,0.6273333333333334,1.4,20.366666666666667,0.066,11.6,1.8666666666666667,96.0
