placar_casa,placar_visitante,data,round,stage,ano,equipe_casa,equipe_visitante,Pts_casa,3P_casa,2P_casa,LL_casa,RT_casa,RO_casa,RD_casa,AS_casa,ER_casa,IA%_casa,3PC_casa,3PT_casa,3P%_casa,2PC_casa,2PT_casa,2P%_casa,LLC_casa,LLT_casa,LL%_casa,EN_casa,BR_casa,B/E_casa,TO_casa,FC_casa,T/FC_casa,ET_casa,VI_casa,EF_casa,Pts_visitante,3P_visitante,2P_visitante,LL_visitante,RT_visitante,RO_visitante,RD_visitante,AS_visitante,ER_visitante,IA%_visitante,3PC_visitante,3PT_visitante,3P%_visitante,2PC_visitante,2PT_visitante,2P%_visitante,LLC_visitante,LLT_visitante,LL%_visitante,EN_visitante,BR_visitante,B/E_visitante,TO_visitante,FC_visitante,T/FC_visitante,ET_visitante,VI_visitante,EF_visitante
73,62,2014-01-25,2,2,2013-2014,Minas,Espírito Santo,70.2,15.2,39.86666666666667,15.133333333333333,31.333333333333332,7.533333333333333,23.8,13.866666666666667,13.266666666666667,1.114666666666667,5.066666666666666,16.0,31.986666666666665,19.933333333333334,39.733333333333334,50.48133333333333,15.133333333333333,21.0,73.01266666666668,1.7333333333333334,9.066666666666666,0.7086666666666666,2.4,23.533333333333335,0.10600000000000002,13.266666666666667,2.6666666666666665,77.0,69.46666666666667,25.0,32.53333333333333,11.933333333333334,28.8,9.133333333333333,19.666666666666668,11.666666666666666,13.133333333333333,1.004,8.333333333333334,24.6,33.97,16.266666666666666,34.06666666666667,48.194,11.933333333333334,16.333333333333332,74.25866666666667,1.3333333333333333,7.6,0.6460000000000001,0.9333333333333333,18.933333333333334,0.05000000000000001,13.133333333333333,3.0,66.86666666666666
