placar_casa,placar_visitante,data,round,stage,ano,equipe_casa,equipe_visitante,Pts_casa,3P_casa,2P_casa,LL_casa,RT_casa,RO_casa,RD_casa,AS_casa,ER_casa,IA%_casa,3PC_casa,3PT_casa,3P%_casa,2PC_casa,2PT_casa,2P%_casa,LLC_casa,LLT_casa,LL%_casa,EN_casa,BR_casa,B/E_casa,TO_casa,FC_casa,T/FC_casa,ET_casa,VI_casa,EF_casa,Pts_visitante,3P_visitante,2P_visitante,LL_visitante,RT_visitante,RO_visitante,RD_visitante,AS_visitante,ER_visitante,IA%_visitante,3PC_visitante,3PT_visitante,3P%_visitante,2PC_visitante,2PT_visitante,2P%_visitante,LLC_visitante,LLT_visitante,LL%_visitante,EN_visitante,BR_visitante,B/E_visitante,TO_visitante,FC_visitante,T/FC_visitante,ET_visitante,VI_visitante,EF_visitante
70,83,2015-12-02,7,1,2015-2016,Caxias do Sul Basquete,Paulistano,65.16666666666667,16.0,34.666666666666664,14.5,33.333333333333336,9.333333333333334,24.0,12.666666666666666,14.5,1.0516666666666667,5.333333333333333,24.0,22.215,17.333333333333332,36.833333333333336,46.61500000000001,14.5,21.333333333333332,66.16166666666668,0.5,12.5,1.0066666666666666,1.5,24.833333333333332,0.055,14.5,3.8333333333333335,65.66666666666667,79.73333333333333,23.0,43.46666666666667,13.266666666666667,38.86666666666667,12.333333333333334,26.533333333333335,13.666666666666666,12.866666666666667,1.226,7.666666666666667,21.466666666666665,35.284,21.733333333333334,44.53333333333333,48.862,13.266666666666667,17.666666666666668,75.23799999999999,1.3333333333333333,8.866666666666667,0.7506666666666668,1.1333333333333333,19.133333333333333,0.061999999999999986,12.866666666666667,3.8666666666666667,88.4
