placar_casa,placar_visitante,data,round,stage,ano,equipe_casa,equipe_visitante,Pts_casa,3P_casa,2P_casa,LL_casa,RT_casa,RO_casa,RD_casa,AS_casa,ER_casa,IA%_casa,3PC_casa,3PT_casa,3P%_casa,2PC_casa,2PT_casa,2P%_casa,LLC_casa,LLT_casa,LL%_casa,EN_casa,BR_casa,B/E_casa,TO_casa,FC_casa,T/FC_casa,ET_casa,VI_casa,EF_casa,Pts_visitante,3P_visitante,2P_visitante,LL_visitante,RT_visitante,RO_visitante,RD_visitante,AS_visitante,ER_visitante,IA%_visitante,3PC_visitante,3PT_visitante,3P%_visitante,2PC_visitante,2PT_visitante,2P%_visitante,LLC_visitante,LLT_visitante,LL%_visitante,EN_visitante,BR_visitante,B/E_visitante,TO_visitante,FC_visitante,T/FC_visitante,ET_visitante,VI_visitante,EF_visitante
68,77,2015-12-09,9,1,2015-2016,Rio Claro,Fortaleza B. C. / CFO,79.53333333333333,24.6,40.53333333333333,14.4,31.066666666666666,9.0,22.066666666666666,17.266666666666666,14.6,1.2966666666666666,8.2,22.533333333333335,36.28333333333333,20.266666666666666,37.8,53.75533333333333,14.4,19.666666666666668,72.13666666666668,2.0,11.0,0.8053333333333335,2.2,21.733333333333334,0.10133333333333332,14.6,4.066666666666666,89.33333333333333,80.26666666666667,27.0,39.86666666666667,13.4,35.13333333333333,11.2,23.933333333333334,12.2,14.466666666666667,0.8926666666666666,9.0,26.4,34.254,19.933333333333334,37.46666666666667,53.54200000000001,13.4,19.533333333333335,68.25733333333334,1.5333333333333334,9.066666666666666,0.6413333333333334,2.6666666666666665,20.6,0.13000000000000003,14.466666666666667,2.8,83.8
