placar_casa,placar_visitante,data,round,stage,ano,equipe_casa,equipe_visitante,Pts_casa,3P_casa,2P_casa,LL_casa,RT_casa,RO_casa,RD_casa,AS_casa,ER_casa,IA%_casa,3PC_casa,3PT_casa,3P%_casa,2PC_casa,2PT_casa,2P%_casa,LLC_casa,LLT_casa,LL%_casa,EN_casa,BR_casa,B/E_casa,TO_casa,FC_casa,T/FC_casa,ET_casa,VI_casa,EF_casa,Pts_visitante,3P_visitante,2P_visitante,LL_visitante,RT_visitante,RO_visitante,RD_visitante,AS_visitante,ER_visitante,IA%_visitante,3PC_visitante,3PT_visitante,3P%_visitante,2PC_visitante,2PT_visitante,2P%_visitante,LLC_visitante,LLT_visitante,LL%_visitante,EN_visitante,BR_visitante,B/E_visitante,TO_visitante,FC_visitante,T/FC_visitante,ET_visitante,VI_visitante,EF_visitante
80,77,2015-12-19,13,1,2015-2016,Paulistano,Bauru Basket,80.8,27.8,40.53333333333333,12.466666666666667,37.13333333333333,11.466666666666667,25.666666666666668,14.466666666666667,13.933333333333334,1.1700000000000002,9.266666666666667,24.4,37.592666666666666,20.266666666666666,39.666666666666664,51.687999999999995,12.466666666666667,16.8,73.97133333333335,1.6666666666666667,10.266666666666667,0.8126666666666668,1.1333333333333333,19.8,0.062000000000000006,13.933333333333334,3.8666666666666667,91.0,84.26666666666667,30.4,35.333333333333336,18.533333333333335,37.53333333333333,9.066666666666666,28.466666666666665,17.8,11.733333333333333,1.6213333333333333,10.133333333333333,28.6,35.550666666666665,17.666666666666668,32.0,56.01066666666668,18.533333333333335,23.466666666666665,77.998,1.4,8.133333333333333,0.738,0.9333333333333333,19.333333333333332,0.04266666666666667,11.733333333333333,1.9333333333333333,99.2
