placar_casa,placar_visitante,data,round,stage,ano,equipe_casa,equipe_visitante,Pts_casa,3P_casa,2P_casa,LL_casa,RT_casa,RO_casa,RD_casa,AS_casa,ER_casa,IA%_casa,3PC_casa,3PT_casa,3P%_casa,2PC_casa,2PT_casa,2P%_casa,LLC_casa,LLT_casa,LL%_casa,EN_casa,BR_casa,B/E_casa,TO_casa,FC_casa,T/FC_casa,ET_casa,VI_casa,EF_casa,Pts_visitante,3P_visitante,2P_visitante,LL_visitante,RT_visitante,RO_visitante,RD_visitante,AS_visitante,ER_visitante,IA%_visitante,3PC_visitante,3PT_visitante,3P%_visitante,2PC_visitante,2PT_visitante,2P%_visitante,LLC_visitante,LLT_visitante,LL%_visitante,EN_visitante,BR_visitante,B/E_visitante,TO_visitante,FC_visitante,T/FC_visitante,ET_visitante,VI_visitante,EF_visitante
84,69,2015-12-22,14,1,2015-2016,Rio Claro,Brasília,76.0,24.8,38.8,12.4,32.13333333333333,8.866666666666667,23.266666666666666,16.8,15.333333333333334,1.134666666666667,8.266666666666667,23.266666666666666,35.43333333333333,19.4,36.2,53.44866666666667,12.4,18.333333333333332,67.002,2.2666666666666666,10.4,0.6966666666666667,2.533333333333333,22.133333333333333,0.11533333333333333,15.333333333333334,3.6,84.8,88.8,27.2,44.8,16.8,35.0,11.466666666666667,23.533333333333335,17.666666666666668,14.933333333333334,1.2986666666666666,9.066666666666666,22.933333333333334,40.062,22.4,40.93333333333333,54.98266666666667,16.8,20.4,82.83066666666667,2.0,8.4,0.62,3.3333333333333335,24.133333333333333,0.13933333333333336,14.933333333333334,2.6666666666666665,102.26666666666667
