placar_casa,placar_visitante,data,round,stage,ano,equipe_casa,equipe_visitante,Pts_casa,3P_casa,2P_casa,LL_casa,RT_casa,RO_casa,RD_casa,AS_casa,ER_casa,IA%_casa,3PC_casa,3PT_casa,3P%_casa,2PC_casa,2PT_casa,2P%_casa,LLC_casa,LLT_casa,LL%_casa,EN_casa,BR_casa,B/E_casa,TO_casa,FC_casa,T/FC_casa,ET_casa,VI_casa,EF_casa,Pts_visitante,3P_visitante,2P_visitante,LL_visitante,RT_visitante,RO_visitante,RD_visitante,AS_visitante,ER_visitante,IA%_visitante,3PC_visitante,3PT_visitante,3P%_visitante,2PC_visitante,2PT_visitante,2P%_visitante,LLC_visitante,LLT_visitante,LL%_visitante,EN_visitante,BR_visitante,B/E_visitante,TO_visitante,FC_visitante,T/FC_visitante,ET_visitante,VI_visitante,EF_visitante
81,85,2015-11-17,5,1,2015-2016,Fortaleza B. C. / CFO,Brasília,82.26666666666667,28.6,40.0,13.666666666666666,35.2,10.933333333333334,24.266666666666666,13.4,13.666666666666666,1.0439999999999998,9.533333333333333,26.333333333333332,36.49666666666667,20.0,37.2,53.92333333333333,13.666666666666666,19.333333333333332,70.08200000000001,1.1333333333333333,8.533333333333333,0.6393333333333334,3.533333333333333,20.4,0.1846666666666667,13.666666666666666,2.7333333333333334,89.6,85.86666666666666,27.8,42.8,15.266666666666667,33.13333333333333,9.8,23.333333333333332,16.666666666666668,15.6,1.1186666666666667,9.266666666666667,21.666666666666668,42.86933333333334,21.4,38.93333333333333,55.28333333333333,15.266666666666667,18.333333333333332,82.036,2.3333333333333335,7.733333333333333,0.5613333333333334,3.8,22.6,0.17266666666666666,15.6,2.4,98.6
