placar_casa,placar_visitante,data,round,stage,ano,equipe_casa,equipe_visitante,Pts_casa,3P_casa,2P_casa,LL_casa,RT_casa,RO_casa,RD_casa,AS_casa,ER_casa,IA%_casa,3PC_casa,3PT_casa,3P%_casa,2PC_casa,2PT_casa,2P%_casa,LLC_casa,LLT_casa,LL%_casa,EN_casa,BR_casa,B/E_casa,TO_casa,FC_casa,T/FC_casa,ET_casa,VI_casa,EF_casa,Pts_visitante,3P_visitante,2P_visitante,LL_visitante,RT_visitante,RO_visitante,RD_visitante,AS_visitante,ER_visitante,IA%_visitante,3PC_visitante,3PT_visitante,3P%_visitante,2PC_visitante,2PT_visitante,2P%_visitante,LLC_visitante,LLT_visitante,LL%_visitante,EN_visitante,BR_visitante,B/E_visitante,TO_visitante,FC_visitante,T/FC_visitante,ET_visitante,VI_visitante,EF_visitante
86,72,2015-11-20,6,1,2015-2016,L. Sorocabana,Macaé Basquete,78.46666666666667,20.6,43.06666666666667,14.8,36.2,15.4,20.8,12.066666666666666,13.466666666666667,1.0586666666666666,6.866666666666666,20.6,33.29,21.533333333333335,46.06666666666667,47.36266666666666,14.8,19.066666666666666,76.78999999999999,1.1333333333333333,11.266666666666667,1.0246666666666664,1.8,22.533333333333335,0.08466666666666667,13.466666666666667,3.933333333333333,83.8,80.13333333333334,25.8,34.13333333333333,20.2,32.2,9.266666666666667,22.933333333333334,14.0,14.133333333333333,1.094,8.6,23.533333333333335,37.251333333333335,17.066666666666666,33.0,52.40133333333334,20.2,23.8,84.94866666666668,1.1333333333333333,8.333333333333334,0.63,1.4,25.133333333333333,0.05333333333333334,14.133333333333333,3.1333333333333333,87.46666666666667
