placar_casa,placar_visitante,data,round,stage,ano,equipe_casa,equipe_visitante,Pts_casa,3P_casa,2P_casa,LL_casa,RT_casa,RO_casa,RD_casa,AS_casa,ER_casa,IA%_casa,3PC_casa,3PT_casa,3P%_casa,2PC_casa,2PT_casa,2P%_casa,LLC_casa,LLT_casa,LL%_casa,EN_casa,BR_casa,B/E_casa,TO_casa,FC_casa,T/FC_casa,ET_casa,VI_casa,EF_casa,Pts_visitante,3P_visitante,2P_visitante,LL_visitante,RT_visitante,RO_visitante,RD_visitante,AS_visitante,ER_visitante,IA%_visitante,3PC_visitante,3PT_visitante,3P%_visitante,2PC_visitante,2PT_visitante,2P%_visitante,LLC_visitante,LLT_visitante,LL%_visitante,EN_visitante,BR_visitante,B/E_visitante,TO_visitante,FC_visitante,T/FC_visitante,ET_visitante,VI_visitante,EF_visitante
85,75,2014-01-13,16,1,2013-2014,Minas,Palmeiras,67.26666666666667,15.4,38.13333333333333,13.733333333333333,30.933333333333334,7.466666666666667,23.466666666666665,13.6,13.066666666666666,1.1079999999999999,5.133333333333334,17.0,29.468666666666667,19.066666666666666,39.46666666666667,48.73866666666666,13.733333333333333,19.466666666666665,72.30933333333334,1.6,8.8,0.7020000000000001,2.466666666666667,23.133333333333333,0.11133333333333335,13.066666666666666,2.6,72.0,77.26666666666667,22.0,40.53333333333333,14.733333333333333,36.8,12.666666666666666,24.133333333333333,13.866666666666667,12.866666666666667,1.1773333333333333,7.333333333333333,23.2,32.31666666666667,20.266666666666666,40.53333333333333,50.82666666666667,14.733333333333333,22.0,66.84866666666667,2.533333333333333,9.6,0.8246666666666667,2.4,20.2,0.12066666666666667,12.866666666666667,3.466666666666667,83.66666666666667
