placar_casa,placar_visitante,data,round,stage,ano,equipe_casa,equipe_visitante,Pts_casa,3P_casa,2P_casa,LL_casa,RT_casa,RO_casa,RD_casa,AS_casa,ER_casa,IA%_casa,3PC_casa,3PT_casa,3P%_casa,2PC_casa,2PT_casa,2P%_casa,LLC_casa,LLT_casa,LL%_casa,EN_casa,BR_casa,B/E_casa,TO_casa,FC_casa,T/FC_casa,ET_casa,VI_casa,EF_casa,Pts_visitante,3P_visitante,2P_visitante,LL_visitante,RT_visitante,RO_visitante,RD_visitante,AS_visitante,ER_visitante,IA%_visitante,3PC_visitante,3PT_visitante,3P%_visitante,2PC_visitante,2PT_visitante,2P%_visitante,LLC_visitante,LLT_visitante,LL%_visitante,EN_visitante,BR_visitante,B/E_visitante,TO_visitante,FC_visitante,T/FC_visitante,ET_visitante,VI_visitante,EF_visitante
69,71,2014-01-07,14,1,2013-2014,Palmeiras,L. Sorocabana,77.73333333333333,22.4,40.266666666666666,15.066666666666666,37.4,12.533333333333333,24.866666666666667,13.866666666666667,12.4,1.2466666666666668,7.466666666666667,23.133333333333333,32.396,20.133333333333333,41.4,49.273999999999994,15.066666666666666,22.666666666666668,65.97533333333334,2.4,9.0,0.8106666666666665,2.533333333333333,20.733333333333334,0.12333333333333334,12.4,3.466666666666667,83.6,73.6,20.6,37.733333333333334,15.266666666666667,30.466666666666665,9.8,20.666666666666668,11.133333333333333,12.066666666666666,0.9933333333333334,6.866666666666666,20.2,33.236,18.866666666666667,38.2,49.726000000000006,15.266666666666667,20.933333333333334,72.64333333333335,1.4,10.0,0.8879999999999999,1.8,22.8,0.08133333333333334,12.066666666666666,2.0,76.6
