placar_casa,placar_visitante,data,round,stage,ano,equipe_casa,equipe_visitante,Pts_casa,3P_casa,2P_casa,LL_casa,RT_casa,RO_casa,RD_casa,AS_casa,ER_casa,IA%_casa,3PC_casa,3PT_casa,3P%_casa,2PC_casa,2PT_casa,2P%_casa,LLC_casa,LLT_casa,LL%_casa,EN_casa,BR_casa,B/E_casa,TO_casa,FC_casa,T/FC_casa,ET_casa,VI_casa,EF_casa,Pts_visitante,3P_visitante,2P_visitante,LL_visitante,RT_visitante,RO_visitante,RD_visitante,AS_visitante,ER_visitante,IA%_visitante,3PC_visitante,3PT_visitante,3P%_visitante,2PC_visitante,2PT_visitante,2P%_visitante,LLC_visitante,LLT_visitante,LL%_visitante,EN_visitante,BR_visitante,B/E_visitante,TO_visitante,FC_visitante,T/FC_visitante,ET_visitante,VI_visitante,EF_visitante
66,75,2014-01-11,15,1,2013-2014,Minas,Pinheiros,67.53333333333333,14.8,38.4,14.333333333333334,30.866666666666667,7.533333333333333,23.333333333333332,13.266666666666667,13.2,1.0646666666666667,4.933333333333334,16.933333333333334,28.41466666666667,19.2,39.06666666666667,49.39333333333333,14.333333333333334,20.0,73.60333333333332,1.6666666666666667,8.466666666666667,0.6646666666666668,2.4,23.133333333333333,0.10800000000000003,13.2,2.8,71.8,85.2,33.6,37.2,14.4,31.6,7.733333333333333,23.866666666666667,16.2,12.0,1.4433333333333331,11.2,26.933333333333334,41.790666666666674,18.6,34.666666666666664,54.2,14.4,19.266666666666666,74.27,2.3333333333333335,8.866666666666667,0.778,3.8666666666666667,18.933333333333334,0.21,12.0,1.9333333333333333,97.06666666666666
