placar_casa,placar_visitante,data,round,stage,ano,equipe_casa,equipe_visitante,Pts_casa,3P_casa,2P_casa,LL_casa,RT_casa,RO_casa,RD_casa,AS_casa,ER_casa,IA%_casa,3PC_casa,3PT_casa,3P%_casa,2PC_casa,2PT_casa,2P%_casa,LLC_casa,LLT_casa,LL%_casa,EN_casa,BR_casa,B/E_casa,TO_casa,FC_casa,T/FC_casa,ET_casa,VI_casa,EF_casa,Pts_visitante,3P_visitante,2P_visitante,LL_visitante,RT_visitante,RO_visitante,RD_visitante,AS_visitante,ER_visitante,IA%_visitante,3PC_visitante,3PT_visitante,3P%_visitante,2PC_visitante,2PT_visitante,2P%_visitante,LLC_visitante,LLT_visitante,LL%_visitante,EN_visitante,BR_visitante,B/E_visitante,TO_visitante,FC_visitante,T/FC_visitante,ET_visitante,VI_visitante,EF_visitante
70,80,2014-01-18,18,1,2013-2014,Sesi Franca,Flamengo,76.0,19.4,41.333333333333336,15.266666666666667,33.6,10.266666666666667,23.333333333333332,14.666666666666666,15.533333333333333,1.0933333333333333,6.466666666666667,18.2,34.28333333333333,20.666666666666668,39.86666666666667,51.88399999999999,15.266666666666667,20.933333333333334,72.51133333333334,1.4,9.533333333333333,0.6679999999999999,2.4,17.933333333333334,0.1526666666666667,15.533333333333333,2.3333333333333335,84.0,81.33333333333333,25.2,38.53333333333333,17.6,37.266666666666666,11.466666666666667,25.8,15.0,14.266666666666667,1.0993333333333335,8.4,24.4,34.391333333333336,19.266666666666666,36.2,53.692,17.6,23.2,75.74866666666665,2.066666666666667,8.533333333333333,0.606,2.1333333333333333,20.2,0.1066666666666667,14.266666666666667,2.466666666666667,91.46666666666667
