placar_casa,placar_visitante,data,round,stage,ano,equipe_casa,equipe_visitante,Pts_casa,3P_casa,2P_casa,LL_casa,RT_casa,RO_casa,RD_casa,AS_casa,ER_casa,IA%_casa,3PC_casa,3PT_casa,3P%_casa,2PC_casa,2PT_casa,2P%_casa,LLC_casa,LLT_casa,LL%_casa,EN_casa,BR_casa,B/E_casa,TO_casa,FC_casa,T/FC_casa,ET_casa,VI_casa,EF_casa,Pts_visitante,3P_visitante,2P_visitante,LL_visitante,RT_visitante,RO_visitante,RD_visitante,AS_visitante,ER_visitante,IA%_visitante,3PC_visitante,3PT_visitante,3P%_visitante,2PC_visitante,2PT_visitante,2P%_visitante,LLC_visitante,LLT_visitante,LL%_visitante,EN_visitante,BR_visitante,B/E_visitante,TO_visitante,FC_visitante,T/FC_visitante,ET_visitante,VI_visitante,EF_visitante
79,76,2014-01-18,18,1,2013-2014,L. Sorocabana,Minas,75.06666666666666,20.6,39.06666666666667,15.4,30.333333333333332,10.333333333333334,20.0,11.466666666666667,11.933333333333334,1.0913333333333335,6.866666666666666,19.8,34.366,19.533333333333335,39.266666666666666,50.302,15.4,20.6,73.97866666666667,1.4666666666666666,11.066666666666666,1.0286666666666666,1.9333333333333333,22.8,0.08866666666666667,11.933333333333334,2.2666666666666666,80.06666666666666,69.06666666666666,14.6,39.86666666666667,14.6,31.533333333333335,7.6,23.933333333333334,13.6,13.666666666666666,1.0653333333333335,4.866666666666666,15.8,30.876,19.933333333333334,40.06666666666667,50.029333333333334,14.6,20.266666666666666,73.11066666666666,1.6,9.0,0.6893333333333334,2.4,22.933333333333334,0.10866666666666666,13.666666666666666,2.6,75.2
