placar_casa,placar_visitante,data,round,stage,ano,equipe_casa,equipe_visitante,Pts_casa,3P_casa,2P_casa,LL_casa,RT_casa,RO_casa,RD_casa,AS_casa,ER_casa,IA%_casa,3PC_casa,3PT_casa,3P%_casa,2PC_casa,2PT_casa,2P%_casa,LLC_casa,LLT_casa,LL%_casa,EN_casa,BR_casa,B/E_casa,TO_casa,FC_casa,T/FC_casa,ET_casa,VI_casa,EF_casa,Pts_visitante,3P_visitante,2P_visitante,LL_visitante,RT_visitante,RO_visitante,RD_visitante,AS_visitante,ER_visitante,IA%_visitante,3PC_visitante,3PT_visitante,3P%_visitante,2PC_visitante,2PT_visitante,2P%_visitante,LLC_visitante,LLT_visitante,LL%_visitante,EN_visitante,BR_visitante,B/E_visitante,TO_visitante,FC_visitante,T/FC_visitante,ET_visitante,VI_visitante,EF_visitante
87,63,2013-12-14,10,1,2013-2014,Uberlândia,L. Sorocabana,82.86666666666666,29.0,39.06666666666667,14.8,32.46666666666667,9.0,23.466666666666665,16.933333333333334,10.666666666666666,1.8033333333333335,9.666666666666666,21.8,44.17933333333334,19.533333333333335,38.13333333333333,51.44733333333333,14.8,18.8,79.616,3.3333333333333335,6.133333333333334,0.6226666666666666,1.9333333333333333,18.533333333333335,0.10333333333333335,10.666666666666666,2.8,94.93333333333334,73.93333333333334,19.6,39.06666666666667,15.266666666666667,27.466666666666665,8.266666666666667,19.2,10.4,10.866666666666667,1.0126666666666666,6.533333333333333,18.733333333333334,34.27466666666667,19.533333333333335,37.86666666666667,52.12666666666667,15.266666666666667,20.933333333333334,73.00933333333333,1.2,8.533333333333333,0.8686666666666665,1.6666666666666667,22.466666666666665,0.07600000000000001,10.866666666666667,2.1333333333333333,74.93333333333334
