placar_casa,placar_visitante,data,round,stage,ano,equipe_casa,equipe_visitante,Pts_casa,3P_casa,2P_casa,LL_casa,RT_casa,RO_casa,RD_casa,AS_casa,ER_casa,IA%_casa,3PC_casa,3PT_casa,3P%_casa,2PC_casa,2PT_casa,2P%_casa,LLC_casa,LLT_casa,LL%_casa,EN_casa,BR_casa,B/E_casa,TO_casa,FC_casa,T/FC_casa,ET_casa,VI_casa,EF_casa,Pts_visitante,3P_visitante,2P_visitante,LL_visitante,RT_visitante,RO_visitante,RD_visitante,AS_visitante,ER_visitante,IA%_visitante,3PC_visitante,3PT_visitante,3P%_visitante,2PC_visitante,2PT_visitante,2P%_visitante,LLC_visitante,LLT_visitante,LL%_visitante,EN_visitante,BR_visitante,B/E_visitante,TO_visitante,FC_visitante,T/FC_visitante,ET_visitante,VI_visitante,EF_visitante
82,54,2014-01-07,14,1,2013-2014,Brasília,Minas,82.93333333333334,32.8,37.6,12.533333333333333,34.06666666666667,7.866666666666666,26.2,14.333333333333334,11.466666666666667,1.4959999999999998,10.933333333333334,28.266666666666666,38.63866666666666,18.8,35.53333333333333,53.47133333333333,12.533333333333333,15.533333333333333,80.82133333333333,1.2,7.4,0.6726666666666666,2.3333333333333335,20.0,0.12066666666666666,11.466666666666667,1.9333333333333333,92.53333333333333,68.2,14.6,39.2,14.4,29.733333333333334,7.266666666666667,22.466666666666665,13.866666666666667,12.733333333333333,1.1406666666666667,4.866666666666666,17.133333333333333,27.669333333333334,19.6,39.333333333333336,50.117333333333335,14.4,19.533333333333335,75.91133333333332,1.7333333333333334,8.733333333333333,0.7053333333333335,2.2,22.933333333333334,0.09733333333333336,12.733333333333333,2.7333333333333334,72.86666666666666
