placar_casa,placar_visitante,data,round,stage,ano,equipe_casa,equipe_visitante,Pts_casa,3P_casa,2P_casa,LL_casa,RT_casa,RO_casa,RD_casa,AS_casa,ER_casa,IA%_casa,3PC_casa,3PT_casa,3P%_casa,2PC_casa,2PT_casa,2P%_casa,LLC_casa,LLT_casa,LL%_casa,EN_casa,BR_casa,B/E_casa,TO_casa,FC_casa,T/FC_casa,ET_casa,VI_casa,EF_casa,Pts_visitante,3P_visitante,2P_visitante,LL_visitante,RT_visitante,RO_visitante,RD_visitante,AS_visitante,ER_visitante,IA%_visitante,3PC_visitante,3PT_visitante,3P%_visitante,2PC_visitante,2PT_visitante,2P%_visitante,LLC_visitante,LLT_visitante,LL%_visitante,EN_visitante,BR_visitante,B/E_visitante,TO_visitante,FC_visitante,T/FC_visitante,ET_visitante,VI_visitante,EF_visitante
77,82,2013-01-10,13,1,2012-2013,Tijuca,Limeira,68.0,43.4,37.86666666666667,15.533333333333333,26.8,7.666666666666667,19.133333333333333,9.133333333333333,11.4,0.91,4.866666666666666,18.2,25.78666666666667,18.933333333333334,39.86666666666667,47.638,15.533333333333333,21.333333333333332,72.81066666666666,0.8666666666666667,6.866666666666666,0.7093333333333333,1.6666666666666667,19.8,0.09266666666666669,11.4,3.2,70.0,83.86666666666666,51.0,38.666666666666664,13.8,29.6,8.133333333333333,21.466666666666665,16.266666666666666,13.6,1.2579999999999998,10.466666666666667,25.4,41.962666666666664,19.333333333333332,36.93333333333333,52.37933333333333,13.8,18.133333333333333,75.95866666666667,1.2666666666666666,6.666666666666667,0.5073333333333334,1.2666666666666666,21.733333333333334,0.058,13.6,2.533333333333333,94.06666666666666
