placar_casa,placar_visitante,data,round,stage,ano,equipe_casa,equipe_visitante,Pts_casa,3P_casa,2P_casa,LL_casa,RT_casa,RO_casa,RD_casa,AS_casa,ER_casa,IA%_casa,3PC_casa,3PT_casa,3P%_casa,2PC_casa,2PT_casa,2P%_casa,LLC_casa,LLT_casa,LL%_casa,EN_casa,BR_casa,B/E_casa,TO_casa,FC_casa,T/FC_casa,ET_casa,VI_casa,EF_casa,Pts_visitante,3P_visitante,2P_visitante,LL_visitante,RT_visitante,RO_visitante,RD_visitante,AS_visitante,ER_visitante,IA%_visitante,3PC_visitante,3PT_visitante,3P%_visitante,2PC_visitante,2PT_visitante,2P%_visitante,LLC_visitante,LLT_visitante,LL%_visitante,EN_visitante,BR_visitante,B/E_visitante,TO_visitante,FC_visitante,T/FC_visitante,ET_visitante,VI_visitante,EF_visitante
76,88,2013-01-07,12,1,2012-2013,Paulistano,Uberlândia,79.26666666666667,53.4,43.46666666666667,15.0,33.2,10.6,22.6,15.466666666666667,14.6,1.1146666666666667,6.933333333333334,20.666666666666668,34.766666666666666,21.733333333333334,42.0,52.15733333333334,15.0,22.733333333333334,64.65733333333334,2.7333333333333334,7.066666666666666,0.5066666666666666,1.9333333333333333,22.666666666666668,0.08866666666666666,14.6,2.2666666666666666,90.6,82.06666666666666,50.0,40.13333333333333,15.133333333333333,30.666666666666668,7.4,23.266666666666666,16.4,12.866666666666667,1.3039999999999996,8.933333333333334,22.666666666666668,39.61133333333334,20.066666666666666,36.2,55.794000000000004,15.133333333333333,18.133333333333333,82.86133333333333,3.2,5.533333333333333,0.4586666666666667,2.066666666666667,19.8,0.10933333333333334,12.866666666666667,3.0,97.0
