placar_casa,placar_visitante,data,round,stage,ano,equipe_casa,equipe_visitante,Pts_casa,3P_casa,2P_casa,LL_casa,RT_casa,RO_casa,RD_casa,AS_casa,ER_casa,IA%_casa,3PC_casa,3PT_casa,3P%_casa,2PC_casa,2PT_casa,2P%_casa,LLC_casa,LLT_casa,LL%_casa,EN_casa,BR_casa,B/E_casa,TO_casa,FC_casa,T/FC_casa,ET_casa,VI_casa,EF_casa,Pts_visitante,3P_visitante,2P_visitante,LL_visitante,RT_visitante,RO_visitante,RD_visitante,AS_visitante,ER_visitante,IA%_visitante,3PC_visitante,3PT_visitante,3P%_visitante,2PC_visitante,2PT_visitante,2P%_visitante,LLC_visitante,LLT_visitante,LL%_visitante,EN_visitante,BR_visitante,B/E_visitante,TO_visitante,FC_visitante,T/FC_visitante,ET_visitante,VI_visitante,EF_visitante
94,67,2013-01-24,17,1,2012-2013,Brasília,Mogi,86.13333333333334,55.8,39.333333333333336,17.4,31.8,9.733333333333333,22.066666666666666,16.933333333333334,12.0,1.6180000000000005,9.8,27.466666666666665,35.669999999999995,19.666666666666668,35.666666666666664,55.45466666666667,17.4,21.333333333333332,82.982,0.8,7.933333333333334,0.7666666666666667,3.6666666666666665,22.333333333333332,0.17266666666666666,12.0,2.7333333333333334,103.53333333333333,73.53333333333333,56.8,37.86666666666667,17.666666666666668,32.46666666666667,9.466666666666667,23.0,12.266666666666667,14.933333333333334,1.0273333333333332,6.0,19.0,31.45733333333333,18.933333333333334,41.53333333333333,45.778666666666666,17.666666666666668,23.666666666666668,74.01866666666668,0.4666666666666667,5.666666666666667,0.4366666666666667,1.1333333333333333,22.933333333333334,0.052000000000000005,14.933333333333334,2.6,77.13333333333334
