placar_casa,placar_visitante,data,round,stage,ano,equipe_casa,equipe_visitante,Pts_casa,3P_casa,2P_casa,LL_casa,RT_casa,RO_casa,RD_casa,AS_casa,ER_casa,IA%_casa,3PC_casa,3PT_casa,3P%_casa,2PC_casa,2PT_casa,2P%_casa,LLC_casa,LLT_casa,LL%_casa,EN_casa,BR_casa,B/E_casa,TO_casa,FC_casa,T/FC_casa,ET_casa,VI_casa,EF_casa,Pts_visitante,3P_visitante,2P_visitante,LL_visitante,RT_visitante,RO_visitante,RD_visitante,AS_visitante,ER_visitante,IA%_visitante,3PC_visitante,3PT_visitante,3P%_visitante,2PC_visitante,2PT_visitante,2P%_visitante,LLC_visitante,LLT_visitante,LL%_visitante,EN_visitante,BR_visitante,B/E_visitante,TO_visitante,FC_visitante,T/FC_visitante,ET_visitante,VI_visitante,EF_visitante
83,75,2013-01-14,3,1,2012-2013,Flamengo,Coop/São José Basketball,90.2,55.0,48.266666666666666,20.933333333333334,32.53333333333333,7.8,24.733333333333334,13.266666666666667,11.533333333333333,1.4386666666666668,7.0,19.266666666666666,37.444,24.133333333333333,40.8,59.74866666666666,20.933333333333334,26.866666666666667,78.61066666666666,1.9333333333333333,6.933333333333334,0.722,1.6,20.866666666666667,0.07733333333333334,11.533333333333333,2.2,106.26666666666667,82.33333333333333,55.0,40.4,15.933333333333334,31.866666666666667,8.6,23.266666666666666,16.666666666666668,15.0,1.153333333333333,8.666666666666666,23.333333333333332,37.47866666666667,20.2,37.0,54.016,15.933333333333334,19.8,79.648,0.8,6.466666666666667,0.44200000000000006,2.6,20.266666666666666,0.13333333333333333,15.0,1.7333333333333334,95.2
