placar_casa,placar_visitante,data,round,stage,ano,equipe_casa,equipe_visitante,Pts_casa,3P_casa,2P_casa,LL_casa,RT_casa,RO_casa,RD_casa,AS_casa,ER_casa,IA%_casa,3PC_casa,3PT_casa,3P%_casa,2PC_casa,2PT_casa,2P%_casa,LLC_casa,LLT_casa,LL%_casa,EN_casa,BR_casa,B/E_casa,TO_casa,FC_casa,T/FC_casa,ET_casa,VI_casa,EF_casa,Pts_visitante,3P_visitante,2P_visitante,LL_visitante,RT_visitante,RO_visitante,RD_visitante,AS_visitante,ER_visitante,IA%_visitante,3PC_visitante,3PT_visitante,3P%_visitante,2PC_visitante,2PT_visitante,2P%_visitante,LLC_visitante,LLT_visitante,LL%_visitante,EN_visitante,BR_visitante,B/E_visitante,TO_visitante,FC_visitante,T/FC_visitante,ET_visitante,VI_visitante,EF_visitante
74,79,2012-12-17,4,1,2012-2013,Tijuca,Coop/São José Basketball,71.0,32.4,39.46666666666667,15.733333333333333,25.933333333333334,7.266666666666667,18.666666666666668,10.6,11.666666666666666,0.9893333333333332,5.266666666666667,18.333333333333332,27.53533333333333,19.733333333333334,39.266666666666666,50.30066666666667,15.733333333333333,21.133333333333333,73.45333333333333,0.9333333333333333,7.266666666666667,0.7333333333333332,1.6,19.8,0.09066666666666667,11.666666666666666,3.2666666666666666,75.4,85.13333333333334,41.2,41.733333333333334,14.4,30.266666666666666,9.133333333333333,21.133333333333333,16.933333333333334,14.133333333333333,1.4460000000000002,9.666666666666666,25.266666666666666,38.928000000000004,20.866666666666667,37.0,55.82666666666667,14.4,18.733333333333334,76.60533333333335,1.0,6.0,0.47866666666666663,2.8,20.8,0.13866666666666666,14.133333333333333,1.4666666666666666,96.73333333333333
