placar_casa,placar_visitante,data,round,stage,ano,equipe_casa,equipe_visitante,Pts_casa,3P_casa,2P_casa,LL_casa,RT_casa,RO_casa,RD_casa,AS_casa,ER_casa,IA%_casa,3PC_casa,3PT_casa,3P%_casa,2PC_casa,2PT_casa,2P%_casa,LLC_casa,LLT_casa,LL%_casa,EN_casa,BR_casa,B/E_casa,TO_casa,FC_casa,T/FC_casa,ET_casa,VI_casa,EF_casa,Pts_visitante,3P_visitante,2P_visitante,LL_visitante,RT_visitante,RO_visitante,RD_visitante,AS_visitante,ER_visitante,IA%_visitante,3PC_visitante,3PT_visitante,3P%_visitante,2PC_visitante,2PT_visitante,2P%_visitante,LLC_visitante,LLT_visitante,LL%_visitante,EN_visitante,BR_visitante,B/E_visitante,TO_visitante,FC_visitante,T/FC_visitante,ET_visitante,VI_visitante,EF_visitante
68,96,2022-11-18,5,1,2022-2023,Pato Basquete,Corinthians,71.33333333333333,24.4,35.06666666666667,11.866666666666667,36.333333333333336,10.0,26.333333333333332,12.266666666666667,14.133333333333333,0.9173333333333334,8.133333333333333,30.266666666666666,26.997333333333327,17.533333333333335,34.4,51.016,11.866666666666667,17.333333333333332,68.88466666666665,1.9333333333333333,8.133333333333333,0.6126666666666665,1.0,18.4,0.05533333333333334,14.133333333333333,3.933333333333333,70.46666666666667,74.53333333333333,26.0,37.733333333333334,10.8,37.93333333333333,11.266666666666667,26.666666666666668,16.266666666666666,14.866666666666667,1.1573333333333333,8.666666666666666,27.066666666666666,31.752000000000002,18.866666666666667,35.06666666666667,53.64199999999999,10.8,14.4,73.956,2.533333333333333,5.2,0.3566666666666667,2.466666666666667,18.4,0.13466666666666663,14.866666666666667,3.933333333333333,83.33333333333333
