placar_casa,placar_visitante,data,round,stage,ano,equipe_casa,equipe_visitante,Pts_casa,3P_casa,2P_casa,LL_casa,RT_casa,RO_casa,RD_casa,AS_casa,ER_casa,IA%_casa,3PC_casa,3PT_casa,3P%_casa,2PC_casa,2PT_casa,2P%_casa,LLC_casa,LLT_casa,LL%_casa,EN_casa,BR_casa,B/E_casa,TO_casa,FC_casa,T/FC_casa,ET_casa,VI_casa,EF_casa,Pts_visitante,3P_visitante,2P_visitante,LL_visitante,RT_visitante,RO_visitante,RD_visitante,AS_visitante,ER_visitante,IA%_visitante,3PC_visitante,3PT_visitante,3P%_visitante,2PC_visitante,2PT_visitante,2P%_visitante,LLC_visitante,LLT_visitante,LL%_visitante,EN_visitante,BR_visitante,B/E_visitante,TO_visitante,FC_visitante,T/FC_visitante,ET_visitante,VI_visitante,EF_visitante
79,74,2022-11-21,6,1,2022-2023,Flamengo,União Corinthians,79.4,32.6,33.86666666666667,12.933333333333334,42.06666666666667,12.866666666666667,29.2,18.333333333333332,12.4,1.5373333333333332,10.866666666666667,34.2,31.992666666666665,16.933333333333334,31.333333333333332,54.250666666666675,12.933333333333334,18.266666666666666,71.03866666666666,1.9333333333333333,6.066666666666666,0.5026666666666667,1.7333333333333334,17.8,0.10066666666666665,12.4,2.4,92.13333333333334,74.86733333333333,30.8,34.199333333333335,9.866000000000001,35.266666666666666,9.767333333333333,25.49933333333333,16.466666666666665,12.166666666666666,1.4473333333333331,10.266,31.534000000000002,32.116,17.100666666666665,36.166000000000004,47.43133333333334,9.866000000000001,14.33266666666667,71.07,1.3666666666666667,6.133333333333334,0.53,1.9666666666666666,20.6,0.09400000000000003,12.166666666666666,1.8326666666666662,77.734
