placar_casa,placar_visitante,data,round,stage,ano,equipe_casa,equipe_visitante,Pts_casa,3P_casa,2P_casa,LL_casa,RT_casa,RO_casa,RD_casa,AS_casa,ER_casa,IA%_casa,3PC_casa,3PT_casa,3P%_casa,2PC_casa,2PT_casa,2P%_casa,LLC_casa,LLT_casa,LL%_casa,EN_casa,BR_casa,B/E_casa,TO_casa,FC_casa,T/FC_casa,ET_casa,VI_casa,EF_casa,Pts_visitante,3P_visitante,2P_visitante,LL_visitante,RT_visitante,RO_visitante,RD_visitante,AS_visitante,ER_visitante,IA%_visitante,3PC_visitante,3PT_visitante,3P%_visitante,2PC_visitante,2PT_visitante,2P%_visitante,LLC_visitante,LLT_visitante,LL%_visitante,EN_visitante,BR_visitante,B/E_visitante,TO_visitante,FC_visitante,T/FC_visitante,ET_visitante,VI_visitante,EF_visitante
57,72,2022-11-15,5,1,2022-2023,Rio Claro,Fortaleza B. C. / CFO,76.26666666666667,20.6,41.733333333333334,13.933333333333334,35.266666666666666,11.133333333333333,24.133333333333333,13.266666666666667,11.8,1.184,6.866666666666666,21.4,30.82,20.866666666666667,41.666666666666664,50.59133333333334,13.933333333333334,17.933333333333334,77.30666666666666,2.0,5.266666666666667,0.47733333333333333,1.8666666666666667,21.0,0.08666666666666668,11.8,2.4,80.8,72.93333333333334,19.2,42.4,11.333333333333334,38.53333333333333,11.666666666666666,26.866666666666667,13.4,13.8,0.9986666666666668,6.4,25.0,25.714666666666663,21.2,41.0,52.11866666666667,11.333333333333334,20.2,57.01199999999999,1.5333333333333334,8.2,0.6219999999999998,2.8666666666666667,20.466666666666665,0.14266666666666666,13.8,2.8,74.86666666666666
