placar_casa,placar_visitante,data,round,stage,ano,equipe_casa,equipe_visitante,Pts_casa,3P_casa,2P_casa,LL_casa,RT_casa,RO_casa,RD_casa,AS_casa,ER_casa,IA%_casa,3PC_casa,3PT_casa,3P%_casa,2PC_casa,2PT_casa,2P%_casa,LLC_casa,LLT_casa,LL%_casa,EN_casa,BR_casa,B/E_casa,TO_casa,FC_casa,T/FC_casa,ET_casa,VI_casa,EF_casa,Pts_visitante,3P_visitante,2P_visitante,LL_visitante,RT_visitante,RO_visitante,RD_visitante,AS_visitante,ER_visitante,IA%_visitante,3PC_visitante,3PT_visitante,3P%_visitante,2PC_visitante,2PT_visitante,2P%_visitante,LLC_visitante,LLT_visitante,LL%_visitante,EN_visitante,BR_visitante,B/E_visitante,TO_visitante,FC_visitante,T/FC_visitante,ET_visitante,VI_visitante,EF_visitante
93,95,2022-10-22,2,1,2022-2023,Cerrado,Pinheiros,76.23333333333333,24.0,38.53333333333333,13.7,41.766666666666666,12.266666666666667,29.5,14.133333333333333,12.433333333333334,1.214,8.0,27.333333333333332,29.30466666666667,19.266666666666666,39.166666666666664,49.629999999999995,13.7,19.866666666666667,67.584,2.033333333333333,5.566666666666666,0.45200000000000007,2.9,17.3,0.1693333333333333,12.433333333333334,2.3,82.76666666666667,82.06600000000002,28.9,40.8,12.366000000000001,39.23266666666667,12.633333333333333,26.59933333333333,17.499333333333333,12.466666666666667,1.4379999999999997,9.632666666666667,28.165999999999997,34.90200000000001,20.4,41.03333333333333,49.832,12.366000000000001,16.266000000000002,75.04533333333333,1.8326666666666669,7.232666666666666,0.5926666666666668,2.566666666666667,16.233999999999998,0.15666666666666668,12.466666666666667,1.8673333333333337,93.06600000000002
