placar_casa,placar_visitante,data,round,stage,ano,equipe_casa,equipe_visitante,Pts_casa,3P_casa,2P_casa,LL_casa,RT_casa,RO_casa,RD_casa,AS_casa,ER_casa,IA%_casa,3PC_casa,3PT_casa,3P%_casa,2PC_casa,2PT_casa,2P%_casa,LLC_casa,LLT_casa,LL%_casa,EN_casa,BR_casa,B/E_casa,TO_casa,FC_casa,T/FC_casa,ET_casa,VI_casa,EF_casa,Pts_visitante,3P_visitante,2P_visitante,LL_visitante,RT_visitante,RO_visitante,RD_visitante,AS_visitante,ER_visitante,IA%_visitante,3PC_visitante,3PT_visitante,3P%_visitante,2PC_visitante,2PT_visitante,2P%_visitante,LLC_visitante,LLT_visitante,LL%_visitante,EN_visitante,BR_visitante,B/E_visitante,TO_visitante,FC_visitante,T/FC_visitante,ET_visitante,VI_visitante,EF_visitante
78,88,2022-11-22,6,1,2022-2023,Bauru Basket,Sesi Franca,77.8,30.8,35.733333333333334,11.266666666666667,33.86666666666667,9.266666666666667,24.6,16.866666666666667,10.466666666666667,1.7500000000000002,10.266666666666667,29.866666666666667,34.24666666666667,17.866666666666667,34.13333333333333,52.260000000000005,11.266666666666667,15.0,75.41199999999999,1.2666666666666666,6.066666666666666,0.6320000000000001,2.0,18.0,0.11866666666666666,10.466666666666667,1.5333333333333334,86.53333333333333,83.46666666666667,33.4,34.4,15.666666666666666,44.2,12.066666666666666,32.13333333333333,16.533333333333335,13.0,1.3573333333333333,11.133333333333333,31.133333333333333,35.882666666666665,17.2,32.666666666666664,52.85733333333333,15.666666666666666,21.333333333333332,74.02266666666668,1.2666666666666666,4.733333333333333,0.3966666666666667,2.466666666666667,17.733333333333334,0.14066666666666666,13.0,2.0,97.26666666666667
