placar_casa,placar_visitante,data,round,stage,ano,equipe_casa,equipe_visitante,Pts_casa,3P_casa,2P_casa,LL_casa,RT_casa,RO_casa,RD_casa,AS_casa,ER_casa,IA%_casa,3PC_casa,3PT_casa,3P%_casa,2PC_casa,2PT_casa,2P%_casa,LLC_casa,LLT_casa,LL%_casa,EN_casa,BR_casa,B/E_casa,TO_casa,FC_casa,T/FC_casa,ET_casa,VI_casa,EF_casa,Pts_visitante,3P_visitante,2P_visitante,LL_visitante,RT_visitante,RO_visitante,RD_visitante,AS_visitante,ER_visitante,IA%_visitante,3PC_visitante,3PT_visitante,3P%_visitante,2PC_visitante,2PT_visitante,2P%_visitante,LLC_visitante,LLT_visitante,LL%_visitante,EN_visitante,BR_visitante,B/E_visitante,TO_visitante,FC_visitante,T/FC_visitante,ET_visitante,VI_visitante,EF_visitante
66,88,2021-11-11,4,1,2021-2022,Pato Basquete,Sesi Franca,71.19933333333333,23.8,34.26733333333333,13.133999999999999,34.53333333333333,9.599333333333334,24.934000000000005,15.266,13.934,1.388666666666667,7.932666666666666,26.732666666666663,29.355999999999998,17.13266666666667,36.53333333333333,46.757333333333335,13.133999999999999,20.2,65.126,0.9339999999999999,7.600666666666667,0.5893333333333335,1.2673333333333332,22.59933333333333,0.053333333333333344,13.934,2.533333333333333,70.666,86.734,26.0,45.99933333333333,14.732666666666667,38.900666666666666,8.934,29.966666666666665,20.167333333333332,11.566666666666666,1.7626666666666668,8.666,24.432666666666666,35.643333333333324,23.000666666666667,41.266,55.89533333333334,14.732666666666667,19.966666666666665,74.15066666666667,2.966666666666667,8.2,0.7146666666666665,2.334,18.334,0.13266666666666665,11.566666666666666,1.5666666666666667,105.49933333333334
