placar_casa,placar_visitante,data,round,stage,ano,equipe_casa,equipe_visitante,Pts_casa,3P_casa,2P_casa,LL_casa,RT_casa,RO_casa,RD_casa,AS_casa,ER_casa,IA%_casa,3PC_casa,3PT_casa,3P%_casa,2PC_casa,2PT_casa,2P%_casa,LLC_casa,LLT_casa,LL%_casa,EN_casa,BR_casa,B/E_casa,TO_casa,FC_casa,T/FC_casa,ET_casa,VI_casa,EF_casa,Pts_visitante,3P_visitante,2P_visitante,LL_visitante,RT_visitante,RO_visitante,RD_visitante,AS_visitante,ER_visitante,IA%_visitante,3PC_visitante,3PT_visitante,3P%_visitante,2PC_visitante,2PT_visitante,2P%_visitante,LLC_visitante,LLT_visitante,LL%_visitante,EN_visitante,BR_visitante,B/E_visitante,TO_visitante,FC_visitante,T/FC_visitante,ET_visitante,VI_visitante,EF_visitante
75,76,2021-11-08,4,1,2021-2022,União Corinthians,Cerrado,68.0,25.5,34.0,8.5,32.5,6.75,25.75,13.5,13.5,1.02,8.5,31.75,26.73,17.0,34.75,48.849999999999994,8.5,14.5,57.33500000000001,2.25,9.5,0.705,2.5,21.75,0.11499999999999999,13.5,2.25,65.5,76.06733333333335,25.0,40.532666666666664,10.532666666666668,39.00133333333334,11.667333333333334,27.334,13.866666666666667,12.867333333333335,1.1326666666666665,8.334,27.933333333333334,30.207333333333334,20.267333333333333,42.00066666666667,48.42799999999999,10.532666666666668,14.133999999999999,74.38200000000002,1.7979999999999998,7.8,0.622,2.466,17.800666666666665,0.13666666666666666,12.867333333333335,2.5993333333333335,81.40199999999999
