placar_casa,placar_visitante,data,round,stage,ano,equipe_casa,equipe_visitante,Pts_casa,3P_casa,2P_casa,LL_casa,RT_casa,RO_casa,RD_casa,AS_casa,ER_casa,IA%_casa,3PC_casa,3PT_casa,3P%_casa,2PC_casa,2PT_casa,2P%_casa,LLC_casa,LLT_casa,LL%_casa,EN_casa,BR_casa,B/E_casa,TO_casa,FC_casa,T/FC_casa,ET_casa,VI_casa,EF_casa,Pts_visitante,3P_visitante,2P_visitante,LL_visitante,RT_visitante,RO_visitante,RD_visitante,AS_visitante,ER_visitante,IA%_visitante,3PC_visitante,3PT_visitante,3P%_visitante,2PC_visitante,2PT_visitante,2P%_visitante,LLC_visitante,LLT_visitante,LL%_visitante,EN_visitante,BR_visitante,B/E_visitante,TO_visitante,FC_visitante,T/FC_visitante,ET_visitante,VI_visitante,EF_visitante
87,79,2021-12-21,9,1,2021-2022,Sesi Franca,BRB/Brasília,88.4,31.0,43.333333333333336,14.066666666666666,39.8,9.6,30.2,19.266666666666666,13.0,1.5586666666666666,10.333333333333334,28.266666666666666,36.33533333333334,21.666666666666668,36.4,59.748000000000005,14.066666666666666,18.933333333333334,75.06466666666667,3.066666666666667,6.666666666666667,0.5406666666666666,2.533333333333333,16.666666666666668,0.18133333333333335,13.0,2.0,106.13333333333334,68.03399999999999,20.0,33.134,14.9,40.934,10.299333333333333,30.632666666666662,12.866000000000003,15.533333333333333,0.8979999999999998,6.6659999999999995,23.333333333333332,28.17866666666667,16.565999999999995,36.6,45.65266666666666,14.9,21.065999999999995,71.162,0.8326666666666667,4.366,0.296,2.500666666666667,18.199333333333332,0.14200000000000002,15.533333333333333,2.3673333333333337,70.3
