placar_casa,placar_visitante,data,round,stage,ano,equipe_casa,equipe_visitante,Pts_casa,3P_casa,2P_casa,LL_casa,RT_casa,RO_casa,RD_casa,AS_casa,ER_casa,IA%_casa,3PC_casa,3PT_casa,3P%_casa,2PC_casa,2PT_casa,2P%_casa,LLC_casa,LLT_casa,LL%_casa,EN_casa,BR_casa,B/E_casa,TO_casa,FC_casa,T/FC_casa,ET_casa,VI_casa,EF_casa,Pts_visitante,3P_visitante,2P_visitante,LL_visitante,RT_visitante,RO_visitante,RD_visitante,AS_visitante,ER_visitante,IA%_visitante,3PC_visitante,3PT_visitante,3P%_visitante,2PC_visitante,2PT_visitante,2P%_visitante,LLC_visitante,LLT_visitante,LL%_visitante,EN_visitante,BR_visitante,B/E_visitante,TO_visitante,FC_visitante,T/FC_visitante,ET_visitante,VI_visitante,EF_visitante
92,67,2021-12-07,7,1,2021-2022,Bauru Basket,União Corinthians,76.53333333333333,26.0,38.221999999999994,12.311333333333334,36.13333333333333,8.111333333333333,28.022,17.578,12.978000000000002,1.4653333333333332,8.666666666666666,27.755333333333333,31.40333333333334,19.111333333333334,32.422,59.28266666666666,12.311333333333334,16.244666666666667,77.19666666666666,1.1553333333333333,5.866666666666666,0.4740000000000001,2.2886666666666664,18.711333333333336,0.12399999999999999,12.978000000000002,2.2666666666666666,89.08866666666667,73.66666666666667,28.333333333333332,35.77777777777778,9.555555555555555,37.666666666666664,10.11111111111111,27.555555555555557,13.555555555555555,13.88888888888889,1.092222222222222,9.444444444444445,31.666666666666668,29.66333333333333,17.88888888888889,38.22222222222222,47.693333333333335,9.555555555555555,14.666666666666666,64.16888888888889,1.8888888888888888,10.11111111111111,0.7544444444444444,2.888888888888889,20.0,0.14777777777777779,13.88888888888889,2.6666666666666665,76.33333333333333
