placar_casa,placar_visitante,data,round,stage,ano,equipe_casa,equipe_visitante,Pts_casa,3P_casa,2P_casa,LL_casa,RT_casa,RO_casa,RD_casa,AS_casa,ER_casa,IA%_casa,3PC_casa,3PT_casa,3P%_casa,2PC_casa,2PT_casa,2P%_casa,LLC_casa,LLT_casa,LL%_casa,EN_casa,BR_casa,B/E_casa,TO_casa,FC_casa,T/FC_casa,ET_casa,VI_casa,EF_casa,Pts_visitante,3P_visitante,2P_visitante,LL_visitante,RT_visitante,RO_visitante,RD_visitante,AS_visitante,ER_visitante,IA%_visitante,3PC_visitante,3PT_visitante,3P%_visitante,2PC_visitante,2PT_visitante,2P%_visitante,LLC_visitante,LLT_visitante,LL%_visitante,EN_visitante,BR_visitante,B/E_visitante,TO_visitante,FC_visitante,T/FC_visitante,ET_visitante,VI_visitante,EF_visitante
82,78,2021-11-20,5,1,2021-2022,Sesi Franca,Paulistano,85.40066666666667,28.0,43.39933333333333,13.999333333333334,38.833999999999996,9.000666666666666,29.833333333333332,19.500666666666667,11.666666666666666,1.7006666666666668,9.332666666666666,25.732666666666667,36.19799999999999,21.700666666666667,39.29933333333334,55.74733333333332,13.999333333333334,19.266666666666666,73.142,2.933333333333333,7.533333333333333,0.6586666666666667,2.2006666666666663,17.767333333333333,0.13066666666666665,11.666666666666666,1.5333333333333334,102.53266666666667,74.33333333333333,25.9,36.666666666666664,11.766666666666667,40.13333333333333,12.766666666666667,27.366666666666667,15.833333333333334,11.5,1.5913333333333328,8.633333333333333,27.566666666666666,31.589333333333336,18.333333333333332,39.63333333333333,46.74,11.766666666666667,17.233333333333334,69.574,1.4666666666666666,7.566666666666666,0.7166666666666667,1.7333333333333334,19.833333333333332,0.08800000000000001,11.5,2.7,82.4
