placar_casa,placar_visitante,data,round,stage,ano,equipe_casa,equipe_visitante,Pts_casa,3P_casa,2P_casa,LL_casa,RT_casa,RO_casa,RD_casa,AS_casa,ER_casa,IA%_casa,3PC_casa,3PT_casa,3P%_casa,2PC_casa,2PT_casa,2P%_casa,LLC_casa,LLT_casa,LL%_casa,EN_casa,BR_casa,B/E_casa,TO_casa,FC_casa,T/FC_casa,ET_casa,VI_casa,EF_casa,Pts_visitante,3P_visitante,2P_visitante,LL_visitante,RT_visitante,RO_visitante,RD_visitante,AS_visitante,ER_visitante,IA%_visitante,3PC_visitante,3PT_visitante,3P%_visitante,2PC_visitante,2PT_visitante,2P%_visitante,LLC_visitante,LLT_visitante,LL%_visitante,EN_visitante,BR_visitante,B/E_visitante,TO_visitante,FC_visitante,T/FC_visitante,ET_visitante,VI_visitante,EF_visitante
77,76,2021-11-19,5,1,2021-2022,Fortaleza B. C. / CFO,União Corinthians,74.834,24.0,38.86666666666667,11.967333333333332,38.99933333333333,11.167333333333334,27.834000000000003,13.799333333333333,13.799333333333333,1.0246666666666668,8.0,28.633333333333333,28.132666666666662,19.433333333333334,38.56666666666667,50.00066666666667,11.967333333333332,17.067333333333334,71.28,0.6993333333333334,7.000666666666667,0.5173333333333334,2.4993333333333334,19.434,0.12933333333333333,13.799333333333333,3.299333333333333,78.46666666666667,72.07142857142857,27.642857142857142,36.0,8.428571428571429,36.5,10.071428571428571,26.428571428571427,13.857142857142858,13.0,1.1057142857142856,9.214285714285714,31.642857142857142,29.021428571428572,18.0,39.642857142857146,46.107142857142854,8.428571428571429,13.428571428571429,62.048571428571435,2.0,11.0,0.8371428571428571,2.7142857142857144,21.0,0.13,13.0,2.642857142857143,74.07142857142857
