placar_casa,placar_visitante,data,round,stage,ano,equipe_casa,equipe_visitante,Pts_casa,3P_casa,2P_casa,LL_casa,RT_casa,RO_casa,RD_casa,AS_casa,ER_casa,IA%_casa,3PC_casa,3PT_casa,3P%_casa,2PC_casa,2PT_casa,2P%_casa,LLC_casa,LLT_casa,LL%_casa,EN_casa,BR_casa,B/E_casa,TO_casa,FC_casa,T/FC_casa,ET_casa,VI_casa,EF_casa,Pts_visitante,3P_visitante,2P_visitante,LL_visitante,RT_visitante,RO_visitante,RD_visitante,AS_visitante,ER_visitante,IA%_visitante,3PC_visitante,3PT_visitante,3P%_visitante,2PC_visitante,2PT_visitante,2P%_visitante,LLC_visitante,LLT_visitante,LL%_visitante,EN_visitante,BR_visitante,B/E_visitante,TO_visitante,FC_visitante,T/FC_visitante,ET_visitante,VI_visitante,EF_visitante
86,62,2021-11-18,5,1,2021-2022,Sesi Franca,Corinthians,86.20066666666666,28.0,43.93266666666667,14.266,38.967333333333336,9.033999999999999,29.933333333333334,20.034,11.566666666666666,1.752,9.332666666666666,25.966,35.834666666666664,21.967333333333332,39.532666666666664,56.04333333333332,14.266,19.566666666666666,73.31533333333331,2.9,7.833333333333333,0.6853333333333332,2.234,18.000666666666667,0.12933333333333333,11.566666666666666,1.6,104.19933333333333,79.466,33.2,33.599333333333334,12.666666666666666,36.400666666666666,11.066,25.332666666666668,17.266666666666666,12.799333333333333,1.4173333333333333,11.066666666666666,31.199333333333335,36.06333333333334,16.800666666666665,33.467333333333336,49.93266666666666,12.666666666666666,16.86733333333333,74.54266666666666,1.3326666666666669,6.333333333333333,0.49533333333333346,2.1993333333333336,19.066,0.11800000000000001,12.799333333333333,2.066666666666667,87.86666666666666
