placar_casa,placar_visitante,data,round,stage,ano,equipe_casa,equipe_visitante,Pts_casa,3P_casa,2P_casa,LL_casa,RT_casa,RO_casa,RD_casa,AS_casa,ER_casa,IA%_casa,3PC_casa,3PT_casa,3P%_casa,2PC_casa,2PT_casa,2P%_casa,LLC_casa,LLT_casa,LL%_casa,EN_casa,BR_casa,B/E_casa,TO_casa,FC_casa,T/FC_casa,ET_casa,VI_casa,EF_casa,Pts_visitante,3P_visitante,2P_visitante,LL_visitante,RT_visitante,RO_visitante,RD_visitante,AS_visitante,ER_visitante,IA%_visitante,3PC_visitante,3PT_visitante,3P%_visitante,2PC_visitante,2PT_visitante,2P%_visitante,LLC_visitante,LLT_visitante,LL%_visitante,EN_visitante,BR_visitante,B/E_visitante,TO_visitante,FC_visitante,T/FC_visitante,ET_visitante,VI_visitante,EF_visitante
67,86,2021-11-10,4,1,2021-2022,Pinheiros,UNIFACISA,71.222,23.166666666666668,36.022,12.033333333333333,39.712,11.811333333333334,27.900666666666666,16.932666666666666,14.421333333333333,1.1946666666666665,7.721333333333333,27.15533333333333,28.238666666666667,18.011333333333333,40.744,44.14066666666666,12.033333333333333,17.255333333333333,69.784,1.7786666666666666,7.933999999999999,0.5533333333333333,2.8006666666666664,18.343999999999998,0.15200000000000002,14.421333333333333,2.034,76.78866666666666,80.73333333333333,29.8,38.99933333333333,11.934,38.23266666666667,12.466666666666667,25.768000000000004,17.900000000000002,15.333333333333334,1.238,9.933333333333334,27.068,36.42999999999999,19.50066666666667,40.233333333333334,48.501999999999995,11.934,16.467333333333332,71.42533333333333,1.034,7.400666666666666,0.5100000000000001,2.3333333333333335,20.933333333333337,0.11733333333333336,15.333333333333334,3.2,88.868
