placar_casa,placar_visitante,data,round,stage,ano,equipe_casa,equipe_visitante,Pts_casa,3P_casa,2P_casa,LL_casa,RT_casa,RO_casa,RD_casa,AS_casa,ER_casa,IA%_casa,3PC_casa,3PT_casa,3P%_casa,2PC_casa,2PT_casa,2P%_casa,LLC_casa,LLT_casa,LL%_casa,EN_casa,BR_casa,B/E_casa,TO_casa,FC_casa,T/FC_casa,ET_casa,VI_casa,EF_casa,Pts_visitante,3P_visitante,2P_visitante,LL_visitante,RT_visitante,RO_visitante,RD_visitante,AS_visitante,ER_visitante,IA%_visitante,3PC_visitante,3PT_visitante,3P%_visitante,2PC_visitante,2PT_visitante,2P%_visitante,LLC_visitante,LLT_visitante,LL%_visitante,EN_visitante,BR_visitante,B/E_visitante,TO_visitante,FC_visitante,T/FC_visitante,ET_visitante,VI_visitante,EF_visitante
89,81,2021-12-09,7,1,2021-2022,Bauru Basket,Caxias do Sul Basquete,77.1,26.3,38.288666666666664,12.511333333333335,36.63333333333333,8.444666666666667,28.188666666666666,17.511333333333333,12.744666666666667,1.4853333333333334,8.766666666666667,28.055333333333333,31.340000000000007,19.14466666666667,32.722,58.73399999999999,12.511333333333335,16.111333333333334,78.508,0.9886666666666667,5.933333333333334,0.48733333333333345,2.4553333333333334,18.778000000000002,0.13333333333333333,12.744666666666667,2.1333333333333333,90.422,73.06666666666666,23.7,37.86666666666667,11.5,34.9,8.966666666666667,25.933333333333334,16.133333333333333,12.6,1.3206666666666669,7.9,24.233333333333334,33.260000000000005,18.933333333333334,36.43333333333333,51.61333333333333,11.5,16.5,69.78,1.1666666666666667,7.633333333333334,0.6406666666666666,2.0,20.8,0.09799999999999999,12.6,2.7666666666666666,82.3
