placar_casa,placar_visitante,data,round,stage,ano,equipe_casa,equipe_visitante,Pts_casa,3P_casa,2P_casa,LL_casa,RT_casa,RO_casa,RD_casa,AS_casa,ER_casa,IA%_casa,3PC_casa,3PT_casa,3P%_casa,2PC_casa,2PT_casa,2P%_casa,LLC_casa,LLT_casa,LL%_casa,EN_casa,BR_casa,B/E_casa,TO_casa,FC_casa,T/FC_casa,ET_casa,VI_casa,EF_casa,Pts_visitante,3P_visitante,2P_visitante,LL_visitante,RT_visitante,RO_visitante,RD_visitante,AS_visitante,ER_visitante,IA%_visitante,3PC_visitante,3PT_visitante,3P%_visitante,2PC_visitante,2PT_visitante,2P%_visitante,LLC_visitante,LLT_visitante,LL%_visitante,EN_visitante,BR_visitante,B/E_visitante,TO_visitante,FC_visitante,T/FC_visitante,ET_visitante,VI_visitante,EF_visitante
94,76,2013-12-12,9,1,2013-2014,Mogi,Espírito Santo,78.8,28.0,38.8,19.6,34.86666666666667,10.266666666666667,24.6,14.533333333333333,14.0,1.1239999999999999,6.8,18.866666666666667,36.779999999999994,19.4,40.266666666666666,48.34133333333333,19.6,25.0,78.13666666666667,0.8666666666666667,7.666666666666667,0.568,2.0,20.666666666666668,0.09933333333333334,14.0,2.3333333333333335,87.2,76.26666666666667,35.0,39.6,16.866666666666667,31.333333333333332,10.266666666666667,21.066666666666666,11.133333333333333,12.333333333333334,1.082,6.6,22.866666666666667,28.923999999999996,19.8,41.06666666666667,48.01133333333333,16.866666666666667,21.6,78.46066666666665,1.7333333333333334,7.466666666666667,0.6773333333333333,1.2,18.2,0.06733333333333333,12.333333333333334,2.1333333333333333,74.66666666666667
