placar_casa,placar_visitante,data,round,stage,ano,equipe_casa,equipe_visitante,Pts_casa,3P_casa,2P_casa,LL_casa,RT_casa,RO_casa,RD_casa,AS_casa,ER_casa,IA%_casa,3PC_casa,3PT_casa,3P%_casa,2PC_casa,2PT_casa,2P%_casa,LLC_casa,LLT_casa,LL%_casa,EN_casa,BR_casa,B/E_casa,TO_casa,FC_casa,T/FC_casa,ET_casa,VI_casa,EF_casa,Pts_visitante,3P_visitante,2P_visitante,LL_visitante,RT_visitante,RO_visitante,RD_visitante,AS_visitante,ER_visitante,IA%_visitante,3PC_visitante,3PT_visitante,3P%_visitante,2PC_visitante,2PT_visitante,2P%_visitante,LLC_visitante,LLT_visitante,LL%_visitante,EN_visitante,BR_visitante,B/E_visitante,TO_visitante,FC_visitante,T/FC_visitante,ET_visitante,VI_visitante,EF_visitante
82,83,2014-01-07,14,1,2013-2014,Goiânia,Espírito Santo,76.5,22.5,39.333333333333336,14.666666666666666,31.833333333333332,7.75,24.083333333333332,14.083333333333334,13.583333333333334,1.225,7.5,22.083333333333332,35.07666666666666,19.666666666666668,35.833333333333336,54.70750000000001,14.666666666666666,19.333333333333332,75.9675,1.1666666666666667,7.583333333333333,0.5950000000000001,1.25,22.416666666666668,0.05833333333333333,13.583333333333334,3.3333333333333335,82.25,71.73333333333333,24.8,35.86666666666667,14.866666666666667,30.0,9.266666666666667,20.733333333333334,11.6,12.733333333333333,1.084666666666667,7.0,22.6,30.730666666666664,17.933333333333334,38.13333333333333,47.20066666666666,14.866666666666667,19.333333333333332,77.07333333333332,1.7333333333333334,7.266666666666667,0.634,1.0,17.4,0.061333333333333344,12.733333333333333,2.066666666666667,68.8
