placar_casa,placar_visitante,data,round,stage,ano,equipe_casa,equipe_visitante,Pts_casa,3P_casa,2P_casa,LL_casa,RT_casa,RO_casa,RD_casa,AS_casa,ER_casa,IA%_casa,3PC_casa,3PT_casa,3P%_casa,2PC_casa,2PT_casa,2P%_casa,LLC_casa,LLT_casa,LL%_casa,EN_casa,BR_casa,B/E_casa,TO_casa,FC_casa,T/FC_casa,ET_casa,VI_casa,EF_casa,Pts_visitante,3P_visitante,2P_visitante,LL_visitante,RT_visitante,RO_visitante,RD_visitante,AS_visitante,ER_visitante,IA%_visitante,3PC_visitante,3PT_visitante,3P%_visitante,2PC_visitante,2PT_visitante,2P%_visitante,LLC_visitante,LLT_visitante,LL%_visitante,EN_visitante,BR_visitante,B/E_visitante,TO_visitante,FC_visitante,T/FC_visitante,ET_visitante,VI_visitante,EF_visitante
95,81,2013-12-09,6,1,2013-2014,Uberlândia,Brasília,83.4,29.4,39.06666666666667,14.933333333333334,32.4,8.6,23.8,16.733333333333334,10.4,1.8646666666666663,9.8,22.533333333333335,43.41466666666667,19.533333333333335,38.266666666666666,51.48733333333334,14.933333333333334,18.933333333333334,80.37733333333334,3.066666666666667,6.0,0.6346666666666666,2.066666666666667,18.666666666666668,0.11066666666666669,10.4,2.6666666666666665,94.73333333333333,85.6,32.4,41.46666666666667,11.733333333333333,31.8,7.6,24.2,16.0,12.266666666666667,1.4933333333333332,10.8,27.2,40.04,20.733333333333334,37.666666666666664,55.668666666666674,11.733333333333333,14.666666666666666,79.37666666666668,1.1333333333333333,6.6,0.5619999999999998,2.6666666666666665,21.2,0.13133333333333336,12.266666666666667,2.3333333333333335,94.13333333333334
