placar_casa,placar_visitante,data,round,stage,ano,equipe_casa,equipe_visitante,Pts_casa,3P_casa,2P_casa,LL_casa,RT_casa,RO_casa,RD_casa,AS_casa,ER_casa,IA%_casa,3PC_casa,3PT_casa,3P%_casa,2PC_casa,2PT_casa,2P%_casa,LLC_casa,LLT_casa,LL%_casa,EN_casa,BR_casa,B/E_casa,TO_casa,FC_casa,T/FC_casa,ET_casa,VI_casa,EF_casa,Pts_visitante,3P_visitante,2P_visitante,LL_visitante,RT_visitante,RO_visitante,RD_visitante,AS_visitante,ER_visitante,IA%_visitante,3PC_visitante,3PT_visitante,3P%_visitante,2PC_visitante,2PT_visitante,2P%_visitante,LLC_visitante,LLT_visitante,LL%_visitante,EN_visitante,BR_visitante,B/E_visitante,TO_visitante,FC_visitante,T/FC_visitante,ET_visitante,VI_visitante,EF_visitante
75,63,2013-11-23,4,1,2013-2014,Goiânia,Fortaleza B. C. / CFO,70.66666666666667,25.0,32.666666666666664,13.0,33.333333333333336,8.0,25.333333333333332,11.333333333333334,15.0,0.8266666666666667,8.333333333333334,25.0,33.27,16.333333333333332,34.0,47.98666666666667,13.0,18.0,72.03666666666668,0.0,8.666666666666666,0.6066666666666666,1.3333333333333333,21.333333333333332,0.06,15.0,3.3333333333333335,71.0,81.53333333333333,23.4,46.266666666666666,11.866666666666667,29.266666666666666,8.6,20.666666666666668,15.533333333333333,10.0,1.7473333333333334,7.8,21.533333333333335,36.858,23.133333333333333,43.266666666666666,53.67066666666667,11.866666666666667,16.333333333333332,73.19333333333334,1.2666666666666666,9.533333333333333,1.068,1.6,22.133333333333333,0.07600000000000001,10.0,2.6,89.13333333333334
