placar_casa,placar_visitante,data,round,stage,ano,equipe_casa,equipe_visitante,Pts_casa,3P_casa,2P_casa,LL_casa,RT_casa,RO_casa,RD_casa,AS_casa,ER_casa,IA%_casa,3PC_casa,3PT_casa,3P%_casa,2PC_casa,2PT_casa,2P%_casa,LLC_casa,LLT_casa,LL%_casa,EN_casa,BR_casa,B/E_casa,TO_casa,FC_casa,T/FC_casa,ET_casa,VI_casa,EF_casa,Pts_visitante,3P_visitante,2P_visitante,LL_visitante,RT_visitante,RO_visitante,RD_visitante,AS_visitante,ER_visitante,IA%_visitante,3PC_visitante,3PT_visitante,3P%_visitante,2PC_visitante,2PT_visitante,2P%_visitante,LLC_visitante,LLT_visitante,LL%_visitante,EN_visitante,BR_visitante,B/E_visitante,TO_visitante,FC_visitante,T/FC_visitante,ET_visitante,VI_visitante,EF_visitante
60,71,2013-12-12,9,1,2013-2014,Fortaleza B. C. / CFO,Minas,79.2,21.2,46.0,12.0,30.266666666666666,9.133333333333333,21.133333333333333,13.666666666666666,10.733333333333333,1.5033333333333334,7.066666666666666,21.133333333333333,34.10733333333334,23.0,43.266666666666666,53.53133333333333,12.0,17.066666666666666,70.16000000000001,1.6,9.666666666666666,1.0333333333333334,1.7333333333333334,21.866666666666667,0.07733333333333332,10.733333333333333,2.6666666666666665,84.4,68.6,16.4,37.86666666666667,14.333333333333334,29.666666666666668,7.866666666666666,21.8,13.533333333333333,14.066666666666666,1.0413333333333332,5.466666666666667,17.333333333333332,30.623333333333335,18.933333333333334,39.666666666666664,48.04666666666665,14.333333333333334,18.6,78.40533333333335,1.0666666666666667,7.4,0.5640000000000001,3.2,20.666666666666668,0.156,14.066666666666666,2.533333333333333,71.46666666666667
