placar_casa,placar_visitante,data,round,stage,ano,equipe_casa,equipe_visitante,Pts_casa,3P_casa,2P_casa,LL_casa,RT_casa,RO_casa,RD_casa,AS_casa,ER_casa,IA%_casa,3PC_casa,3PT_casa,3P%_casa,2PC_casa,2PT_casa,2P%_casa,LLC_casa,LLT_casa,LL%_casa,EN_casa,BR_casa,B/E_casa,TO_casa,FC_casa,T/FC_casa,ET_casa,VI_casa,EF_casa,Pts_visitante,3P_visitante,2P_visitante,LL_visitante,RT_visitante,RO_visitante,RD_visitante,AS_visitante,ER_visitante,IA%_visitante,3PC_visitante,3PT_visitante,3P%_visitante,2PC_visitante,2PT_visitante,2P%_visitante,LLC_visitante,LLT_visitante,LL%_visitante,EN_visitante,BR_visitante,B/E_visitante,TO_visitante,FC_visitante,T/FC_visitante,ET_visitante,VI_visitante,EF_visitante
80,66,2014-01-16,17,1,2013-2014,Paulistano,Minas,81.2,26.4,38.4,16.4,33.733333333333334,10.6,23.133333333333333,11.333333333333334,12.4,1.02,8.8,24.066666666666666,37.099333333333334,19.2,37.733333333333334,51.053999999999995,16.4,20.6,76.17200000000001,0.4,9.133333333333333,0.7833333333333333,1.2,21.466666666666665,0.06133333333333334,12.4,2.0,86.2,68.93333333333334,15.8,38.93333333333333,14.2,31.266666666666666,7.666666666666667,23.6,13.933333333333334,13.266666666666667,1.1126666666666667,5.266666666666667,16.733333333333334,30.918666666666663,19.466666666666665,39.333333333333336,49.77266666666666,14.2,19.866666666666667,73.11066666666667,1.6,8.666666666666666,0.678,2.2666666666666666,22.866666666666667,0.10266666666666667,13.266666666666667,2.6666666666666665,74.8
