placar_casa,placar_visitante,data,round,stage,ano,equipe_casa,equipe_visitante,Pts_casa,3P_casa,2P_casa,LL_casa,RT_casa,RO_casa,RD_casa,AS_casa,ER_casa,IA%_casa,3PC_casa,3PT_casa,3P%_casa,2PC_casa,2PT_casa,2P%_casa,LLC_casa,LLT_casa,LL%_casa,EN_casa,BR_casa,B/E_casa,TO_casa,FC_casa,T/FC_casa,ET_casa,VI_casa,EF_casa,Pts_visitante,3P_visitante,2P_visitante,LL_visitante,RT_visitante,RO_visitante,RD_visitante,AS_visitante,ER_visitante,IA%_visitante,3PC_visitante,3PT_visitante,3P%_visitante,2PC_visitante,2PT_visitante,2P%_visitante,LLC_visitante,LLT_visitante,LL%_visitante,EN_visitante,BR_visitante,B/E_visitante,TO_visitante,FC_visitante,T/FC_visitante,ET_visitante,VI_visitante,EF_visitante
72,50,2022-12-01,7,1,2022-2023,Flamengo,BRB/Brasília,87.26238636363642,32.77159090909091,41.420386363636375,15.974954545454544,37.163613636363635,10.271545454545453,26.892068181818182,17.853431818181818,12.322704545454545,1.5905454545454554,9.955681818181818,26.994295454545455,37.10736363636365,20.710295454545456,37.039795454545455,56.08363636363637,15.974954545454544,21.12390909090909,75.5062954545454,1.6147045454545463,7.875022727272728,0.693659090909091,1.9103409090909076,18.961386363636365,0.10540909090909091,12.322704545454545,1.9079318181818186,102.04763636363641,75.96969230769231,26.630769230769232,35.630461538461546,13.707538461538462,38.81523076923077,10.661384615384616,28.153846153846153,15.061384615384616,15.092461538461539,1.0601538461538458,8.87676923076923,27.784307692307692,31.7416923076923,17.815692307692306,36.21584615384615,49.27630769230771,13.707538461538462,19.507384615384616,70.38307692307694,0.8767692307692307,5.692,0.39600000000000013,1.6150769230769229,19.015230769230772,0.08753846153846152,15.092461538461539,2.5076923076923077,78.95384615384616
