placar_casa,placar_visitante,data,round,stage,ano,equipe_casa,equipe_visitante,Pts_casa,3P_casa,2P_casa,LL_casa,RT_casa,RO_casa,RD_casa,AS_casa,ER_casa,IA%_casa,3PC_casa,3PT_casa,3P%_casa,2PC_casa,2PT_casa,2P%_casa,LLC_casa,LLT_casa,LL%_casa,EN_casa,BR_casa,B/E_casa,TO_casa,FC_casa,T/FC_casa,ET_casa,VI_casa,EF_casa,Pts_visitante,3P_visitante,2P_visitante,LL_visitante,RT_visitante,RO_visitante,RD_visitante,AS_visitante,ER_visitante,IA%_visitante,3PC_visitante,3PT_visitante,3P%_visitante,2PC_visitante,2PT_visitante,2P%_visitante,LLC_visitante,LLT_visitante,LL%_visitante,EN_visitante,BR_visitante,B/E_visitante,TO_visitante,FC_visitante,T/FC_visitante,ET_visitante,VI_visitante,EF_visitante
78,74,2023-12-29,11,1,2023-2024,Pato Basquete,Caxias do Sul Basquete,74.32284722222222,25.010416666666668,37.02090277777778,12.291736111111108,35.82951388888888,10.840208333333331,24.989722222222223,14.888819444444444,13.715138888888882,1.1734027777777782,8.336597222222224,26.28805555555555,31.615000000000002,18.510347222222222,38.045208333333335,48.724583333333335,12.291736111111108,17.961944444444445,68.15965277777781,1.1632638888888893,7.340347222222222,0.5570833333333334,1.5348611111111112,20.485972222222223,0.07597222222222223,13.715138888888882,3.0001388888888894,77.03819444444444,72.40636363636364,23.105113636363637,35.60238636363636,13.699034090909093,34.09357954545454,9.15056818181818,24.94301136363636,14.548465909090908,14.017045454545457,1.0885795454545457,7.701818181818184,24.218693181818182,31.92142045454543,17.801022727272724,36.593863636363636,48.73261363636364,13.699034090909093,19.49721590909091,70.07755681818178,1.1787500000000004,7.698977272727271,0.5640909090909092,1.8125568181818188,21.119090909090904,0.0901136363636364,14.017045454545457,2.971590909090909,75.4346590909091
