placar_casa,placar_visitante,data,round,stage,ano,equipe_casa,equipe_visitante,Pts_casa,3P_casa,2P_casa,LL_casa,RT_casa,RO_casa,RD_casa,AS_casa,ER_casa,IA%_casa,3PC_casa,3PT_casa,3P%_casa,2PC_casa,2PT_casa,2P%_casa,LLC_casa,LLT_casa,LL%_casa,EN_casa,BR_casa,B/E_casa,TO_casa,FC_casa,T/FC_casa,ET_casa,VI_casa,EF_casa,Pts_visitante,3P_visitante,2P_visitante,LL_visitante,RT_visitante,RO_visitante,RD_visitante,AS_visitante,ER_visitante,IA%_visitante,3PC_visitante,3PT_visitante,3P%_visitante,2PC_visitante,2PT_visitante,2P%_visitante,LLC_visitante,LLT_visitante,LL%_visitante,EN_visitante,BR_visitante,B/E_visitante,TO_visitante,FC_visitante,T/FC_visitante,ET_visitante,VI_visitante,EF_visitante
91,77,2023-03-13,7,2,2022-2023,Paulistano,Cerrado,79.8646080760095,29.358669833729216,39.03087885985748,14.46793349168646,36.37527315914489,11.508361045130643,24.86691211401425,14.990522565320665,13.306365795724464,1.2432541567695956,8.788598574821853,25.897909738717342,34.306793349168636,19.51543942992874,38.49410926365796,51.017363420427536,14.46793349168646,19.73391923990499,72.99118764845606,1.7578147268408542,7.641306413301662,0.6263182897862236,1.9430403800475053,21.06890736342043,0.09617577197149639,13.306365795724464,2.434655581947744,87.12836104513059,77.9312643678161,28.448275862068964,37.21816091954024,12.264137931034483,38.94252873563219,11.597701149425289,27.3451724137931,15.115057471264368,13.954022988505745,1.141034482758621,9.48287356321839,29.689885057471265,31.85655172413793,18.60942528735632,37.37931034482759,50.07977011494251,12.264137931034483,17.540459770114943,69.8644827586207,1.850114942528735,6.62080459770115,0.4889655172413789,2.448275862068965,17.908735632183912,0.1394252873563219,13.954022988505745,2.677586206896552,82.85103448275864
