placar_casa,placar_visitante,data,round,stage,ano,equipe_casa,equipe_visitante,Pts_casa,3P_casa,2P_casa,LL_casa,RT_casa,RO_casa,RD_casa,AS_casa,ER_casa,IA%_casa,3PC_casa,3PT_casa,3P%_casa,2PC_casa,2PT_casa,2P%_casa,LLC_casa,LLT_casa,LL%_casa,EN_casa,BR_casa,B/E_casa,TO_casa,FC_casa,T/FC_casa,ET_casa,VI_casa,EF_casa,Pts_visitante,3P_visitante,2P_visitante,LL_visitante,RT_visitante,RO_visitante,RD_visitante,AS_visitante,ER_visitante,IA%_visitante,3PC_visitante,3PT_visitante,3P%_visitante,2PC_visitante,2PT_visitante,2P%_visitante,LLC_visitante,LLT_visitante,LL%_visitante,EN_visitante,BR_visitante,B/E_visitante,TO_visitante,FC_visitante,T/FC_visitante,ET_visitante,VI_visitante,EF_visitante
68,64,2013-12-07,8,1,2013-2014,Palmeiras,Uberlândia,77.78048780487805,45.4390243902439,39.170731707317074,16.4390243902439,31.658536585365855,10.195121951219512,21.463414634146343,12.317073170731707,13.195121951219512,1.0846341463414637,7.390243902439025,22.658536585365855,32.527804878048784,19.585365853658537,40.292682926829265,49.007073170731715,16.4390243902439,24.024390243902438,67.9960975609756,2.097560975609756,8.048780487804878,0.6880487804878047,1.853658536585366,21.902439024390244,0.08365853658536586,13.195121951219512,2.8780487804878048,82.0,83.8,41.0,41.76,15.28,30.346666666666668,7.413333333333333,22.933333333333334,16.4,11.773333333333333,1.5681333333333338,8.92,22.32,40.06453333333334,20.88,37.946666666666665,55.30786666666667,15.28,19.066666666666666,80.28613333333334,3.04,6.1466666666666665,0.5765333333333333,2.5866666666666664,19.533333333333335,0.14066666666666672,11.773333333333333,2.466666666666667,97.13333333333334
