placar_casa,placar_visitante,data,round,stage,ano,equipe_casa,equipe_visitante,Pts_casa,3P_casa,2P_casa,LL_casa,RT_casa,RO_casa,RD_casa,AS_casa,ER_casa,IA%_casa,3PC_casa,3PT_casa,3P%_casa,2PC_casa,2PT_casa,2P%_casa,LLC_casa,LLT_casa,LL%_casa,EN_casa,BR_casa,B/E_casa,TO_casa,FC_casa,T/FC_casa,ET_casa,VI_casa,EF_casa,Pts_visitante,3P_visitante,2P_visitante,LL_visitante,RT_visitante,RO_visitante,RD_visitante,AS_visitante,ER_visitante,IA%_visitante,3PC_visitante,3PT_visitante,3P%_visitante,2PC_visitante,2PT_visitante,2P%_visitante,LLC_visitante,LLT_visitante,LL%_visitante,EN_visitante,BR_visitante,B/E_visitante,TO_visitante,FC_visitante,T/FC_visitante,ET_visitante,VI_visitante,EF_visitante
101,90,2020-03-09,8,2,2019-2020,UNIFACISA,Paulistano,81.6796,29.4,39.1204,13.160400000000003,37.28,9.9596,27.3204,18.120400000000004,13.079600000000001,1.44,9.7996,28.040399999999998,34.93879999999999,19.5596,36.7596,53.254,13.160400000000003,17.359599999999997,74.9104,1.9595999999999998,6.92,0.5636,2.6004,19.840400000000002,0.1344,13.079600000000001,2.1595999999999997,93.8,80.96246875000001,30.1875,39.30621875,15.40625,35.415625,11.256312500000002,24.15940625,14.67503125,13.63434375,1.1859999999999995,8.75,25.375062500000002,34.87890624999997,19.653156250000002,38.196875,51.758968749999966,15.40625,20.903125,73.47749999999999,1.7813124999999996,7.753125,0.6195625000000001,1.9250312499999995,21.696875,0.0924062499999999,13.63434375,2.434375,87.71253124999998
