placar_casa,placar_visitante,data,round,stage,ano,equipe_casa,equipe_visitante,Pts_casa,3P_casa,2P_casa,LL_casa,RT_casa,RO_casa,RD_casa,AS_casa,ER_casa,IA%_casa,3PC_casa,3PT_casa,3P%_casa,2PC_casa,2PT_casa,2P%_casa,LLC_casa,LLT_casa,LL%_casa,EN_casa,BR_casa,B/E_casa,TO_casa,FC_casa,T/FC_casa,ET_casa,VI_casa,EF_casa,Pts_visitante,3P_visitante,2P_visitante,LL_visitante,RT_visitante,RO_visitante,RD_visitante,AS_visitante,ER_visitante,IA%_visitante,3PC_visitante,3PT_visitante,3P%_visitante,2PC_visitante,2PT_visitante,2P%_visitante,LLC_visitante,LLT_visitante,LL%_visitante,EN_visitante,BR_visitante,B/E_visitante,TO_visitante,FC_visitante,T/FC_visitante,ET_visitante,VI_visitante,EF_visitante
80,66,2014-01-16,17,1,2013-2014,Paulistano,Minas,79.86614173228347,33.14173228346457,41.25984251968504,15.385826771653543,31.74015748031496,10.188976377952756,21.551181102362204,13.338582677165354,14.385826771653543,1.0200000000000002,7.74015748031496,22.25984251968504,35.36133858267717,20.62992125984252,39.55118110236221,52.320393700787385,15.385826771653543,22.133858267716537,68.80456692913387,1.5669291338582678,7.425196850393701,0.5633070866141734,2.1023622047244093,22.22047244094488,0.09874015748031491,14.385826771653543,2.1023622047244093,83.25196850393701,81.4921875,30.75,44.15625,16.171875,31.3046875,9.125,22.1796875,15.578125,14.109375,1.1971875,7.0546875,19.7421875,35.433281250000014,22.078125,40.7578125,54.34781249999999,16.171875,21.265625,76.13085937499999,1.0703125,7.21875,0.5461718750000002,2.5625,20.59375,0.13132812500000005,14.109375,1.96875,89.734375
