placar_casa,placar_visitante,data,round,stage,ano,equipe_casa,equipe_visitante,Pts_casa,3P_casa,2P_casa,LL_casa,RT_casa,RO_casa,RD_casa,AS_casa,ER_casa,IA%_casa,3PC_casa,3PT_casa,3P%_casa,2PC_casa,2PT_casa,2P%_casa,LLC_casa,LLT_casa,LL%_casa,EN_casa,BR_casa,B/E_casa,TO_casa,FC_casa,T/FC_casa,ET_casa,VI_casa,EF_casa,Pts_visitante,3P_visitante,2P_visitante,LL_visitante,RT_visitante,RO_visitante,RD_visitante,AS_visitante,ER_visitante,IA%_visitante,3PC_visitante,3PT_visitante,3P%_visitante,2PC_visitante,2PT_visitante,2P%_visitante,LLC_visitante,LLT_visitante,LL%_visitante,EN_visitante,BR_visitante,B/E_visitante,TO_visitante,FC_visitante,T/FC_visitante,ET_visitante,VI_visitante,EF_visitante
87,85,2016-04-02,1,3,2015-2016,Sesi Franca,Rio Claro,79.45064377682404,28.300429184549355,42.24034334763949,15.643776824034335,31.553648068669528,9.21030042918455,22.34334763948498,14.622317596566523,13.819742489270386,1.1864377682403429,7.1888412017167385,20.29184549356223,35.36055793991417,21.120171673819744,40.41630901287554,52.547768240343345,15.643776824034335,21.34334763948498,72.92793991416306,1.909871244635193,8.871244635193133,0.7013304721030039,2.811158798283262,20.716738197424892,0.1432618025751073,13.819742489270386,2.313304721030043,87.02575107296137,76.48275862068965,23.224137931034484,39.689655172413794,13.568965517241379,32.293103448275865,8.637931034482758,23.655172413793103,16.689655172413794,14.724137931034482,1.2274137931034483,7.741379310344827,22.70689655172414,33.55396551724137,19.844827586206897,37.275862068965516,53.065344827586216,13.568965517241379,18.224137931034484,74.01965517241379,1.793103448275862,10.224137931034482,0.7367241379310345,1.896551724137931,20.896551724137932,0.09344827586206897,14.724137931034482,3.3620689655172415,85.8103448275862
