placar_casa,placar_visitante,data,round,stage,ano,equipe_casa,equipe_visitante,Pts_casa,3P_casa,2P_casa,LL_casa,RT_casa,RO_casa,RD_casa,AS_casa,ER_casa,IA%_casa,3PC_casa,3PT_casa,3P%_casa,2PC_casa,2PT_casa,2P%_casa,LLC_casa,LLT_casa,LL%_casa,EN_casa,BR_casa,B/E_casa,TO_casa,FC_casa,T/FC_casa,ET_casa,VI_casa,EF_casa,Pts_visitante,3P_visitante,2P_visitante,LL_visitante,RT_visitante,RO_visitante,RD_visitante,AS_visitante,ER_visitante,IA%_visitante,3PC_visitante,3PT_visitante,3P%_visitante,2PC_visitante,2PT_visitante,2P%_visitante,LLC_visitante,LLT_visitante,LL%_visitante,EN_visitante,BR_visitante,B/E_visitante,TO_visitante,FC_visitante,T/FC_visitante,ET_visitante,VI_visitante,EF_visitante
91,86,2021-03-04,5,2,2020-2021,Flamengo,Bauru Basket,87.49318181818188,31.92914438502674,42.51061497326203,16.470534759358287,36.34887700534759,9.97192513368984,26.3770320855615,17.54548128342246,12.314171122994653,1.5609893048128347,9.504010695187166,25.600267379679146,37.2949732620321,21.255427807486633,38.05080213903744,56.04270053475939,16.470534759358287,21.717967914438503,75.79909090909086,1.6095454545454555,8.137727272727274,0.7173262032085561,1.8543582887700525,19.399732620320854,0.0989304812834225,12.314171122994653,1.8421925133689847,101.89433155080216,82.22623978201631,31.295640326975477,38.78471389645777,15.104931880108992,34.60346049046321,9.600926430517713,25.002861035422345,15.914114441416892,12.17032697547684,1.4370572207084455,9.445504087193461,25.720681198910082,36.97005449591285,19.392397820163488,36.15940054495913,54.091771117166175,15.104931880108992,20.217956403269753,74.74773841961851,1.3679564032697553,7.671689373297004,0.6855585831062667,1.7574659400544963,19.048964577656673,0.09542234332425055,12.17032697547684,2.145858310626702,92.6947683923706
