placar_casa,placar_visitante,data,round,stage,ano,equipe_casa,equipe_visitante,Pts_casa,3P_casa,2P_casa,LL_casa,RT_casa,RO_casa,RD_casa,AS_casa,ER_casa,IA%_casa,3PC_casa,3PT_casa,3P%_casa,2PC_casa,2PT_casa,2P%_casa,LLC_casa,LLT_casa,LL%_casa,EN_casa,BR_casa,B/E_casa,TO_casa,FC_casa,T/FC_casa,ET_casa,VI_casa,EF_casa,Pts_visitante,3P_visitante,2P_visitante,LL_visitante,RT_visitante,RO_visitante,RD_visitante,AS_visitante,ER_visitante,IA%_visitante,3PC_visitante,3PT_visitante,3P%_visitante,2PC_visitante,2PT_visitante,2P%_visitante,LLC_visitante,LLT_visitante,LL%_visitante,EN_visitante,BR_visitante,B/E_visitante,TO_visitante,FC_visitante,T/FC_visitante,ET_visitante,VI_visitante,EF_visitante
81,78,2023-11-14,5,1,2023-2024,Corinthians,São Paulo,79.86413580246914,28.296296296296298,37.839506172839506,13.728518518518522,37.58018518518519,10.66030864197531,26.91969135802469,16.981172839506172,13.685123456790123,1.3204320987654328,9.432160493827162,27.178827160493825,34.76012345679011,18.919753086419753,36.611172839506175,51.896851851851835,13.728518518518522,18.209814814814813,75.64092592592594,2.0680246913580245,6.388827160493827,0.49308641975308665,2.401172839506173,20.33962962962963,0.1214197530864197,13.685123456790123,2.37641975308642,89.56783950617285,85.80139072847682,32.86092715231788,38.913774834437085,14.026291390728478,37.37105960264901,8.966754966887416,28.40390728476821,17.87423841059603,11.7417880794702,1.6175496688741728,10.953642384105958,29.874172185430464,36.48052980132451,19.457086092715233,34.324503311258276,56.84503311258278,14.026291390728478,18.58251655629139,75.51165562913906,2.006622516556291,6.715231788079471,0.5962913907284764,2.3244370860927153,18.106092715231785,0.13761589403973498,11.7417880794702,1.8941059602649006,99.99337748344371
