placar_casa,placar_visitante,data,round,stage,ano,equipe_casa,equipe_visitante,Pts_casa,3P_casa,2P_casa,LL_casa,RT_casa,RO_casa,RD_casa,AS_casa,ER_casa,IA%_casa,3PC_casa,3PT_casa,3P%_casa,2PC_casa,2PT_casa,2P%_casa,LLC_casa,LLT_casa,LL%_casa,EN_casa,BR_casa,B/E_casa,TO_casa,FC_casa,T/FC_casa,ET_casa,VI_casa,EF_casa,Pts_visitante,3P_visitante,2P_visitante,LL_visitante,RT_visitante,RO_visitante,RD_visitante,AS_visitante,ER_visitante,IA%_visitante,3PC_visitante,3PT_visitante,3P%_visitante,2PC_visitante,2PT_visitante,2P%_visitante,LLC_visitante,LLT_visitante,LL%_visitante,EN_visitante,BR_visitante,B/E_visitante,TO_visitante,FC_visitante,T/FC_visitante,ET_visitante,VI_visitante,EF_visitante
95,73,2022-12-13,9,1,2022-2023,Pinheiros,Fortaleza B. C. / CFO,82.30160583941611,28.37226277372263,40.11192214111922,15.452530413625304,34.8832603406326,10.097372262773725,24.785888077858882,15.917250608272505,13.51581508515815,1.2558880778588815,8.9123600973236,24.690973236009732,36.229854014598544,20.05596107055961,38.54493917274939,52.42491484184921,15.452530413625304,20.897761557177613,73.72596107055959,1.8466666666666673,7.9391727493917275,0.6188077858880777,2.4745255474452548,19.76167883211679,0.13053527980535254,13.51581508515815,2.321265206812651,91.22620437956208,76.52183946488293,27.862876254180602,39.49832775919732,13.103678929765886,36.1604347826087,10.515183946488298,25.645652173913046,13.675585284280936,12.94973244147157,1.1534113712374578,7.973277591973245,24.996622073578596,32.15421404682272,19.74916387959866,39.50163879598662,50.10448160535116,13.103678929765886,18.8194983277592,69.57501672240798,1.3846153846153844,8.294314381270903,0.6951505016722404,2.4680936454849514,20.43140468227425,0.12424749163879598,12.94973244147157,2.6588294314381273,82.33438127090302
