placar_casa,placar_visitante,data,round,stage,ano,equipe_casa,equipe_visitante,Pts_casa,3P_casa,2P_casa,LL_casa,RT_casa,RO_casa,RD_casa,AS_casa,ER_casa,IA%_casa,3PC_casa,3PT_casa,3P%_casa,2PC_casa,2PT_casa,2P%_casa,LLC_casa,LLT_casa,LL%_casa,EN_casa,BR_casa,B/E_casa,TO_casa,FC_casa,T/FC_casa,ET_casa,VI_casa,EF_casa,Pts_visitante,3P_visitante,2P_visitante,LL_visitante,RT_visitante,RO_visitante,RD_visitante,AS_visitante,ER_visitante,IA%_visitante,3PC_visitante,3PT_visitante,3P%_visitante,2PC_visitante,2PT_visitante,2P%_visitante,LLC_visitante,LLT_visitante,LL%_visitante,EN_visitante,BR_visitante,B/E_visitante,TO_visitante,FC_visitante,T/FC_visitante,ET_visitante,VI_visitante,EF_visitante
70,81,2014-03-27,17,2,2013-2014,Espírito Santo,L. Sorocabana,73.3923076923077,28.546153846153846,36.8,15.292307692307693,29.861538461538462,9.184615384615384,20.676923076923078,10.830769230769231,13.923076923076923,0.8877692307692303,7.1,22.26153846153846,31.687769230769245,18.4,37.44615384615385,49.40023076923077,15.292307692307693,21.4,71.96599999999998,1.3,7.815384615384615,0.6199230769230766,1.6846153846153846,20.73846153846154,0.08323076923076925,13.923076923076923,2.6538461538461537,71.6,76.0919540229885,34.758620689655174,38.32183908045977,16.28735632183908,28.344827586206897,9.068965517241379,19.275862068965516,10.597701149425287,11.89655172413793,0.9558620689655172,7.160919540229885,21.49425287356322,33.360114942528746,19.160919540229884,37.95402298850575,50.671839080459755,16.28735632183908,21.551724137931036,75.49862068965518,1.3448275862068966,8.471264367816092,0.7639080459770116,1.5172413793103448,20.816091954022987,0.0735632183908046,11.89655172413793,2.4942528735632186,78.26436781609195
