placar_casa,placar_visitante,data,round,stage,ano,equipe_casa,equipe_visitante,Pts_casa,3P_casa,2P_casa,LL_casa,RT_casa,RO_casa,RD_casa,AS_casa,ER_casa,IA%_casa,3PC_casa,3PT_casa,3P%_casa,2PC_casa,2PT_casa,2P%_casa,LLC_casa,LLT_casa,LL%_casa,EN_casa,BR_casa,B/E_casa,TO_casa,FC_casa,T/FC_casa,ET_casa,VI_casa,EF_casa,Pts_visitante,3P_visitante,2P_visitante,LL_visitante,RT_visitante,RO_visitante,RD_visitante,AS_visitante,ER_visitante,IA%_visitante,3PC_visitante,3PT_visitante,3P%_visitante,2PC_visitante,2PT_visitante,2P%_visitante,LLC_visitante,LLT_visitante,LL%_visitante,EN_visitante,BR_visitante,B/E_visitante,TO_visitante,FC_visitante,T/FC_visitante,ET_visitante,VI_visitante,EF_visitante
77,80,2013-03-07,9,2,2012-2013,Limeira,Brasília,82.82278481012658,36.56962025316456,38.9873417721519,16.075949367088608,28.10126582278481,7.341772151898734,20.759493670886076,15.518987341772151,13.050632911392405,1.2763291139240505,9.253164556962025,24.10126582278481,38.809873417721526,19.49367088607595,36.69620253164557,53.292531645569625,16.075949367088608,20.810126582278482,77.3353164556962,1.9620253164556962,7.379746835443038,0.6088607594936711,2.6455696202531644,21.417721518987342,0.13126582278481008,13.050632911392405,1.518987341772152,90.0632911392405,87.80172413793103,31.112068965517242,44.53448275862069,18.517241379310345,33.31896551724138,9.043103448275861,24.275862068965516,15.931034482758621,13.793103448275861,1.3079310344827586,8.25,23.594827586206897,34.93793103448276,22.267241379310345,38.206896551724135,58.34250000000002,18.517241379310345,23.637931034482758,78.53577586206896,1.6206896551724137,7.689655172413793,0.6274137931034486,3.3189655172413794,22.051724137931036,0.16318965517241382,13.793103448275861,1.6379310344827587,100.57758620689656
