placar_casa,placar_visitante,data,round,stage,ano,equipe_casa,equipe_visitante,Pts_casa,3P_casa,2P_casa,LL_casa,RT_casa,RO_casa,RD_casa,AS_casa,ER_casa,IA%_casa,3PC_casa,3PT_casa,3P%_casa,2PC_casa,2PT_casa,2P%_casa,LLC_casa,LLT_casa,LL%_casa,EN_casa,BR_casa,B/E_casa,TO_casa,FC_casa,T/FC_casa,ET_casa,VI_casa,EF_casa,Pts_visitante,3P_visitante,2P_visitante,LL_visitante,RT_visitante,RO_visitante,RD_visitante,AS_visitante,ER_visitante,IA%_visitante,3PC_visitante,3PT_visitante,3P%_visitante,2PC_visitante,2PT_visitante,2P%_visitante,LLC_visitante,LLT_visitante,LL%_visitante,EN_visitante,BR_visitante,B/E_visitante,TO_visitante,FC_visitante,T/FC_visitante,ET_visitante,VI_visitante,EF_visitante
73,91,2015-05-01,4,4,2014-2015,Macaé Basquete,Mogi,80.01449275362319,24.869565217391305,38.17391304347826,16.971014492753625,31.81159420289855,8.318840579710145,23.492753623188406,14.101449275362318,13.507246376811594,1.2452173913043472,8.289855072463768,21.608695652173914,38.18927536231884,19.08695652173913,36.6231884057971,52.371159420289864,16.971014492753625,21.347826086956523,79.98507246376809,1.3043478260869565,8.797101449275363,0.776231884057971,1.4492753623188406,22.07246376811594,0.06724637681159422,13.507246376811594,3.1449275362318843,87.43478260869566,79.9375,32.544642857142854,39.964285714285715,17.821428571428573,35.36607142857143,11.580357142857142,23.785714285714285,14.142857142857142,14.482142857142858,1.0716071428571432,7.383928571428571,20.205357142857142,36.486339285714294,19.982142857142858,40.723214285714285,49.158035714285695,17.821428571428573,23.758928571428573,74.3186607142857,1.2410714285714286,8.625,0.6361607142857143,1.625,22.321428571428573,0.07660714285714286,14.482142857142858,2.9285714285714284,88.16071428571429
