placar_casa,placar_visitante,data,round,stage,ano,equipe_casa,equipe_visitante,Pts_casa,3P_casa,2P_casa,LL_casa,RT_casa,RO_casa,RD_casa,AS_casa,ER_casa,IA%_casa,3PC_casa,3PT_casa,3P%_casa,2PC_casa,2PT_casa,2P%_casa,LLC_casa,LLT_casa,LL%_casa,EN_casa,BR_casa,B/E_casa,TO_casa,FC_casa,T/FC_casa,ET_casa,VI_casa,EF_casa,Pts_visitante,3P_visitante,2P_visitante,LL_visitante,RT_visitante,RO_visitante,RD_visitante,AS_visitante,ER_visitante,IA%_visitante,3PC_visitante,3PT_visitante,3P%_visitante,2PC_visitante,2PT_visitante,2P%_visitante,LLC_visitante,LLT_visitante,LL%_visitante,EN_visitante,BR_visitante,B/E_visitante,TO_visitante,FC_visitante,T/FC_visitante,ET_visitante,VI_visitante,EF_visitante
74,73,2021-04-23,2,3,2020-2021,Bauru Basket,Caxias do Sul Basquete,82.33074666666663,31.192,38.933279999999996,15.101386666666668,34.71725333333333,9.616133333333336,25.101440000000004,15.978639999999999,12.226720000000002,1.4346399999999988,9.432,25.738613333333333,36.89581333333338,19.466720000000002,36.20264,54.23098666666664,15.101386666666668,20.266666666666666,74.57378666666665,1.3840800000000006,7.6960266666666675,0.684453333333333,1.770613333333334,19.079946666666665,0.09583999999999988,12.226720000000002,2.1627466666666657,92.88792000000004,73.2089010989011,23.10989010989011,35.16505494505495,14.934285714285714,33.81307692307692,9.395714285714284,24.417362637362633,14.450769230769229,14.208791208791213,1.0673626373626373,7.703406593406596,23.7910989010989,32.318901098901094,17.582197802197797,36.17604395604396,48.732307692307714,14.934285714285714,21.13186813186813,70.59461538461538,1.2964835164835165,8.088131868131866,0.5797802197802198,1.4724175824175825,22.131538461538454,0.07010989010989012,14.208791208791213,3.1209890109890117,75.94505494505495
