placar_casa,placar_visitante,data,round,stage,ano,equipe_casa,equipe_visitante,Pts_casa,3P_casa,2P_casa,LL_casa,RT_casa,RO_casa,RD_casa,AS_casa,ER_casa,IA%_casa,3PC_casa,3PT_casa,3P%_casa,2PC_casa,2PT_casa,2P%_casa,LLC_casa,LLT_casa,LL%_casa,EN_casa,BR_casa,B/E_casa,TO_casa,FC_casa,T/FC_casa,ET_casa,VI_casa,EF_casa,Pts_visitante,3P_visitante,2P_visitante,LL_visitante,RT_visitante,RO_visitante,RD_visitante,AS_visitante,ER_visitante,IA%_visitante,3PC_visitante,3PT_visitante,3P%_visitante,2PC_visitante,2PT_visitante,2P%_visitante,LLC_visitante,LLT_visitante,LL%_visitante,EN_visitante,BR_visitante,B/E_visitante,TO_visitante,FC_visitante,T/FC_visitante,ET_visitante,VI_visitante,EF_visitante
103,106,2020-03-15,9,2,2019-2020,UNIFACISA,São Paulo,82.4226923076923,30.115384615384617,39.00038461538462,13.308076923076925,37.57692307692308,10.153461538461539,27.423461538461538,18.269615384615385,12.88423076923077,1.4903846153846154,10.038076923076924,28.654230769230768,34.99346153846154,19.499615384615385,36.49961538461538,53.513461538461534,13.308076923076925,17.49961538461538,75.1426923076923,1.9226923076923075,6.730769230769231,0.5515384615384615,2.6542307692307694,19.692692307692308,0.13884615384615384,12.88423076923077,2.230384615384615,94.88461538461539,87.83959999999999,33.84,38.88,15.119599999999998,42.8404,12.04,30.8004,19.1196,12.5604,1.6028,11.28,32.1596,35.1752,19.44,34.4004,56.816799999999986,15.119599999999998,20.6396,73.28920000000001,2.6395999999999997,5.320399999999999,0.4243999999999999,2.9196,18.0,0.1656,12.5604,1.88,104.08040000000001
