placar_casa,placar_visitante,data,round,stage,ano,equipe_casa,equipe_visitante,Pts_casa,3P_casa,2P_casa,LL_casa,RT_casa,RO_casa,RD_casa,AS_casa,ER_casa,IA%_casa,3PC_casa,3PT_casa,3P%_casa,2PC_casa,2PT_casa,2P%_casa,LLC_casa,LLT_casa,LL%_casa,EN_casa,BR_casa,B/E_casa,TO_casa,FC_casa,T/FC_casa,ET_casa,VI_casa,EF_casa,Pts_visitante,3P_visitante,2P_visitante,LL_visitante,RT_visitante,RO_visitante,RD_visitante,AS_visitante,ER_visitante,IA%_visitante,3PC_visitante,3PT_visitante,3P%_visitante,2PC_visitante,2PT_visitante,2P%_visitante,LLC_visitante,LLT_visitante,LL%_visitante,EN_visitante,BR_visitante,B/E_visitante,TO_visitante,FC_visitante,T/FC_visitante,ET_visitante,VI_visitante,EF_visitante
75,91,2021-12-30,10,1,2021-2022,Cerrado,Flamengo,75.65162790697674,25.186046511627907,38.790000000000006,11.674186046511625,38.7206976744186,11.976976744186047,26.745116279069766,15.07,13.34906976744186,1.1811627906976743,8.395581395348836,26.814651162790703,31.80651162790698,19.396046511627908,40.13976744186047,48.36790697674418,11.674186046511625,16.628604651162796,70.49604651162791,1.719767441860465,7.279302325581395,0.5523255813953487,2.3486046511627903,18.908139534883727,0.1253488372093023,13.34906976744186,2.3711627906976744,81.60534883720932,87.53855361596015,32.29675810473815,42.129625935162096,16.299201995012467,36.73812967581048,10.089750623441397,26.648379052369076,17.688304239401496,12.324164588528678,1.5798004987531176,9.703216957605985,26.154613466334165,37.274713216957636,21.06488778054863,37.65835411471322,56.14189526184539,16.299201995012467,21.49630922693267,75.78835411471316,1.6033915211970087,8.032443890274315,0.7082294264339151,1.8654364089775548,19.204488778054863,0.10099750623441399,12.324164588528678,1.882743142144639,102.19942643391525
