placar_casa,placar_visitante,data,round,stage,ano,equipe_casa,equipe_visitante,Pts_casa,3P_casa,2P_casa,LL_casa,RT_casa,RO_casa,RD_casa,AS_casa,ER_casa,IA%_casa,3PC_casa,3PT_casa,3P%_casa,2PC_casa,2PT_casa,2P%_casa,LLC_casa,LLT_casa,LL%_casa,EN_casa,BR_casa,B/E_casa,TO_casa,FC_casa,T/FC_casa,ET_casa,VI_casa,EF_casa,Pts_visitante,3P_visitante,2P_visitante,LL_visitante,RT_visitante,RO_visitante,RD_visitante,AS_visitante,ER_visitante,IA%_visitante,3PC_visitante,3PT_visitante,3P%_visitante,2PC_visitante,2PT_visitante,2P%_visitante,LLC_visitante,LLT_visitante,LL%_visitante,EN_visitante,BR_visitante,B/E_visitante,TO_visitante,FC_visitante,T/FC_visitante,ET_visitante,VI_visitante,EF_visitante
78,73,2022-11-17,5,1,2022-2023,Coop/São José Basketball,Caxias do Sul Basquete,79.92614093959733,28.238255033557046,40.21473154362416,15.06711409395973,33.432852348993286,9.429563758389262,24.003389261744967,17.053657718120803,13.959697986577181,1.3217114093959732,8.214798657718122,23.889228187919464,34.51244966442954,20.10741610738255,37.62412751677852,53.60624161073826,15.06711409395973,19.849026845637585,75.35348993288585,0.8691610738255033,7.2047315436241615,0.5457382550335567,2.1275503355704695,20.023523489932888,0.1139261744966443,13.959697986577181,2.1611073825503353,88.82214765100672,72.66161538461539,23.26153846153846,35.754000000000005,13.646307692307692,33.73069230769231,9.084692307692306,24.645999999999997,14.838615384615382,13.969230769230773,1.1167692307692305,7.753923076923079,24.038384615384615,32.324769230769235,17.876769230769227,36.315538461538466,49.26261538461539,13.646307692307692,19.361538461538462,70.30861538461536,1.1844615384615385,7.777076923076921,0.5699230769230769,1.7691538461538463,21.476692307692304,0.08707692307692312,13.969230769230773,2.9693076923076926,76.36923076923077
