placar_casa,placar_visitante,data,round,stage,ano,equipe_casa,equipe_visitante,Pts_casa,3P_casa,2P_casa,LL_casa,RT_casa,RO_casa,RD_casa,AS_casa,ER_casa,IA%_casa,3PC_casa,3PT_casa,3P%_casa,2PC_casa,2PT_casa,2P%_casa,LLC_casa,LLT_casa,LL%_casa,EN_casa,BR_casa,B/E_casa,TO_casa,FC_casa,T/FC_casa,ET_casa,VI_casa,EF_casa,Pts_visitante,3P_visitante,2P_visitante,LL_visitante,RT_visitante,RO_visitante,RD_visitante,AS_visitante,ER_visitante,IA%_visitante,3PC_visitante,3PT_visitante,3P%_visitante,2PC_visitante,2PT_visitante,2P%_visitante,LLC_visitante,LLT_visitante,LL%_visitante,EN_visitante,BR_visitante,B/E_visitante,TO_visitante,FC_visitante,T/FC_visitante,ET_visitante,VI_visitante,EF_visitante
67,107,2019-03-16,10,2,2018-2019,R10 Score Vasco da Gama,Flamengo,75.19642857142857,23.892857142857142,35.82142857142857,15.482142857142858,34.32142857142857,9.535714285714286,24.785714285714285,16.125,14.428571428571429,1.1773214285714286,7.964285714285714,23.553571428571427,33.60410714285714,17.910714285714285,36.857142857142854,48.91517857142858,15.482142857142858,20.517857142857142,75.57178571428571,0.6964285714285714,6.946428571428571,0.5039285714285715,1.1785714285714286,20.392857142857142,0.06232142857142855,14.428571428571429,3.107142857142857,79.73214285714286,87.68000000000004,31.418006430868168,43.623729903536976,16.7475884244373,35.49672025723473,9.63993569131833,25.856977491961416,17.056270096463024,12.397106109324758,1.5194533762057874,9.102893890675242,24.336045016077172,37.58350482315113,21.811961414791,38.86652733118971,56.33649517684886,16.7475884244373,21.961414790996784,76.16511254019292,1.7138263665594855,8.326334405144694,0.7367202572347268,1.879485530546623,19.672057877813504,0.09906752411575559,12.397106109324758,1.8488102893890683,101.70739549839229
