placar_casa,placar_visitante,data,round,stage,ano,equipe_casa,equipe_visitante,Pts_casa,3P_casa,2P_casa,LL_casa,RT_casa,RO_casa,RD_casa,AS_casa,ER_casa,IA%_casa,3PC_casa,3PT_casa,3P%_casa,2PC_casa,2PT_casa,2P%_casa,LLC_casa,LLT_casa,LL%_casa,EN_casa,BR_casa,B/E_casa,TO_casa,FC_casa,T/FC_casa,ET_casa,VI_casa,EF_casa,Pts_visitante,3P_visitante,2P_visitante,LL_visitante,RT_visitante,RO_visitante,RD_visitante,AS_visitante,ER_visitante,IA%_visitante,3PC_visitante,3PT_visitante,3P%_visitante,2PC_visitante,2PT_visitante,2P%_visitante,LLC_visitante,LLT_visitante,LL%_visitante,EN_visitante,BR_visitante,B/E_visitante,TO_visitante,FC_visitante,T/FC_visitante,ET_visitante,VI_visitante,EF_visitante
73,80,2024-02-06,4,2,2023-2024,UNIFACISA,Fortaleza B. C. / CFO,80.74836477987421,30.037735849056602,38.088050314465406,12.62295597484277,36.79861635220126,10.232515723270438,26.566289308176106,16.41509433962264,12.893144654088053,1.3394968553459123,10.012389937106915,28.37748427672956,35.09786163522012,19.044025157232703,36.496792452830185,52.32641509433963,12.62295597484277,16.849245283018867,74.38132075471694,1.270377358490566,7.188679245283019,0.5874213836477986,1.8303773584905663,19.77993710691824,0.09547169811320752,12.893144654088053,2.2893081761006284,90.03150943396227,76.67932944606416,27.393586005830905,39.44606413994169,13.276997084548105,36.32935860058309,10.38784256559767,25.94186588921283,13.801778425655977,13.029037900874632,1.1496209912536446,7.985451895043733,24.87460641399417,32.365160349854214,19.723032069970845,39.24195335276968,50.3424781341108,13.276997084548105,19.14583090379009,69.29370262390664,1.411078717201166,8.01457725947522,0.6681049562682212,2.373002915451897,20.364344023323614,0.12008746355685132,13.029037900874632,2.6530612244897958,82.46349854227407
