placar_casa,placar_visitante,data,round,stage,ano,equipe_casa,equipe_visitante,Pts_casa,3P_casa,2P_casa,LL_casa,RT_casa,RO_casa,RD_casa,AS_casa,ER_casa,IA%_casa,3PC_casa,3PT_casa,3P%_casa,2PC_casa,2PT_casa,2P%_casa,LLC_casa,LLT_casa,LL%_casa,EN_casa,BR_casa,B/E_casa,TO_casa,FC_casa,T/FC_casa,ET_casa,VI_casa,EF_casa,Pts_visitante,3P_visitante,2P_visitante,LL_visitante,RT_visitante,RO_visitante,RD_visitante,AS_visitante,ER_visitante,IA%_visitante,3PC_visitante,3PT_visitante,3P%_visitante,2PC_visitante,2PT_visitante,2P%_visitante,LLC_visitante,LLT_visitante,LL%_visitante,EN_visitante,BR_visitante,B/E_visitante,TO_visitante,FC_visitante,T/FC_visitante,ET_visitante,VI_visitante,EF_visitante
84,86,2013-01-07,12,1,2012-2013,Minas,Mogi,84.43023255813954,26.58139534883721,45.72093023255814,16.03488372093023,31.72093023255814,9.348837209302326,22.372093023255815,16.58139534883721,14.19767441860465,1.2533720930232555,7.558139534883721,20.569767441860463,36.73127906976745,22.86046511627907,41.06976744186046,55.85232558139534,16.03488372093023,21.27906976744186,75.30965116279069,1.0813953488372092,6.965116279069767,0.520232558139535,2.63953488372093,20.127906976744185,0.13872093023255816,14.19767441860465,1.627906976744186,93.34883720930233,73.45454545454545,59.45454545454545,39.63636363636363,16.636363636363637,34.0,9.909090909090908,24.09090909090909,12.0,15.545454545454545,0.839090909090909,5.7272727272727275,19.181818181818183,29.94909090909091,19.818181818181817,41.90909090909091,47.596363636363634,16.636363636363637,22.363636363636363,73.6418181818182,0.5454545454545454,5.909090909090909,0.4027272727272727,1.0909090909090908,22.90909090909091,0.051818181818181826,15.545454545454545,2.909090909090909,78.27272727272727
