placar_casa,placar_visitante,data,round,stage,ano,equipe_casa,equipe_visitante,Pts_casa,3P_casa,2P_casa,LL_casa,RT_casa,RO_casa,RD_casa,AS_casa,ER_casa,IA%_casa,3PC_casa,3PT_casa,3P%_casa,2PC_casa,2PT_casa,2P%_casa,LLC_casa,LLT_casa,LL%_casa,EN_casa,BR_casa,B/E_casa,TO_casa,FC_casa,T/FC_casa,ET_casa,VI_casa,EF_casa,Pts_visitante,3P_visitante,2P_visitante,LL_visitante,RT_visitante,RO_visitante,RD_visitante,AS_visitante,ER_visitante,IA%_visitante,3PC_visitante,3PT_visitante,3P%_visitante,2PC_visitante,2PT_visitante,2P%_visitante,LLC_visitante,LLT_visitante,LL%_visitante,EN_visitante,BR_visitante,B/E_visitante,TO_visitante,FC_visitante,T/FC_visitante,ET_visitante,VI_visitante,EF_visitante
77,71,2017-03-24,28,1,2016-2017,Fortaleza B. C. / CFO,Macaé Basquete,77.78260869565217,31.86335403726708,39.41614906832298,13.826086956521738,34.61490683229814,10.248447204968944,24.366459627329192,13.670807453416149,12.571428571428571,1.2248447204968946,8.180124223602485,24.53416149068323,33.713664596273276,19.70807453416149,39.21739130434783,50.359751552795046,13.826086956521738,19.279503105590063,71.52453416149068,1.4037267080745341,9.080745341614907,0.8037888198757763,2.4347826086956523,20.41614906832298,0.12248447204968943,12.571428571428571,2.6459627329192545,84.98757763975155,77.6774193548387,23.491935483870968,36.95161290322581,17.233870967741936,32.314516129032256,8.887096774193548,23.427419354838708,14.274193548387096,13.85483870967742,1.1701612903225804,7.830645161290323,22.161290322580644,35.437177419354825,18.475806451612904,36.71774193548387,50.67653225806451,17.233870967741936,21.620967741935484,79.96016129032253,1.1048387096774193,8.32258064516129,0.6879838709677419,1.4838709677419355,22.330645161290324,0.06903225806451613,13.85483870967742,3.1774193548387095,83.25806451612904
