placar_casa,placar_visitante,data,round,stage,ano,equipe_casa,equipe_visitante,Pts_casa,3P_casa,2P_casa,LL_casa,RT_casa,RO_casa,RD_casa,AS_casa,ER_casa,IA%_casa,3PC_casa,3PT_casa,3P%_casa,2PC_casa,2PT_casa,2P%_casa,LLC_casa,LLT_casa,LL%_casa,EN_casa,BR_casa,B/E_casa,TO_casa,FC_casa,T/FC_casa,ET_casa,VI_casa,EF_casa,Pts_visitante,3P_visitante,2P_visitante,LL_visitante,RT_visitante,RO_visitante,RD_visitante,AS_visitante,ER_visitante,IA%_visitante,3PC_visitante,3PT_visitante,3P%_visitante,2PC_visitante,2PT_visitante,2P%_visitante,LLC_visitante,LLT_visitante,LL%_visitante,EN_visitante,BR_visitante,B/E_visitante,TO_visitante,FC_visitante,T/FC_visitante,ET_visitante,VI_visitante,EF_visitante
97,65,2024-02-17,5,2,2023-2024,Sesi Franca,Pato Basquete,83.09151767151765,29.41995841995842,41.13378378378376,15.799604989604987,34.6854261954262,9.291143451143453,25.394345114345114,16.406756756756756,13.153160083160083,1.3853846153846165,8.719251559251557,23.93274428274428,36.18683991683991,20.566839916839918,38.034636174636184,54.45866943866944,15.799604989604987,20.882203742203743,75.70906444906446,1.9881912681912686,7.555821205821206,0.6147817047817052,2.5606444906444907,19.963991683991683,0.13517671517671528,13.153160083160083,2.1421205821205818,94.1586278586279,74.68614379084967,25.284313725490197,37.11764705882353,12.284379084967318,35.97026143790849,10.879019607843135,25.091633986928105,14.986797385620912,13.539084967320255,1.2005882352941177,8.427843137254902,26.499803921568624,31.7040522875817,18.558823529411764,37.89869281045752,49.062614379084955,12.284379084967318,17.882418300653594,68.52712418300656,1.1830065359477129,7.150457516339871,0.5472549019607843,1.5196732026143793,20.41823529411765,0.07535947712418302,13.539084967320255,2.9150980392156867,77.75823529411765
