placar_casa,placar_visitante,data,round,stage,ano,equipe_casa,equipe_visitante,Pts_casa,3P_casa,2P_casa,LL_casa,RT_casa,RO_casa,RD_casa,AS_casa,ER_casa,IA%_casa,3PC_casa,3PT_casa,3P%_casa,2PC_casa,2PT_casa,2P%_casa,LLC_casa,LLT_casa,LL%_casa,EN_casa,BR_casa,B/E_casa,TO_casa,FC_casa,T/FC_casa,ET_casa,VI_casa,EF_casa,Pts_visitante,3P_visitante,2P_visitante,LL_visitante,RT_visitante,RO_visitante,RD_visitante,AS_visitante,ER_visitante,IA%_visitante,3PC_visitante,3PT_visitante,3P%_visitante,2PC_visitante,2PT_visitante,2P%_visitante,LLC_visitante,LLT_visitante,LL%_visitante,EN_visitante,BR_visitante,B/E_visitante,TO_visitante,FC_visitante,T/FC_visitante,ET_visitante,VI_visitante,EF_visitante
74,84,2022-12-06,8,1,2022-2023,Coop/São José Basketball,Flamengo,79.96366336633665,28.217821782178216,40.24419141914191,15.036303630363037,33.49501650165016,9.43897689768977,24.056138613861386,17.128679867986797,13.933960396039604,1.3317161716171622,8.227755775577558,23.96036303630363,34.46937293729375,20.122145214521453,37.6369306930693,53.63828382838284,15.036303630363037,19.802013201320133,75.3689768976897,0.8779207920792079,7.165049504950495,0.5439933993399336,2.1452475247524747,19.976930693069306,0.11511551155115515,13.933960396039604,2.1551485148514846,88.94389438943894,87.24931972789122,32.7687074829932,41.41943310657597,15.959138321995464,37.18365079365079,10.283401360544216,26.900249433106577,17.861700680272108,12.331043083900227,1.5899773242630395,9.956916099773242,27.009047619047617,37.094285714285725,20.70981859410431,37.036303854875285,56.087414965986405,15.959138321995464,21.108888888888888,75.47582766439903,1.6144444444444452,7.873038548752835,0.6930839002267575,1.911678004535146,18.95013605442177,0.105578231292517,12.331043083900227,1.911541950113379,102.04072562358282
