placar_casa,placar_visitante,data,round,stage,ano,equipe_casa,equipe_visitante,Pts_casa,3P_casa,2P_casa,LL_casa,RT_casa,RO_casa,RD_casa,AS_casa,ER_casa,IA%_casa,3PC_casa,3PT_casa,3P%_casa,2PC_casa,2PT_casa,2P%_casa,LLC_casa,LLT_casa,LL%_casa,EN_casa,BR_casa,B/E_casa,TO_casa,FC_casa,T/FC_casa,ET_casa,VI_casa,EF_casa,Pts_visitante,3P_visitante,2P_visitante,LL_visitante,RT_visitante,RO_visitante,RD_visitante,AS_visitante,ER_visitante,IA%_visitante,3PC_visitante,3PT_visitante,3P%_visitante,2PC_visitante,2PT_visitante,2P%_visitante,LLC_visitante,LLT_visitante,LL%_visitante,EN_visitante,BR_visitante,B/E_visitante,TO_visitante,FC_visitante,T/FC_visitante,ET_visitante,VI_visitante,EF_visitante
78,98,2015-12-22,14,1,2015-2016,Vitória,Pinheiros,71.16666666666667,18.75,37.666666666666664,14.75,33.833333333333336,11.333333333333334,22.5,11.083333333333334,13.833333333333334,0.8483333333333333,6.25,20.083333333333332,31.4575,18.833333333333332,39.166666666666664,48.50416666666666,14.75,20.416666666666668,72.21249999999999,1.25,9.5,0.7316666666666668,1.8333333333333333,17.75,0.10749999999999998,13.833333333333334,4.333333333333333,73.75,84.71980676328502,31.07246376811594,40.68599033816425,16.207729468599034,31.893719806763286,8.743961352657005,23.14975845410628,15.434782608695652,13.043478260869565,1.275507246376811,9.27536231884058,24.357487922705314,38.14777777777776,20.342995169082126,37.31400966183575,54.96222222222225,16.207729468599034,21.570048309178745,74.85932367149753,2.1594202898550723,7.990338164251208,0.6465700483091787,2.6956521739130435,19.869565217391305,0.14164251207729459,13.043478260869565,2.135265700483092,94.16425120772946
