placar_casa,placar_visitante,data,round,stage,ano,equipe_casa,equipe_visitante,Pts_casa,3P_casa,2P_casa,LL_casa,RT_casa,RO_casa,RD_casa,AS_casa,ER_casa,IA%_casa,3PC_casa,3PT_casa,3P%_casa,2PC_casa,2PT_casa,2P%_casa,LLC_casa,LLT_casa,LL%_casa,EN_casa,BR_casa,B/E_casa,TO_casa,FC_casa,T/FC_casa,ET_casa,VI_casa,EF_casa,Pts_visitante,3P_visitante,2P_visitante,LL_visitante,RT_visitante,RO_visitante,RD_visitante,AS_visitante,ER_visitante,IA%_visitante,3PC_visitante,3PT_visitante,3P%_visitante,2PC_visitante,2PT_visitante,2P%_visitante,LLC_visitante,LLT_visitante,LL%_visitante,EN_visitante,BR_visitante,B/E_visitante,TO_visitante,FC_visitante,T/FC_visitante,ET_visitante,VI_visitante,EF_visitante
79,90,2013-02-18,5,2,2012-2013,Bauru Basket,Brasília,82.09,34.5,41.06,14.6,31.07,9.98,21.09,13.75,10.82,1.4470999999999998,8.81,22.84,38.869,20.53,39.67,52.26209999999999,14.6,19.64,74.8307,1.49,6.63,0.7018,1.92,18.12,0.11010000000000009,10.82,1.81,89.2,87.66964285714286,29.678571428571427,44.42857142857143,18.678571428571427,33.267857142857146,9.107142857142858,24.160714285714285,15.901785714285714,13.9375,1.2914285714285716,8.1875,23.5,34.82544642857143,22.214285714285715,38.151785714285715,58.28785714285716,18.678571428571427,23.794642857142858,78.74116071428571,1.6339285714285714,7.741071428571429,0.628214285714286,3.3392857142857144,21.928571428571427,0.16526785714285716,13.9375,1.6339285714285714,100.17857142857143
