placar_casa,placar_visitante,data,round,stage,ano,equipe_casa,equipe_visitante,Pts_casa,3P_casa,2P_casa,LL_casa,RT_casa,RO_casa,RD_casa,AS_casa,ER_casa,IA%_casa,3PC_casa,3PT_casa,3P%_casa,2PC_casa,2PT_casa,2P%_casa,LLC_casa,LLT_casa,LL%_casa,EN_casa,BR_casa,B/E_casa,TO_casa,FC_casa,T/FC_casa,ET_casa,VI_casa,EF_casa,Pts_visitante,3P_visitante,2P_visitante,LL_visitante,RT_visitante,RO_visitante,RD_visitante,AS_visitante,ER_visitante,IA%_visitante,3PC_visitante,3PT_visitante,3P%_visitante,2PC_visitante,2PT_visitante,2P%_visitante,LLC_visitante,LLT_visitante,LL%_visitante,EN_visitante,BR_visitante,B/E_visitante,TO_visitante,FC_visitante,T/FC_visitante,ET_visitante,VI_visitante,EF_visitante
97,82,2022-01-29,1,2,2021-2022,Minas,União Corinthians,79.83094555873926,26.806590257879655,41.40111747851003,15.138911174785099,34.765100286532956,10.07157593123209,24.693438395415473,16.28074498567335,14.037163323782233,1.2474498567335253,7.763667621776506,22.415587392550147,34.5888252148997,20.70060171919771,39.1389111747851,53.0136676217765,15.138911174785099,20.511404011461316,73.54693409742109,1.510028653295129,7.640429799426935,0.5783094555873917,2.359598853868195,21.210659025787965,0.11696275071633254,14.037163323782233,2.572979942693411,89.14472779369626,73.4375,25.5,36.875,11.0625,36.6875,10.0,26.6875,14.375,13.1875,1.18125,8.5,29.625,28.533125,18.4375,38.6875,48.133750000000006,11.0625,16.1875,67.77875,1.9375,9.6875,0.766875,2.5625,19.625,0.13312500000000002,13.1875,2.25,77.0625
