placar_casa,placar_visitante,data,round,stage,ano,equipe_casa,equipe_visitante,Pts_casa,3P_casa,2P_casa,LL_casa,RT_casa,RO_casa,RD_casa,AS_casa,ER_casa,IA%_casa,3PC_casa,3PT_casa,3P%_casa,2PC_casa,2PT_casa,2P%_casa,LLC_casa,LLT_casa,LL%_casa,EN_casa,BR_casa,B/E_casa,TO_casa,FC_casa,T/FC_casa,ET_casa,VI_casa,EF_casa,Pts_visitante,3P_visitante,2P_visitante,LL_visitante,RT_visitante,RO_visitante,RD_visitante,AS_visitante,ER_visitante,IA%_visitante,3PC_visitante,3PT_visitante,3P%_visitante,2PC_visitante,2PT_visitante,2P%_visitante,LLC_visitante,LLT_visitante,LL%_visitante,EN_visitante,BR_visitante,B/E_visitante,TO_visitante,FC_visitante,T/FC_visitante,ET_visitante,VI_visitante,EF_visitante
69,67,2020-11-17,2,1,2020-2021,UNIFACISA,Fortaleza B. C. / CFO,83.13758620689654,30.310344827586206,39.586551724137934,13.241724137931037,37.51724137931034,10.27551724137931,27.241724137931033,18.310689655172414,12.654827586206897,1.5213793103448277,10.103103448275862,28.82793103448276,34.991034482758614,19.792758620689657,37.06862068965517,53.47827586206896,13.241724137931037,17.34448275862069,75.55896551724138,1.9306896551724135,6.793103448275862,0.5648275862068965,2.517586206896552,20.103793103448275,0.13034482758620689,12.654827586206897,2.172068965517241,95.44827586206897,76.88655021834062,29.554585152838428,39.09170305676856,13.388602620087335,35.34061135371179,10.436724890829696,24.90401746724891,13.655021834061136,12.816462882096067,1.1771179039301307,8.135371179039302,24.646244541484716,33.252096069868976,19.54585152838428,39.10912663755458,50.09672489082967,13.388602620087335,18.838471615720525,70.86366812227072,1.4411353711790396,8.489039301310044,0.7262445414847161,2.4235371179039307,20.633187772925766,0.12039301310043661,12.816462882096067,2.6200873362445414,83.30999999999999
