placar_casa,placar_visitante,data,round,stage,ano,equipe_casa,equipe_visitante,Pts_casa,3P_casa,2P_casa,LL_casa,RT_casa,RO_casa,RD_casa,AS_casa,ER_casa,IA%_casa,3PC_casa,3PT_casa,3P%_casa,2PC_casa,2PT_casa,2P%_casa,LLC_casa,LLT_casa,LL%_casa,EN_casa,BR_casa,B/E_casa,TO_casa,FC_casa,T/FC_casa,ET_casa,VI_casa,EF_casa,Pts_visitante,3P_visitante,2P_visitante,LL_visitante,RT_visitante,RO_visitante,RD_visitante,AS_visitante,ER_visitante,IA%_visitante,3PC_visitante,3PT_visitante,3P%_visitante,2PC_visitante,2PT_visitante,2P%_visitante,LLC_visitante,LLT_visitante,LL%_visitante,EN_visitante,BR_visitante,B/E_visitante,TO_visitante,FC_visitante,T/FC_visitante,ET_visitante,VI_visitante,EF_visitante
84,71,2022-10-17,2,1,2022-2023,UNIFACISA,BRB/Brasília,80.86714285714285,29.479591836734695,39.38775510204081,12.000408163265305,37.03030612244897,10.438367346938772,26.592244897959187,16.826632653061225,12.918367346938776,1.3754081632653066,9.826326530612242,27.785918367346945,35.15897959183674,19.69387755102041,37.80612244897959,52.2664285714286,12.000408163265305,16.132857142857137,73.85908163265306,1.4794897959183675,7.387857142857144,0.6127551020408163,1.9186734693877554,20.010408163265307,0.09816326530612246,12.918367346938776,2.245,90.88795918367347,76.10578947368423,26.736842105263158,35.54350877192983,13.824385964912281,39.24543859649123,10.841929824561404,28.403508771929825,14.982280701754387,15.333508771929825,1.0312280701754382,8.912105263157894,27.57859649122807,32.00087719298245,17.772280701754386,36.52684210526316,48.80298245614038,13.824385964912281,19.43824561403509,71.3119298245614,0.7191228070175437,5.718947368421053,0.38842105263157906,1.8066666666666664,18.754210526315795,0.09807017543859647,15.333508771929825,2.491228070175439,79.49122807017544
