placar_casa,placar_visitante,data,round,stage,ano,equipe_casa,equipe_visitante,Pts_casa,3P_casa,2P_casa,LL_casa,RT_casa,RO_casa,RD_casa,AS_casa,ER_casa,IA%_casa,3PC_casa,3PT_casa,3P%_casa,2PC_casa,2PT_casa,2P%_casa,LLC_casa,LLT_casa,LL%_casa,EN_casa,BR_casa,B/E_casa,TO_casa,FC_casa,T/FC_casa,ET_casa,VI_casa,EF_casa,Pts_visitante,3P_visitante,2P_visitante,LL_visitante,RT_visitante,RO_visitante,RD_visitante,AS_visitante,ER_visitante,IA%_visitante,3PC_visitante,3PT_visitante,3P%_visitante,2PC_visitante,2PT_visitante,2P%_visitante,LLC_visitante,LLT_visitante,LL%_visitante,EN_visitante,BR_visitante,B/E_visitante,TO_visitante,FC_visitante,T/FC_visitante,ET_visitante,VI_visitante,EF_visitante
87,92,2013-01-05,11,1,2012-2013,Pinheiros,Uberlândia,86.58888888888889,29.066666666666666,41.93333333333333,17.92222222222222,31.122222222222224,8.555555555555555,22.566666666666666,15.355555555555556,13.344444444444445,1.229888888888889,8.911111111111111,23.57777777777778,38.08877777777778,20.966666666666665,37.82222222222222,55.4592222222222,17.92222222222222,24.0,74.51900000000002,2.511111111111111,7.511111111111111,0.5964444444444443,2.466666666666667,19.8,0.13066666666666665,13.344444444444445,1.8555555555555556,95.07777777777778,82.91666666666667,33.916666666666664,41.833333333333336,15.666666666666666,29.63888888888889,7.027777777777778,22.61111111111111,15.444444444444445,11.88888888888889,1.3966666666666672,8.472222222222221,21.944444444444443,38.39666666666667,20.916666666666668,38.05555555555556,55.158055555555556,15.666666666666666,19.47222222222222,80.39111111111112,3.2777777777777777,6.194444444444445,0.5797222222222219,2.8333333333333335,19.25,0.1611111111111111,11.88888888888889,2.4166666666666665,95.38888888888889
