placar_casa,placar_visitante,data,round,stage,ano,equipe_casa,equipe_visitante,Pts_casa,3P_casa,2P_casa,LL_casa,RT_casa,RO_casa,RD_casa,AS_casa,ER_casa,IA%_casa,3PC_casa,3PT_casa,3P%_casa,2PC_casa,2PT_casa,2P%_casa,LLC_casa,LLT_casa,LL%_casa,EN_casa,BR_casa,B/E_casa,TO_casa,FC_casa,T/FC_casa,ET_casa,VI_casa,EF_casa,Pts_visitante,3P_visitante,2P_visitante,LL_visitante,RT_visitante,RO_visitante,RD_visitante,AS_visitante,ER_visitante,IA%_visitante,3PC_visitante,3PT_visitante,3P%_visitante,2PC_visitante,2PT_visitante,2P%_visitante,LLC_visitante,LLT_visitante,LL%_visitante,EN_visitante,BR_visitante,B/E_visitante,TO_visitante,FC_visitante,T/FC_visitante,ET_visitante,VI_visitante,EF_visitante
64,91,2022-10-22,2,1,2022-2023,Pato Basquete,Flamengo,72.93010752688173,24.177419354838708,35.82806451612903,12.924946236559137,35.85451612903225,10.661290322580646,25.193870967741937,14.709677419354838,14.032258064516125,1.1294623655913978,8.059032258064516,25.435268817204296,31.580537634408604,17.913870967741936,38.403333333333336,46.72935483870967,12.924946236559137,18.75817204301075,68.88580645161288,1.3873118279569894,7.381827956989247,0.5495698924731184,1.7367741935483871,21.204086021505375,0.08419354838709675,14.032258064516125,2.967741935483871,74.87096774193549,87.37604166666672,32.736111111111114,41.52539351851853,16.07287037037037,37.00344907407408,10.211759259259258,26.791689814814816,17.804421296296297,12.29974537037037,1.5912268518518526,9.925925925925926,26.84835648148148,37.182962962962975,20.762800925925927,37.133125,56.08634259259258,16.07287037037037,21.223425925925927,75.64097222222217,1.6145138888888897,7.898171296296296,0.6970138888888889,1.89710648148148,19.01159722222222,0.10442129629629629,12.29974537037037,1.8958101851851854,102.07398148148152
