placar_casa,placar_visitante,data,round,stage,ano,equipe_casa,equipe_visitante,Pts_casa,3P_casa,2P_casa,LL_casa,RT_casa,RO_casa,RD_casa,AS_casa,ER_casa,IA%_casa,3PC_casa,3PT_casa,3P%_casa,2PC_casa,2PT_casa,2P%_casa,LLC_casa,LLT_casa,LL%_casa,EN_casa,BR_casa,B/E_casa,TO_casa,FC_casa,T/FC_casa,ET_casa,VI_casa,EF_casa,Pts_visitante,3P_visitante,2P_visitante,LL_visitante,RT_visitante,RO_visitante,RD_visitante,AS_visitante,ER_visitante,IA%_visitante,3PC_visitante,3PT_visitante,3P%_visitante,2PC_visitante,2PT_visitante,2P%_visitante,LLC_visitante,LLT_visitante,LL%_visitante,EN_visitante,BR_visitante,B/E_visitante,TO_visitante,FC_visitante,T/FC_visitante,ET_visitante,VI_visitante,EF_visitante
70,74,2022-02-18,4,2,2021-2022,União Corinthians,UNIFACISA,74.95238095238095,24.857142857142858,37.523809523809526,12.571428571428571,37.42857142857143,10.80952380952381,26.61904761904762,14.714285714285714,12.904761904761905,1.2157142857142855,8.285714285714286,28.142857142857142,29.37142857142857,18.761904761904763,40.19047619047619,47.041428571428575,12.571428571428571,18.285714285714285,68.57142857142858,2.0476190476190474,9.142857142857142,0.7223809523809523,2.380952380952381,20.571428571428573,0.1219047619047619,12.904761904761905,2.1904761904761907,78.71428571428571,82.07569620253165,29.810126582278482,39.924050632911396,12.342278481012656,37.11354430379746,10.493164556962022,26.620759493670892,17.37987341772152,12.784810126582277,1.4298734177215193,9.936455696202529,27.89898734177216,35.49367088607595,19.962025316455698,38.177215189873415,52.4954430379747,12.342278481012656,16.506582278481005,73.93632911392406,1.480886075949367,7.265949367088609,0.6073417721518987,1.9624050632911396,20.25341772151899,0.09987341772151895,12.784810126582277,2.2659493670886075,92.64582278481014
