placar_casa,placar_visitante,data,round,stage,ano,equipe_casa,equipe_visitante,Pts_casa,3P_casa,2P_casa,LL_casa,RT_casa,RO_casa,RD_casa,AS_casa,ER_casa,IA%_casa,3PC_casa,3PT_casa,3P%_casa,2PC_casa,2PT_casa,2P%_casa,LLC_casa,LLT_casa,LL%_casa,EN_casa,BR_casa,B/E_casa,TO_casa,FC_casa,T/FC_casa,ET_casa,VI_casa,EF_casa,Pts_visitante,3P_visitante,2P_visitante,LL_visitante,RT_visitante,RO_visitante,RD_visitante,AS_visitante,ER_visitante,IA%_visitante,3PC_visitante,3PT_visitante,3P%_visitante,2PC_visitante,2PT_visitante,2P%_visitante,LLC_visitante,LLT_visitante,LL%_visitante,EN_visitante,BR_visitante,B/E_visitante,TO_visitante,FC_visitante,T/FC_visitante,ET_visitante,VI_visitante,EF_visitante
67,85,2013-11-16,2,1,2013-2014,Palmeiras,Limeira,78.05714285714286,50.142857142857146,38.91428571428571,16.257142857142856,30.857142857142858,9.657142857142857,21.2,12.17142857142857,12.857142857142858,1.1125714285714288,7.628571428571429,22.8,33.352,19.457142857142856,40.4,48.249142857142864,16.257142857142856,23.742857142857144,67.66371428571428,1.8857142857142857,7.771428571428571,0.6859999999999999,1.6857142857142857,21.542857142857144,0.0782857142857143,12.857142857142858,2.914285714285714,82.4,82.94680851063829,36.09574468085106,39.297872340425535,15.627659574468085,28.56382978723404,7.627659574468085,20.93617021276596,15.51063829787234,12.659574468085106,1.331382978723404,9.340425531914894,24.23404255319149,38.85468085106384,19.648936170212767,37.0531914893617,53.168936170212774,15.627659574468085,20.25531914893617,76.875,1.9042553191489362,7.361702127659575,0.6338297872340427,2.478723404255319,21.404255319148938,0.12276595744680846,12.659574468085106,1.648936170212766,90.52127659574468
