placar_casa,placar_visitante,data,round,stage,ano,equipe_casa,equipe_visitante,Pts_casa,3P_casa,2P_casa,LL_casa,RT_casa,RO_casa,RD_casa,AS_casa,ER_casa,IA%_casa,3PC_casa,3PT_casa,3P%_casa,2PC_casa,2PT_casa,2P%_casa,LLC_casa,LLT_casa,LL%_casa,EN_casa,BR_casa,B/E_casa,TO_casa,FC_casa,T/FC_casa,ET_casa,VI_casa,EF_casa,Pts_visitante,3P_visitante,2P_visitante,LL_visitante,RT_visitante,RO_visitante,RD_visitante,AS_visitante,ER_visitante,IA%_visitante,3PC_visitante,3PT_visitante,3P%_visitante,2PC_visitante,2PT_visitante,2P%_visitante,LLC_visitante,LLT_visitante,LL%_visitante,EN_visitante,BR_visitante,B/E_visitante,TO_visitante,FC_visitante,T/FC_visitante,ET_visitante,VI_visitante,EF_visitante
77,70,2012-11-23,1,1,2012-2013,Minas,Tijuca,84.63636363636364,22.363636363636363,46.18181818181818,16.09090909090909,32.37662337662338,9.571428571428571,22.805194805194805,16.74025974025974,14.2987012987013,1.2494805194805192,7.454545454545454,20.4025974025974,36.53896103896105,23.09090909090909,41.54545454545455,55.779999999999994,16.09090909090909,21.38961038961039,75.22727272727272,1.103896103896104,6.857142857142857,0.5062337662337663,2.688311688311688,20.0,0.14220779220779223,14.2987012987013,1.4415584415584415,93.23376623376623,77.47619047619048,16.0,43.42857142857143,18.047619047619047,27.095238095238095,7.904761904761905,19.19047619047619,10.666666666666666,12.857142857142858,0.86,5.333333333333333,17.904761904761905,29.17142857142857,21.714285714285715,41.285714285714285,53.09190476190476,18.047619047619047,23.761904761904763,75.77142857142857,1.0952380952380953,7.428571428571429,0.6314285714285715,1.7142857142857142,21.238095238095237,0.08904761904761907,12.857142857142858,2.380952380952381,78.61904761904762
