placar_casa,placar_visitante,data,round,stage,ano,equipe_casa,equipe_visitante,Pts_casa,3P_casa,2P_casa,LL_casa,RT_casa,RO_casa,RD_casa,AS_casa,ER_casa,IA%_casa,3PC_casa,3PT_casa,3P%_casa,2PC_casa,2PT_casa,2P%_casa,LLC_casa,LLT_casa,LL%_casa,EN_casa,BR_casa,B/E_casa,TO_casa,FC_casa,T/FC_casa,ET_casa,VI_casa,EF_casa,Pts_visitante,3P_visitante,2P_visitante,LL_visitante,RT_visitante,RO_visitante,RD_visitante,AS_visitante,ER_visitante,IA%_visitante,3PC_visitante,3PT_visitante,3P%_visitante,2PC_visitante,2PT_visitante,2P%_visitante,LLC_visitante,LLT_visitante,LL%_visitante,EN_visitante,BR_visitante,B/E_visitante,TO_visitante,FC_visitante,T/FC_visitante,ET_visitante,VI_visitante,EF_visitante
72,69,2016-01-26,3,2,2015-2016,Fortaleza B. C. / CFO,Paulistano,78.05882352941177,33.075630252100844,41.19327731092437,13.697478991596638,33.57983193277311,9.983193277310924,23.596638655462186,13.411764705882353,12.336134453781513,1.2528571428571433,7.722689075630252,23.285714285714285,33.71344537815125,20.596638655462186,40.26890756302521,51.34084033613447,13.697478991596638,18.941176470588236,72.1803361344538,1.4285714285714286,9.142857142857142,0.836050420168067,2.453781512605042,20.252100840336134,0.12579831932773106,12.336134453781513,2.630252100840336,85.5798319327731,80.58048780487805,30.014634146341464,41.073170731707314,15.639024390243902,33.69268292682927,10.897560975609757,22.795121951219514,13.258536585365853,13.834146341463414,1.0643414634146342,7.95609756097561,22.941463414634146,35.024048780487796,20.536585365853657,39.951219512195124,51.66453658536582,15.639024390243902,21.639024390243904,71.909756097561,1.5170731707317073,8.453658536585365,0.6765365853658536,1.7658536585365854,22.01951219512195,0.08395121951219509,13.834146341463414,2.4585365853658536,85.59024390243903
