placar_casa,placar_visitante,data,round,stage,ano,equipe_casa,equipe_visitante,Pts_casa,3P_casa,2P_casa,LL_casa,RT_casa,RO_casa,RD_casa,AS_casa,ER_casa,IA%_casa,3PC_casa,3PT_casa,3P%_casa,2PC_casa,2PT_casa,2P%_casa,LLC_casa,LLT_casa,LL%_casa,EN_casa,BR_casa,B/E_casa,TO_casa,FC_casa,T/FC_casa,ET_casa,VI_casa,EF_casa,Pts_visitante,3P_visitante,2P_visitante,LL_visitante,RT_visitante,RO_visitante,RD_visitante,AS_visitante,ER_visitante,IA%_visitante,3PC_visitante,3PT_visitante,3P%_visitante,2PC_visitante,2PT_visitante,2P%_visitante,LLC_visitante,LLT_visitante,LL%_visitante,EN_visitante,BR_visitante,B/E_visitante,TO_visitante,FC_visitante,T/FC_visitante,ET_visitante,VI_visitante,EF_visitante
94,77,2017-05-15,3,5,2016-2017,Bauru Basket,Pinheiros,83.22302158273381,32.589928057553955,39.05035971223022,15.489208633093526,34.24460431654676,9.701438848920864,24.5431654676259,15.715827338129497,11.931654676258994,1.464460431654675,9.56115107913669,25.46043165467626,37.85719424460433,19.52517985611511,36.32374100719424,54.32931654676254,15.489208633093526,20.528776978417266,75.5297122302158,1.4136690647482015,7.654676258992806,0.7088848920863303,1.7733812949640289,18.568345323741006,0.09928057553956829,11.931654676258994,2.172661870503597,94.07553956834532,84.1470588235294,28.841911764705884,41.13970588235294,16.636029411764707,33.3014705882353,9.275735294117647,24.02573529411765,15.628676470588236,13.286764705882353,1.2624264705882353,8.790441176470589,23.69485294117647,37.13154411764704,20.56985294117647,38.375,54.06077205882355,16.636029411764707,22.1875,74.92121323529405,2.088235294117647,8.191176470588236,0.6502941176470585,2.6176470588235294,20.216911764705884,0.13602941176470573,13.286764705882353,2.3308823529411766,93.77573529411765
