placar_casa,placar_visitante,data,round,stage,ano,equipe_casa,equipe_visitante,Pts_casa,3P_casa,2P_casa,LL_casa,RT_casa,RO_casa,RD_casa,AS_casa,ER_casa,IA%_casa,3PC_casa,3PT_casa,3P%_casa,2PC_casa,2PT_casa,2P%_casa,LLC_casa,LLT_casa,LL%_casa,EN_casa,BR_casa,B/E_casa,TO_casa,FC_casa,T/FC_casa,ET_casa,VI_casa,EF_casa,Pts_visitante,3P_visitante,2P_visitante,LL_visitante,RT_visitante,RO_visitante,RD_visitante,AS_visitante,ER_visitante,IA%_visitante,3PC_visitante,3PT_visitante,3P%_visitante,2PC_visitante,2PT_visitante,2P%_visitante,LLC_visitante,LLT_visitante,LL%_visitante,EN_visitante,BR_visitante,B/E_visitante,TO_visitante,FC_visitante,T/FC_visitante,ET_visitante,VI_visitante,EF_visitante
93,73,2016-04-08,3,3,2015-2016,Brasília,Caxias do Sul Basquete,86.53846153846153,31.08974358974359,42.598290598290596,16.465811965811966,34.14529914529915,9.149572649572649,24.995726495726494,16.636752136752136,13.401709401709402,1.4052136752136757,9.158119658119658,24.95299145299145,36.607777777777784,21.299145299145298,37.80769230769231,56.63119658119664,16.465811965811966,20.88034188034188,78.97042735042733,1.735042735042735,7.965811965811966,0.6640598290598286,3.1196581196581197,21.666666666666668,0.15418803418803417,13.401709401709402,1.935897435897436,99.78632478632478,71.3,25.1,32.0,14.2,32.233333333333334,8.9,23.333333333333332,13.833333333333334,14.366666666666667,1.0320000000000003,8.366666666666667,25.666666666666668,33.06066666666666,16.0,34.03333333333333,47.18133333333334,14.2,19.866666666666667,70.80166666666666,1.4,11.066666666666666,0.8119999999999999,1.3333333333333333,22.466666666666665,0.060000000000000026,14.366666666666667,3.6,74.4
