placar_casa,placar_visitante,data,round,stage,ano,equipe_casa,equipe_visitante,Pts_casa,3P_casa,2P_casa,LL_casa,RT_casa,RO_casa,RD_casa,AS_casa,ER_casa,IA%_casa,3PC_casa,3PT_casa,3P%_casa,2PC_casa,2PT_casa,2P%_casa,LLC_casa,LLT_casa,LL%_casa,EN_casa,BR_casa,B/E_casa,TO_casa,FC_casa,T/FC_casa,ET_casa,VI_casa,EF_casa,Pts_visitante,3P_visitante,2P_visitante,LL_visitante,RT_visitante,RO_visitante,RD_visitante,AS_visitante,ER_visitante,IA%_visitante,3PC_visitante,3PT_visitante,3P%_visitante,2PC_visitante,2PT_visitante,2P%_visitante,LLC_visitante,LLT_visitante,LL%_visitante,EN_visitante,BR_visitante,B/E_visitante,TO_visitante,FC_visitante,T/FC_visitante,ET_visitante,VI_visitante,EF_visitante
89,92,2021-01-11,10,1,2020-2021,Pinheiros,Bauru Basket,83.08066282420751,28.694524495677232,40.31703170028818,16.00579250720461,33.84149855907781,9.573544668587898,24.268040345821326,15.680172910662826,13.443861671469742,1.2521325648414985,8.919308357348703,24.12680115273775,37.01129682997118,20.158472622478385,38.11809798270893,53.26622478386169,16.00579250720461,21.524466858789626,74.28659942363112,1.8673775216138335,7.988443804034581,0.6294236311239191,2.443832853025936,20.124005763688764,0.12662824207492782,13.443861671469742,2.3516138328530256,92.01726224783863,82.32410614525135,31.273743016759777,38.865893854748606,15.21790502793296,34.58653631284916,9.597849162011174,24.988938547486036,15.87145251396648,12.184385474860337,1.4348044692737416,9.413435754189944,25.65639664804469,36.96843575418999,19.43298882681564,36.19829608938547,54.14999999999996,15.21790502793296,20.307262569832403,75.0276536312849,1.377178770949721,7.670446927374303,0.6860893854748599,1.7541899441340782,19.039050279329608,0.09536312849161997,12.184385474860337,2.1732402234636865,92.7932681564246
