placar_casa,placar_visitante,data,round,stage,ano,equipe_casa,equipe_visitante,Pts_casa,3P_casa,2P_casa,LL_casa,RT_casa,RO_casa,RD_casa,AS_casa,ER_casa,IA%_casa,3PC_casa,3PT_casa,3P%_casa,2PC_casa,2PT_casa,2P%_casa,LLC_casa,LLT_casa,LL%_casa,EN_casa,BR_casa,B/E_casa,TO_casa,FC_casa,T/FC_casa,ET_casa,VI_casa,EF_casa,Pts_visitante,3P_visitante,2P_visitante,LL_visitante,RT_visitante,RO_visitante,RD_visitante,AS_visitante,ER_visitante,IA%_visitante,3PC_visitante,3PT_visitante,3P%_visitante,2PC_visitante,2PT_visitante,2P%_visitante,LLC_visitante,LLT_visitante,LL%_visitante,EN_visitante,BR_visitante,B/E_visitante,TO_visitante,FC_visitante,T/FC_visitante,ET_visitante,VI_visitante,EF_visitante
93,89,2013-12-05,7,1,2013-2014,Paulistano,Mogi,79.17796610169492,33.66101694915254,41.25423728813559,14.940677966101696,31.483050847457626,10.11864406779661,21.364406779661017,13.38135593220339,14.55084745762712,1.0110169491525425,7.661016949152542,22.10169491525424,35.29796610169491,20.627118644067796,39.71186440677966,52.11389830508472,14.940677966101696,21.88135593220339,67.7128813559322,1.6610169491525424,7.245762711864407,0.5437288135593222,2.1779661016949152,22.177966101694917,0.10228813559322032,14.55084745762712,2.110169491525424,82.05932203389831,75.975,48.45,38.55,18.075,32.875,9.65,23.225,12.725,14.75,0.9732499999999998,6.45,18.9,34.56875000000001,19.275,41.05,47.36300000000001,18.075,23.95,75.03975000000001,0.6,6.225,0.4507500000000001,1.35,22.275,0.06575,14.75,2.75,81.175
