placar_casa,placar_visitante,data,round,stage,ano,equipe_casa,equipe_visitante,Pts_casa,3P_casa,2P_casa,LL_casa,RT_casa,RO_casa,RD_casa,AS_casa,ER_casa,IA%_casa,3PC_casa,3PT_casa,3P%_casa,2PC_casa,2PT_casa,2P%_casa,LLC_casa,LLT_casa,LL%_casa,EN_casa,BR_casa,B/E_casa,TO_casa,FC_casa,T/FC_casa,ET_casa,VI_casa,EF_casa,Pts_visitante,3P_visitante,2P_visitante,LL_visitante,RT_visitante,RO_visitante,RD_visitante,AS_visitante,ER_visitante,IA%_visitante,3PC_visitante,3PT_visitante,3P%_visitante,2PC_visitante,2PT_visitante,2P%_visitante,LLC_visitante,LLT_visitante,LL%_visitante,EN_visitante,BR_visitante,B/E_visitante,TO_visitante,FC_visitante,T/FC_visitante,ET_visitante,VI_visitante,EF_visitante
102,86,2012-03-01,9,2,2011-2012,Coop/São José Basketball,Uberlândia,79.8225806451613,26.661290322580644,37.483870967741936,15.67741935483871,30.483870967741936,9.483870967741936,21.0,15.82258064516129,13.951612903225806,1.2164516129032257,8.887096774193548,25.79032258064516,34.2841935483871,18.741935483870968,35.11290322580645,53.94887096774193,15.67741935483871,21.274193548387096,73.28354838709676,1.032258064516129,6.919354838709677,0.5256451612903226,2.096774193548387,20.580645161290324,0.10645161290322579,13.951612903225806,0.9516129032258065,82.70967741935483,86.33333333333333,26.25,45.5,14.583333333333334,28.333333333333332,6.0,22.333333333333332,17.0,11.333333333333334,1.5783333333333334,8.75,23.166666666666668,37.27916666666667,22.75,39.833333333333336,57.343333333333334,14.583333333333334,18.333333333333332,79.05583333333335,4.083333333333333,7.333333333333333,0.6958333333333333,3.5833333333333335,17.916666666666668,0.22333333333333336,11.333333333333334,2.0833333333333335,97.16666666666667
