placar_casa,placar_visitante,data,round,stage,ano,equipe_casa,equipe_visitante,Pts_casa,3P_casa,2P_casa,LL_casa,RT_casa,RO_casa,RD_casa,AS_casa,ER_casa,IA%_casa,3PC_casa,3PT_casa,3P%_casa,2PC_casa,2PT_casa,2P%_casa,LLC_casa,LLT_casa,LL%_casa,EN_casa,BR_casa,B/E_casa,TO_casa,FC_casa,T/FC_casa,ET_casa,VI_casa,EF_casa,Pts_visitante,3P_visitante,2P_visitante,LL_visitante,RT_visitante,RO_visitante,RD_visitante,AS_visitante,ER_visitante,IA%_visitante,3PC_visitante,3PT_visitante,3P%_visitante,2PC_visitante,2PT_visitante,2P%_visitante,LLC_visitante,LLT_visitante,LL%_visitante,EN_visitante,BR_visitante,B/E_visitante,TO_visitante,FC_visitante,T/FC_visitante,ET_visitante,VI_visitante,EF_visitante
71,73,2012-03-28,13,2,2011-2012,Espírito Santo,Uberlândia,71.86363636363636,20.59090909090909,36.484848484848484,14.787878787878787,29.40909090909091,8.924242424242424,20.484848484848484,10.803030303030303,14.348484848484848,0.8539393939393938,6.863636363636363,21.333333333333332,31.875,18.242424242424242,36.78787878787879,50.00106060606061,14.787878787878787,22.12121212121212,67.73530303030302,1.2727272727272727,7.833333333333333,0.5922727272727273,1.9090909090909092,21.257575757575758,0.0928787878787879,14.348484848484848,2.121212121212121,67.65151515151516,86.1875,27.0,44.125,15.0625,29.375,7.0,22.375,16.125,11.6875,1.4662500000000003,9.0,23.4375,37.884375,22.0625,39.75,55.5725,15.0625,19.0625,78.576875,3.625,6.9375,0.6418749999999999,3.375,18.25,0.204375,11.6875,2.0,96.6875
