placar_casa,placar_visitante,data,round,stage,ano,equipe_casa,equipe_visitante,Pts_casa,3P_casa,2P_casa,LL_casa,RT_casa,RO_casa,RD_casa,AS_casa,ER_casa,IA%_casa,3PC_casa,3PT_casa,3P%_casa,2PC_casa,2PT_casa,2P%_casa,LLC_casa,LLT_casa,LL%_casa,EN_casa,BR_casa,B/E_casa,TO_casa,FC_casa,T/FC_casa,ET_casa,VI_casa,EF_casa,Pts_visitante,3P_visitante,2P_visitante,LL_visitante,RT_visitante,RO_visitante,RD_visitante,AS_visitante,ER_visitante,IA%_visitante,3PC_visitante,3PT_visitante,3P%_visitante,2PC_visitante,2PT_visitante,2P%_visitante,LLC_visitante,LLT_visitante,LL%_visitante,EN_visitante,BR_visitante,B/E_visitante,TO_visitante,FC_visitante,T/FC_visitante,ET_visitante,VI_visitante,EF_visitante
67,89,2024-03-11,8,2,2023-2024,Pinheiros,UNIFACISA,81.87326180257517,28.120171673819744,39.98285407725321,15.212424892703861,35.49577253218884,10.36697424892704,25.128798283261805,16.21667381974249,13.572918454935621,1.2780901287553652,8.89263948497854,24.884077253218884,35.90103004291847,19.991394849785408,38.502081545064385,52.278562231759715,15.212424892703861,20.703841201716738,73.26918454935625,1.8025321888412023,7.7424678111587975,0.6019957081545061,2.4163733905579394,19.770472103004295,0.1270386266094419,13.572918454935621,2.3433905579399132,91.00635193133051,80.81921686746988,30.03614457831325,37.91566265060241,12.86777108433735,36.752891566265056,10.18656626506024,26.56650602409639,16.373493975903614,12.885602409638556,1.3339156626506028,10.011867469879515,28.506144578313254,34.94415662650602,18.957831325301203,36.337289156626504,52.32590361445782,12.86777108433735,17.04234939759036,74.85614457831322,1.2348795180722891,7.13855421686747,0.5819879518072286,1.8134337349397591,19.668734939759037,0.09499999999999997,12.885602409638556,2.2831325301204815,89.95186746987952
