placar_casa,placar_visitante,data,round,stage,ano,equipe_casa,equipe_visitante,Pts_casa,3P_casa,2P_casa,LL_casa,RT_casa,RO_casa,RD_casa,AS_casa,ER_casa,IA%_casa,3PC_casa,3PT_casa,3P%_casa,2PC_casa,2PT_casa,2P%_casa,LLC_casa,LLT_casa,LL%_casa,EN_casa,BR_casa,B/E_casa,TO_casa,FC_casa,T/FC_casa,ET_casa,VI_casa,EF_casa,Pts_visitante,3P_visitante,2P_visitante,LL_visitante,RT_visitante,RO_visitante,RD_visitante,AS_visitante,ER_visitante,IA%_visitante,3PC_visitante,3PT_visitante,3P%_visitante,2PC_visitante,2PT_visitante,2P%_visitante,LLC_visitante,LLT_visitante,LL%_visitante,EN_visitante,BR_visitante,B/E_visitante,TO_visitante,FC_visitante,T/FC_visitante,ET_visitante,VI_visitante,EF_visitante
81,67,2016-02-14,6,2,2015-2016,Brasília,Vitória,86.65470852017937,31.385650224215247,42.44843049327354,16.614349775784753,34.09417040358744,9.080717488789238,25.013452914798208,16.506726457399104,13.358744394618833,1.404394618834081,9.197309417040358,24.977578475336323,36.76049327354261,21.22421524663677,37.62780269058296,56.69923766816149,16.614349775784753,20.982062780269057,79.24336322869952,1.7443946188340806,7.7847533632287,0.6534080717488787,3.179372197309417,21.663677130044842,0.15721973094170405,13.358744394618833,1.9192825112107623,99.88340807174887,72.3157894736842,17.842105263157894,39.68421052631579,14.789473684210526,33.68421052631579,11.368421052631579,22.31578947368421,12.0,14.368421052631579,0.8847368421052633,5.947368421052632,19.263157894736842,31.042105263157897,19.842105263157894,41.473684210526315,48.300000000000004,14.789473684210526,20.894736842105264,70.87842105263157,1.1578947368421053,10.947368421052632,0.8063157894736843,1.4736842105263157,18.36842105263158,0.08526315789473685,14.368421052631579,3.8947368421052633,74.94736842105263
