placar_casa,placar_visitante,data,round,stage,ano,equipe_casa,equipe_visitante,Pts_casa,3P_casa,2P_casa,LL_casa,RT_casa,RO_casa,RD_casa,AS_casa,ER_casa,IA%_casa,3PC_casa,3PT_casa,3P%_casa,2PC_casa,2PT_casa,2P%_casa,LLC_casa,LLT_casa,LL%_casa,EN_casa,BR_casa,B/E_casa,TO_casa,FC_casa,T/FC_casa,ET_casa,VI_casa,EF_casa,Pts_visitante,3P_visitante,2P_visitante,LL_visitante,RT_visitante,RO_visitante,RD_visitante,AS_visitante,ER_visitante,IA%_visitante,3PC_visitante,3PT_visitante,3P%_visitante,2PC_visitante,2PT_visitante,2P%_visitante,LLC_visitante,LLT_visitante,LL%_visitante,EN_visitante,BR_visitante,B/E_visitante,TO_visitante,FC_visitante,T/FC_visitante,ET_visitante,VI_visitante,EF_visitante
73,80,2014-01-23,1,2,2013-2014,L. Sorocabana,Coop/São José Basketball,76.08219178082192,36.78082191780822,38.76712328767123,16.356164383561644,28.246575342465754,8.972602739726028,19.273972602739725,10.26027397260274,11.876712328767123,0.9428767123287672,6.986301369863014,21.041095890410958,33.25575342465754,19.383561643835616,38.32876712328767,50.758904109589025,16.356164383561644,21.794520547945204,75.13630136986303,1.356164383561644,8.438356164383562,0.7673972602739726,1.4794520547945205,20.356164383561644,0.07397260273972603,11.876712328767123,2.4794520547945207,78.3972602739726,81.01408450704226,33.42253521126761,39.32394366197183,15.809859154929578,31.54225352112676,9.126760563380282,22.41549295774648,16.450704225352112,13.795774647887324,1.3032394366197178,8.626760563380282,24.401408450704224,35.482887323943665,19.661971830985916,36.359154929577464,54.24394366197184,15.809859154929578,20.739436619718308,75.97302816901404,0.8732394366197183,6.73943661971831,0.5181690140845069,2.359154929577465,19.154929577464788,0.13140845070422535,13.795774647887324,1.6619718309859155,89.0774647887324
