placar_casa,placar_visitante,data,round,stage,ano,equipe_casa,equipe_visitante,Pts_casa,3P_casa,2P_casa,LL_casa,RT_casa,RO_casa,RD_casa,AS_casa,ER_casa,IA%_casa,3PC_casa,3PT_casa,3P%_casa,2PC_casa,2PT_casa,2P%_casa,LLC_casa,LLT_casa,LL%_casa,EN_casa,BR_casa,B/E_casa,TO_casa,FC_casa,T/FC_casa,ET_casa,VI_casa,EF_casa,Pts_visitante,3P_visitante,2P_visitante,LL_visitante,RT_visitante,RO_visitante,RD_visitante,AS_visitante,ER_visitante,IA%_visitante,3PC_visitante,3PT_visitante,3P%_visitante,2PC_visitante,2PT_visitante,2P%_visitante,LLC_visitante,LLT_visitante,LL%_visitante,EN_visitante,BR_visitante,B/E_visitante,TO_visitante,FC_visitante,T/FC_visitante,ET_visitante,VI_visitante,EF_visitante
77,57,2020-03-04,7,2,2019-2020,Rio Claro,Pato Basquete,78.71677777777778,23.833333333333332,39.655777777777786,15.227666666666664,32.67211111111111,8.522333333333332,24.14977777777777,17.011,14.577888888888891,1.2614444444444441,7.944444444444445,22.96677777777778,34.36988888888888,19.827555555555552,36.80533333333333,53.86966666666668,15.227666666666664,20.13355555555556,75.15611111111113,1.9388888888888889,9.005555555555556,0.6441111111111112,1.6555555555555554,21.81111111111111,0.07911111111111112,14.577888888888891,3.1166666666666667,87.57777777777778,70.5909090909091,20.59090909090909,36.90909090909091,13.090909090909092,35.18181818181818,10.772727272727273,24.40909090909091,16.863636363636363,15.454545454545455,1.1581818181818182,6.863636363636363,22.636363636363637,30.79636363636363,18.454545454545453,39.72727272727273,46.32363636363636,13.090909090909092,18.636363636363637,70.23045454545453,1.3636363636363635,7.409090909090909,0.4972727272727274,1.9545454545454546,22.09090909090909,0.0881818181818182,15.454545454545455,3.409090909090909,73.9090909090909
