placar_casa,placar_visitante,data,round,stage,ano,equipe_casa,equipe_visitante,Pts_casa,3P_casa,2P_casa,LL_casa,RT_casa,RO_casa,RD_casa,AS_casa,ER_casa,IA%_casa,3PC_casa,3PT_casa,3P%_casa,2PC_casa,2PT_casa,2P%_casa,LLC_casa,LLT_casa,LL%_casa,EN_casa,BR_casa,B/E_casa,TO_casa,FC_casa,T/FC_casa,ET_casa,VI_casa,EF_casa,Pts_visitante,3P_visitante,2P_visitante,LL_visitante,RT_visitante,RO_visitante,RD_visitante,AS_visitante,ER_visitante,IA%_visitante,3PC_visitante,3PT_visitante,3P%_visitante,2PC_visitante,2PT_visitante,2P%_visitante,LLC_visitante,LLT_visitante,LL%_visitante,EN_visitante,BR_visitante,B/E_visitante,TO_visitante,FC_visitante,T/FC_visitante,ET_visitante,VI_visitante,EF_visitante
70,79,2023-11-10,4,1,2023-2024,Mogi,Minas,80.52178125000003,29.2640625,39.21565625,15.679656249999999,36.88434375,11.0234375,25.861,16.828187500000002,14.170218749999998,1.2894687499999997,8.5421875,24.403156250000002,35.20721875000002,19.60778125,38.28753125,51.4482499999999,15.679656249999999,20.9969375,74.49540624999993,1.532624999999999,8.063999999999998,0.6175312499999994,2.06259375,20.992062499999996,0.10234374999999996,14.170218749999998,2.6391562499999988,91.1640625,80.55630695443648,27.27338129496403,41.302206235011965,14.923237410071941,35.405299760191845,10.04673860911271,25.358561151079137,16.671414868105515,13.959112709832132,1.286258992805756,8.110359712230217,23.116378896882495,34.9182973621103,20.651031175059952,38.64143884892086,53.577026378896896,14.923237410071941,20.098249400479613,74.0674100719423,1.7001918465227823,7.360983213429258,0.559496402877697,2.3033333333333337,20.79146282973621,0.11623501199040776,13.959112709832132,2.6666426858513206,90.80937649880094
