placar_casa,placar_visitante,data,round,stage,ano,equipe_casa,equipe_visitante,Pts_casa,3P_casa,2P_casa,LL_casa,RT_casa,RO_casa,RD_casa,AS_casa,ER_casa,IA%_casa,3PC_casa,3PT_casa,3P%_casa,2PC_casa,2PT_casa,2P%_casa,LLC_casa,LLT_casa,LL%_casa,EN_casa,BR_casa,B/E_casa,TO_casa,FC_casa,T/FC_casa,ET_casa,VI_casa,EF_casa,Pts_visitante,3P_visitante,2P_visitante,LL_visitante,RT_visitante,RO_visitante,RD_visitante,AS_visitante,ER_visitante,IA%_visitante,3PC_visitante,3PT_visitante,3P%_visitante,2PC_visitante,2PT_visitante,2P%_visitante,LLC_visitante,LLT_visitante,LL%_visitante,EN_visitante,BR_visitante,B/E_visitante,TO_visitante,FC_visitante,T/FC_visitante,ET_visitante,VI_visitante,EF_visitante
76,65,2016-03-27,11,2,2015-2016,Flamengo,Minas,88.25416666666666,32.9375,43.99166666666667,16.65,34.125,9.058333333333334,25.066666666666666,16.395833333333332,12.191666666666666,1.5037083333333334,9.204166666666667,23.854166666666668,38.75087499999999,21.995833333333334,38.7625,56.91924999999999,16.65,21.9,75.96399999999997,1.8708333333333333,8.6125,0.7730000000000001,1.8458333333333334,19.4,0.09875000000000003,12.191666666666666,1.6791666666666667,101.89166666666667,78.42995169082126,26.463768115942027,42.38647342995169,15.507246376811594,32.42512077294686,9.492753623188406,22.932367149758456,15.41062801932367,14.028985507246377,1.193623188405797,6.845410628019324,19.88888888888889,34.35251207729468,21.193236714975846,40.21256038647343,52.85400966183575,15.507246376811594,20.917874396135264,73.98753623188405,1.3719806763285025,8.02415458937198,0.61512077294686,2.502415458937198,21.231884057971016,0.12376811594202909,14.028985507246377,2.4106280193236715,86.61352657004831
