placar_casa,placar_visitante,data,round,stage,ano,equipe_casa,equipe_visitante,Pts_casa,3P_casa,2P_casa,LL_casa,RT_casa,RO_casa,RD_casa,AS_casa,ER_casa,IA%_casa,3PC_casa,3PT_casa,3P%_casa,2PC_casa,2PT_casa,2P%_casa,LLC_casa,LLT_casa,LL%_casa,EN_casa,BR_casa,B/E_casa,TO_casa,FC_casa,T/FC_casa,ET_casa,VI_casa,EF_casa,Pts_visitante,3P_visitante,2P_visitante,LL_visitante,RT_visitante,RO_visitante,RD_visitante,AS_visitante,ER_visitante,IA%_visitante,3PC_visitante,3PT_visitante,3P%_visitante,2PC_visitante,2PT_visitante,2P%_visitante,LLC_visitante,LLT_visitante,LL%_visitante,EN_visitante,BR_visitante,B/E_visitante,TO_visitante,FC_visitante,T/FC_visitante,ET_visitante,VI_visitante,EF_visitante
78,71,2019-03-08,9,2,2018-2019,Pinheiros,Mogi,83.8485185185185,28.98989898989899,40.68690235690236,16.434343434343436,33.44441077441078,9.383872053872055,24.060639730639732,15.548787878787879,13.232289562289562,1.2629966329966331,8.909057239057239,24.037070707070708,37.087946127946104,20.343400673400673,38.13131313131313,53.76818181818184,16.434343434343436,21.94272727272727,74.8760942760942,2.0033670033670035,8.144781144781145,0.6504713804713802,2.5622558922558927,20.107777777777777,0.1332659932659932,13.232289562289562,2.3602693602693603,93.20538720538721,80.94855140186915,29.60747663551402,40.00939252336449,16.77107476635514,36.31317757009346,11.42056074766355,24.89247663551402,15.757056074766355,13.724205607476634,1.2709813084112158,8.05607476635514,22.76177570093458,35.60500000000001,20.0046261682243,39.4064953271028,51.03705607476635,16.77107476635514,22.64485981308411,73.84546728971961,1.3924299065420556,8.771028037383177,0.6937850467289717,1.878598130841122,21.467242990654203,0.09126168224299064,13.724205607476634,2.8130841121495327,91.2196261682243
