placar_casa,placar_visitante,data,round,stage,ano,equipe_casa,equipe_visitante,Pts_casa,3P_casa,2P_casa,LL_casa,RT_casa,RO_casa,RD_casa,AS_casa,ER_casa,IA%_casa,3PC_casa,3PT_casa,3P%_casa,2PC_casa,2PT_casa,2P%_casa,LLC_casa,LLT_casa,LL%_casa,EN_casa,BR_casa,B/E_casa,TO_casa,FC_casa,T/FC_casa,ET_casa,VI_casa,EF_casa,Pts_visitante,3P_visitante,2P_visitante,LL_visitante,RT_visitante,RO_visitante,RD_visitante,AS_visitante,ER_visitante,IA%_visitante,3PC_visitante,3PT_visitante,3P%_visitante,2PC_visitante,2PT_visitante,2P%_visitante,LLC_visitante,LLT_visitante,LL%_visitante,EN_visitante,BR_visitante,B/E_visitante,TO_visitante,FC_visitante,T/FC_visitante,ET_visitante,VI_visitante,EF_visitante
60,71,2013-12-12,9,1,2013-2014,Fortaleza B. C. / CFO,Minas,79.7872340425532,46.46808510638298,44.297872340425535,14.106382978723405,30.170212765957448,8.829787234042554,21.340425531914892,13.76595744680851,11.063829787234043,1.4940425531914894,7.127659574468085,21.0,34.36574468085106,22.148936170212767,42.319148936170215,52.652340425531925,14.106382978723405,18.872340425531913,74.27574468085106,1.2340425531914894,7.9361702127659575,0.8646808510638295,2.3617021276595747,21.170212765957448,0.11617021276595745,11.063829787234043,2.702127659574468,88.57446808510639,82.425,31.8,44.63333333333333,16.216666666666665,31.266666666666666,9.125,22.141666666666666,15.675,14.116666666666667,1.2047500000000002,7.191666666666666,19.933333333333334,35.748833333333344,22.316666666666666,40.875,54.79149999999999,16.216666666666665,21.183333333333334,76.63099999999999,1.0333333333333334,7.008333333333334,0.5311666666666667,2.6083333333333334,20.5,0.1336666666666667,14.116666666666667,1.9,90.89166666666667
