placar_casa,placar_visitante,data,round,stage,ano,equipe_casa,equipe_visitante,Pts_casa,3P_casa,2P_casa,LL_casa,RT_casa,RO_casa,RD_casa,AS_casa,ER_casa,IA%_casa,3PC_casa,3PT_casa,3P%_casa,2PC_casa,2PT_casa,2P%_casa,LLC_casa,LLT_casa,LL%_casa,EN_casa,BR_casa,B/E_casa,TO_casa,FC_casa,T/FC_casa,ET_casa,VI_casa,EF_casa,Pts_visitante,3P_visitante,2P_visitante,LL_visitante,RT_visitante,RO_visitante,RD_visitante,AS_visitante,ER_visitante,IA%_visitante,3PC_visitante,3PT_visitante,3P%_visitante,2PC_visitante,2PT_visitante,2P%_visitante,LLC_visitante,LLT_visitante,LL%_visitante,EN_visitante,BR_visitante,B/E_visitante,TO_visitante,FC_visitante,T/FC_visitante,ET_visitante,VI_visitante,EF_visitante
105,70,2023-04-03,9,2,2022-2023,Minas,Paulistano,80.374975,27.075,41.43502499999999,14.93245,35.332525000000004,10.104975,25.22755,16.582475,14.017374999999998,1.269475000000001,8.002525,22.945050000000002,34.78314999999999,20.717475,38.80995,53.50295000000002,14.93245,20.169925,73.80557499999985,1.7074750000000003,7.4475500000000014,0.5650999999999993,2.3324750000000005,20.807575,0.1177500000000001,14.017374999999998,2.659950000000001,90.45004999999998,79.88416075650119,29.326241134751772,39.05910165484634,14.477541371158392,36.41368794326241,11.543782505910167,24.869905437352244,14.983475177304966,13.30255319148936,1.2424822695035458,8.782505910165485,25.896028368794326,34.28364066193853,19.52955082742317,38.53432624113475,51.002482269503524,14.477541371158392,19.735177304964537,73.03614657210403,1.761323877068557,7.6548226950354605,0.6273286052009458,1.936217494089834,21.06858156028369,0.0958156028368794,13.30255319148936,2.4326004728132395,87.16321513002359
