placar_casa,placar_visitante,data,round,stage,ano,equipe_casa,equipe_visitante,Pts_casa,3P_casa,2P_casa,LL_casa,RT_casa,RO_casa,RD_casa,AS_casa,ER_casa,IA%_casa,3PC_casa,3PT_casa,3P%_casa,2PC_casa,2PT_casa,2P%_casa,LLC_casa,LLT_casa,LL%_casa,EN_casa,BR_casa,B/E_casa,TO_casa,FC_casa,T/FC_casa,ET_casa,VI_casa,EF_casa,Pts_visitante,3P_visitante,2P_visitante,LL_visitante,RT_visitante,RO_visitante,RD_visitante,AS_visitante,ER_visitante,IA%_visitante,3PC_visitante,3PT_visitante,3P%_visitante,2PC_visitante,2PT_visitante,2P%_visitante,LLC_visitante,LLT_visitante,LL%_visitante,EN_visitante,BR_visitante,B/E_visitante,TO_visitante,FC_visitante,T/FC_visitante,ET_visitante,VI_visitante,EF_visitante
72,61,2020-11-20,2,1,2020-2021,Paulistano,Cerrado,80.95560371517028,30.191950464396285,39.29820433436532,15.366346749226006,35.475758513931886,11.273529411764708,24.202291021671826,14.71108359133127,13.59439628482972,1.1946749226006186,8.763684210526316,25.411826625386997,34.87866873065013,19.649164086687307,38.20640866873065,51.73170278637767,15.366346749226006,20.8390092879257,73.52613003095975,1.7802476780185754,7.725479876160991,0.6181733746130031,1.922631578947368,21.651176470588236,0.09247678018575842,13.59439628482972,2.4365325077399382,87.78743034055726,73.67,26.0,35.33,12.33,33.33,12.33,21.0,12.67,13.67,0.93,8.67,26.0,33.33,17.67,37.33,47.32,12.33,15.67,78.72,0.33,6.67,0.49,2.67,18.67,0.14,13.67,2.33,75.0
