placar_casa,placar_visitante,data,round,stage,ano,equipe_casa,equipe_visitante,Pts_casa,3P_casa,2P_casa,LL_casa,RT_casa,RO_casa,RD_casa,AS_casa,ER_casa,IA%_casa,3PC_casa,3PT_casa,3P%_casa,2PC_casa,2PT_casa,2P%_casa,LLC_casa,LLT_casa,LL%_casa,EN_casa,BR_casa,B/E_casa,TO_casa,FC_casa,T/FC_casa,ET_casa,VI_casa,EF_casa,Pts_visitante,3P_visitante,2P_visitante,LL_visitante,RT_visitante,RO_visitante,RD_visitante,AS_visitante,ER_visitante,IA%_visitante,3PC_visitante,3PT_visitante,3P%_visitante,2PC_visitante,2PT_visitante,2P%_visitante,LLC_visitante,LLT_visitante,LL%_visitante,EN_visitante,BR_visitante,B/E_visitante,TO_visitante,FC_visitante,T/FC_visitante,ET_visitante,VI_visitante,EF_visitante
89,61,2014-02-15,8,2,2013-2014,Mogi,L. Sorocabana,76.66666666666667,40.0,38.8421052631579,18.24561403508772,33.89473684210526,10.631578947368421,23.263157894736842,12.982456140350877,14.578947368421053,0.9994736842105263,6.526315789473684,19.157894736842106,34.51263157894737,19.42105263157895,40.96491228070175,47.65947368421051,18.24561403508772,24.57894736842105,73.67736842105265,0.6842105263157895,7.614035087719298,0.5612280701754387,1.2456140350877194,22.17543859649123,0.059999999999999984,14.578947368421053,2.7719298245614037,82.14035087719299,76.32911392405063,35.88607594936709,38.43037974683544,16.632911392405063,28.240506329113924,8.91139240506329,19.329113924050635,10.291139240506329,11.810126582278482,0.9434177215189874,7.0886075949367084,21.189873417721518,33.49481012658229,19.21518987341772,38.139240506329116,50.556708860759485,16.632911392405063,22.037974683544302,75.54012658227849,1.3291139240506329,8.455696202531646,0.770759493670886,1.5063291139240507,20.59493670886076,0.07405063291139241,11.810126582278482,2.4556962025316458,78.46835443037975
