placar_casa,placar_visitante,data,round,stage,ano,equipe_casa,equipe_visitante,Pts_casa,3P_casa,2P_casa,LL_casa,RT_casa,RO_casa,RD_casa,AS_casa,ER_casa,IA%_casa,3PC_casa,3PT_casa,3P%_casa,2PC_casa,2PT_casa,2P%_casa,LLC_casa,LLT_casa,LL%_casa,EN_casa,BR_casa,B/E_casa,TO_casa,FC_casa,T/FC_casa,ET_casa,VI_casa,EF_casa,Pts_visitante,3P_visitante,2P_visitante,LL_visitante,RT_visitante,RO_visitante,RD_visitante,AS_visitante,ER_visitante,IA%_visitante,3PC_visitante,3PT_visitante,3P%_visitante,2PC_visitante,2PT_visitante,2P%_visitante,LLC_visitante,LLT_visitante,LL%_visitante,EN_visitante,BR_visitante,B/E_visitante,TO_visitante,FC_visitante,T/FC_visitante,ET_visitante,VI_visitante,EF_visitante
110,96,2024-01-14,2,2,2023-2024,Sesi Franca,UNIFACISA,83.03568134171906,29.345911949685533,41.17402515723269,15.804926624737943,34.654150943396225,9.272620545073377,25.381593291404613,16.36895178197065,13.178218029350106,1.3790146750524122,8.685450733752619,23.8804821802935,36.136331236897256,20.586981132075472,38.0545073375262,54.48834381551362,15.804926624737943,20.89308176100629,75.69526205450735,1.9831865828092248,7.570251572327044,0.615241090146751,2.5618658280922437,19.95182389937107,0.13530398322851162,13.178218029350106,2.1425995807127878,94.0439412997904,80.58703225806451,29.883870967741935,38.16774193548387,12.535806451612904,36.78051612903226,10.199806451612902,26.580903225806455,16.361290322580643,12.942000000000002,1.3305806451612907,9.961096774193546,28.258193548387098,35.06567741935482,19.083870967741934,36.625741935483866,52.229806451612916,12.535806451612904,16.735677419354836,74.42522580645156,1.290258064516129,7.2064516129032254,0.5872258064516128,1.8260000000000003,19.800064516129034,0.0952258064516129,12.942000000000002,2.3032258064516125,89.7678064516129
