placar_casa,placar_visitante,data,round,stage,ano,equipe_casa,equipe_visitante,Pts_casa,3P_casa,2P_casa,LL_casa,RT_casa,RO_casa,RD_casa,AS_casa,ER_casa,IA%_casa,3PC_casa,3PT_casa,3P%_casa,2PC_casa,2PT_casa,2P%_casa,LLC_casa,LLT_casa,LL%_casa,EN_casa,BR_casa,B/E_casa,TO_casa,FC_casa,T/FC_casa,ET_casa,VI_casa,EF_casa,Pts_visitante,3P_visitante,2P_visitante,LL_visitante,RT_visitante,RO_visitante,RD_visitante,AS_visitante,ER_visitante,IA%_visitante,3PC_visitante,3PT_visitante,3P%_visitante,2PC_visitante,2PT_visitante,2P%_visitante,LLC_visitante,LLT_visitante,LL%_visitante,EN_visitante,BR_visitante,B/E_visitante,TO_visitante,FC_visitante,T/FC_visitante,ET_visitante,VI_visitante,EF_visitante
88,79,2016-03-23,13,2,2015-2016,Mogi,Macaé Basquete,80.25874125874125,30.566433566433567,40.43356643356643,17.3986013986014,35.64335664335665,11.615384615384615,24.027972027972027,14.482517482517483,14.195804195804195,1.1241958041958044,7.475524475524476,21.097902097902097,35.653216783216784,20.216783216783217,40.37762237762238,50.2995804195804,17.3986013986014,23.3986013986014,73.95776223776222,1.3356643356643356,9.083916083916083,0.6985314685314685,1.7622377622377623,22.062937062937063,0.0841958041958042,14.195804195804195,2.944055944055944,89.15384615384616,78.75,24.0,36.854166666666664,17.895833333333332,32.21875,8.59375,23.625,13.802083333333334,13.604166666666666,1.1807291666666666,8.0,22.125,36.290416666666665,18.427083333333332,36.333333333333336,51.03843750000001,17.895833333333332,22.354166666666668,80.31052083333331,1.2083333333333333,8.854166666666666,0.7530208333333334,1.4375,22.28125,0.06552083333333333,13.604166666666666,3.0729166666666665,84.96875
