placar_casa,placar_visitante,data,round,stage,ano,equipe_casa,equipe_visitante,Pts_casa,3P_casa,2P_casa,LL_casa,RT_casa,RO_casa,RD_casa,AS_casa,ER_casa,IA%_casa,3PC_casa,3PT_casa,3P%_casa,2PC_casa,2PT_casa,2P%_casa,LLC_casa,LLT_casa,LL%_casa,EN_casa,BR_casa,B/E_casa,TO_casa,FC_casa,T/FC_casa,ET_casa,VI_casa,EF_casa,Pts_visitante,3P_visitante,2P_visitante,LL_visitante,RT_visitante,RO_visitante,RD_visitante,AS_visitante,ER_visitante,IA%_visitante,3PC_visitante,3PT_visitante,3P%_visitante,2PC_visitante,2PT_visitante,2P%_visitante,LLC_visitante,LLT_visitante,LL%_visitante,EN_visitante,BR_visitante,B/E_visitante,TO_visitante,FC_visitante,T/FC_visitante,ET_visitante,VI_visitante,EF_visitante
71,84,2024-01-19,2,2,2023-2024,Cerrado,Minas,77.23044247787611,28.061946902654867,37.2741592920354,11.893539823008847,38.86707964601769,11.646106194690267,27.221504424778757,15.389557522123896,13.920353982300883,1.1600884955752213,9.354070796460176,29.141681415929202,32.16575221238938,18.637345132743363,37.60176991150443,49.88203539823007,11.893539823008847,17.318938053097348,68.67106194690268,1.7341592920353979,6.752300884955752,0.5010619469026545,2.31858407079646,17.575752212389386,0.1334513274336284,13.920353982300883,2.6278761061946914,82.46044247787611,80.80108045977015,27.482758620689655,41.22760919540229,14.911471264367815,35.61726436781609,10.086160919540228,25.531103448275864,16.843609195402298,13.919425287356319,1.2999080459770116,8.220758620689656,23.308137931034484,35.07404597701151,20.61377011494253,38.50455172413793,53.67358620689657,14.911471264367815,20.109149425287356,73.96409195402285,1.7080000000000006,7.27825287356322,0.5534022988505737,2.328735632183908,20.698965517241383,0.11827586206896559,13.919425287356319,2.6620459770114957,91.38967816091953
