placar_casa,placar_visitante,data,round,stage,ano,equipe_casa,equipe_visitante,Pts_casa,3P_casa,2P_casa,LL_casa,RT_casa,RO_casa,RD_casa,AS_casa,ER_casa,IA%_casa,3PC_casa,3PT_casa,3P%_casa,2PC_casa,2PT_casa,2P%_casa,LLC_casa,LLT_casa,LL%_casa,EN_casa,BR_casa,B/E_casa,TO_casa,FC_casa,T/FC_casa,ET_casa,VI_casa,EF_casa,Pts_visitante,3P_visitante,2P_visitante,LL_visitante,RT_visitante,RO_visitante,RD_visitante,AS_visitante,ER_visitante,IA%_visitante,3PC_visitante,3PT_visitante,3P%_visitante,2PC_visitante,2PT_visitante,2P%_visitante,LLC_visitante,LLT_visitante,LL%_visitante,EN_visitante,BR_visitante,B/E_visitante,TO_visitante,FC_visitante,T/FC_visitante,ET_visitante,VI_visitante,EF_visitante
71,62,2012-12-15,8,1,2012-2013,Joinville,Uberlândia,80.34408602150538,27.903225806451612,40.0,16.537634408602152,32.31720430107527,9.865591397849462,22.451612903225808,13.946236559139784,13.521505376344086,1.1379569892473116,7.935483870967742,23.177419354838708,34.01537634408601,20.0,39.736559139784944,50.380860215053765,16.537634408602152,23.118279569892472,71.64817204301075,1.596774193548387,7.940860215053763,0.6436559139784946,2.274193548387097,21.091397849462364,0.116021505376344,13.521505376344086,1.8279569892473118,84.72043010752688,82.57575757575758,30.818181818181817,41.515151515151516,15.787878787878787,29.303030303030305,6.757575757575758,22.545454545454547,15.303030303030303,11.848484848484848,1.3948484848484852,8.424242424242424,21.848484848484848,38.30090909090909,20.757575757575758,37.878787878787875,54.981818181818184,15.787878787878787,19.606060606060606,80.43363636363637,3.1818181818181817,6.212121212121212,0.5848484848484846,2.8484848484848486,19.515151515151516,0.16121212121212122,11.848484848484848,2.393939393939394,94.54545454545455
