placar_casa,placar_visitante,data,round,stage,ano,equipe_casa,equipe_visitante,Pts_casa,3P_casa,2P_casa,LL_casa,RT_casa,RO_casa,RD_casa,AS_casa,ER_casa,IA%_casa,3PC_casa,3PT_casa,3P%_casa,2PC_casa,2PT_casa,2P%_casa,LLC_casa,LLT_casa,LL%_casa,EN_casa,BR_casa,B/E_casa,TO_casa,FC_casa,T/FC_casa,ET_casa,VI_casa,EF_casa,Pts_visitante,3P_visitante,2P_visitante,LL_visitante,RT_visitante,RO_visitante,RD_visitante,AS_visitante,ER_visitante,IA%_visitante,3PC_visitante,3PT_visitante,3P%_visitante,2PC_visitante,2PT_visitante,2P%_visitante,LLC_visitante,LLT_visitante,LL%_visitante,EN_visitante,BR_visitante,B/E_visitante,TO_visitante,FC_visitante,T/FC_visitante,ET_visitante,VI_visitante,EF_visitante
66,88,2021-02-26,4,2,2020-2021,BRB/Brasília,Caxias do Sul Basquete,80.2164705882353,30.58823529411765,34.19470588235294,15.431176470588237,37.29294117647059,10.823529411764707,26.471176470588237,16.470588235294116,15.353529411764706,1.1088235294117645,10.196470588235295,30.960000000000004,32.82941176470588,17.09941176470588,34.80529411764706,49.04588235294118,15.431176470588237,21.273529411764706,72.25058823529412,0.6470588235294118,6.293529411764705,0.4200000000000001,1.371176470588235,18.470588235294116,0.07470588235294118,15.353529411764706,2.3135294117647063,81.98,72.7359756097561,22.658536585365855,35.032682926829274,15.044878048780486,33.32109756097561,9.211585365853656,24.109512195121948,14.268536585365851,14.386097560975614,1.0365853658536586,7.553048780487806,23.556707317073165,32.00939024390243,17.516097560975606,36.154634146341465,48.627682926829294,15.044878048780486,21.25609756097561,70.73670731707315,1.3453658536585364,8.378292682926826,0.5953658536585367,1.4998780487804877,22.336951219512187,0.07109756097560976,14.386097560975614,3.2562195121951225,74.96341463414635
