placar_casa,placar_visitante,data,round,stage,ano,equipe_casa,equipe_visitante,Pts_casa,3P_casa,2P_casa,LL_casa,RT_casa,RO_casa,RD_casa,AS_casa,ER_casa,IA%_casa,3PC_casa,3PT_casa,3P%_casa,2PC_casa,2PT_casa,2P%_casa,LLC_casa,LLT_casa,LL%_casa,EN_casa,BR_casa,B/E_casa,TO_casa,FC_casa,T/FC_casa,ET_casa,VI_casa,EF_casa,Pts_visitante,3P_visitante,2P_visitante,LL_visitante,RT_visitante,RO_visitante,RD_visitante,AS_visitante,ER_visitante,IA%_visitante,3PC_visitante,3PT_visitante,3P%_visitante,2PC_visitante,2PT_visitante,2P%_visitante,LLC_visitante,LLT_visitante,LL%_visitante,EN_visitante,BR_visitante,B/E_visitante,TO_visitante,FC_visitante,T/FC_visitante,ET_visitante,VI_visitante,EF_visitante
53,91,2013-11-14,1,1,2013-2014,Pinheiros,Limeira,86.22222222222223,33.785714285714285,40.95238095238095,16.817460317460316,29.91269841269841,7.888888888888889,22.023809523809526,15.658730158730158,12.817460317460318,1.318888888888889,9.484126984126984,24.58730158730159,38.721984126984104,20.476190476190474,36.42063492063492,56.53079365079364,16.817460317460316,22.5,74.47507936507934,2.2857142857142856,6.9603174603174605,0.5747619047619048,2.3333333333333335,19.857142857142858,0.12277777777777779,12.817460317460318,1.9285714285714286,94.64285714285714,82.86021505376344,36.096774193548384,39.24731182795699,15.67741935483871,28.344086021505376,7.526881720430108,20.817204301075268,15.451612903225806,12.655913978494624,1.3282795698924728,9.311827956989248,24.21505376344086,38.7762365591398,19.623655913978496,36.935483870967744,53.2478494623656,15.67741935483871,20.311827956989248,76.91311827956989,1.8602150537634408,7.311827956989247,0.6307526881720432,2.4838709677419355,21.440860215053764,0.12290322580645158,12.655913978494624,1.6451612903225807,90.2258064516129
