placar_casa,placar_visitante,data,round,stage,ano,equipe_casa,equipe_visitante,Pts_casa,3P_casa,2P_casa,LL_casa,RT_casa,RO_casa,RD_casa,AS_casa,ER_casa,IA%_casa,3PC_casa,3PT_casa,3P%_casa,2PC_casa,2PT_casa,2P%_casa,LLC_casa,LLT_casa,LL%_casa,EN_casa,BR_casa,B/E_casa,TO_casa,FC_casa,T/FC_casa,ET_casa,VI_casa,EF_casa,Pts_visitante,3P_visitante,2P_visitante,LL_visitante,RT_visitante,RO_visitante,RD_visitante,AS_visitante,ER_visitante,IA%_visitante,3PC_visitante,3PT_visitante,3P%_visitante,2PC_visitante,2PT_visitante,2P%_visitante,LLC_visitante,LLT_visitante,LL%_visitante,EN_visitante,BR_visitante,B/E_visitante,TO_visitante,FC_visitante,T/FC_visitante,ET_visitante,VI_visitante,EF_visitante
78,85,2012-03-15,11,2,2011-2012,Limeira,Joinville,84.38636363636364,28.09090909090909,39.0,17.295454545454547,28.59090909090909,7.340909090909091,21.25,16.181818181818183,13.772727272727273,1.2770454545454546,9.363636363636363,24.727272727272727,38.30977272727273,19.5,36.36363636363637,53.74840909090908,17.295454545454547,22.272727272727273,78.23772727272727,2.340909090909091,8.090909090909092,0.6365909090909091,3.5681818181818183,20.886363636363637,0.18090909090909088,13.772727272727273,0.6590909090909091,90.3409090909091,80.7,26.357142857142858,38.82857142857143,15.514285714285714,32.035714285714285,9.535714285714286,22.5,14.128571428571428,13.221428571428572,1.1797142857142855,8.785714285714286,24.707142857142856,35.34999999999999,19.414285714285715,38.035714285714285,50.97814285714285,15.514285714285714,21.82857142857143,70.99171428571428,1.6214285714285714,7.821428571428571,0.6534285714285715,2.3642857142857143,20.435714285714287,0.12514285714285708,13.221428571428572,1.2571428571428571,83.32857142857142
