placar_casa,placar_visitante,data,round,stage,ano,equipe_casa,equipe_visitante,Pts_casa,3P_casa,2P_casa,LL_casa,RT_casa,RO_casa,RD_casa,AS_casa,ER_casa,IA%_casa,3PC_casa,3PT_casa,3P%_casa,2PC_casa,2PT_casa,2P%_casa,LLC_casa,LLT_casa,LL%_casa,EN_casa,BR_casa,B/E_casa,TO_casa,FC_casa,T/FC_casa,ET_casa,VI_casa,EF_casa,Pts_visitante,3P_visitante,2P_visitante,LL_visitante,RT_visitante,RO_visitante,RD_visitante,AS_visitante,ER_visitante,IA%_visitante,3PC_visitante,3PT_visitante,3P%_visitante,2PC_visitante,2PT_visitante,2P%_visitante,LLC_visitante,LLT_visitante,LL%_visitante,EN_visitante,BR_visitante,B/E_visitante,TO_visitante,FC_visitante,T/FC_visitante,ET_visitante,VI_visitante,EF_visitante
101,69,2022-04-12,11,2,2021-2022,Bauru Basket,Minas,81.9193887530562,31.034229828850854,38.71877750611247,14.82156479217604,34.740757946210266,9.484229828850859,25.256821515892423,16.053765281173593,12.195647921760392,1.4405623471882616,9.45965770171149,26.014621026894865,36.60220048899759,19.359462102689488,35.94863080684596,54.28955990220049,14.82156479217604,19.882640586797066,74.59975550122246,1.3545965770171153,7.613716381418094,0.6759902200488995,1.7725672371638148,19.02929095354523,0.0962102689486552,12.195647921760392,2.181002444987774,92.45958435207828,79.9696132596685,26.908839779005525,41.375662983425414,15.07453038674033,34.85088397790055,10.052430939226518,24.798370165745858,16.292762430939224,14.010966850828728,1.2505801104972387,7.839834254143647,22.585745856353594,34.638232044198894,20.687872928176795,38.958508287292815,53.24679558011048,15.07453038674033,20.394972375690607,73.68679558011037,1.574585635359116,7.571850828729282,0.5738397790055241,2.356353591160221,21.110552486187846,0.11720994475138133,14.010966850828728,2.588314917127073,89.43372928176794
