placar_casa,placar_visitante,data,round,stage,ano,equipe_casa,equipe_visitante,Pts_casa,3P_casa,2P_casa,LL_casa,RT_casa,RO_casa,RD_casa,AS_casa,ER_casa,IA%_casa,3PC_casa,3PT_casa,3P%_casa,2PC_casa,2PT_casa,2P%_casa,LLC_casa,LLT_casa,LL%_casa,EN_casa,BR_casa,B/E_casa,TO_casa,FC_casa,T/FC_casa,ET_casa,VI_casa,EF_casa,Pts_visitante,3P_visitante,2P_visitante,LL_visitante,RT_visitante,RO_visitante,RD_visitante,AS_visitante,ER_visitante,IA%_visitante,3PC_visitante,3PT_visitante,3P%_visitante,2PC_visitante,2PT_visitante,2P%_visitante,LLC_visitante,LLT_visitante,LL%_visitante,EN_visitante,BR_visitante,B/E_visitante,TO_visitante,FC_visitante,T/FC_visitante,ET_visitante,VI_visitante,EF_visitante
76,77,2018-10-13,1,1,2018-2019,Brasília,R10 Score Vasco da Gama,85.85090909090908,30.283636363636365,42.43636363636364,16.207272727272727,34.35272727272727,9.258181818181818,25.094545454545454,17.112727272727273,13.50909090909091,1.4306545454545456,9.069090909090908,24.745454545454546,36.532727272727264,21.21818181818182,37.95636363636363,56.15890909090912,16.207272727272727,20.716363636363635,78.22061818181814,1.730909090909091,7.7672727272727276,0.6384363636363632,2.978181818181818,21.607272727272726,0.1474181818181818,13.50909090909091,2.0545454545454547,98.90545454545455,75.66666666666667,25.09090909090909,34.18181818181818,16.393939393939394,32.18181818181818,8.484848484848484,23.696969696969695,15.636363636363637,14.545454545454545,1.151212121212121,8.363636363636363,23.303030303030305,35.6360606060606,17.09090909090909,34.15151515151515,50.429696969696984,16.393939393939394,20.87878787878788,78.9130303030303,0.7272727272727273,6.848484848484849,0.49515151515151523,1.1818181818181819,21.060606060606062,0.061212121212121225,14.545454545454545,3.8484848484848486,80.48484848484848
