placar_casa,placar_visitante,data,round,stage,ano,equipe_casa,equipe_visitante,Pts_casa,3P_casa,2P_casa,LL_casa,RT_casa,RO_casa,RD_casa,AS_casa,ER_casa,IA%_casa,3PC_casa,3PT_casa,3P%_casa,2PC_casa,2PT_casa,2P%_casa,LLC_casa,LLT_casa,LL%_casa,EN_casa,BR_casa,B/E_casa,TO_casa,FC_casa,T/FC_casa,ET_casa,VI_casa,EF_casa,Pts_visitante,3P_visitante,2P_visitante,LL_visitante,RT_visitante,RO_visitante,RD_visitante,AS_visitante,ER_visitante,IA%_visitante,3PC_visitante,3PT_visitante,3P%_visitante,2PC_visitante,2PT_visitante,2P%_visitante,LLC_visitante,LLT_visitante,LL%_visitante,EN_visitante,BR_visitante,B/E_visitante,TO_visitante,FC_visitante,T/FC_visitante,ET_visitante,VI_visitante,EF_visitante
103,89,2023-05-16,2,5,2022-2023,Minas,Sesi Franca,80.4229339853301,27.198044009779952,41.34479217603909,14.880171149144253,35.369217603911984,10.04398533007335,25.325232273838633,16.59163814180929,13.997432762836183,1.2748655256723727,8.066063569682152,23.024523227383863,34.88995110024449,20.672322738386306,38.704107579462104,53.54655256723718,14.880171149144253,20.058606356968212,74.00865525672357,1.7138875305623478,7.388826405867972,0.5608068459657695,2.3153789731051346,20.78982885085575,0.11687041564792185,13.997432762836183,2.660122249388755,90.57704156479217,82.69868303571427,29.243303571428573,41.160691964285725,15.796785714285713,34.40185267857143,9.203191964285717,25.198660714285715,16.198660714285715,13.171897321428572,1.3697767857142864,8.580267857142855,23.596004464285716,36.10437499999999,20.580379464285716,38.185245535714294,54.30111607142857,15.796785714285713,20.955401785714287,75.4284375,1.977633928571429,7.669687500000001,0.6249776785714288,2.5267633928571422,19.962075892857143,0.13334821428571433,13.171897321428572,2.111607142857143,93.37718750000002
