placar_casa,placar_visitante,data,round,stage,ano,equipe_casa,equipe_visitante,Pts_casa,3P_casa,2P_casa,LL_casa,RT_casa,RO_casa,RD_casa,AS_casa,ER_casa,IA%_casa,3PC_casa,3PT_casa,3P%_casa,2PC_casa,2PT_casa,2P%_casa,LLC_casa,LLT_casa,LL%_casa,EN_casa,BR_casa,B/E_casa,TO_casa,FC_casa,T/FC_casa,ET_casa,VI_casa,EF_casa,Pts_visitante,3P_visitante,2P_visitante,LL_visitante,RT_visitante,RO_visitante,RD_visitante,AS_visitante,ER_visitante,IA%_visitante,3PC_visitante,3PT_visitante,3P%_visitante,2PC_visitante,2PT_visitante,2P%_visitante,LLC_visitante,LLT_visitante,LL%_visitante,EN_visitante,BR_visitante,B/E_visitante,TO_visitante,FC_visitante,T/FC_visitante,ET_visitante,VI_visitante,EF_visitante
80,91,2015-01-14,7,1,2014-2015,Fortaleza B. C. / CFO,Mogi,77.86363636363636,35.01136363636363,42.72727272727273,13.522727272727273,32.97727272727273,9.75,23.227272727272727,13.704545454545455,11.965909090909092,1.3301136363636366,7.204545454545454,21.84090909090909,33.55568181818181,21.363636363636363,41.79545454545455,51.39840909090912,13.522727272727273,18.545454545454547,72.765,1.4659090909090908,9.0,0.8667045454545454,2.3863636363636362,20.238636363636363,0.12261363636363633,11.965909090909092,2.647727272727273,86.23863636363636,78.55434782608695,34.46739130434783,38.97826086956522,17.76086956521739,35.15217391304348,11.423913043478262,23.72826086956522,13.75,14.73913043478261,1.0264130434782615,7.271739130434782,19.891304347826086,36.49076086956522,19.48913043478261,40.54347826086956,48.16195652173913,17.76086956521739,23.706521739130434,74.33521739130433,1.108695652173913,8.315217391304348,0.6,1.565217391304348,22.032608695652176,0.07489130434782608,14.73913043478261,2.989130434782609,85.96739130434783
