placar_casa,placar_visitante,data,round,stage,ano,equipe_casa,equipe_visitante,Pts_casa,3P_casa,2P_casa,LL_casa,RT_casa,RO_casa,RD_casa,AS_casa,ER_casa,IA%_casa,3PC_casa,3PT_casa,3P%_casa,2PC_casa,2PT_casa,2P%_casa,LLC_casa,LLT_casa,LL%_casa,EN_casa,BR_casa,B/E_casa,TO_casa,FC_casa,T/FC_casa,ET_casa,VI_casa,EF_casa,Pts_visitante,3P_visitante,2P_visitante,LL_visitante,RT_visitante,RO_visitante,RD_visitante,AS_visitante,ER_visitante,IA%_visitante,3PC_visitante,3PT_visitante,3P%_visitante,2PC_visitante,2PT_visitante,2P%_visitante,LLC_visitante,LLT_visitante,LL%_visitante,EN_visitante,BR_visitante,B/E_visitante,TO_visitante,FC_visitante,T/FC_visitante,ET_visitante,VI_visitante,EF_visitante
84,72,2009-11-01,1,1,2009-2010,Coop/São José Basketball,Saldanha,77.28571428571429,24.535714285714285,37.714285714285715,15.035714285714286,29.857142857142858,9.714285714285714,20.142857142857142,13.107142857142858,14.25,0.9825000000000002,8.178571428571429,24.642857142857142,33.246785714285714,18.857142857142858,37.642857142857146,50.70642857142858,15.035714285714286,20.964285714285715,71.84214285714286,0.75,6.821428571428571,0.4978571428571429,1.9285714285714286,22.178571428571427,0.09107142857142857,14.25,0.0,73.57142857142857,72.75,22.607142857142858,37.214285714285715,12.928571428571429,29.5,9.857142857142858,19.642857142857142,11.25,17.392857142857142,0.7028571428571428,7.535714285714286,23.892857142857142,31.676071428571426,18.607142857142858,37.32142857142857,50.33821428571429,12.928571428571429,21.071428571428573,61.84071428571428,3.2142857142857144,9.607142857142858,0.5678571428571428,1.8571428571428572,21.821428571428573,0.08892857142857145,17.392857142857142,0.0,64.35714285714286
