placar_casa,placar_visitante,data,round,stage,ano,equipe_casa,equipe_visitante,Pts_casa,3P_casa,2P_casa,LL_casa,RT_casa,RO_casa,RD_casa,AS_casa,ER_casa,IA%_casa,3PC_casa,3PT_casa,3P%_casa,2PC_casa,2PT_casa,2P%_casa,LLC_casa,LLT_casa,LL%_casa,EN_casa,BR_casa,B/E_casa,TO_casa,FC_casa,T/FC_casa,ET_casa,VI_casa,EF_casa,Pts_visitante,3P_visitante,2P_visitante,LL_visitante,RT_visitante,RO_visitante,RD_visitante,AS_visitante,ER_visitante,IA%_visitante,3PC_visitante,3PT_visitante,3P%_visitante,2PC_visitante,2PT_visitante,2P%_visitante,LLC_visitante,LLT_visitante,LL%_visitante,EN_visitante,BR_visitante,B/E_visitante,TO_visitante,FC_visitante,T/FC_visitante,ET_visitante,VI_visitante,EF_visitante
94,96,2013-12-21,12,1,2013-2014,Bauru Basket,Flamengo,81.65354330708661,34.77165354330709,41.16535433070866,14.26771653543307,31.165354330708663,9.692913385826772,21.47244094488189,13.960629921259843,10.921259842519685,1.4553543307086605,8.740157480314961,22.787401574803148,38.73330708661417,20.58267716535433,39.37795275590551,52.83999999999998,14.26771653543307,19.31496062992126,74.19023622047244,1.5039370078740157,6.700787401574803,0.6957480314960628,1.795275590551181,18.165354330708663,0.10330708661417333,10.921259842519685,1.8425196850393701,88.95275590551181,89.49305555555556,35.75,45.25,17.368055555555557,32.77777777777778,8.42361111111111,24.354166666666668,15.194444444444445,12.159722222222221,1.4125694444444443,8.958333333333334,23.17361111111111,38.851597222222225,22.625,39.50694444444444,57.495694444444425,17.368055555555557,22.9375,75.92659722222221,1.8125,7.923611111111111,0.7147916666666667,1.7638888888888888,19.71527777777778,0.09097222222222226,12.159722222222221,1.625,100.85416666666667
