placar_casa,placar_visitante,data,round,stage,ano,equipe_casa,equipe_visitante,Pts_casa,3P_casa,2P_casa,LL_casa,RT_casa,RO_casa,RD_casa,AS_casa,ER_casa,IA%_casa,3PC_casa,3PT_casa,3P%_casa,2PC_casa,2PT_casa,2P%_casa,LLC_casa,LLT_casa,LL%_casa,EN_casa,BR_casa,B/E_casa,TO_casa,FC_casa,T/FC_casa,ET_casa,VI_casa,EF_casa,Pts_visitante,3P_visitante,2P_visitante,LL_visitante,RT_visitante,RO_visitante,RD_visitante,AS_visitante,ER_visitante,IA%_visitante,3PC_visitante,3PT_visitante,3P%_visitante,2PC_visitante,2PT_visitante,2P%_visitante,LLC_visitante,LLT_visitante,LL%_visitante,EN_visitante,BR_visitante,B/E_visitante,TO_visitante,FC_visitante,T/FC_visitante,ET_visitante,VI_visitante,EF_visitante
79,89,2024-03-27,10,2,2023-2024,Caxias do Sul Basquete,Sesi Franca,72.38753926701571,22.782722513089006,35.66502617801047,13.939947643979059,34.08884816753926,9.293193717277484,24.795654450261775,14.633664921465968,14.015706806282726,1.0988481675392672,7.594345549738223,24.259109947643978,31.413926701570663,17.832356020942406,36.560314136125655,48.87418848167538,13.939947643979059,19.712094240837697,70.49575916230361,1.1882722513089008,7.6519371727748675,0.5624607329842932,1.8272774869109953,21.162094240837693,0.09026178010471207,14.015706806282726,2.9712041884816753,75.40837696335079,83.13558521560572,29.46406570841889,41.08425051334699,15.808911704312113,34.72696098562628,9.301909650924026,25.42505133470226,16.441416837782338,13.139630390143736,1.3887268993839845,8.747351129363448,23.983552361396303,36.21147843942503,20.542032854209445,37.98973305954826,54.44026694045174,15.808911704312113,20.874784394250515,75.78158110882958,1.9999794661190968,7.525708418891171,0.6125667351129367,2.5626488706365507,19.95277207392197,0.13523613963039033,13.139630390143736,2.1417659137577005,94.26895277207394
