placar_casa,placar_visitante,data,round,stage,ano,equipe_casa,equipe_visitante,Pts_casa,3P_casa,2P_casa,LL_casa,RT_casa,RO_casa,RD_casa,AS_casa,ER_casa,IA%_casa,3PC_casa,3PT_casa,3P%_casa,2PC_casa,2PT_casa,2P%_casa,LLC_casa,LLT_casa,LL%_casa,EN_casa,BR_casa,B/E_casa,TO_casa,FC_casa,T/FC_casa,ET_casa,VI_casa,EF_casa,Pts_visitante,3P_visitante,2P_visitante,LL_visitante,RT_visitante,RO_visitante,RD_visitante,AS_visitante,ER_visitante,IA%_visitante,3PC_visitante,3PT_visitante,3P%_visitante,2PC_visitante,2PT_visitante,2P%_visitante,LLC_visitante,LLT_visitante,LL%_visitante,EN_visitante,BR_visitante,B/E_visitante,TO_visitante,FC_visitante,T/FC_visitante,ET_visitante,VI_visitante,EF_visitante
97,79,2011-12-08,7,1,2011-2012,Brasília,Araraquara,87.84057971014492,22.652173913043477,46.57971014492754,18.608695652173914,33.55072463768116,8.942028985507246,24.608695652173914,16.159420289855074,14.666666666666666,1.2420289855072462,7.550724637681159,22.47826086956522,33.75695652173914,23.28985507246377,39.18840579710145,59.49797101449276,18.608695652173914,24.246376811594203,76.79376811594203,1.9420289855072463,7.768115942028985,0.596376811594203,3.5072463768115942,21.492753623188406,0.17869565217391306,14.666666666666666,0.9710144927536232,98.04347826086956,77.66666666666667,24.842105263157894,38.73684210526316,14.087719298245615,28.842105263157894,7.526315789473684,21.31578947368421,15.12280701754386,15.12280701754386,1.0656140350877195,8.280701754385966,23.80701754385965,34.94701754385966,19.36842105263158,36.75438596491228,52.84824561403509,14.087719298245615,18.964912280701753,73.88649122807017,2.0,7.912280701754386,0.5542105263157897,3.0701754385964914,21.87719298245614,0.15140350877192982,15.12280701754386,1.2456140350877194,79.70175438596492
