placar_casa,placar_visitante,data,round,stage,ano,equipe_casa,equipe_visitante,Pts_casa,3P_casa,2P_casa,LL_casa,RT_casa,RO_casa,RD_casa,AS_casa,ER_casa,IA%_casa,3PC_casa,3PT_casa,3P%_casa,2PC_casa,2PT_casa,2P%_casa,LLC_casa,LLT_casa,LL%_casa,EN_casa,BR_casa,B/E_casa,TO_casa,FC_casa,T/FC_casa,ET_casa,VI_casa,EF_casa,Pts_visitante,3P_visitante,2P_visitante,LL_visitante,RT_visitante,RO_visitante,RD_visitante,AS_visitante,ER_visitante,IA%_visitante,3PC_visitante,3PT_visitante,3P%_visitante,2PC_visitante,2PT_visitante,2P%_visitante,LLC_visitante,LLT_visitante,LL%_visitante,EN_visitante,BR_visitante,B/E_visitante,TO_visitante,FC_visitante,T/FC_visitante,ET_visitante,VI_visitante,EF_visitante
96,69,2023-01-10,1,2,2022-2023,Coop/São José Basketball,Pato Basquete,79.91582524271847,28.16504854368932,40.2394498381877,14.977346278317151,33.56307443365696,9.475760517799353,24.087411003236248,17.155307443365697,13.89640776699029,1.3366019417475732,8.233042071197412,23.964368932038834,34.48317152103562,20.119773462783172,37.70546925566343,53.54944983818771,14.977346278317151,19.747605177993528,75.218640776699,0.896472491909385,7.1391909385113275,0.5432038834951455,2.1488996763754042,19.974142394822007,0.11533980582524272,13.89640776699029,2.1488996763754042,88.9126213592233,73.57798165137615,24.91743119266055,36.01844036697248,12.642385321100916,35.470642201834856,10.480091743119266,24.991100917431194,14.63302752293578,14.103944954128435,1.108440366972477,8.305688073394494,25.80412844036697,32.09238532110092,18.00908256880734,38.15302752293578,47.28660550458715,12.642385321100916,18.529174311926603,68.16633027522936,1.2478899082568808,7.501651376146788,0.5539449541284406,1.633211009174312,20.880550458715597,0.07972477064220183,14.103944954128435,3.061192660550459,75.1743119266055
