placar_casa,placar_visitante,data,round,stage,ano,equipe_casa,equipe_visitante,Pts_casa,3P_casa,2P_casa,LL_casa,RT_casa,RO_casa,RD_casa,AS_casa,ER_casa,IA%_casa,3PC_casa,3PT_casa,3P%_casa,2PC_casa,2PT_casa,2P%_casa,LLC_casa,LLT_casa,LL%_casa,EN_casa,BR_casa,B/E_casa,TO_casa,FC_casa,T/FC_casa,ET_casa,VI_casa,EF_casa,Pts_visitante,3P_visitante,2P_visitante,LL_visitante,RT_visitante,RO_visitante,RD_visitante,AS_visitante,ER_visitante,IA%_visitante,3PC_visitante,3PT_visitante,3P%_visitante,2PC_visitante,2PT_visitante,2P%_visitante,LLC_visitante,LLT_visitante,LL%_visitante,EN_visitante,BR_visitante,B/E_visitante,TO_visitante,FC_visitante,T/FC_visitante,ET_visitante,VI_visitante,EF_visitante
104,76,2020-01-29,3,2,2019-2020,Bauru Basket,Rio Claro,82.46113772455087,31.661676646706585,38.796407185628745,15.254550898203593,34.47904191616767,9.607844311377248,24.871287425149703,15.898143712574848,12.1975748502994,1.437155688622753,9.47002994011976,25.66763473053892,37.20553892215572,19.398203592814372,36.07787425149701,54.22844311377241,15.254550898203593,20.356287425149702,75.02092814371255,1.3713173652694615,7.649730538922157,0.6864371257485022,1.781437125748503,18.98200598802395,0.09703592814371252,12.1975748502994,2.1766766467065866,93.02395209580838,78.4824705882353,24.0,39.29435294117648,15.18811764705882,32.34105882352941,8.400117647058822,23.940941176470584,16.929294117647057,14.61188235294118,1.255647058823529,8.0,23.082470588235296,34.434588235294115,19.64682352941176,36.50564705882353,53.78352941176472,15.18811764705882,20.08258823529412,75.1118823529412,1.9294117647058824,9.258823529411766,0.6618823529411765,1.6941176470588235,21.741176470588236,0.08082352941176471,14.61188235294118,3.1294117647058823,87.25882352941177
