placar_casa,placar_visitante,data,round,stage,ano,equipe_casa,equipe_visitante,Pts_casa,3P_casa,2P_casa,LL_casa,RT_casa,RO_casa,RD_casa,AS_casa,ER_casa,IA%_casa,3PC_casa,3PT_casa,3P%_casa,2PC_casa,2PT_casa,2P%_casa,LLC_casa,LLT_casa,LL%_casa,EN_casa,BR_casa,B/E_casa,TO_casa,FC_casa,T/FC_casa,ET_casa,VI_casa,EF_casa,Pts_visitante,3P_visitante,2P_visitante,LL_visitante,RT_visitante,RO_visitante,RD_visitante,AS_visitante,ER_visitante,IA%_visitante,3PC_visitante,3PT_visitante,3P%_visitante,2PC_visitante,2PT_visitante,2P%_visitante,LLC_visitante,LLT_visitante,LL%_visitante,EN_visitante,BR_visitante,B/E_visitante,TO_visitante,FC_visitante,T/FC_visitante,ET_visitante,VI_visitante,EF_visitante
90,79,2014-02-25,9,2,2013-2014,Paulistano,Uberlândia,80.23529411764706,32.73529411764706,41.279411764705884,15.485294117647058,31.904411764705884,10.301470588235293,21.602941176470587,13.375,14.257352941176471,1.0382352941176474,7.823529411764706,22.360294117647058,35.515,20.639705882352942,39.55882352941177,52.33808823529411,15.485294117647058,22.11764705882353,69.28676470588238,1.5661764705882353,7.705882352941177,0.596029411764706,2.0661764705882355,22.102941176470587,0.09772058823529409,14.257352941176471,2.176470588235294,84.06617647058823,83.8804347826087,39.48913043478261,41.06521739130435,14.934782608695652,30.641304347826086,7.641304347826087,23.0,16.858695652173914,11.815217391304348,1.5945652173913045,9.293478260869565,22.83695652173913,40.66652173913043,20.532608695652176,37.358695652173914,55.25065217391307,14.934782608695652,18.804347826086957,79.75782608695653,3.0760869565217392,6.5,0.6013043478260872,2.5217391304347827,19.58695652173913,0.13576086956521746,11.815217391304348,2.489130434782609,97.51086956521739
