placar_casa,placar_visitante,data,round,stage,ano,equipe_casa,equipe_visitante,Pts_casa,3P_casa,2P_casa,LL_casa,RT_casa,RO_casa,RD_casa,AS_casa,ER_casa,IA%_casa,3PC_casa,3PT_casa,3P%_casa,2PC_casa,2PT_casa,2P%_casa,LLC_casa,LLT_casa,LL%_casa,EN_casa,BR_casa,B/E_casa,TO_casa,FC_casa,T/FC_casa,ET_casa,VI_casa,EF_casa,Pts_visitante,3P_visitante,2P_visitante,LL_visitante,RT_visitante,RO_visitante,RD_visitante,AS_visitante,ER_visitante,IA%_visitante,3PC_visitante,3PT_visitante,3P%_visitante,2PC_visitante,2PT_visitante,2P%_visitante,LLC_visitante,LLT_visitante,LL%_visitante,EN_visitante,BR_visitante,B/E_visitante,TO_visitante,FC_visitante,T/FC_visitante,ET_visitante,VI_visitante,EF_visitante
86,94,2024-02-15,5,2,2023-2024,Minas,São Paulo,80.88780320366136,27.528604118993137,41.24029748283752,14.92675057208238,35.63160183066362,10.080045766590388,25.551556064073228,16.883226544622424,13.906064073226542,1.306613272311213,8.24034324942792,23.3341876430206,35.11075514874143,20.62011441647597,38.473638443935926,53.74443935926775,14.92675057208238,20.125812356979402,73.97196796338659,1.7116247139588106,7.274691075514876,0.5539130434782599,2.320366132723112,20.691189931350117,0.11784897025171631,13.906064073226542,2.659016018306638,91.55837528604118,85.02952941176471,32.082352941176474,38.83511764705882,14.111529411764707,37.09423529411765,8.95870588235294,28.13517647058823,17.676470588235293,11.753058823529415,1.5911764705882365,10.694117647058821,29.505823529411764,36.034470588235294,19.417823529411766,34.18229411764706,56.891764705882366,14.111529411764707,18.640882352941176,75.72399999999999,1.8941176470588235,6.60594117647059,0.5842941176470583,2.3763529411764703,18.088294117647056,0.1398235294117646,11.753058823529415,1.8707058823529414,98.91770588235295
