placar_casa,placar_visitante,data,round,stage,ano,equipe_casa,equipe_visitante,Pts_casa,3P_casa,2P_casa,LL_casa,RT_casa,RO_casa,RD_casa,AS_casa,ER_casa,IA%_casa,3PC_casa,3PT_casa,3P%_casa,2PC_casa,2PT_casa,2P%_casa,LLC_casa,LLT_casa,LL%_casa,EN_casa,BR_casa,B/E_casa,TO_casa,FC_casa,T/FC_casa,ET_casa,VI_casa,EF_casa,Pts_visitante,3P_visitante,2P_visitante,LL_visitante,RT_visitante,RO_visitante,RD_visitante,AS_visitante,ER_visitante,IA%_visitante,3PC_visitante,3PT_visitante,3P%_visitante,2PC_visitante,2PT_visitante,2P%_visitante,LLC_visitante,LLT_visitante,LL%_visitante,EN_visitante,BR_visitante,B/E_visitante,TO_visitante,FC_visitante,T/FC_visitante,ET_visitante,VI_visitante,EF_visitante
77,71,2014-12-03,8,1,2014-2015,Limeira,Bauru Basket,81.65441176470588,32.75735294117647,39.0735294117647,15.404411764705882,29.227941176470587,7.6838235294117645,21.544117647058822,15.544117647058824,12.301470588235293,1.4111029411764702,9.058823529411764,23.191176470588236,39.38779411764705,19.53676470588235,36.779411764705884,53.226617647058845,15.404411764705882,20.044117647058822,76.73492647058826,1.5661764705882353,7.794117647058823,0.7088235294117644,2.301470588235294,21.485294117647058,0.11205882352941174,12.301470588235293,1.8308823529411764,90.44852941176471,81.95705521472392,33.1840490797546,40.52760736196319,14.9079754601227,32.04294478527607,9.94478527607362,22.098159509202453,14.36196319018405,11.159509202453988,1.453619631901839,8.840490797546012,23.171779141104295,38.51981595092025,20.263803680981596,38.717791411042946,52.906319018404886,14.9079754601227,19.84049079754601,75.34257668711659,1.6012269938650308,7.2392638036809815,0.7266257668711655,1.834355828220859,18.245398773006134,0.10447852760736201,11.159509202453988,1.8711656441717792,90.49079754601227
