placar_casa,placar_visitante,data,round,stage,ano,equipe_casa,equipe_visitante,Pts_casa,3P_casa,2P_casa,LL_casa,RT_casa,RO_casa,RD_casa,AS_casa,ER_casa,IA%_casa,3PC_casa,3PT_casa,3P%_casa,2PC_casa,2PT_casa,2P%_casa,LLC_casa,LLT_casa,LL%_casa,EN_casa,BR_casa,B/E_casa,TO_casa,FC_casa,T/FC_casa,ET_casa,VI_casa,EF_casa,Pts_visitante,3P_visitante,2P_visitante,LL_visitante,RT_visitante,RO_visitante,RD_visitante,AS_visitante,ER_visitante,IA%_visitante,3PC_visitante,3PT_visitante,3P%_visitante,2PC_visitante,2PT_visitante,2P%_visitante,LLC_visitante,LLT_visitante,LL%_visitante,EN_visitante,BR_visitante,B/E_visitante,TO_visitante,FC_visitante,T/FC_visitante,ET_visitante,VI_visitante,EF_visitante
93,53,2022-03-02,5,2,2021-2022,São Paulo,Caxias do Sul Basquete,87.07000000000001,33.52325581395349,39.41848837209302,14.127558139534887,38.60488372093024,9.465,29.139534883720923,18.27906976744186,11.697674418604652,1.650116279069767,11.174534883720929,30.185930232558142,36.94209302325582,19.70941860465116,34.63941860465116,56.95500000000001,14.127558139534887,18.66244186046512,75.7632558139535,2.4534883720930227,6.546511627906978,0.5787209302325579,2.837093023255814,16.709534883720927,0.17453488372093018,11.697674418604652,2.046627906976744,103.15127906976744,73.13801724137932,23.094827586206897,35.98293103448276,14.06051724137931,33.68956896551724,9.086293103448273,24.603275862068962,14.965689655172412,13.965517241379315,1.1259482758620687,7.698362068965519,23.646465517241378,32.55681034482758,17.99120689655172,36.57775862068966,49.28362068965519,14.06051724137931,19.870689655172413,70.7055172413793,1.284310344827586,7.88810344827586,0.5785344827586207,1.7585344827586207,21.74974137931034,0.08508620689655176,13.965517241379315,3.017327586206897,77.12931034482759
