placar_casa,placar_visitante,data,round,stage,ano,equipe_casa,equipe_visitante,Pts_casa,3P_casa,2P_casa,LL_casa,RT_casa,RO_casa,RD_casa,AS_casa,ER_casa,IA%_casa,3PC_casa,3PT_casa,3P%_casa,2PC_casa,2PT_casa,2P%_casa,LLC_casa,LLT_casa,LL%_casa,EN_casa,BR_casa,B/E_casa,TO_casa,FC_casa,T/FC_casa,ET_casa,VI_casa,EF_casa,Pts_visitante,3P_visitante,2P_visitante,LL_visitante,RT_visitante,RO_visitante,RD_visitante,AS_visitante,ER_visitante,IA%_visitante,3PC_visitante,3PT_visitante,3P%_visitante,2PC_visitante,2PT_visitante,2P%_visitante,LLC_visitante,LLT_visitante,LL%_visitante,EN_visitante,BR_visitante,B/E_visitante,TO_visitante,FC_visitante,T/FC_visitante,ET_visitante,VI_visitante,EF_visitante
93,67,2024-03-23,9,2,2023-2024,Sesi Franca,R10 Score Vasco da Gama,83.1262551440329,29.469135802469136,41.08098765432096,15.804403292181068,34.72296296296297,9.299794238683129,25.423189300411522,16.43753086419753,13.1440329218107,1.3881481481481492,8.746831275720163,23.9759670781893,36.21905349794237,20.540411522633743,37.992448559670784,54.4325720164609,15.804403292181068,20.87314814814815,75.76656378600823,1.9979218106995886,7.5309053497942395,0.6129012345679016,2.5603703703703706,19.951995884773662,0.13514403292181085,13.1440329218107,2.144794238683128,94.2516666666667,75.71602272727273,25.15909090909091,35.61352272727272,14.943068181818184,35.35215909090909,9.636363636363637,25.715795454545454,17.67034090909091,14.806931818181816,1.2538636363636368,8.386477272727273,24.727386363636366,33.81670454545457,17.80693181818182,35.40897727272727,50.70215909090911,14.943068181818184,19.988750000000003,75.03590909090907,1.0909090909090908,6.909204545454545,0.48193181818181824,1.647840909090909,20.806818181818183,0.08102272727272723,14.806931818181816,3.125,83.47727272727273
