placar_casa,placar_visitante,data,round,stage,ano,equipe_casa,equipe_visitante,Pts_casa,3P_casa,2P_casa,LL_casa,RT_casa,RO_casa,RD_casa,AS_casa,ER_casa,IA%_casa,3PC_casa,3PT_casa,3P%_casa,2PC_casa,2PT_casa,2P%_casa,LLC_casa,LLT_casa,LL%_casa,EN_casa,BR_casa,B/E_casa,TO_casa,FC_casa,T/FC_casa,ET_casa,VI_casa,EF_casa,Pts_visitante,3P_visitante,2P_visitante,LL_visitante,RT_visitante,RO_visitante,RD_visitante,AS_visitante,ER_visitante,IA%_visitante,3PC_visitante,3PT_visitante,3P%_visitante,2PC_visitante,2PT_visitante,2P%_visitante,LLC_visitante,LLT_visitante,LL%_visitante,EN_visitante,BR_visitante,B/E_visitante,TO_visitante,FC_visitante,T/FC_visitante,ET_visitante,VI_visitante,EF_visitante
106,82,2014-03-08,12,2,2013-2014,Sesi Franca,Espírito Santo,81.1554054054054,31.47972972972973,43.945945945945944,16.33108108108108,30.29054054054054,8.777027027027026,21.513513513513512,15.027027027027026,13.20945945945946,1.2914864864864861,6.95945945945946,19.5,35.61993243243243,21.972972972972972,41.91891891891892,52.63391891891893,16.33108108108108,21.966216216216218,74.07493243243245,1.7905405405405406,8.77027027027027,0.7262837837837837,2.7094594594594597,20.60810810810811,0.14209459459459461,13.20945945945946,1.8513513513513513,89.19594594594595,73.63709677419355,29.056451612903224,36.83870967741935,15.338709677419354,29.774193548387096,9.03225806451613,20.741935483870968,10.85483870967742,13.911290322580646,0.8941935483870964,7.153225806451613,22.274193548387096,31.926854838709687,18.419354838709676,37.29838709677419,49.63016129032258,15.338709677419354,21.483870967741936,71.91532258064515,1.2903225806451613,7.758064516129032,0.6175806451612902,1.6612903225806452,20.774193548387096,0.08193548387096777,13.911290322580646,2.620967741935484,71.99193548387096
