placar_casa,placar_visitante,data,round,stage,ano,equipe_casa,equipe_visitante,Pts_casa,3P_casa,2P_casa,LL_casa,RT_casa,RO_casa,RD_casa,AS_casa,ER_casa,IA%_casa,3PC_casa,3PT_casa,3P%_casa,2PC_casa,2PT_casa,2P%_casa,LLC_casa,LLT_casa,LL%_casa,EN_casa,BR_casa,B/E_casa,TO_casa,FC_casa,T/FC_casa,ET_casa,VI_casa,EF_casa,Pts_visitante,3P_visitante,2P_visitante,LL_visitante,RT_visitante,RO_visitante,RD_visitante,AS_visitante,ER_visitante,IA%_visitante,3PC_visitante,3PT_visitante,3P%_visitante,2PC_visitante,2PT_visitante,2P%_visitante,LLC_visitante,LLT_visitante,LL%_visitante,EN_visitante,BR_visitante,B/E_visitante,TO_visitante,FC_visitante,T/FC_visitante,ET_visitante,VI_visitante,EF_visitante
97,80,2014-11-20,6,1,2014-2015,Bauru Basket,L. Sorocabana,81.8641975308642,33.18518518518518,40.58024691358025,14.802469135802468,32.03703703703704,9.919753086419753,22.117283950617285,14.32716049382716,11.148148148148149,1.453086419753085,8.82716049382716,23.141975308641975,38.51506172839507,20.290123456790123,38.79012345679013,52.867098765432075,14.802469135802468,19.685185185185187,75.36870370370373,1.5987654320987654,7.209876543209877,0.725432098765432,1.8395061728395061,18.228395061728396,0.10481481481481486,11.148148148148149,1.8703703703703705,90.37654320987654,76.37234042553192,33.6063829787234,38.808510638297875,16.24468085106383,28.69148936170213,9.297872340425531,19.393617021276597,10.861702127659575,12.074468085106384,0.9610638297872339,7.1063829787234045,21.404255319148938,33.30308510638299,19.404255319148938,38.361702127659576,50.759680851063806,16.24468085106383,21.382978723404257,75.9481914893617,1.4148936170212767,8.680851063829786,0.7692553191489363,1.5212765957446808,21.03191489361702,0.07329787234042554,12.074468085106384,2.5531914893617023,78.92553191489361
