placar_casa,placar_visitante,data,round,stage,ano,equipe_casa,equipe_visitante,Pts_casa,3P_casa,2P_casa,LL_casa,RT_casa,RO_casa,RD_casa,AS_casa,ER_casa,IA%_casa,3PC_casa,3PT_casa,3P%_casa,2PC_casa,2PT_casa,2P%_casa,LLC_casa,LLT_casa,LL%_casa,EN_casa,BR_casa,B/E_casa,TO_casa,FC_casa,T/FC_casa,ET_casa,VI_casa,EF_casa,Pts_visitante,3P_visitante,2P_visitante,LL_visitante,RT_visitante,RO_visitante,RD_visitante,AS_visitante,ER_visitante,IA%_visitante,3PC_visitante,3PT_visitante,3P%_visitante,2PC_visitante,2PT_visitante,2P%_visitante,LLC_visitante,LLT_visitante,LL%_visitante,EN_visitante,BR_visitante,B/E_visitante,TO_visitante,FC_visitante,T/FC_visitante,ET_visitante,VI_visitante,EF_visitante
74,67,2024-03-20,9,2,2023-2024,São Paulo,Caxias do Sul Basquete,85.02901734104047,32.13294797687861,38.82063583815029,14.074913294797689,37.09838150289018,8.947861271676299,28.150173410404623,17.69364161849711,11.792023121387286,1.5867630057803481,10.710982658959535,29.508612716763004,36.0906358381503,19.410578034682082,34.179132947976875,56.87439306358382,14.074913294797689,18.566184971098266,75.89190751445085,1.8786127167630058,6.572312138728325,0.5799999999999994,2.3640462427745663,18.1850289017341,0.13861271676300566,11.792023121387286,1.8671676300578037,98.90179190751446,72.40751322751323,22.825396825396826,35.672063492063494,13.91021164021164,34.100370370370364,9.280423280423278,24.819947089947085,14.608624338624336,14.042328042328045,1.0947619047619048,7.608571428571431,24.259206349206348,31.463809523809505,17.835873015873013,36.54507936507937,48.90195767195766,13.91021164021164,19.693174603174604,70.41037037037032,1.1902645502645506,7.66148148148148,0.5621164021164021,1.841322751322752,21.18497354497354,0.09095238095238098,14.042328042328045,2.9894179894179893,75.43386243386243
