placar_casa,placar_visitante,data,round,stage,ano,equipe_casa,equipe_visitante,Pts_casa,3P_casa,2P_casa,LL_casa,RT_casa,RO_casa,RD_casa,AS_casa,ER_casa,IA%_casa,3PC_casa,3PT_casa,3P%_casa,2PC_casa,2PT_casa,2P%_casa,LLC_casa,LLT_casa,LL%_casa,EN_casa,BR_casa,B/E_casa,TO_casa,FC_casa,T/FC_casa,ET_casa,VI_casa,EF_casa,Pts_visitante,3P_visitante,2P_visitante,LL_visitante,RT_visitante,RO_visitante,RD_visitante,AS_visitante,ER_visitante,IA%_visitante,3PC_visitante,3PT_visitante,3P%_visitante,2PC_visitante,2PT_visitante,2P%_visitante,LLC_visitante,LLT_visitante,LL%_visitante,EN_visitante,BR_visitante,B/E_visitante,TO_visitante,FC_visitante,T/FC_visitante,ET_visitante,VI_visitante,EF_visitante
75,76,2024-01-09,1,2,2023-2024,Mogi,Pinheiros,80.2506865671642,29.31044776119403,38.83588059701493,15.57907462686567,36.644776119402984,10.904507462686567,25.740358208955225,16.835880597014928,14.149134328358207,1.2878805970149252,8.611970149253732,24.567164179104477,35.23450746268658,19.417850746268655,37.892567164179106,51.49376119402979,15.57907462686567,20.84785074626866,74.67850746268651,1.4803880597014916,7.9551940298507455,0.608477611940298,2.035910447761194,21.00883582089552,0.10089552238805966,14.149134328358207,2.641850746268656,90.66868656716416,82.03934210526323,28.217105263157894,40.01756578947367,15.278486842105263,35.45620614035088,10.35967105263158,25.0965350877193,16.109583333333333,13.611798245614034,1.2626754385964922,8.91440789473684,24.89907894736842,35.951995614035106,20.00875,38.51967105263159,52.29857456140356,15.278486842105263,20.81357456140351,73.19914473684211,1.8201315789473689,7.811381578947368,0.6060964912280697,2.427697368421052,19.802719298245616,0.12743421052631562,13.611798245614034,2.3553070175438586,91.04815789473689
