placar_casa,placar_visitante,data,round,stage,ano,equipe_casa,equipe_visitante,Pts_casa,3P_casa,2P_casa,LL_casa,RT_casa,RO_casa,RD_casa,AS_casa,ER_casa,IA%_casa,3PC_casa,3PT_casa,3P%_casa,2PC_casa,2PT_casa,2P%_casa,LLC_casa,LLT_casa,LL%_casa,EN_casa,BR_casa,B/E_casa,TO_casa,FC_casa,T/FC_casa,ET_casa,VI_casa,EF_casa,Pts_visitante,3P_visitante,2P_visitante,LL_visitante,RT_visitante,RO_visitante,RD_visitante,AS_visitante,ER_visitante,IA%_visitante,3PC_visitante,3PT_visitante,3P%_visitante,2PC_visitante,2PT_visitante,2P%_visitante,LLC_visitante,LLT_visitante,LL%_visitante,EN_visitante,BR_visitante,B/E_visitante,TO_visitante,FC_visitante,T/FC_visitante,ET_visitante,VI_visitante,EF_visitante
67,71,2016-12-01,8,1,2016-2017,Sesi Franca,R10 Score Vasco da Gama,79.39344262295081,28.020491803278688,42.0655737704918,15.737704918032787,31.631147540983605,9.200819672131148,22.43032786885246,14.676229508196721,13.90983606557377,1.1827868852459014,7.19672131147541,20.438524590163933,35.18512295081968,21.0327868852459,40.17213114754098,52.653483606557366,15.737704918032787,21.40573770491803,73.09430327868847,1.9139344262295082,8.852459016393443,0.6942213114754096,2.8114754098360657,20.762295081967213,0.14270491803278687,13.90983606557377,2.3852459016393444,86.9672131147541,74.42857142857143,26.142857142857142,34.0,14.285714285714286,32.0,8.857142857142858,23.142857142857142,16.285714285714285,13.714285714285714,1.2057142857142857,8.714285714285714,24.428571428571427,34.644285714285715,17.0,35.285714285714285,48.99571428571429,14.285714285714286,18.571428571428573,76.24285714285713,1.7142857142857142,6.857142857142857,0.51,1.0,17.428571428571427,0.06714285714285714,13.714285714285714,4.0,78.57142857142857
