placar_casa,placar_visitante,data,round,stage,ano,equipe_casa,equipe_visitante,Pts_casa,3P_casa,2P_casa,LL_casa,RT_casa,RO_casa,RD_casa,AS_casa,ER_casa,IA%_casa,3PC_casa,3PT_casa,3P%_casa,2PC_casa,2PT_casa,2P%_casa,LLC_casa,LLT_casa,LL%_casa,EN_casa,BR_casa,B/E_casa,TO_casa,FC_casa,T/FC_casa,ET_casa,VI_casa,EF_casa,Pts_visitante,3P_visitante,2P_visitante,LL_visitante,RT_visitante,RO_visitante,RD_visitante,AS_visitante,ER_visitante,IA%_visitante,3PC_visitante,3PT_visitante,3P%_visitante,2PC_visitante,2PT_visitante,2P%_visitante,LLC_visitante,LLT_visitante,LL%_visitante,EN_visitante,BR_visitante,B/E_visitante,TO_visitante,FC_visitante,T/FC_visitante,ET_visitante,VI_visitante,EF_visitante
94,85,2021-11-17,5,1,2021-2022,Fortaleza B. C. / CFO,Caxias do Sul Basquete,76.80471264367814,28.873563218390803,39.210689655172416,13.237586206896552,35.68574712643678,10.398582375478929,25.287509578544064,13.670459770114942,12.854291187739461,1.1680459770114946,8.1188122605364,24.999923371647508,32.721992337164735,19.605402298850574,39.18383141762452,50.10854406130265,13.237586206896552,18.643754789272034,70.87570881226051,1.3678544061302682,8.444444444444445,0.7153256704980843,2.4864750957854422,20.482758620689655,0.1249042145593869,12.854291187739461,2.632183908045977,83.1225287356322,73.17357142857144,23.020408163265305,35.59204081632654,14.561428571428571,33.79581632653061,9.336836734693875,24.45897959183673,14.704285714285712,14.1530612244898,1.0872448979591836,7.673571428571431,23.601938775510202,32.485,17.795714285714283,36.27571428571429,49.14479591836738,14.561428571428571,20.70408163265306,70.16663265306123,1.2855102040816326,8.06142857142857,0.5801020408163265,1.5203061224489798,22.101734693877546,0.0722448979591837,14.1530612244898,3.1123469387755107,76.55102040816327
