placar_casa,placar_visitante,data,round,stage,ano,equipe_casa,equipe_visitante,Pts_casa,3P_casa,2P_casa,LL_casa,RT_casa,RO_casa,RD_casa,AS_casa,ER_casa,IA%_casa,3PC_casa,3PT_casa,3P%_casa,2PC_casa,2PT_casa,2P%_casa,LLC_casa,LLT_casa,LL%_casa,EN_casa,BR_casa,B/E_casa,TO_casa,FC_casa,T/FC_casa,ET_casa,VI_casa,EF_casa,Pts_visitante,3P_visitante,2P_visitante,LL_visitante,RT_visitante,RO_visitante,RD_visitante,AS_visitante,ER_visitante,IA%_visitante,3PC_visitante,3PT_visitante,3P%_visitante,2PC_visitante,2PT_visitante,2P%_visitante,LLC_visitante,LLT_visitante,LL%_visitante,EN_visitante,BR_visitante,B/E_visitante,TO_visitante,FC_visitante,T/FC_visitante,ET_visitante,VI_visitante,EF_visitante
77,87,2021-04-30,2,4,2020-2021,Paulistano,Bauru Basket,80.59377840909089,30.204545454545453,39.017017045454544,14.951676136363636,35.98863636363637,11.429062500000002,24.55965909090909,14.977329545454547,13.551051136363634,1.2124147727272723,8.875028409090909,25.894914772727272,34.684488636363625,19.508551136363636,38.04835227272727,51.54795454545449,14.951676136363636,20.3778125,73.06735795454546,1.7756534090909084,7.718693181818181,0.6164204545454548,1.9062784090909088,21.326676136363634,0.0930965909090908,13.551051136363634,2.451676136363637,87.81252840909089,82.2653315649867,31.16976127320955,38.896498673740055,15.079628647214856,34.68692307692307,9.604907161803716,25.082334217506634,15.981405835543766,12.225517241379311,1.4349867374005294,9.429708222811671,25.732042440318303,36.892705570291824,19.448328912466845,36.177692307692304,54.21310344827583,15.079628647214856,20.23872679045093,74.55639257294429,1.3793899204244038,7.679071618037136,0.6830238726790447,1.7691777188328919,19.087480106100795,0.09567639257294419,12.225517241379311,2.1592307692307684,92.79037135278519
