placar_casa,placar_visitante,data,round,stage,ano,equipe_casa,equipe_visitante,Pts_casa,3P_casa,2P_casa,LL_casa,RT_casa,RO_casa,RD_casa,AS_casa,ER_casa,IA%_casa,3PC_casa,3PT_casa,3P%_casa,2PC_casa,2PT_casa,2P%_casa,LLC_casa,LLT_casa,LL%_casa,EN_casa,BR_casa,B/E_casa,TO_casa,FC_casa,T/FC_casa,ET_casa,VI_casa,EF_casa,Pts_visitante,3P_visitante,2P_visitante,LL_visitante,RT_visitante,RO_visitante,RD_visitante,AS_visitante,ER_visitante,IA%_visitante,3PC_visitante,3PT_visitante,3P%_visitante,2PC_visitante,2PT_visitante,2P%_visitante,LLC_visitante,LLT_visitante,LL%_visitante,EN_visitante,BR_visitante,B/E_visitante,TO_visitante,FC_visitante,T/FC_visitante,ET_visitante,VI_visitante,EF_visitante
75,81,2021-05-12,2,5,2020-2021,Paulistano,Flamengo,80.54369014084506,30.16056338028169,38.98025352112676,14.952084507042253,35.99718309859155,11.431070422535214,24.56619718309859,14.969070422535212,13.49850704225352,1.2225915492957742,8.870450704225354,25.90143661971831,34.657661971830976,19.490169014084508,38.064845070422535,51.4818873239436,14.952084507042253,20.37743661971831,73.07523943661973,1.7747323943661966,7.695718309859154,0.618760563380282,1.8986197183098588,21.321098591549294,0.09276056338028157,13.49850704225352,2.4394084507042257,87.7296056338028,87.5847519582246,32.146214099216714,42.32892950391645,16.446422976501303,36.46733681462141,9.999973890339424,26.467362924281986,17.605770234986945,12.305456919060052,1.5651436031331596,9.603107049608354,25.81462140992167,37.342271540469994,21.16454308093995,37.89556135770235,56.031958224543104,16.446422976501303,21.673681462140994,75.86274151436025,1.6291383812010456,8.13579634464752,0.7166579634464753,1.8643342036553512,19.29242819843342,0.10036553524804179,12.305456919060052,1.8615665796344654,102.12785900783294
