placar_casa,placar_visitante,data,round,stage,ano,equipe_casa,equipe_visitante,Pts_casa,3P_casa,2P_casa,LL_casa,RT_casa,RO_casa,RD_casa,AS_casa,ER_casa,IA%_casa,3PC_casa,3PT_casa,3P%_casa,2PC_casa,2PT_casa,2P%_casa,LLC_casa,LLT_casa,LL%_casa,EN_casa,BR_casa,B/E_casa,TO_casa,FC_casa,T/FC_casa,ET_casa,VI_casa,EF_casa,Pts_visitante,3P_visitante,2P_visitante,LL_visitante,RT_visitante,RO_visitante,RD_visitante,AS_visitante,ER_visitante,IA%_visitante,3PC_visitante,3PT_visitante,3P%_visitante,2PC_visitante,2PT_visitante,2P%_visitante,LLC_visitante,LLT_visitante,LL%_visitante,EN_visitante,BR_visitante,B/E_visitante,TO_visitante,FC_visitante,T/FC_visitante,ET_visitante,VI_visitante,EF_visitante
95,82,2022-03-11,6,2,2021-2022,Minas,BRB/Brasília,80.05446927374301,26.945530726256983,41.43293296089385,15.103296089385474,34.81709497206704,10.047430167597764,24.76958100558659,16.318379888268154,13.995726256983238,1.2541340782122916,7.839441340782124,22.54620111731844,34.68765363128491,20.716508379888268,39.02648044692737,53.220586592178755,15.103296089385474,20.44268156424581,73.62265363128479,1.5572625698324023,7.603379888268157,0.5768156424580997,2.3659217877094973,21.146703910614526,0.11759776536312863,13.995726256983238,2.5795251396648053,89.55589385474859,75.29653061224491,25.683673469387756,35.264897959183685,14.34673469387755,39.479387755102046,11.061020408163266,28.418367346938776,14.989591836734697,15.694081632653061,1.004897959183673,8.561020408163264,27.31591836734694,30.976938775510202,17.633061224489797,36.48020408163265,48.41795918367349,14.34673469387755,20.081224489795922,71.42918367346938,0.7957142857142856,5.744489795918367,0.37653061224489803,1.8975510204081631,18.877346938775514,0.10306122448979593,15.694081632653061,2.479591836734694,78.37755102040816
