placar_casa,placar_visitante,data,round,stage,ano,equipe_casa,equipe_visitante,Pts_casa,3P_casa,2P_casa,LL_casa,RT_casa,RO_casa,RD_casa,AS_casa,ER_casa,IA%_casa,3PC_casa,3PT_casa,3P%_casa,2PC_casa,2PT_casa,2P%_casa,LLC_casa,LLT_casa,LL%_casa,EN_casa,BR_casa,B/E_casa,TO_casa,FC_casa,T/FC_casa,ET_casa,VI_casa,EF_casa,Pts_visitante,3P_visitante,2P_visitante,LL_visitante,RT_visitante,RO_visitante,RD_visitante,AS_visitante,ER_visitante,IA%_visitante,3PC_visitante,3PT_visitante,3P%_visitante,2PC_visitante,2PT_visitante,2P%_visitante,LLC_visitante,LLT_visitante,LL%_visitante,EN_visitante,BR_visitante,B/E_visitante,TO_visitante,FC_visitante,T/FC_visitante,ET_visitante,VI_visitante,EF_visitante
60,93,2013-03-19,13,2,2012-2013,Mogi,Coop/São José Basketball,75.03448275862068,57.724137931034484,38.48275862068966,17.724137931034484,31.862068965517242,9.241379310344827,22.620689655172413,12.275862068965518,14.758620689655173,0.9744827586206894,6.275862068965517,18.724137931034484,33.81068965517242,19.24137931034483,41.37931034482759,46.99,17.724137931034484,23.96551724137931,73.5206896551724,0.41379310344827586,5.517241379310345,0.4182758620689656,1.2413793103448276,23.137931034482758,0.05758620689655173,14.758620689655173,2.9655172413793105,79.55172413793103,81.32710280373831,36.22429906542056,39.25233644859813,15.719626168224298,30.626168224299064,8.841121495327103,21.785046728971963,16.654205607476637,13.728971962616823,1.3226168224299064,8.785046728971963,24.91588785046729,35.298971962616825,19.626168224299064,35.64485981308411,55.24635514018692,15.719626168224298,20.77570093457944,75.33074766355138,0.9532710280373832,6.579439252336448,0.5088785046728971,2.2710280373831777,20.186915887850468,0.11682242990654208,13.728971962616823,1.3177570093457944,89.32710280373831
