placar_casa,placar_visitante,data,round,stage,ano,equipe_casa,equipe_visitante,Pts_casa,3P_casa,2P_casa,LL_casa,RT_casa,RO_casa,RD_casa,AS_casa,ER_casa,IA%_casa,3PC_casa,3PT_casa,3P%_casa,2PC_casa,2PT_casa,2P%_casa,LLC_casa,LLT_casa,LL%_casa,EN_casa,BR_casa,B/E_casa,TO_casa,FC_casa,T/FC_casa,ET_casa,VI_casa,EF_casa,Pts_visitante,3P_visitante,2P_visitante,LL_visitante,RT_visitante,RO_visitante,RD_visitante,AS_visitante,ER_visitante,IA%_visitante,3PC_visitante,3PT_visitante,3P%_visitante,2PC_visitante,2PT_visitante,2P%_visitante,LLC_visitante,LLT_visitante,LL%_visitante,EN_visitante,BR_visitante,B/E_visitante,TO_visitante,FC_visitante,T/FC_visitante,ET_visitante,VI_visitante,EF_visitante
90,91,2014-03-06,11,2,2013-2014,Mogi,Coop/São José Basketball,77.08333333333333,39.15,39.06666666666667,18.266666666666666,34.016666666666666,10.666666666666666,23.35,13.15,14.7,1.0101666666666667,6.583333333333333,19.2,34.67100000000001,19.533333333333335,40.86666666666667,48.060333333333325,18.266666666666666,24.716666666666665,73.43016666666668,0.6666666666666666,7.733333333333333,0.5700000000000001,1.3166666666666667,22.2,0.06316666666666665,14.7,2.783333333333333,82.78333333333333,81.13422818791946,32.919463087248324,39.46308724832215,15.939597315436242,31.691275167785236,9.14765100671141,22.543624161073826,16.40268456375839,13.825503355704697,1.2931543624161066,8.577181208053691,24.348993288590606,35.33758389261746,19.731543624161073,36.369127516778526,54.419731543624174,15.939597315436242,20.859060402684563,76.3395973154362,0.8389261744966443,6.845637583892618,0.5230872483221475,2.3557046979865772,19.13422818791946,0.13161073825503355,13.825503355704697,1.7516778523489933,89.34228187919463
