placar_casa,placar_visitante,data,round,stage,ano,equipe_casa,equipe_visitante,Pts_casa,3P_casa,2P_casa,LL_casa,RT_casa,RO_casa,RD_casa,AS_casa,ER_casa,IA%_casa,3PC_casa,3PT_casa,3P%_casa,2PC_casa,2PT_casa,2P%_casa,LLC_casa,LLT_casa,LL%_casa,EN_casa,BR_casa,B/E_casa,TO_casa,FC_casa,T/FC_casa,ET_casa,VI_casa,EF_casa,Pts_visitante,3P_visitante,2P_visitante,LL_visitante,RT_visitante,RO_visitante,RD_visitante,AS_visitante,ER_visitante,IA%_visitante,3PC_visitante,3PT_visitante,3P%_visitante,2PC_visitante,2PT_visitante,2P%_visitante,LLC_visitante,LLT_visitante,LL%_visitante,EN_visitante,BR_visitante,B/E_visitante,TO_visitante,FC_visitante,T/FC_visitante,ET_visitante,VI_visitante,EF_visitante
94,83,2015-01-06,14,1,2014-2015,Coop/São José Basketball,Sesi Franca,80.5163043478261,30.97826086956522,39.641304347826086,15.717391304347826,32.891304347826086,9.38586956521739,23.505434782608695,16.38586956521739,13.929347826086957,1.273749999999999,8.38586956521739,23.956521739130434,34.99652173913044,19.820652173913043,36.875,53.89967391304349,15.717391304347826,20.608695652173914,75.76309782608693,0.8206521739130435,7.092391304347826,0.5354347826086956,2.277173913043478,19.070652173913043,0.1271195652173913,13.929347826086957,1.940217391304348,89.3913043478261,80.74719101123596,29.89887640449438,43.752808988764045,15.910112359550562,31.191011235955056,9.179775280898877,22.01123595505618,14.735955056179776,13.359550561797754,1.2448876404494378,7.02808988764045,19.831460674157302,35.46061797752809,21.876404494382022,41.70786516853933,52.63146067415731,15.910112359550562,21.52247191011236,73.54241573033707,1.8595505617977528,8.932584269662922,0.7288202247191009,2.8202247191011236,20.56179775280899,0.14696629213483145,13.359550561797754,1.9719101123595506,88.96067415730337
