placar_casa,placar_visitante,data,round,stage,ano,equipe_casa,equipe_visitante,Pts_casa,3P_casa,2P_casa,LL_casa,RT_casa,RO_casa,RD_casa,AS_casa,ER_casa,IA%_casa,3PC_casa,3PT_casa,3P%_casa,2PC_casa,2PT_casa,2P%_casa,LLC_casa,LLT_casa,LL%_casa,EN_casa,BR_casa,B/E_casa,TO_casa,FC_casa,T/FC_casa,ET_casa,VI_casa,EF_casa,Pts_visitante,3P_visitante,2P_visitante,LL_visitante,RT_visitante,RO_visitante,RD_visitante,AS_visitante,ER_visitante,IA%_visitante,3PC_visitante,3PT_visitante,3P%_visitante,2PC_visitante,2PT_visitante,2P%_visitante,LLC_visitante,LLT_visitante,LL%_visitante,EN_visitante,BR_visitante,B/E_visitante,TO_visitante,FC_visitante,T/FC_visitante,ET_visitante,VI_visitante,EF_visitante
89,83,2013-03-23,14,2,2012-2013,Palmeiras,Bauru Basket,77.96551724137932,55.55172413793103,38.758620689655174,16.551724137931036,29.96551724137931,9.793103448275861,20.17241379310345,11.89655172413793,13.137931034482758,1.0713793103448277,7.551724137931035,22.862068965517242,33.0651724137931,19.379310344827587,40.58620689655172,47.94310344827586,16.551724137931036,24.20689655172414,67.9251724137931,1.8620689655172413,8.068965517241379,0.7062068965517242,1.5862068965517242,22.344827586206897,0.07068965517241382,13.137931034482758,2.9310344827586206,82.20689655172414,82.4766355140187,36.5607476635514,41.60747663551402,14.457943925233645,31.046728971962615,9.897196261682243,21.149532710280372,13.850467289719626,10.728971962616823,1.463457943925233,8.80373831775701,22.85981308411215,38.86074766355141,20.80373831775701,39.83177570093458,52.690467289719614,14.457943925233645,19.46728971962617,74.6548598130841,1.5327102803738317,6.654205607476635,0.7046728971962615,1.8691588785046729,18.102803738317757,0.10691588785046735,10.728971962616823,1.8130841121495327,90.02803738317758
