placar_casa,placar_visitante,data,round,stage,ano,equipe_casa,equipe_visitante,Pts_casa,3P_casa,2P_casa,LL_casa,RT_casa,RO_casa,RD_casa,AS_casa,ER_casa,IA%_casa,3PC_casa,3PT_casa,3P%_casa,2PC_casa,2PT_casa,2P%_casa,LLC_casa,LLT_casa,LL%_casa,EN_casa,BR_casa,B/E_casa,TO_casa,FC_casa,T/FC_casa,ET_casa,VI_casa,EF_casa,Pts_visitante,3P_visitante,2P_visitante,LL_visitante,RT_visitante,RO_visitante,RD_visitante,AS_visitante,ER_visitante,IA%_visitante,3PC_visitante,3PT_visitante,3P%_visitante,2PC_visitante,2PT_visitante,2P%_visitante,LLC_visitante,LLT_visitante,LL%_visitante,EN_visitante,BR_visitante,B/E_visitante,TO_visitante,FC_visitante,T/FC_visitante,ET_visitante,VI_visitante,EF_visitante
78,88,2023-02-01,2,2,2022-2023,BRB/Brasília,Caxias do Sul Basquete,76.7731168831169,26.98051948051948,36.077662337662346,13.714155844155844,38.75311688311689,10.642727272727273,28.11038961038961,15.382987012987016,15.01961038961039,1.0806493506493506,8.993376623376623,27.90233766233766,32.03259740259739,18.03922077922078,36.36402597402597,49.62805194805195,13.714155844155844,19.532207792207792,70.33480519480523,1.0972727272727272,5.623116883116883,0.3916883116883118,1.662077922077922,19.019350649350653,0.08948051948051945,15.01961038961039,2.5194805194805197,80.12337662337663,72.57645833333333,23.17013888888889,35.70847222222223,13.698055555555555,33.92583333333333,9.02784722222222,24.89798611111111,14.51520833333333,13.819444444444448,1.1023611111111111,7.723472222222224,24.086736111111108,32.104236111111106,17.854027777777773,36.42493055555556,49.06520833333334,13.698055555555555,19.390069444444446,70.46680555555552,1.1410416666666667,7.742013888888887,0.57375,1.7858333333333336,21.228958333333328,0.08881944444444449,13.819444444444448,2.895902777777778,76.0995138888889
