placar_casa,placar_visitante,data,round,stage,ano,equipe_casa,equipe_visitante,Pts_casa,3P_casa,2P_casa,LL_casa,RT_casa,RO_casa,RD_casa,AS_casa,ER_casa,IA%_casa,3PC_casa,3PT_casa,3P%_casa,2PC_casa,2PT_casa,2P%_casa,LLC_casa,LLT_casa,LL%_casa,EN_casa,BR_casa,B/E_casa,TO_casa,FC_casa,T/FC_casa,ET_casa,VI_casa,EF_casa,Pts_visitante,3P_visitante,2P_visitante,LL_visitante,RT_visitante,RO_visitante,RD_visitante,AS_visitante,ER_visitante,IA%_visitante,3PC_visitante,3PT_visitante,3P%_visitante,2PC_visitante,2PT_visitante,2P%_visitante,LLC_visitante,LLT_visitante,LL%_visitante,EN_visitante,BR_visitante,B/E_visitante,TO_visitante,FC_visitante,T/FC_visitante,ET_visitante,VI_visitante,EF_visitante
102,76,2013-04-16,16,2,2012-2013,Brasília,Espírito Santo,87.848,32.112,44.336,18.168,33.088,8.984,24.104,16.08,13.816,1.3128,8.448,23.84,35.34743999999999,22.168,38.088,58.28592000000002,18.168,23.208,78.44991999999998,1.56,7.608,0.6175200000000003,3.28,21.992,0.16128,13.816,1.68,100.544,74.1980198019802,30.683168316831683,37.16831683168317,15.673267326732674,29.633663366336634,8.970297029702971,20.663366336633665,10.821782178217822,14.07920792079208,0.8764356435643561,7.118811881188119,21.92079207920792,32.24564356435644,18.584158415841586,37.613861386138616,49.65980198019803,15.673267326732674,22.168316831683168,71.12683168316829,1.306930693069307,7.702970297029703,0.6022772277227721,1.7524752475247525,20.792079207920793,0.08702970297029704,14.07920792079208,2.5544554455445545,72.60396039603961
