placar_casa,placar_visitante,data,round,stage,ano,equipe_casa,equipe_visitante,Pts_casa,3P_casa,2P_casa,LL_casa,RT_casa,RO_casa,RD_casa,AS_casa,ER_casa,IA%_casa,3PC_casa,3PT_casa,3P%_casa,2PC_casa,2PT_casa,2P%_casa,LLC_casa,LLT_casa,LL%_casa,EN_casa,BR_casa,B/E_casa,TO_casa,FC_casa,T/FC_casa,ET_casa,VI_casa,EF_casa,Pts_visitante,3P_visitante,2P_visitante,LL_visitante,RT_visitante,RO_visitante,RD_visitante,AS_visitante,ER_visitante,IA%_visitante,3PC_visitante,3PT_visitante,3P%_visitante,2PC_visitante,2PT_visitante,2P%_visitante,LLC_visitante,LLT_visitante,LL%_visitante,EN_visitante,BR_visitante,B/E_visitante,TO_visitante,FC_visitante,T/FC_visitante,ET_visitante,VI_visitante,EF_visitante
88,71,2014-05-13,1,5,2013-2014,Paulistano,Coop/São José Basketball,80.50666666666666,32.24,40.89333333333333,15.773333333333333,32.12,10.24,21.88,13.326666666666666,14.213333333333333,1.0352,7.946666666666666,22.586666666666666,35.63826666666666,20.446666666666665,39.24666666666667,52.24566666666666,15.773333333333333,22.153333333333332,70.44720000000002,1.52,7.94,0.6122000000000001,1.9666666666666666,22.026666666666667,0.09306666666666663,14.213333333333333,2.2133333333333334,84.66,81.00602409638554,32.07831325301205,39.44578313253012,15.933734939759036,32.51204819277108,9.349397590361447,23.162650602409638,16.433734939759034,13.891566265060241,1.2825903614457825,8.542168674698795,24.349397590361445,35.179518072289156,19.72289156626506,36.626506024096386,54.00162650602411,15.933734939759036,20.795180722891565,76.26759036144576,0.8192771084337349,7.024096385542169,0.5318072289156625,2.36144578313253,19.072289156626507,0.1319879518072289,13.891566265060241,1.8493975903614457,89.7289156626506
