placar_casa,placar_visitante,data,round,stage,ano,equipe_casa,equipe_visitante,Pts_casa,3P_casa,2P_casa,LL_casa,RT_casa,RO_casa,RD_casa,AS_casa,ER_casa,IA%_casa,3PC_casa,3PT_casa,3P%_casa,2PC_casa,2PT_casa,2P%_casa,LLC_casa,LLT_casa,LL%_casa,EN_casa,BR_casa,B/E_casa,TO_casa,FC_casa,T/FC_casa,ET_casa,VI_casa,EF_casa,Pts_visitante,3P_visitante,2P_visitante,LL_visitante,RT_visitante,RO_visitante,RD_visitante,AS_visitante,ER_visitante,IA%_visitante,3PC_visitante,3PT_visitante,3P%_visitante,2PC_visitante,2PT_visitante,2P%_visitante,LLC_visitante,LLT_visitante,LL%_visitante,EN_visitante,BR_visitante,B/E_visitante,TO_visitante,FC_visitante,T/FC_visitante,ET_visitante,VI_visitante,EF_visitante
84,80,2014-01-07,14,1,2013-2014,Fortaleza B. C. / CFO,Bauru Basket,79.05882352941177,43.94117647058823,44.35294117647059,13.882352941176471,30.980392156862745,9.098039215686274,21.88235294117647,13.803921568627452,11.294117647058824,1.4601960784313728,6.9411764705882355,20.784313725490197,33.71882352941176,22.176470588235293,42.509803921568626,52.45450980392158,13.882352941176471,18.686274509803923,73.58333333333333,1.4313725490196079,8.215686274509803,0.865098039215686,2.3333333333333335,20.92156862745098,0.11607843137254903,11.294117647058824,2.7450980392156863,88.19607843137256,81.68992248062015,34.76744186046512,40.97674418604651,14.364341085271318,31.186046511627907,9.666666666666666,21.51937984496124,14.015503875968992,10.945736434108527,1.4627131782945726,8.782945736434108,22.875968992248062,38.78620155038759,20.488372093023255,39.24031007751938,52.75674418604649,14.364341085271318,19.41860465116279,74.24387596899226,1.5348837209302326,6.8062015503875966,0.7046511627906974,1.813953488372093,18.17829457364341,0.10434108527131793,10.945736434108527,1.8372093023255813,89.11627906976744
