placar_casa,placar_visitante,data,round,stage,ano,equipe_casa,equipe_visitante,Pts_casa,3P_casa,2P_casa,LL_casa,RT_casa,RO_casa,RD_casa,AS_casa,ER_casa,IA%_casa,3PC_casa,3PT_casa,3P%_casa,2PC_casa,2PT_casa,2P%_casa,LLC_casa,LLT_casa,LL%_casa,EN_casa,BR_casa,B/E_casa,TO_casa,FC_casa,T/FC_casa,ET_casa,VI_casa,EF_casa,Pts_visitante,3P_visitante,2P_visitante,LL_visitante,RT_visitante,RO_visitante,RD_visitante,AS_visitante,ER_visitante,IA%_visitante,3PC_visitante,3PT_visitante,3P%_visitante,2PC_visitante,2PT_visitante,2P%_visitante,LLC_visitante,LLT_visitante,LL%_visitante,EN_visitante,BR_visitante,B/E_visitante,TO_visitante,FC_visitante,T/FC_visitante,ET_visitante,VI_visitante,EF_visitante
89,81,2021-12-09,7,1,2021-2022,Bauru Basket,Caxias do Sul Basquete,82.13796391752574,31.024484536082475,38.909742268041235,15.002628865979382,34.78213917525773,9.57744845360825,25.205000000000002,16.02832474226804,12.217835051546393,1.4386855670103074,9.408505154639176,25.82082474226804,36.69585051546396,19.45494845360825,36.08631443298969,54.37090206185565,15.002628865979382,20.103092783505154,74.74564432989688,1.364768041237114,7.626314432989691,0.6779123711340204,1.7898969072164954,19.05664948453608,0.09701030927835044,12.217835051546393,2.152139175257731,92.80404639175262,73.28441176470588,23.13235294117647,35.686470588235295,14.465882352941176,33.808725490196075,9.299117647058821,24.50960784313725,14.755098039215683,14.009803921568633,1.1059803921568627,7.710882352941178,23.7106862745098,32.5806862745098,17.842941176470585,36.3286274509804,49.197352941176504,14.465882352941176,20.475490196078432,70.58960784313726,1.289019607843137,8.083529411764703,0.591764705882353,1.5489215686274511,22.02911764705882,0.073921568627451,14.009803921568633,3.0932352941176475,76.97549019607843
