placar_casa,placar_visitante,data,round,stage,ano,equipe_casa,equipe_visitante,Pts_casa,3P_casa,2P_casa,LL_casa,RT_casa,RO_casa,RD_casa,AS_casa,ER_casa,IA%_casa,3PC_casa,3PT_casa,3P%_casa,2PC_casa,2PT_casa,2P%_casa,LLC_casa,LLT_casa,LL%_casa,EN_casa,BR_casa,B/E_casa,TO_casa,FC_casa,T/FC_casa,ET_casa,VI_casa,EF_casa,Pts_visitante,3P_visitante,2P_visitante,LL_visitante,RT_visitante,RO_visitante,RD_visitante,AS_visitante,ER_visitante,IA%_visitante,3PC_visitante,3PT_visitante,3P%_visitante,2PC_visitante,2PT_visitante,2P%_visitante,LLC_visitante,LLT_visitante,LL%_visitante,EN_visitante,BR_visitante,B/E_visitante,TO_visitante,FC_visitante,T/FC_visitante,ET_visitante,VI_visitante,EF_visitante
82,64,2018-11-14,5,1,2018-2019,Brasília,Botafogo,85.74021352313167,30.234875444839858,42.263345195729535,16.252669039145907,34.40213523131673,9.313167259786477,25.08896797153025,17.07473309608541,13.526690391459075,1.4235943060498224,9.07473309608541,24.82918149466192,36.449537366548036,21.131672597864767,37.95017793594306,55.933665480427074,16.252669039145907,20.790035587188612,78.2039501779359,1.7117437722419928,7.7188612099644125,0.6330604982206403,2.97864768683274,21.679715302491104,0.1469039145907473,13.526690391459075,2.0533807829181496,98.52669039145907,75.83333333333333,24.0,41.333333333333336,10.5,38.333333333333336,10.833333333333334,27.5,17.666666666666668,14.5,1.3416666666666668,8.0,22.333333333333332,35.54333333333333,20.666666666666668,40.333333333333336,51.935,10.5,14.333333333333334,71.53666666666668,2.3333333333333335,7.0,0.4766666666666666,2.5,21.833333333333332,0.11666666666666668,14.5,2.8333333333333335,88.66666666666667
