placar_casa,placar_visitante,data,round,stage,ano,equipe_casa,equipe_visitante,Pts_casa,3P_casa,2P_casa,LL_casa,RT_casa,RO_casa,RD_casa,AS_casa,ER_casa,IA%_casa,3PC_casa,3PT_casa,3P%_casa,2PC_casa,2PT_casa,2P%_casa,LLC_casa,LLT_casa,LL%_casa,EN_casa,BR_casa,B/E_casa,TO_casa,FC_casa,T/FC_casa,ET_casa,VI_casa,EF_casa,Pts_visitante,3P_visitante,2P_visitante,LL_visitante,RT_visitante,RO_visitante,RD_visitante,AS_visitante,ER_visitante,IA%_visitante,3PC_visitante,3PT_visitante,3P%_visitante,2PC_visitante,2PT_visitante,2P%_visitante,LLC_visitante,LLT_visitante,LL%_visitante,EN_visitante,BR_visitante,B/E_visitante,TO_visitante,FC_visitante,T/FC_visitante,ET_visitante,VI_visitante,EF_visitante
85,94,2013-02-21,7,2,2012-2013,Bauru Basket,L. Sorocabana,82.05940594059406,34.87128712871287,41.12871287128713,14.584158415841584,31.03960396039604,9.950495049504951,21.08910891089109,13.772277227722773,10.782178217821782,1.4554455445544552,8.782178217821782,22.84158415841584,38.74247524752475,20.564356435643564,39.68316831683168,52.324257425742566,14.584158415841584,19.623762376237625,74.8048514851485,1.495049504950495,6.6138613861386135,0.7018811881188117,1.9207920792079207,18.128712871287128,0.11009900990099018,10.782178217821782,1.811881188118812,89.21782178217822,75.69767441860465,43.81395348837209,38.651162790697676,16.6046511627907,28.53488372093023,9.279069767441861,19.25581395348837,10.209302325581396,12.232558139534884,0.9125581395348836,6.813953488372093,21.86046511627907,31.473953488372096,19.325581395348838,38.325581395348834,50.29581395348837,16.6046511627907,22.046511627906977,75.43186046511629,1.4186046511627908,7.813953488372093,0.6869767441860464,1.3255813953488371,19.488372093023255,0.06999999999999999,12.232558139534884,2.5348837209302326,78.27906976744185
