placar_casa,placar_visitante,data,round,stage,ano,equipe_casa,equipe_visitante,Pts_casa,3P_casa,2P_casa,LL_casa,RT_casa,RO_casa,RD_casa,AS_casa,ER_casa,IA%_casa,3PC_casa,3PT_casa,3P%_casa,2PC_casa,2PT_casa,2P%_casa,LLC_casa,LLT_casa,LL%_casa,EN_casa,BR_casa,B/E_casa,TO_casa,FC_casa,T/FC_casa,ET_casa,VI_casa,EF_casa,Pts_visitante,3P_visitante,2P_visitante,LL_visitante,RT_visitante,RO_visitante,RD_visitante,AS_visitante,ER_visitante,IA%_visitante,3PC_visitante,3PT_visitante,3P%_visitante,2PC_visitante,2PT_visitante,2P%_visitante,LLC_visitante,LLT_visitante,LL%_visitante,EN_visitante,BR_visitante,B/E_visitante,TO_visitante,FC_visitante,T/FC_visitante,ET_visitante,VI_visitante,EF_visitante
93,81,2015-04-16,4,3,2014-2015,Brasília,Pinheiros,86.64321608040201,31.55276381909548,42.49246231155779,16.849246231155778,33.969849246231156,8.85427135678392,25.115577889447238,16.321608040201006,13.190954773869347,1.4003015075376888,9.100502512562814,25.060301507537687,36.205628140703524,21.246231155778894,37.447236180904525,57.00597989949753,16.849246231155778,21.35678391959799,78.8570351758794,1.7135678391959799,7.663316582914573,0.6526633165829144,3.2311557788944723,21.497487437185928,0.16135678391959796,13.190954773869347,1.814070351758794,99.73366834170854,84.99484536082474,32.05670103092783,40.2680412371134,16.1340206185567,31.335051546391753,8.5,22.835051546391753,15.623711340206185,12.974226804123711,1.2980927835051546,9.530927835051546,24.855670103092784,38.50556701030927,20.1340206185567,36.61340206185567,55.34597938144333,16.1340206185567,21.5,74.75402061855665,2.216494845360825,7.943298969072165,0.646701030927835,2.551546391752577,19.824742268041238,0.13484536082474216,12.974226804123711,2.0876288659793816,94.31958762886597
