placar_casa,placar_visitante,data,round,stage,ano,equipe_casa,equipe_visitante,Pts_casa,3P_casa,2P_casa,LL_casa,RT_casa,RO_casa,RD_casa,AS_casa,ER_casa,IA%_casa,3PC_casa,3PT_casa,3P%_casa,2PC_casa,2PT_casa,2P%_casa,LLC_casa,LLT_casa,LL%_casa,EN_casa,BR_casa,B/E_casa,TO_casa,FC_casa,T/FC_casa,ET_casa,VI_casa,EF_casa,Pts_visitante,3P_visitante,2P_visitante,LL_visitante,RT_visitante,RO_visitante,RD_visitante,AS_visitante,ER_visitante,IA%_visitante,3PC_visitante,3PT_visitante,3P%_visitante,2PC_visitante,2PT_visitante,2P%_visitante,LLC_visitante,LLT_visitante,LL%_visitante,EN_visitante,BR_visitante,B/E_visitante,TO_visitante,FC_visitante,T/FC_visitante,ET_visitante,VI_visitante,EF_visitante
91,65,2019-04-20,3,4,2018-2019,Flamengo,Corinthians,87.75310126582282,31.45253164556962,43.63284810126582,16.712025316455698,35.63284810126582,9.667784810126584,25.965253164556962,17.123417721518987,12.449367088607595,1.5177215189873414,9.136075949367088,24.39243670886076,37.62,21.816518987341773,38.87022151898734,56.34636075949366,16.712025316455698,21.90506329113924,76.22268987341772,1.7056962025316456,8.341740506329113,0.7346835443037975,1.8703164556962018,19.64876582278481,0.09857594936708858,12.449367088607595,1.8606962025316462,101.91772151898734,79.51612903225806,21.580645161290324,40.8383870967742,17.09709677419355,36.12903225806452,10.290000000000001,25.839032258064517,17.031935483870967,14.193225806451613,1.2761290322580645,7.193870967741935,21.99967741935484,32.83290322580645,20.419677419354837,40.80612903225807,50.542580645161294,17.09709677419355,21.741612903225807,78.99580645161288,2.129032258064516,7.612903225806452,0.5570967741935485,2.0970967741935485,23.226129032258065,0.09258064516129035,14.193225806451613,1.903225806451613,88.2583870967742
