placar_casa,placar_visitante,data,round,stage,ano,equipe_casa,equipe_visitante,Pts_casa,3P_casa,2P_casa,LL_casa,RT_casa,RO_casa,RD_casa,AS_casa,ER_casa,IA%_casa,3PC_casa,3PT_casa,3P%_casa,2PC_casa,2PT_casa,2P%_casa,LLC_casa,LLT_casa,LL%_casa,EN_casa,BR_casa,B/E_casa,TO_casa,FC_casa,T/FC_casa,ET_casa,VI_casa,EF_casa,Pts_visitante,3P_visitante,2P_visitante,LL_visitante,RT_visitante,RO_visitante,RD_visitante,AS_visitante,ER_visitante,IA%_visitante,3PC_visitante,3PT_visitante,3P%_visitante,2PC_visitante,2PT_visitante,2P%_visitante,LLC_visitante,LLT_visitante,LL%_visitante,EN_visitante,BR_visitante,B/E_visitante,TO_visitante,FC_visitante,T/FC_visitante,ET_visitante,VI_visitante,EF_visitante
76,67,2015-05-14,3,5,2014-2015,Flamengo,Limeira,88.82938388625593,34.00947867298578,43.8957345971564,16.981042654028435,33.867298578199055,9.04739336492891,24.819905213270143,15.966824644549764,12.104265402843602,1.489857819905213,9.317535545023697,24.080568720379148,38.859905213270146,21.9478672985782,38.60663507109005,57.06962085308054,16.981042654028435,22.379146919431278,75.97431279620851,1.919431279620853,8.383886255924171,0.7647393364928912,1.7251184834123223,19.578199052132703,0.09094786729857822,12.104265402843602,1.6540284360189574,101.57345971563981,81.89156626506023,31.734939759036145,39.493975903614455,15.234939759036145,29.52409638554217,7.873493975903615,21.650602409638555,15.927710843373495,12.295180722891565,1.4354819277108428,9.05421686746988,22.987951807228917,39.754096385542155,19.746987951807228,36.96987951807229,53.44656626506027,15.234939759036145,19.650602409638555,77.39114457831326,1.7289156626506024,8.156626506024097,0.7305421686746986,2.3493975903614457,21.301204819277107,0.11536144578313252,12.295180722891565,1.963855421686747,91.81927710843374
