placar_casa,placar_visitante,data,round,stage,ano,equipe_casa,equipe_visitante,Pts_casa,3P_casa,2P_casa,LL_casa,RT_casa,RO_casa,RD_casa,AS_casa,ER_casa,IA%_casa,3PC_casa,3PT_casa,3P%_casa,2PC_casa,2PT_casa,2P%_casa,LLC_casa,LLT_casa,LL%_casa,EN_casa,BR_casa,B/E_casa,TO_casa,FC_casa,T/FC_casa,ET_casa,VI_casa,EF_casa,Pts_visitante,3P_visitante,2P_visitante,LL_visitante,RT_visitante,RO_visitante,RD_visitante,AS_visitante,ER_visitante,IA%_visitante,3PC_visitante,3PT_visitante,3P%_visitante,2PC_visitante,2PT_visitante,2P%_visitante,LLC_visitante,LLT_visitante,LL%_visitante,EN_visitante,BR_visitante,B/E_visitante,TO_visitante,FC_visitante,T/FC_visitante,ET_visitante,VI_visitante,EF_visitante
92,78,2020-01-24,2,2,2019-2020,Rio Claro,Coop/São José Basketball,78.40488095238095,23.976190476190474,39.30178571428572,15.12690476190476,32.2975,8.373095238095237,23.924404761904757,16.940357142857142,14.607261904761907,1.2578571428571426,7.99202380952381,23.027857142857144,34.47154761904761,19.650595238095235,36.519642857142856,53.77238095238096,15.12690476190476,20.00416666666667,75.09833333333336,1.924642857142857,9.317499999999999,0.6663095238095239,1.706309523809524,21.702380952380953,0.08142857142857143,14.607261904761907,3.119047619047619,87.27773809523809,79.61088028169016,28.198943661971832,39.98588028169014,15.19718309859155,33.38904929577465,9.417288732394367,23.9718661971831,16.83975352112676,14.024612676056337,1.295598591549296,8.142640845070423,23.709471830985915,34.46531690140847,19.99299295774648,37.58095070422535,53.39528169014085,15.19718309859155,20.00355633802817,75.40809859154923,0.8697535211267604,7.2060211267605645,0.5419014084507038,2.1567253521126757,20.031725352112677,0.11549295774647884,14.024612676056337,2.1620070422535207,88.27816901408451
