placar_casa,placar_visitante,data,round,stage,ano,equipe_casa,equipe_visitante,Pts_casa,3P_casa,2P_casa,LL_casa,RT_casa,RO_casa,RD_casa,AS_casa,ER_casa,IA%_casa,3PC_casa,3PT_casa,3P%_casa,2PC_casa,2PT_casa,2P%_casa,LLC_casa,LLT_casa,LL%_casa,EN_casa,BR_casa,B/E_casa,TO_casa,FC_casa,T/FC_casa,ET_casa,VI_casa,EF_casa,Pts_visitante,3P_visitante,2P_visitante,LL_visitante,RT_visitante,RO_visitante,RD_visitante,AS_visitante,ER_visitante,IA%_visitante,3PC_visitante,3PT_visitante,3P%_visitante,2PC_visitante,2PT_visitante,2P%_visitante,LLC_visitante,LLT_visitante,LL%_visitante,EN_visitante,BR_visitante,B/E_visitante,TO_visitante,FC_visitante,T/FC_visitante,ET_visitante,VI_visitante,EF_visitante
90,79,2016-01-12,1,2,2015-2016,Brasília,Caxias do Sul Basquete,86.64953271028037,31.19158878504673,42.60747663551402,16.80373831775701,34.11214953271028,9.05607476635514,25.05607476635514,16.44392523364486,13.345794392523365,1.393224299065421,9.07943925233645,24.864485981308412,36.45313084112151,21.30373831775701,37.71495327102804,56.78219626168228,16.80373831775701,21.242990654205606,79.1568691588785,1.7289719626168225,7.710280373831775,0.6486915887850464,3.2149532710280373,21.61682242990654,0.15911214953271027,13.345794392523365,1.8691588785046729,99.78971962616822,65.92857142857143,19.928571428571427,31.142857142857142,14.857142857142858,32.57142857142857,8.857142857142858,23.714285714285715,12.428571428571429,15.357142857142858,0.8921428571428575,6.642857142857143,23.428571428571427,28.947857142857146,15.571428571428571,35.285714285714285,44.60214285714286,14.857142857142858,21.142857142857142,68.42642857142859,1.1428571428571428,12.642857142857142,0.8992857142857142,1.4285714285714286,22.928571428571427,0.05928571428571429,15.357142857142858,3.357142857142857,66.85714285714286
