placar_casa,placar_visitante,data,round,stage,ano,equipe_casa,equipe_visitante,Pts_casa,3P_casa,2P_casa,LL_casa,RT_casa,RO_casa,RD_casa,AS_casa,ER_casa,IA%_casa,3PC_casa,3PT_casa,3P%_casa,2PC_casa,2PT_casa,2P%_casa,LLC_casa,LLT_casa,LL%_casa,EN_casa,BR_casa,B/E_casa,TO_casa,FC_casa,T/FC_casa,ET_casa,VI_casa,EF_casa,Pts_visitante,3P_visitante,2P_visitante,LL_visitante,RT_visitante,RO_visitante,RD_visitante,AS_visitante,ER_visitante,IA%_visitante,3PC_visitante,3PT_visitante,3P%_visitante,2PC_visitante,2PT_visitante,2P%_visitante,LLC_visitante,LLT_visitante,LL%_visitante,EN_visitante,BR_visitante,B/E_visitante,TO_visitante,FC_visitante,T/FC_visitante,ET_visitante,VI_visitante,EF_visitante
93,99,2017-01-11,14,1,2016-2017,Caxias do Sul Basquete,Pinheiros,71.17391304347827,22.369565217391305,33.95652173913044,14.847826086956522,32.19565217391305,8.847826086956522,23.347826086956523,13.826086956521738,14.456521739130435,1.0169565217391303,7.456521739130435,23.76086956521739,31.128913043478253,16.97826086956522,35.97826086956522,47.43760869565217,14.847826086956522,20.695652173913043,71.7741304347826,1.391304347826087,9.652173913043478,0.6954347826086957,1.5,22.17391304347826,0.06913043478260872,14.456521739130435,3.6956521739130435,72.73913043478261,84.35655737704919,29.790983606557376,40.98360655737705,16.33606557377049,32.868852459016395,9.184426229508198,23.684426229508198,15.454918032786885,13.172131147540984,1.2604098360655736,9.012295081967213,24.15573770491803,37.37241803278687,20.491803278688526,38.05327868852459,54.32053278688526,16.33606557377049,21.704918032786885,75.05995901639339,2.127049180327869,8.331967213114755,0.6643852459016389,2.6557377049180326,20.012295081967213,0.1392213114754097,13.172131147540984,2.2745901639344264,94.02459016393442
