placar_casa,placar_visitante,data,round,stage,ano,equipe_casa,equipe_visitante,Pts_casa,3P_casa,2P_casa,LL_casa,RT_casa,RO_casa,RD_casa,AS_casa,ER_casa,IA%_casa,3PC_casa,3PT_casa,3P%_casa,2PC_casa,2PT_casa,2P%_casa,LLC_casa,LLT_casa,LL%_casa,EN_casa,BR_casa,B/E_casa,TO_casa,FC_casa,T/FC_casa,ET_casa,VI_casa,EF_casa,Pts_visitante,3P_visitante,2P_visitante,LL_visitante,RT_visitante,RO_visitante,RD_visitante,AS_visitante,ER_visitante,IA%_visitante,3PC_visitante,3PT_visitante,3P%_visitante,2PC_visitante,2PT_visitante,2P%_visitante,LLC_visitante,LLT_visitante,LL%_visitante,EN_visitante,BR_visitante,B/E_visitante,TO_visitante,FC_visitante,T/FC_visitante,ET_visitante,VI_visitante,EF_visitante
77,83,2016-05-09,3,5,2015-2016,Flamengo,Mogi,88.19838056680162,32.635627530364374,44.072874493927124,16.663967611336034,34.08906882591093,9.036437246963562,25.05263157894737,16.46153846153846,12.259109311740891,1.4998785425101215,9.153846153846153,23.76923076923077,38.66680161943319,22.036437246963562,38.80566801619433,56.95894736842105,16.663967611336034,21.870445344129553,76.14829959514168,1.8461538461538463,8.7165991902834,0.7771255060728747,1.854251012145749,19.445344129554655,0.0991093117408907,12.259109311740891,1.7246963562753037,101.94331983805668,80.13461538461539,29.76923076923077,40.51282051282051,17.314102564102566,35.89102564102564,11.621794871794872,24.26923076923077,14.576923076923077,14.102564102564102,1.134294871794872,7.435897435897436,21.17948717948718,35.388589743589755,20.256410256410255,40.38461538461539,50.367499999999986,17.314102564102566,23.25,74.1799358974359,1.3846153846153846,9.166666666666666,0.7076923076923077,1.7820512820512822,22.012820512820515,0.08499999999999999,14.102564102564102,2.967948717948718,89.38461538461539
