placar_casa,placar_visitante,data,round,stage,ano,equipe_casa,equipe_visitante,Pts_casa,3P_casa,2P_casa,LL_casa,RT_casa,RO_casa,RD_casa,AS_casa,ER_casa,IA%_casa,3PC_casa,3PT_casa,3P%_casa,2PC_casa,2PT_casa,2P%_casa,LLC_casa,LLT_casa,LL%_casa,EN_casa,BR_casa,B/E_casa,TO_casa,FC_casa,T/FC_casa,ET_casa,VI_casa,EF_casa,Pts_visitante,3P_visitante,2P_visitante,LL_visitante,RT_visitante,RO_visitante,RD_visitante,AS_visitante,ER_visitante,IA%_visitante,3PC_visitante,3PT_visitante,3P%_visitante,2PC_visitante,2PT_visitante,2P%_visitante,LLC_visitante,LLT_visitante,LL%_visitante,EN_visitante,BR_visitante,B/E_visitante,TO_visitante,FC_visitante,T/FC_visitante,ET_visitante,VI_visitante,EF_visitante
110,57,2022-12-27,11,1,2022-2023,Flamengo,Rio Claro,87.2566441441442,32.83783783783784,41.3557882882883,15.941396396396396,37.21168918918919,10.274729729729728,26.93695945945946,17.862635135135136,12.315292792792793,1.591373873873875,9.986486486486486,27.067545045045044,37.11549549549551,20.677995495495498,36.979752252252254,56.08930180180182,15.941396396396396,21.081126126126126,75.49639639639634,1.603536036036037,7.862635135135136,0.6927477477477477,1.9032657657657643,18.925698198198198,0.10518018018018019,12.315292792792793,1.9098873873873876,102.07423423423428,77.66194244604317,23.37410071942446,39.410215827338135,14.877625899280574,33.47474820143885,9.29503597122302,24.179712230215824,16.143812949640285,13.611582733812952,1.2762589928057555,7.7913669064748206,23.48928057553957,33.013021582733806,19.704892086330933,37.6041726618705,52.50690647482015,14.877625899280574,19.849064748201442,74.4648201438849,1.841726618705036,8.266187050359711,0.635107913669065,1.669064748201439,21.899280575539567,0.07856115107913673,13.611582733812952,2.949640287769784,85.03597122302158
