placar_casa,placar_visitante,data,round,stage,ano,equipe_casa,equipe_visitante,Pts_casa,3P_casa,2P_casa,LL_casa,RT_casa,RO_casa,RD_casa,AS_casa,ER_casa,IA%_casa,3PC_casa,3PT_casa,3P%_casa,2PC_casa,2PT_casa,2P%_casa,LLC_casa,LLT_casa,LL%_casa,EN_casa,BR_casa,B/E_casa,TO_casa,FC_casa,T/FC_casa,ET_casa,VI_casa,EF_casa,Pts_visitante,3P_visitante,2P_visitante,LL_visitante,RT_visitante,RO_visitante,RD_visitante,AS_visitante,ER_visitante,IA%_visitante,3PC_visitante,3PT_visitante,3P%_visitante,2PC_visitante,2PT_visitante,2P%_visitante,LLC_visitante,LLT_visitante,LL%_visitante,EN_visitante,BR_visitante,B/E_visitante,TO_visitante,FC_visitante,T/FC_visitante,ET_visitante,VI_visitante,EF_visitante
96,80,2012-04-27,1,4,2011-2012,Joinville,Pinheiros,81.14814814814815,25.333333333333332,39.4320987654321,16.382716049382715,32.24074074074074,9.746913580246913,22.493827160493826,14.148148148148149,13.154320987654321,1.1823456790123454,8.444444444444445,23.660493827160494,35.63876543209876,19.71604938271605,39.04320987654321,50.535679012345675,16.382716049382715,22.938271604938272,71.41024691358024,1.5864197530864197,7.845679012345679,0.6562962962962964,2.240740740740741,20.746913580246915,0.11716049382716043,13.154320987654321,1.4814814814814814,85.17283950617283,87.25,27.0,42.583333333333336,17.666666666666668,30.90277777777778,8.625,22.27777777777778,15.347222222222221,13.027777777777779,1.2556944444444447,9.0,23.375,38.732777777777784,21.291666666666668,38.166666666666664,55.72430555555555,17.666666666666668,23.61111111111111,74.74305555555559,2.736111111111111,7.611111111111111,0.613611111111111,2.486111111111111,18.875,0.13680555555555554,13.027777777777779,1.5555555555555556,94.68055555555556
