placar_casa,placar_visitante,data,round,stage,ano,equipe_casa,equipe_visitante,Pts_casa,3P_casa,2P_casa,LL_casa,RT_casa,RO_casa,RD_casa,AS_casa,ER_casa,IA%_casa,3PC_casa,3PT_casa,3P%_casa,2PC_casa,2PT_casa,2P%_casa,LLC_casa,LLT_casa,LL%_casa,EN_casa,BR_casa,B/E_casa,TO_casa,FC_casa,T/FC_casa,ET_casa,VI_casa,EF_casa,Pts_visitante,3P_visitante,2P_visitante,LL_visitante,RT_visitante,RO_visitante,RD_visitante,AS_visitante,ER_visitante,IA%_visitante,3PC_visitante,3PT_visitante,3P%_visitante,2PC_visitante,2PT_visitante,2P%_visitante,LLC_visitante,LLT_visitante,LL%_visitante,EN_visitante,BR_visitante,B/E_visitante,TO_visitante,FC_visitante,T/FC_visitante,ET_visitante,VI_visitante,EF_visitante
68,63,2015-11-27,6,1,2015-2016,Mogi,Rio Claro,80.1869918699187,31.73170731707317,40.3089430894309,17.609756097560975,35.73170731707317,11.764227642276422,23.96747967479675,14.268292682926829,14.325203252032521,1.0926829268292686,7.4227642276422765,20.4390243902439,36.333495934959345,20.15447154471545,40.83739837398374,49.50365853658535,17.609756097560975,23.585365853658537,74.08357723577237,1.2682926829268293,8.739837398373984,0.653821138211382,1.7154471544715446,22.463414634146343,0.08032520325203252,14.325203252032521,2.975609756097561,88.85365853658537,78.77142857142857,21.685714285714287,42.05714285714286,15.028571428571428,30.685714285714287,8.114285714285714,22.571428571428573,16.8,14.0,1.3082857142857145,7.228571428571429,21.82857142857143,32.37885714285714,21.02857142857143,39.02857142857143,53.97657142857143,15.028571428571428,19.085714285714285,78.62542857142859,1.6285714285714286,10.257142857142858,0.7774285714285714,1.5142857142857142,19.82857142857143,0.07971428571428571,14.0,3.142857142857143,87.37142857142857
