placar_casa,placar_visitante,data,round,stage,ano,equipe_casa,equipe_visitante,Pts_casa,3P_casa,2P_casa,LL_casa,RT_casa,RO_casa,RD_casa,AS_casa,ER_casa,IA%_casa,3PC_casa,3PT_casa,3P%_casa,2PC_casa,2PT_casa,2P%_casa,LLC_casa,LLT_casa,LL%_casa,EN_casa,BR_casa,B/E_casa,TO_casa,FC_casa,T/FC_casa,ET_casa,VI_casa,EF_casa,Pts_visitante,3P_visitante,2P_visitante,LL_visitante,RT_visitante,RO_visitante,RD_visitante,AS_visitante,ER_visitante,IA%_visitante,3PC_visitante,3PT_visitante,3P%_visitante,2PC_visitante,2PT_visitante,2P%_visitante,LLC_visitante,LLT_visitante,LL%_visitante,EN_visitante,BR_visitante,B/E_visitante,TO_visitante,FC_visitante,T/FC_visitante,ET_visitante,VI_visitante,EF_visitante
80,72,2013-05-14,1,5,2012-2013,Coop/São José Basketball,Flamengo,80.73553719008264,34.760330578512395,38.97520661157025,15.851239669421487,30.768595041322314,8.892561983471074,21.876033057851238,16.49586776859504,13.685950413223141,1.314545454545454,8.636363636363637,24.60330578512397,35.07223140495868,19.487603305785125,35.85123966942149,54.53892561983471,15.851239669421487,20.925619834710744,75.3682644628099,0.9173553719008265,6.545454545454546,0.5078512396694215,2.3884297520661155,19.834710743801654,0.12702479338842979,13.685950413223141,1.4049586776859504,88.38842975206612,90.4375,37.3125,45.625,17.484375,32.5625,8.1640625,24.3984375,15.3203125,11.9921875,1.4474999999999996,9.109375,23.234375,39.407734375,22.8125,39.59375,57.83351562499998,17.484375,23.15625,75.645,1.796875,7.8984375,0.7278124999999999,1.6875,19.609375,0.08789062500000001,11.9921875,1.53125,102.1796875
