placar_casa,placar_visitante,data,round,stage,ano,equipe_casa,equipe_visitante,Pts_casa,3P_casa,2P_casa,LL_casa,RT_casa,RO_casa,RD_casa,AS_casa,ER_casa,IA%_casa,3PC_casa,3PT_casa,3P%_casa,2PC_casa,2PT_casa,2P%_casa,LLC_casa,LLT_casa,LL%_casa,EN_casa,BR_casa,B/E_casa,TO_casa,FC_casa,T/FC_casa,ET_casa,VI_casa,EF_casa,Pts_visitante,3P_visitante,2P_visitante,LL_visitante,RT_visitante,RO_visitante,RD_visitante,AS_visitante,ER_visitante,IA%_visitante,3PC_visitante,3PT_visitante,3P%_visitante,2PC_visitante,2PT_visitante,2P%_visitante,LLC_visitante,LLT_visitante,LL%_visitante,EN_visitante,BR_visitante,B/E_visitante,TO_visitante,FC_visitante,T/FC_visitante,ET_visitante,VI_visitante,EF_visitante
81,78,2017-04-09,3,3,2016-2017,Pinheiros,R10 Score Vasco da Gama,84.06870229007633,29.095419847328245,41.02290076335878,16.515267175572518,33.16412213740458,9.248091603053435,23.916030534351144,15.614503816793894,13.274809160305344,1.2605343511450382,8.84351145038168,23.81297709923664,37.19091603053434,20.51145038167939,38.225190839694655,54.100229007633615,16.515267175572518,22.064885496183205,74.79022900763353,2.0801526717557253,8.221374045801527,0.6517938931297707,2.618320610687023,20.15648854961832,0.13656488549618306,13.274809160305344,2.3435114503816794,93.67175572519083,75.26666666666667,24.3,34.333333333333336,16.633333333333333,32.2,8.566666666666666,23.633333333333333,15.733333333333333,14.333333333333334,1.172333333333333,8.1,23.0,35.026666666666664,17.166666666666668,34.233333333333334,50.58366666666668,16.633333333333333,21.233333333333334,78.79933333333332,0.8,6.766666666666667,0.4976666666666668,1.1333333333333333,20.766666666666666,0.06000000000000002,14.333333333333334,3.9,80.2
