placar_casa,placar_visitante,data,round,stage,ano,equipe_casa,equipe_visitante,Pts_casa,3P_casa,2P_casa,LL_casa,RT_casa,RO_casa,RD_casa,AS_casa,ER_casa,IA%_casa,3PC_casa,3PT_casa,3P%_casa,2PC_casa,2PT_casa,2P%_casa,LLC_casa,LLT_casa,LL%_casa,EN_casa,BR_casa,B/E_casa,TO_casa,FC_casa,T/FC_casa,ET_casa,VI_casa,EF_casa,Pts_visitante,3P_visitante,2P_visitante,LL_visitante,RT_visitante,RO_visitante,RD_visitante,AS_visitante,ER_visitante,IA%_visitante,3PC_visitante,3PT_visitante,3P%_visitante,2PC_visitante,2PT_visitante,2P%_visitante,LLC_visitante,LLT_visitante,LL%_visitante,EN_visitante,BR_visitante,B/E_visitante,TO_visitante,FC_visitante,T/FC_visitante,ET_visitante,VI_visitante,EF_visitante
91,89,2012-02-25,8,2,2011-2012,Tijuca,Joinville,75.3,14.7,43.0,17.6,26.3,7.8,18.5,11.0,13.9,0.8240000000000001,4.9,17.5,26.647000000000002,21.5,41.1,52.35,17.6,23.0,77.148,1.3,6.8,0.515,1.9,20.1,0.10700000000000001,13.9,2.3,70.9,80.3970588235294,26.86764705882353,38.14705882352941,15.382352941176471,32.06617647058823,9.536764705882353,22.529411764705884,14.176470588235293,13.316176470588236,1.1644117647058823,8.955882352941176,24.99264705882353,35.75647058823528,19.073529411764707,37.654411764705884,50.68970588235293,15.382352941176471,21.705882352941178,70.91058823529411,1.5955882352941178,7.786764705882353,0.6373529411764707,2.4044117647058822,20.360294117647058,0.12735294117647053,13.316176470588236,1.2352941176470589,82.70588235294117
