placar_casa,placar_visitante,data,round,stage,ano,equipe_casa,equipe_visitante,Pts_casa,3P_casa,2P_casa,LL_casa,RT_casa,RO_casa,RD_casa,AS_casa,ER_casa,IA%_casa,3PC_casa,3PT_casa,3P%_casa,2PC_casa,2PT_casa,2P%_casa,LLC_casa,LLT_casa,LL%_casa,EN_casa,BR_casa,B/E_casa,TO_casa,FC_casa,T/FC_casa,ET_casa,VI_casa,EF_casa,Pts_visitante,3P_visitante,2P_visitante,LL_visitante,RT_visitante,RO_visitante,RD_visitante,AS_visitante,ER_visitante,IA%_visitante,3PC_visitante,3PT_visitante,3P%_visitante,2PC_visitante,2PT_visitante,2P%_visitante,LLC_visitante,LLT_visitante,LL%_visitante,EN_visitante,BR_visitante,B/E_visitante,TO_visitante,FC_visitante,T/FC_visitante,ET_visitante,VI_visitante,EF_visitante
73,68,2021-12-02,6,1,2021-2022,Bauru Basket,Pinheiros,82.13997409326421,31.018134715025905,38.917046632124354,15.018186528497411,34.76417098445596,9.585621761658034,25.178860103626945,15.997383419689118,12.204715025906737,1.4382901554404126,9.401554404145077,25.795284974093263,36.703264248704706,19.45860103626943,36.11655440414508,54.33282383419687,15.018186528497411,20.124352331606218,74.74712435233158,1.3679533678756481,7.624378238341969,0.6785492227979272,1.7849222797927466,19.064715025906736,0.09668393782383412,12.204715025906737,2.150336787564766,92.75380829015548,82.49451351351355,28.451351351351352,40.11351351351351,15.745945945945946,34.20008108108108,9.737891891891893,24.46218918918919,15.81081081081081,13.478378378378379,1.2545405405405408,8.87835135135135,24.343243243243244,36.56072972972974,20.056756756756755,38.294513513513515,52.76481081081085,15.745945945945946,21.23781081081081,74.01367567567566,1.85672972972973,7.99191891891892,0.62627027027027,2.456837837837837,20.03254054054054,0.12762162162162144,13.478378378378379,2.3135945945945937,91.3242702702703
