placar_casa,placar_visitante,data,round,stage,ano,equipe_casa,equipe_visitante,Pts_casa,3P_casa,2P_casa,LL_casa,RT_casa,RO_casa,RD_casa,AS_casa,ER_casa,IA%_casa,3PC_casa,3PT_casa,3P%_casa,2PC_casa,2PT_casa,2P%_casa,LLC_casa,LLT_casa,LL%_casa,EN_casa,BR_casa,B/E_casa,TO_casa,FC_casa,T/FC_casa,ET_casa,VI_casa,EF_casa,Pts_visitante,3P_visitante,2P_visitante,LL_visitante,RT_visitante,RO_visitante,RD_visitante,AS_visitante,ER_visitante,IA%_visitante,3PC_visitante,3PT_visitante,3P%_visitante,2PC_visitante,2PT_visitante,2P%_visitante,LLC_visitante,LLT_visitante,LL%_visitante,EN_visitante,BR_visitante,B/E_visitante,TO_visitante,FC_visitante,T/FC_visitante,ET_visitante,VI_visitante,EF_visitante
87,75,2021-02-13,3,2,2020-2021,Mogi,Sesi Franca,81.11338289962822,29.447955390334574,39.55397769516729,16.438698884758367,36.448029739776956,11.113345724907063,25.33457249070632,16.263977695167288,13.782453531598511,1.2943122676579923,8.37360594795539,23.600408921933088,35.62728624535317,19.776877323420074,38.80855018587361,51.21631970260216,16.438698884758367,21.988884758364314,74.74081784386613,1.3307434944237913,8.390297397769515,0.6566171003717469,1.9554646840148702,21.191412639405204,0.09628252788104087,13.782453531598511,2.6524535315985127,91.56881040892192,81.04716713881022,28.560906515580736,41.01416430594901,15.916855524079319,32.91886685552408,9.10201133144476,23.816855524079322,15.62413597733711,13.53356940509915,1.2713031161473076,8.038668555240791,22.30504249291785,35.78184135977339,20.507082152974505,38.65249291784703,53.46838526912178,15.916855524079319,21.223796033994333,74.86280453257788,1.846968838526913,8.093541076487254,0.6441643059490089,2.553342776203966,20.534504249291786,0.1301699716713881,13.53356940509915,2.211501416430595,90.04150141643062
