placar_casa,placar_visitante,data,round,stage,ano,equipe_casa,equipe_visitante,Pts_casa,3P_casa,2P_casa,LL_casa,RT_casa,RO_casa,RD_casa,AS_casa,ER_casa,IA%_casa,3PC_casa,3PT_casa,3P%_casa,2PC_casa,2PT_casa,2P%_casa,LLC_casa,LLT_casa,LL%_casa,EN_casa,BR_casa,B/E_casa,TO_casa,FC_casa,T/FC_casa,ET_casa,VI_casa,EF_casa,Pts_visitante,3P_visitante,2P_visitante,LL_visitante,RT_visitante,RO_visitante,RD_visitante,AS_visitante,ER_visitante,IA%_visitante,3PC_visitante,3PT_visitante,3P%_visitante,2PC_visitante,2PT_visitante,2P%_visitante,LLC_visitante,LLT_visitante,LL%_visitante,EN_visitante,BR_visitante,B/E_visitante,TO_visitante,FC_visitante,T/FC_visitante,ET_visitante,VI_visitante,EF_visitante
74,70,2021-02-10,3,2,2020-2021,Bauru Basket,Sesi Franca,82.14843406593403,31.186813186813186,38.80491758241758,15.140137362637363,34.597445054945055,9.60313186813187,24.99464285714286,15.874945054945053,12.179972527472527,1.4330219780219764,9.401098901098901,25.681291208791208,36.87717032967037,19.4025,36.18131868131868,54.0884615384615,15.140137362637363,20.249972527472526,74.81760989010988,1.3682417582417588,7.670357142857143,0.6854120879120875,1.7623351648351653,19.038379120879117,0.09571428571428559,12.179972527472527,2.1539285714285703,92.55901098901101,81.05488636363638,28.571022727272727,41.02840909090909,15.912840909090908,32.925255681818186,9.110823863636364,23.81443181818182,15.6296875,13.536022727272728,1.2718465909090897,8.037840909090908,22.3078125,35.77252840909093,20.514204545454547,38.658125,53.48082386363633,15.912840909090908,21.224431818181817,74.8409943181818,1.8493750000000007,8.099488636363638,0.6446590909090912,2.555852272727273,20.540767045454547,0.1302840909090909,13.536022727272728,2.214005681818182,90.0634090909091
