placar_casa,placar_visitante,data,round,stage,ano,equipe_casa,equipe_visitante,Pts_casa,3P_casa,2P_casa,LL_casa,RT_casa,RO_casa,RD_casa,AS_casa,ER_casa,IA%_casa,3PC_casa,3PT_casa,3P%_casa,2PC_casa,2PT_casa,2P%_casa,LLC_casa,LLT_casa,LL%_casa,EN_casa,BR_casa,B/E_casa,TO_casa,FC_casa,T/FC_casa,ET_casa,VI_casa,EF_casa,Pts_visitante,3P_visitante,2P_visitante,LL_visitante,RT_visitante,RO_visitante,RD_visitante,AS_visitante,ER_visitante,IA%_visitante,3PC_visitante,3PT_visitante,3P%_visitante,2PC_visitante,2PT_visitante,2P%_visitante,LLC_visitante,LLT_visitante,LL%_visitante,EN_visitante,BR_visitante,B/E_visitante,TO_visitante,FC_visitante,T/FC_visitante,ET_visitante,VI_visitante,EF_visitante
85,73,2019-12-19,10,1,2019-2020,Brasília,Corinthians,84.73420886075948,29.544303797468356,41.79117088607595,16.075949367088608,34.610759493670884,9.382879746835442,25.227879746835445,17.018987341772153,13.708860759493671,1.3947468354430383,8.955696202531646,24.800601265822785,36.011360759493655,20.895537974683542,37.88927215189874,55.384272151898735,16.075949367088608,20.810158227848103,77.32082278481013,1.639240506329114,7.636075949367089,0.6167405063291136,2.9240506329113924,21.7373417721519,0.1431645569620253,13.708860759493671,2.0791455696202528,96.71515822784812,80.61386363636365,23.454545454545453,41.50000000000001,15.65931818181818,36.22727272727273,10.59068181818182,25.636590909090902,17.635681818181823,13.954318181818183,1.3488636363636364,7.818181818181817,22.18159090909091,35.285,20.750000000000004,41.045454545454554,50.83545454545455,15.65931818181818,20.658863636363638,75.74181818181815,2.1595454545454547,7.568181818181818,0.5627272727272727,2.1363636363636362,22.523181818181815,0.09681818181818182,13.954318181818183,1.8859090909090908,90.43181818181819
