placar_casa,placar_visitante,data,round,stage,ano,equipe_casa,equipe_visitante,Pts_casa,3P_casa,2P_casa,LL_casa,RT_casa,RO_casa,RD_casa,AS_casa,ER_casa,IA%_casa,3PC_casa,3PT_casa,3P%_casa,2PC_casa,2PT_casa,2P%_casa,LLC_casa,LLT_casa,LL%_casa,EN_casa,BR_casa,B/E_casa,TO_casa,FC_casa,T/FC_casa,ET_casa,VI_casa,EF_casa,Pts_visitante,3P_visitante,2P_visitante,LL_visitante,RT_visitante,RO_visitante,RD_visitante,AS_visitante,ER_visitante,IA%_visitante,3PC_visitante,3PT_visitante,3P%_visitante,2PC_visitante,2PT_visitante,2P%_visitante,LLC_visitante,LLT_visitante,LL%_visitante,EN_visitante,BR_visitante,B/E_visitante,TO_visitante,FC_visitante,T/FC_visitante,ET_visitante,VI_visitante,EF_visitante
84,59,2024-05-03,1,4,2023-2024,Minas,São Paulo,80.99995555555557,27.653333333333332,41.13333333333333,14.939955555555555,35.69555555555556,10.095533333333332,25.60008888888889,16.9044,13.871022222222221,1.308977777777778,8.308955555555556,23.504533333333335,35.14633333333334,20.566666666666666,38.28215555555557,53.89302222222223,14.939955555555555,20.175533333333334,73.86626666666652,1.6910444444444452,7.24897777777778,0.5527111111111102,2.306688888888889,20.60457777777778,0.11751111111111115,13.871022222222221,2.65328888888889,91.73337777777776,84.84875675675676,32.043243243243246,38.62691891891892,14.178108108108107,36.98383783783784,8.826918918918917,28.15659459459459,17.621675675675675,11.962216216216218,1.5604864864864878,10.681081081081079,29.275675675675675,36.32864864864865,19.31362162162162,33.98367567567567,56.90243243243245,14.178108108108107,18.626756756756755,76.20221621621623,1.8107567567567564,6.556864864864867,0.5714594594594589,2.308,18.162162162162158,0.135081081081081,11.962216216216218,1.8487567567567569,98.6378918918919
