placar_casa,placar_visitante,data,round,stage,ano,equipe_casa,equipe_visitante,Pts_casa,3P_casa,2P_casa,LL_casa,RT_casa,RO_casa,RD_casa,AS_casa,ER_casa,IA%_casa,3PC_casa,3PT_casa,3P%_casa,2PC_casa,2PT_casa,2P%_casa,LLC_casa,LLT_casa,LL%_casa,EN_casa,BR_casa,B/E_casa,TO_casa,FC_casa,T/FC_casa,ET_casa,VI_casa,EF_casa,Pts_visitante,3P_visitante,2P_visitante,LL_visitante,RT_visitante,RO_visitante,RD_visitante,AS_visitante,ER_visitante,IA%_visitante,3PC_visitante,3PT_visitante,3P%_visitante,2PC_visitante,2PT_visitante,2P%_visitante,LLC_visitante,LLT_visitante,LL%_visitante,EN_visitante,BR_visitante,B/E_visitante,TO_visitante,FC_visitante,T/FC_visitante,ET_visitante,VI_visitante,EF_visitante
93,82,2017-04-17,5,3,2016-2017,Pinheiros,R10 Score Vasco da Gama,84.01515151515152,29.0,41.015151515151516,16.545454545454547,33.16287878787879,9.238636363636363,23.924242424242426,15.594696969696969,13.291666666666666,1.257310606060606,8.818181818181818,23.776515151515152,37.130113636363625,20.507575757575758,38.20454545454545,54.11863636363639,16.545454545454547,22.098484848484848,74.78439393939388,2.087121212121212,8.234848484848484,0.6517803030303027,2.628787878787879,20.15909090909091,0.13700757575757563,13.291666666666666,2.340909090909091,93.61742424242425,75.46875,24.65625,34.375,16.4375,32.125,8.53125,23.59375,15.71875,14.46875,1.1634374999999997,8.21875,23.1875,35.245,17.1875,34.28125,50.547187500000014,16.4375,20.96875,78.77499999999999,0.75,6.9375,0.5031250000000002,1.09375,21.0,0.05781250000000002,14.46875,3.84375,80.28125
