placar_casa,placar_visitante,data,round,stage,ano,equipe_casa,equipe_visitante,Pts_casa,3P_casa,2P_casa,LL_casa,RT_casa,RO_casa,RD_casa,AS_casa,ER_casa,IA%_casa,3PC_casa,3PT_casa,3P%_casa,2PC_casa,2PT_casa,2P%_casa,LLC_casa,LLT_casa,LL%_casa,EN_casa,BR_casa,B/E_casa,TO_casa,FC_casa,T/FC_casa,ET_casa,VI_casa,EF_casa,Pts_visitante,3P_visitante,2P_visitante,LL_visitante,RT_visitante,RO_visitante,RD_visitante,AS_visitante,ER_visitante,IA%_visitante,3PC_visitante,3PT_visitante,3P%_visitante,2PC_visitante,2PT_visitante,2P%_visitante,LLC_visitante,LLT_visitante,LL%_visitante,EN_visitante,BR_visitante,B/E_visitante,TO_visitante,FC_visitante,T/FC_visitante,ET_visitante,VI_visitante,EF_visitante
71,88,2019-11-08,4,1,2019-2020,Fortaleza B. C. / CFO,Flamengo,77.07078048780488,30.153658536585365,39.09760975609756,13.570731707317073,35.273219512195126,10.507317073170732,24.76590243902439,13.60980487804878,12.802390243902439,1.1871707317073175,8.134146341463415,24.602390243902438,33.32780487804876,19.54873170731707,39.22195121951219,49.96765853658533,13.570731707317073,19.043853658536584,71.0041463414634,1.4293170731707316,8.629268292682926,0.745121951219512,2.4048292682926826,20.4829756097561,0.12073170731707313,12.802390243902439,2.6951219512195124,83.5511707317073,87.53166163141996,31.336858006042295,43.42894259818731,16.62688821752266,35.71595166163142,9.710030211480364,26.006102719033233,17.15105740181269,12.347432024169184,1.53416918429003,9.158610271903322,24.527220543806646,37.49120845921452,21.714561933534746,38.728066465256795,56.26567975830815,16.62688821752266,21.832326283987914,76.10027190332323,1.6767371601208458,8.24166163141994,0.7299395770392749,1.8505135951661624,19.62842900302115,0.09770392749244712,12.347432024169184,1.8232024169184298,101.65256797583082
