placar_casa,placar_visitante,data,round,stage,ano,equipe_casa,equipe_visitante,Pts_casa,3P_casa,2P_casa,LL_casa,RT_casa,RO_casa,RD_casa,AS_casa,ER_casa,IA%_casa,3PC_casa,3PT_casa,3P%_casa,2PC_casa,2PT_casa,2P%_casa,LLC_casa,LLT_casa,LL%_casa,EN_casa,BR_casa,B/E_casa,TO_casa,FC_casa,T/FC_casa,ET_casa,VI_casa,EF_casa,Pts_visitante,3P_visitante,2P_visitante,LL_visitante,RT_visitante,RO_visitante,RD_visitante,AS_visitante,ER_visitante,IA%_visitante,3PC_visitante,3PT_visitante,3P%_visitante,2PC_visitante,2PT_visitante,2P%_visitante,LLC_visitante,LLT_visitante,LL%_visitante,EN_visitante,BR_visitante,B/E_visitante,TO_visitante,FC_visitante,T/FC_visitante,ET_visitante,VI_visitante,EF_visitante
76,82,2015-04-25,2,4,2014-2015,Flamengo,Coop/São José Basketball,88.92682926829268,34.15609756097561,43.921951219512195,17.082926829268292,33.921951219512195,9.034146341463414,24.88780487804878,15.902439024390244,12.185365853658537,1.46990243902439,9.307317073170731,24.034146341463416,38.88,21.960975609756098,38.62439024390244,57.07282926829266,17.082926829268292,22.55609756097561,75.82312195121949,1.8878048780487804,8.292682926829269,0.7468780487804881,1.726829268292683,19.609756097560975,0.09087804878048783,12.185365853658537,1.673170731707317,101.49756097560976,80.3252427184466,29.796116504854368,40.359223300970875,15.368932038834952,33.15533980582524,9.45631067961165,23.699029126213592,16.635922330097088,13.83495145631068,1.3012621359223293,8.199029126213592,23.436893203883496,35.021456310679625,20.179611650485437,37.72330097087379,53.68558252427187,15.368932038834952,20.111650485436893,75.90616504854368,0.8349514563106796,7.101941747572815,0.5400970873786405,2.354368932038835,19.058252427184467,0.13121359223300968,13.83495145631068,2.0194174757281553,89.70873786407768
