placar_casa,placar_visitante,data,round,stage,ano,equipe_casa,equipe_visitante,Pts_casa,3P_casa,2P_casa,LL_casa,RT_casa,RO_casa,RD_casa,AS_casa,ER_casa,IA%_casa,3PC_casa,3PT_casa,3P%_casa,2PC_casa,2PT_casa,2P%_casa,LLC_casa,LLT_casa,LL%_casa,EN_casa,BR_casa,B/E_casa,TO_casa,FC_casa,T/FC_casa,ET_casa,VI_casa,EF_casa,Pts_visitante,3P_visitante,2P_visitante,LL_visitante,RT_visitante,RO_visitante,RD_visitante,AS_visitante,ER_visitante,IA%_visitante,3PC_visitante,3PT_visitante,3P%_visitante,2PC_visitante,2PT_visitante,2P%_visitante,LLC_visitante,LLT_visitante,LL%_visitante,EN_visitante,BR_visitante,B/E_visitante,TO_visitante,FC_visitante,T/FC_visitante,ET_visitante,VI_visitante,EF_visitante
83,55,2015-12-03,8,1,2015-2016,Rio Claro,Sesi Franca,77.91891891891892,21.72972972972973,41.513513513513516,14.675675675675675,30.675675675675677,8.216216216216216,22.45945945945946,16.64864864864865,14.18918918918919,1.2813513513513517,7.243243243243243,21.91891891891892,32.3681081081081,20.756756756756758,38.810810810810814,53.50918918918919,14.675675675675675,18.72972972972973,78.02594594594595,1.6756756756756757,10.405405405405405,0.775135135135135,1.5405405405405406,19.783783783783782,0.08135135135135134,14.18918918918919,3.1621621621621623,86.21621621621621,79.88151658767772,29.04739336492891,42.644549763033176,15.625592417061611,31.53080568720379,9.222748815165877,22.308056872037916,14.706161137440759,13.606635071090047,1.2163507109004732,7.203791469194313,20.345971563981042,35.40862559241707,21.322274881516588,40.800947867298575,52.426208530805695,15.625592417061611,21.369668246445496,72.69492890995258,1.9289099526066351,8.962085308056873,0.7180094786729854,2.829383886255924,20.85781990521327,0.14388625592417054,13.606635071090047,2.2085308056872037,87.74407582938389
