placar_casa,placar_visitante,data,round,stage,ano,equipe_casa,equipe_visitante,Pts_casa,3P_casa,2P_casa,LL_casa,RT_casa,RO_casa,RD_casa,AS_casa,ER_casa,IA%_casa,3PC_casa,3PT_casa,3P%_casa,2PC_casa,2PT_casa,2P%_casa,LLC_casa,LLT_casa,LL%_casa,EN_casa,BR_casa,B/E_casa,TO_casa,FC_casa,T/FC_casa,ET_casa,VI_casa,EF_casa,Pts_visitante,3P_visitante,2P_visitante,LL_visitante,RT_visitante,RO_visitante,RD_visitante,AS_visitante,ER_visitante,IA%_visitante,3PC_visitante,3PT_visitante,3P%_visitante,2PC_visitante,2PT_visitante,2P%_visitante,LLC_visitante,LLT_visitante,LL%_visitante,EN_visitante,BR_visitante,B/E_visitante,TO_visitante,FC_visitante,T/FC_visitante,ET_visitante,VI_visitante,EF_visitante
63,71,2021-01-27,1,2,2020-2021,Caxias do Sul Basquete,Bauru Basket,72.47828947368421,22.61842105263158,34.93000000000001,14.929999999999998,33.03947368421053,9.206315789473683,23.83315789473684,14.088026315789472,14.469210526315793,1.0201315789473682,7.539736842105264,23.477894736842103,32.05526315789473,17.46473684210526,36.20618421052632,48.41223684210529,14.929999999999998,21.06565789473684,70.8046052631579,1.3376315789473683,8.574605263157894,0.6075,1.4911842105263158,22.530394736842098,0.07039473684210529,14.469210526315793,3.3289473684210527,74.38592105263157,82.30286111111107,31.269444444444446,38.84997222222222,15.200027777777779,34.595305555555555,9.599166666666669,24.99641666666667,15.886055555555554,12.18613888888889,1.4348611111111098,9.417611111111112,25.672194444444443,36.960333333333374,19.42502777777778,36.17961111111111,54.153583333333295,15.200027777777779,20.300916666666666,74.95905555555555,1.3741666666666672,7.6648611111111125,0.6852777777777773,1.7564722222222224,19.039749999999998,0.0954444444444443,12.18613888888889,2.1658055555555547,92.77311111111113
