placar_casa,placar_visitante,data,round,stage,ano,equipe_casa,equipe_visitante,Pts_casa,3P_casa,2P_casa,LL_casa,RT_casa,RO_casa,RD_casa,AS_casa,ER_casa,IA%_casa,3PC_casa,3PT_casa,3P%_casa,2PC_casa,2PT_casa,2P%_casa,LLC_casa,LLT_casa,LL%_casa,EN_casa,BR_casa,B/E_casa,TO_casa,FC_casa,T/FC_casa,ET_casa,VI_casa,EF_casa,Pts_visitante,3P_visitante,2P_visitante,LL_visitante,RT_visitante,RO_visitante,RD_visitante,AS_visitante,ER_visitante,IA%_visitante,3PC_visitante,3PT_visitante,3P%_visitante,2PC_visitante,2PT_visitante,2P%_visitante,LLC_visitante,LLT_visitante,LL%_visitante,EN_visitante,BR_visitante,B/E_visitante,TO_visitante,FC_visitante,T/FC_visitante,ET_visitante,VI_visitante,EF_visitante
80,63,2016-12-12,9,1,2016-2017,Pinheiros,L. Sorocabana,84.48333333333333,29.9875,40.9,16.395833333333332,32.78333333333333,9.158333333333333,23.625,15.454166666666667,13.133333333333333,1.264833333333333,9.0625,24.195833333333333,37.53541666666664,20.45,38.00416666666667,54.28966666666668,16.395833333333332,21.7625,75.13149999999995,2.1083333333333334,8.325,0.6659999999999997,2.6166666666666667,20.0,0.13716666666666652,13.133333333333333,2.279166666666667,94.10416666666667,75.13548387096775,28.006451612903227,39.52258064516129,15.058064516129033,30.870967741935484,10.787096774193548,20.083870967741934,11.432258064516128,12.974193548387097,0.9475483870967738,6.851612903225806,21.322580645161292,31.903096774193546,19.761290322580646,39.83225806451613,49.80458064516126,15.058064516129033,20.15483870967742,74.35709677419356,1.4193548387096775,9.483870967741936,0.7942580645161292,1.6838709677419355,21.548387096774192,0.08238709677419355,12.974193548387097,2.9548387096774196,77.97419354838709
