placar_casa,placar_visitante,data,round,stage,ano,equipe_casa,equipe_visitante,Pts_casa,3P_casa,2P_casa,LL_casa,RT_casa,RO_casa,RD_casa,AS_casa,ER_casa,IA%_casa,3PC_casa,3PT_casa,3P%_casa,2PC_casa,2PT_casa,2P%_casa,LLC_casa,LLT_casa,LL%_casa,EN_casa,BR_casa,B/E_casa,TO_casa,FC_casa,T/FC_casa,ET_casa,VI_casa,EF_casa,Pts_visitante,3P_visitante,2P_visitante,LL_visitante,RT_visitante,RO_visitante,RD_visitante,AS_visitante,ER_visitante,IA%_visitante,3PC_visitante,3PT_visitante,3P%_visitante,2PC_visitante,2PT_visitante,2P%_visitante,LLC_visitante,LLT_visitante,LL%_visitante,EN_visitante,BR_visitante,B/E_visitante,TO_visitante,FC_visitante,T/FC_visitante,ET_visitante,VI_visitante,EF_visitante
79,84,2023-11-28,7,1,2023-2024,Caxias do Sul Basquete,São Paulo,72.42615384615385,23.130177514792898,35.60958579881657,13.68656804733728,34.07674556213017,9.047337278106506,25.029408284023663,14.503136094674554,13.99408284023669,1.0883431952662723,7.710177514792902,24.212958579881654,31.945917159763294,17.80461538461538,36.50899408284024,48.851597633136095,13.68656804733728,19.461597633136098,70.12396449704138,1.1121893491124264,7.727928994082839,0.5674556213017753,1.8225443786982254,21.135857988165675,0.09065088757396451,13.99408284023669,2.9822485207100593,75.57988165680473,85.67103225806451,32.670967741935485,39.045032258064516,13.954645161290324,37.32277419354839,8.967612903225804,28.354774193548387,17.812967741935484,11.69683870967742,1.6161935483870975,10.890322580645158,29.793548387096774,36.35922580645161,19.522709677419353,34.36774193548387,56.953419354838715,13.954645161290324,18.451354838709676,75.70283870967741,1.9806451612903226,6.632258064516129,0.5898064516129028,2.322516129032258,18.077548387096773,0.1378064516129031,11.69683870967742,1.871032258064516,99.81290322580645
