placar_casa,placar_visitante,data,round,stage,ano,equipe_casa,equipe_visitante,Pts_casa,3P_casa,2P_casa,LL_casa,RT_casa,RO_casa,RD_casa,AS_casa,ER_casa,IA%_casa,3PC_casa,3PT_casa,3P%_casa,2PC_casa,2PT_casa,2P%_casa,LLC_casa,LLT_casa,LL%_casa,EN_casa,BR_casa,B/E_casa,TO_casa,FC_casa,T/FC_casa,ET_casa,VI_casa,EF_casa,Pts_visitante,3P_visitante,2P_visitante,LL_visitante,RT_visitante,RO_visitante,RD_visitante,AS_visitante,ER_visitante,IA%_visitante,3PC_visitante,3PT_visitante,3P%_visitante,2PC_visitante,2PT_visitante,2P%_visitante,LLC_visitante,LLT_visitante,LL%_visitante,EN_visitante,BR_visitante,B/E_visitante,TO_visitante,FC_visitante,T/FC_visitante,ET_visitante,VI_visitante,EF_visitante
81,73,2014-02-13,7,2,2013-2014,Limeira,Coop/São José Basketball,81.76315789473684,34.18421052631579,38.96491228070175,15.271929824561404,29.24561403508772,7.649122807017544,21.596491228070175,15.43859649122807,12.508771929824562,1.3443859649122805,9.175438596491228,23.62280701754386,39.184736842105266,19.482456140350877,36.89473684210526,52.91289473684213,15.271929824561404,19.973684210526315,76.20561403508773,1.6491228070175439,7.552631578947368,0.6588596491228069,2.4210526315789473,21.333333333333332,0.11929824561403506,12.508771929824562,1.719298245614035,90.02631578947368,81.12328767123287,33.16438356164384,39.397260273972606,15.897260273972602,31.71232876712329,9.198630136986301,22.513698630136986,16.424657534246574,13.780821917808218,1.3001369863013692,8.60958904109589,24.36986301369863,35.457739726027405,19.698630136986303,36.417808219178085,54.25424657534248,15.897260273972602,20.835616438356166,76.12739726027392,0.8493150684931506,6.767123287671233,0.5202739726027396,2.3767123287671232,19.102739726027398,0.13308219178082192,13.780821917808218,1.6986301369863013,89.31506849315069
