placar_casa,placar_visitante,data,round,stage,ano,equipe_casa,equipe_visitante,Pts_casa,3P_casa,2P_casa,LL_casa,RT_casa,RO_casa,RD_casa,AS_casa,ER_casa,IA%_casa,3PC_casa,3PT_casa,3P%_casa,2PC_casa,2PT_casa,2P%_casa,LLC_casa,LLT_casa,LL%_casa,EN_casa,BR_casa,B/E_casa,TO_casa,FC_casa,T/FC_casa,ET_casa,VI_casa,EF_casa,Pts_visitante,3P_visitante,2P_visitante,LL_visitante,RT_visitante,RO_visitante,RD_visitante,AS_visitante,ER_visitante,IA%_visitante,3PC_visitante,3PT_visitante,3P%_visitante,2PC_visitante,2PT_visitante,2P%_visitante,LLC_visitante,LLT_visitante,LL%_visitante,EN_visitante,BR_visitante,B/E_visitante,TO_visitante,FC_visitante,T/FC_visitante,ET_visitante,VI_visitante,EF_visitante
87,83,2016-12-16,10,1,2016-2017,Caxias do Sul Basquete,Macaé Basquete,71.46341463414635,23.634146341463413,33.073170731707314,14.75609756097561,32.048780487804876,8.731707317073171,23.317073170731707,13.585365853658537,14.097560975609756,1.0221951219512195,7.878048780487805,24.4390243902439,32.44707317073169,16.536585365853657,35.51219512195122,46.846097560975615,14.75609756097561,20.682926829268293,71.18853658536585,1.3414634146341464,9.975609756097562,0.7307317073170732,1.4146341463414633,22.170731707317074,0.06512195121951221,14.097560975609756,3.6097560975609757,72.92682926829268,78.33018867924528,24.056603773584907,36.79245283018868,17.4811320754717,32.320754716981135,8.88679245283019,23.433962264150942,13.943396226415095,13.68867924528302,1.1763207547169812,8.018867924528301,22.31132075471698,36.012830188679246,18.39622641509434,36.613207547169814,50.612735849056605,17.4811320754717,21.91509433962264,79.95528301886789,1.179245283018868,8.69811320754717,0.7324528301886793,1.4150943396226414,22.254716981132077,0.06528301886792452,13.68867924528302,3.1132075471698113,84.0754716981132
