placar_casa,placar_visitante,data,round,stage,ano,equipe_casa,equipe_visitante,Pts_casa,3P_casa,2P_casa,LL_casa,RT_casa,RO_casa,RD_casa,AS_casa,ER_casa,IA%_casa,3PC_casa,3PT_casa,3P%_casa,2PC_casa,2PT_casa,2P%_casa,LLC_casa,LLT_casa,LL%_casa,EN_casa,BR_casa,B/E_casa,TO_casa,FC_casa,T/FC_casa,ET_casa,VI_casa,EF_casa,Pts_visitante,3P_visitante,2P_visitante,LL_visitante,RT_visitante,RO_visitante,RD_visitante,AS_visitante,ER_visitante,IA%_visitante,3PC_visitante,3PT_visitante,3P%_visitante,2PC_visitante,2PT_visitante,2P%_visitante,LLC_visitante,LLT_visitante,LL%_visitante,EN_visitante,BR_visitante,B/E_visitante,TO_visitante,FC_visitante,T/FC_visitante,ET_visitante,VI_visitante,EF_visitante
64,68,2023-12-01,7,1,2023-2024,Pato Basquete,UNIFACISA,74.25532374100719,25.07913669064748,36.73388489208633,12.442517985611508,35.74064748201438,10.748129496402877,24.99294964028777,14.773309352517984,13.863165467625892,1.1458992805755397,8.3594964028777,26.22647482014388,31.76539568345324,18.3668345323741,37.931726618705035,48.503309352517995,12.442517985611508,18.133237410071942,68.45539568345325,1.1583453237410075,7.446115107913669,0.5602158273381295,1.5648920863309352,20.532230215827337,0.07726618705035973,13.863165467625892,3.039712230215828,76.78776978417267,79.96537931034483,29.47241379310345,38.110344827586204,12.383034482758621,36.820482758620685,10.254896551724135,26.56579310344828,16.179379310344828,12.889655172413793,1.3253103448275865,9.823999999999998,28.013931034482763,34.93110344827584,19.055172413793102,36.91034482758621,51.700689655172425,12.383034482758621,16.593241379310342,74.21455172413789,1.3068275862068965,7.134551724137933,0.5857931034482756,1.7795172413793106,19.996689655172418,0.09110344827586207,12.889655172413793,2.3207586206896553,88.7208275862069
