placar_casa,placar_visitante,data,round,stage,ano,equipe_casa,equipe_visitante,Pts_casa,3P_casa,2P_casa,LL_casa,RT_casa,RO_casa,RD_casa,AS_casa,ER_casa,IA%_casa,3PC_casa,3PT_casa,3P%_casa,2PC_casa,2PT_casa,2P%_casa,LLC_casa,LLT_casa,LL%_casa,EN_casa,BR_casa,B/E_casa,TO_casa,FC_casa,T/FC_casa,ET_casa,VI_casa,EF_casa,Pts_visitante,3P_visitante,2P_visitante,LL_visitante,RT_visitante,RO_visitante,RD_visitante,AS_visitante,ER_visitante,IA%_visitante,3PC_visitante,3PT_visitante,3P%_visitante,2PC_visitante,2PT_visitante,2P%_visitante,LLC_visitante,LLT_visitante,LL%_visitante,EN_visitante,BR_visitante,B/E_visitante,TO_visitante,FC_visitante,T/FC_visitante,ET_visitante,VI_visitante,EF_visitante
110,79,2023-02-17,4,2,2022-2023,Minas,BRB/Brasília,80.23155216284987,27.02798982188295,41.40287531806616,14.922748091603053,35.236692111959286,10.094096692111957,25.142519083969468,16.51648854961832,14.009236641221372,1.2667175572519094,7.968651399491095,22.866921119592877,34.75376590330788,20.70145038167939,38.839643765903304,53.41302798982189,14.922748091603053,20.14412213740458,73.84340966921106,1.6743002544529262,7.476717557251909,0.5679134860050883,2.3451908396946566,20.81262086513995,0.11847328244274818,14.009236641221372,2.6470992366412225,90.22139949109413,76.75987341772152,27.0,35.99974683544304,13.759367088607595,38.7720253164557,10.645443037974683,28.126582278481013,15.442911392405067,15.050759493670887,1.080886075949367,8.999873417721519,27.91113924050633,32.0505063291139,18.000253164556963,36.34215189873417,49.548354430379746,13.759367088607595,19.5946835443038,70.33772151898737,1.1137974683544303,5.632658227848101,0.39113924050632926,1.6453164556962023,19.012531645569624,0.08848101265822782,15.050759493670887,2.5569620253164556,80.11392405063292
