placar_casa,placar_visitante,data,round,stage,ano,equipe_casa,equipe_visitante,Pts_casa,3P_casa,2P_casa,LL_casa,RT_casa,RO_casa,RD_casa,AS_casa,ER_casa,IA%_casa,3PC_casa,3PT_casa,3P%_casa,2PC_casa,2PT_casa,2P%_casa,LLC_casa,LLT_casa,LL%_casa,EN_casa,BR_casa,B/E_casa,TO_casa,FC_casa,T/FC_casa,ET_casa,VI_casa,EF_casa,Pts_visitante,3P_visitante,2P_visitante,LL_visitante,RT_visitante,RO_visitante,RD_visitante,AS_visitante,ER_visitante,IA%_visitante,3PC_visitante,3PT_visitante,3P%_visitante,2PC_visitante,2PT_visitante,2P%_visitante,LLC_visitante,LLT_visitante,LL%_visitante,EN_visitante,BR_visitante,B/E_visitante,TO_visitante,FC_visitante,T/FC_visitante,ET_visitante,VI_visitante,EF_visitante
86,82,2015-04-03,15,2,2014-2015,L. Sorocabana,Fortaleza B. C. / CFO,76.62711864406779,30.991525423728813,39.49152542372882,15.932203389830509,29.635593220338983,10.0,19.635593220338983,11.067796610169491,12.364406779661017,0.9666949152542372,7.067796610169491,21.28813559322034,33.276610169491526,19.74576271186441,39.440677966101696,50.30271186440675,15.932203389830509,21.084745762711865,75.32830508474578,1.38135593220339,9.161016949152541,0.8091525423728817,1.5677966101694916,21.56779661016949,0.0738135593220339,12.364406779661017,2.635593220338983,79.22881355932203,77.87378640776699,33.75728155339806,42.019417475728154,13.54368932038835,33.14563106796116,9.922330097087379,23.223300970873787,13.611650485436893,12.077669902912621,1.287864077669903,7.436893203883495,22.70873786407767,33.34009708737863,21.009708737864077,40.94174757281554,51.569126213592256,13.54368932038835,18.766990291262136,72.06504854368931,1.3980582524271845,9.097087378640778,0.850388349514563,2.495145631067961,20.0873786407767,0.12999999999999998,12.077669902912621,2.6310679611650487,85.7378640776699
