placar_casa,placar_visitante,data,round,stage,ano,equipe_casa,equipe_visitante,Pts_casa,3P_casa,2P_casa,LL_casa,RT_casa,RO_casa,RD_casa,AS_casa,ER_casa,IA%_casa,3PC_casa,3PT_casa,3P%_casa,2PC_casa,2PT_casa,2P%_casa,LLC_casa,LLT_casa,LL%_casa,EN_casa,BR_casa,B/E_casa,TO_casa,FC_casa,T/FC_casa,ET_casa,VI_casa,EF_casa,Pts_visitante,3P_visitante,2P_visitante,LL_visitante,RT_visitante,RO_visitante,RD_visitante,AS_visitante,ER_visitante,IA%_visitante,3PC_visitante,3PT_visitante,3P%_visitante,2PC_visitante,2PT_visitante,2P%_visitante,LLC_visitante,LLT_visitante,LL%_visitante,EN_visitante,BR_visitante,B/E_visitante,TO_visitante,FC_visitante,T/FC_visitante,ET_visitante,VI_visitante,EF_visitante
59,87,2012-12-20,9,1,2012-2013,L. Sorocabana,Flamengo,73.76923076923077,30.692307692307693,36.07692307692308,17.153846153846153,29.076923076923077,9.153846153846153,19.923076923076923,9.307692307692308,12.384615384615385,0.8457692307692307,6.846153846153846,22.0,31.76269230769231,18.03846153846154,36.46153846153846,49.226153846153835,17.153846153846153,23.0,74.45923076923076,1.1538461538461537,7.115384615384615,0.6296153846153847,1.1923076923076923,19.5,0.06346153846153847,12.384615384615385,2.3846153846153846,74.3076923076923,90.0625,30.5,45.0625,17.40625,32.1875,7.96875,24.21875,15.583333333333334,12.1875,1.4271874999999998,9.197916666666666,23.666666666666668,38.85760416666666,22.53125,38.90625,58.138749999999995,17.40625,22.96875,75.88052083333334,1.7708333333333333,8.125,0.7354166666666669,1.7708333333333333,19.895833333333332,0.09083333333333328,12.1875,1.3125,101.05208333333333
