placar_casa,placar_visitante,data,round,stage,ano,equipe_casa,equipe_visitante,Pts_casa,3P_casa,2P_casa,LL_casa,RT_casa,RO_casa,RD_casa,AS_casa,ER_casa,IA%_casa,3PC_casa,3PT_casa,3P%_casa,2PC_casa,2PT_casa,2P%_casa,LLC_casa,LLT_casa,LL%_casa,EN_casa,BR_casa,B/E_casa,TO_casa,FC_casa,T/FC_casa,ET_casa,VI_casa,EF_casa,Pts_visitante,3P_visitante,2P_visitante,LL_visitante,RT_visitante,RO_visitante,RD_visitante,AS_visitante,ER_visitante,IA%_visitante,3PC_visitante,3PT_visitante,3P%_visitante,2PC_visitante,2PT_visitante,2P%_visitante,LLC_visitante,LLT_visitante,LL%_visitante,EN_visitante,BR_visitante,B/E_visitante,TO_visitante,FC_visitante,T/FC_visitante,ET_visitante,VI_visitante,EF_visitante
74,70,2016-12-20,11,1,2016-2017,L. Sorocabana,R10 Score Vasco da Gama,75.0576923076923,27.942307692307693,39.51282051282051,15.006410256410257,30.884615384615383,10.820512820512821,20.064102564102566,11.455128205128204,13.0,0.9471153846153842,6.846153846153846,21.33974358974359,31.85884615384615,19.756410256410255,39.84615384615385,49.775320512820485,15.006410256410257,20.096153846153847,74.28839743589745,1.4166666666666667,9.506410256410257,0.7940384615384618,1.6730769230769231,21.53205128205128,0.08185897435897435,13.0,2.967948717948718,77.87179487179488,74.0,24.0,36.0,14.0,32.75,8.875,23.875,15.875,13.625,1.18,8.0,23.375,32.6575,18.0,35.75,50.883750000000006,14.0,18.5,75.04624999999999,1.5,6.75,0.50375,1.375,17.5,0.08625000000000001,13.625,3.875,79.5
