placar_casa,placar_visitante,data,round,stage,ano,equipe_casa,equipe_visitante,Pts_casa,3P_casa,2P_casa,LL_casa,RT_casa,RO_casa,RD_casa,AS_casa,ER_casa,IA%_casa,3PC_casa,3PT_casa,3P%_casa,2PC_casa,2PT_casa,2P%_casa,LLC_casa,LLT_casa,LL%_casa,EN_casa,BR_casa,B/E_casa,TO_casa,FC_casa,T/FC_casa,ET_casa,VI_casa,EF_casa,Pts_visitante,3P_visitante,2P_visitante,LL_visitante,RT_visitante,RO_visitante,RD_visitante,AS_visitante,ER_visitante,IA%_visitante,3PC_visitante,3PT_visitante,3P%_visitante,2PC_visitante,2PT_visitante,2P%_visitante,LLC_visitante,LLT_visitante,LL%_visitante,EN_visitante,BR_visitante,B/E_visitante,TO_visitante,FC_visitante,T/FC_visitante,ET_visitante,VI_visitante,EF_visitante
67,71,2015-01-23,2,2,2014-2015,Pinheiros,Rio Claro,85.12429378531074,32.271186440677965,40.3728813559322,16.27683615819209,30.994350282485875,8.27683615819209,22.717514124293785,15.666666666666666,12.98870056497175,1.3019209039548023,9.491525423728813,24.915254237288135,38.261525423728806,20.1864406779661,36.27683615819209,55.92807909604521,16.27683615819209,21.71186440677966,74.67378531073442,2.2655367231638417,7.898305084745763,0.6432768361581921,2.5480225988700567,19.598870056497177,0.13621468926553665,12.98870056497175,2.022598870056497,94.50282485875707,77.6875,18.9375,45.0,13.75,31.1875,7.8125,23.375,17.375,14.3125,1.3412499999999998,6.3125,20.9375,29.56125000000001,22.5,40.9375,54.95,13.75,16.9375,80.419375,1.625,10.125,0.74625,1.3125,17.625,0.08062500000000002,14.3125,2.875,87.125
