placar_casa,placar_visitante,data,round,stage,ano,equipe_casa,equipe_visitante,Pts_casa,3P_casa,2P_casa,LL_casa,RT_casa,RO_casa,RD_casa,AS_casa,ER_casa,IA%_casa,3PC_casa,3PT_casa,3P%_casa,2PC_casa,2PT_casa,2P%_casa,LLC_casa,LLT_casa,LL%_casa,EN_casa,BR_casa,B/E_casa,TO_casa,FC_casa,T/FC_casa,ET_casa,VI_casa,EF_casa,Pts_visitante,3P_visitante,2P_visitante,LL_visitante,RT_visitante,RO_visitante,RD_visitante,AS_visitante,ER_visitante,IA%_visitante,3PC_visitante,3PT_visitante,3P%_visitante,2PC_visitante,2PT_visitante,2P%_visitante,LLC_visitante,LLT_visitante,LL%_visitante,EN_visitante,BR_visitante,B/E_visitante,TO_visitante,FC_visitante,T/FC_visitante,ET_visitante,VI_visitante,EF_visitante
87,76,2023-12-27,11,1,2023-2024,Fortaleza B. C. / CFO,Cerrado,76.50450746268659,27.573134328358208,39.319402985074625,13.131373134328358,36.26259701492537,10.409044776119405,25.853910447761198,13.782119402985074,13.00883582089552,1.151761194029851,8.017940298507463,24.928328358208955,32.436597014925354,19.659701492537312,39.28653731343284,50.1199104477612,13.131373134328358,18.96423880597015,69.21683582089548,1.391044776119403,8.047761194029851,0.6721194029850743,2.384895522388062,20.36707462686567,0.12074626865671642,13.00883582089552,2.671641791044776,82.18800000000002,77.23672727272728,28.2,37.01800000000001,12.01790909090909,39.045272727272724,11.663727272727275,27.382090909090905,15.40018181818182,13.945454545454544,1.159909090909091,9.40009090909091,29.28190909090909,32.17181818181818,18.509272727272727,37.41818181818182,49.806272727272706,12.01790909090909,17.445818181818186,68.9708181818182,1.7359999999999995,6.609181818181818,0.4897272727272724,2.354545454545454,17.67327272727273,0.134909090909091,13.945454545454544,2.663181818181819,82.48209090909091
