placar_casa,placar_visitante,data,round,stage,ano,equipe_casa,equipe_visitante,Pts_casa,3P_casa,2P_casa,LL_casa,RT_casa,RO_casa,RD_casa,AS_casa,ER_casa,IA%_casa,3PC_casa,3PT_casa,3P%_casa,2PC_casa,2PT_casa,2P%_casa,LLC_casa,LLT_casa,LL%_casa,EN_casa,BR_casa,B/E_casa,TO_casa,FC_casa,T/FC_casa,ET_casa,VI_casa,EF_casa,Pts_visitante,3P_visitante,2P_visitante,LL_visitante,RT_visitante,RO_visitante,RD_visitante,AS_visitante,ER_visitante,IA%_visitante,3PC_visitante,3PT_visitante,3P%_visitante,2PC_visitante,2PT_visitante,2P%_visitante,LLC_visitante,LLT_visitante,LL%_visitante,EN_visitante,BR_visitante,B/E_visitante,TO_visitante,FC_visitante,T/FC_visitante,ET_visitante,VI_visitante,EF_visitante
90,77,2012-05-18,1,5,2011-2012,Brasília,Pinheiros,87.80232558139535,22.953488372093023,45.95348837209303,18.8953488372093,33.51162790697674,8.883720930232558,24.627906976744185,15.790697674418604,14.395348837209303,1.2258139534883723,7.651162790697675,22.5,34.06988372093024,22.976744186046513,38.80232558139535,59.26348837209305,18.8953488372093,24.290697674418606,77.83279069767443,1.8372093023255813,7.558139534883721,0.5838372093023256,3.4767441860465116,21.662790697674417,0.17511627906976748,14.395348837209303,1.2790697674418605,98.8953488372093,86.49350649350649,26.415584415584416,42.675324675324674,17.4025974025974,31.0,8.688311688311689,22.31168831168831,15.194805194805195,13.116883116883116,1.2337662337662338,8.805194805194805,23.025974025974026,38.3861038961039,21.337662337662337,38.506493506493506,55.407272727272726,17.4025974025974,23.363636363636363,74.39025974025976,2.7142857142857144,7.532467532467533,0.6029870129870128,2.4675324675324677,19.22077922077922,0.13376623376623376,13.116883116883116,1.7662337662337662,94.15584415584415
