placar_casa,placar_visitante,data,round,stage,ano,equipe_casa,equipe_visitante,Pts_casa,3P_casa,2P_casa,LL_casa,RT_casa,RO_casa,RD_casa,AS_casa,ER_casa,IA%_casa,3PC_casa,3PT_casa,3P%_casa,2PC_casa,2PT_casa,2P%_casa,LLC_casa,LLT_casa,LL%_casa,EN_casa,BR_casa,B/E_casa,TO_casa,FC_casa,T/FC_casa,ET_casa,VI_casa,EF_casa,Pts_visitante,3P_visitante,2P_visitante,LL_visitante,RT_visitante,RO_visitante,RD_visitante,AS_visitante,ER_visitante,IA%_visitante,3PC_visitante,3PT_visitante,3P%_visitante,2PC_visitante,2PT_visitante,2P%_visitante,LLC_visitante,LLT_visitante,LL%_visitante,EN_visitante,BR_visitante,B/E_visitante,TO_visitante,FC_visitante,T/FC_visitante,ET_visitante,VI_visitante,EF_visitante
79,81,2015-04-01,14,2,2014-2015,Macaé Basquete,Limeira,79.48333333333333,24.6,38.4,16.483333333333334,31.416666666666668,8.183333333333334,23.233333333333334,13.95,13.15,1.2756666666666663,8.2,21.65,37.73333333333334,19.2,37.05,51.985333333333344,16.483333333333334,20.966666666666665,79.222,1.3333333333333333,8.883333333333333,0.8150000000000002,1.45,21.65,0.06933333333333334,13.15,3.066666666666667,86.25,81.81645569620254,32.107594936708864,39.265822784810126,15.246835443037975,29.455696202531644,7.734177215189874,21.72151898734177,15.943037974683545,12.246835443037975,1.4424050632911387,9.10126582278481,23.10759493670886,39.75930379746834,19.632911392405063,36.84177215189873,53.3588607594937,15.246835443037975,19.740506329113924,77.06297468354433,1.6518987341772151,8.094936708860759,0.7310759493670884,2.392405063291139,21.21518987341772,0.11772151898734176,12.246835443037975,1.9303797468354431,91.67721518987342
