placar_casa,placar_visitante,data,round,stage,ano,equipe_casa,equipe_visitante,Pts_casa,3P_casa,2P_casa,LL_casa,RT_casa,RO_casa,RD_casa,AS_casa,ER_casa,IA%_casa,3PC_casa,3PT_casa,3P%_casa,2PC_casa,2PT_casa,2P%_casa,LLC_casa,LLT_casa,LL%_casa,EN_casa,BR_casa,B/E_casa,TO_casa,FC_casa,T/FC_casa,ET_casa,VI_casa,EF_casa,Pts_visitante,3P_visitante,2P_visitante,LL_visitante,RT_visitante,RO_visitante,RD_visitante,AS_visitante,ER_visitante,IA%_visitante,3PC_visitante,3PT_visitante,3P%_visitante,2PC_visitante,2PT_visitante,2P%_visitante,LLC_visitante,LLT_visitante,LL%_visitante,EN_visitante,BR_visitante,B/E_visitante,TO_visitante,FC_visitante,T/FC_visitante,ET_visitante,VI_visitante,EF_visitante
68,87,2022-05-03,3,4,2021-2022,Paulistano,Flamengo,80.11931472081217,29.718274111675125,38.92388324873097,14.6751269035533,36.119289340101524,11.362994923857869,24.756294416243655,14.972131979695433,13.423832487309644,1.2334010152284258,8.840076142131979,25.890913705583756,34.522461928934,19.461903553299493,38.16758883248731,51.25672588832485,14.6751269035533,19.98472081218274,73.15137055837565,1.7640862944162423,7.624365482233503,0.6192639593908634,1.9289593908629439,21.20304568527919,0.09469543147208112,13.423832487309644,2.479695431472081,87.31479695431469,87.575710900474,32.7654028436019,41.71082938388627,16.127914691943126,36.97627962085308,10.168199052132701,26.80808056872038,17.80334123222749,12.315142180094787,1.5910900473933656,9.912322274881516,26.71324644549763,37.274194312796226,20.85552132701422,37.267796208530804,56.13869668246445,16.127914691943126,21.267819905213273,75.7496919431279,1.5994549763033183,7.931303317535545,0.7001658767772511,1.914810426540283,19.04504739336493,0.10518957345971564,12.315142180094787,1.886232227488152,102.3909004739337
