placar_casa,placar_visitante,data,round,stage,ano,equipe_casa,equipe_visitante,Pts_casa,3P_casa,2P_casa,LL_casa,RT_casa,RO_casa,RD_casa,AS_casa,ER_casa,IA%_casa,3PC_casa,3PT_casa,3P%_casa,2PC_casa,2PT_casa,2P%_casa,LLC_casa,LLT_casa,LL%_casa,EN_casa,BR_casa,B/E_casa,TO_casa,FC_casa,T/FC_casa,ET_casa,VI_casa,EF_casa,Pts_visitante,3P_visitante,2P_visitante,LL_visitante,RT_visitante,RO_visitante,RD_visitante,AS_visitante,ER_visitante,IA%_visitante,3PC_visitante,3PT_visitante,3P%_visitante,2PC_visitante,2PT_visitante,2P%_visitante,LLC_visitante,LLT_visitante,LL%_visitante,EN_visitante,BR_visitante,B/E_visitante,TO_visitante,FC_visitante,T/FC_visitante,ET_visitante,VI_visitante,EF_visitante
81,75,2020-11-23,3,1,2020-2021,Mogi,Cerrado,81.18181818181816,29.47826086956522,39.73130434782609,16.57316205533597,36.296521739130434,11.197588932806323,25.09881422924901,16.023754940711463,13.723241106719366,1.2826877470355735,8.292490118577074,23.33600790513834,35.68494071146246,19.865533596837942,39.023715415019765,51.16237154150194,16.57316205533597,22.205573122529646,74.5698418972332,1.3318972332015804,8.497984189723319,0.66798418972332,1.9091699604743086,21.24501976284585,0.09375494071146243,13.723241106719366,2.67197628458498,91.40320158102764,73.67,26.0,35.33,12.33,33.33,12.33,21.0,12.67,13.67,0.93,8.67,26.0,33.33,17.67,37.33,47.32,12.33,15.67,78.72,0.33,6.669999999999999,0.49,2.67,18.67,0.14,13.67,2.33,75.0
