placar_casa,placar_visitante,data,round,stage,ano,equipe_casa,equipe_visitante,Pts_casa,3P_casa,2P_casa,LL_casa,RT_casa,RO_casa,RD_casa,AS_casa,ER_casa,IA%_casa,3PC_casa,3PT_casa,3P%_casa,2PC_casa,2PT_casa,2P%_casa,LLC_casa,LLT_casa,LL%_casa,EN_casa,BR_casa,B/E_casa,TO_casa,FC_casa,T/FC_casa,ET_casa,VI_casa,EF_casa,Pts_visitante,3P_visitante,2P_visitante,LL_visitante,RT_visitante,RO_visitante,RD_visitante,AS_visitante,ER_visitante,IA%_visitante,3PC_visitante,3PT_visitante,3P%_visitante,2PC_visitante,2PT_visitante,2P%_visitante,LLC_visitante,LLT_visitante,LL%_visitante,EN_visitante,BR_visitante,B/E_visitante,TO_visitante,FC_visitante,T/FC_visitante,ET_visitante,VI_visitante,EF_visitante
72,67,2013-04-06,12,2,2012-2013,Sesi Franca,Pinheiros,82.42857142857143,35.330357142857146,44.25,16.857142857142858,29.517857142857142,8.321428571428571,21.196428571428573,15.303571428571429,13.071428571428571,1.332142857142857,7.107142857142857,19.866071428571427,35.85473214285715,22.125,42.00892857142857,52.87955357142858,16.857142857142858,22.633928571428573,74.53375000000001,1.6964285714285714,8.526785714285714,0.7182142857142856,2.6785714285714284,21.196428571428573,0.1367857142857143,13.071428571428571,1.7857142857142858,90.375,86.4608695652174,33.834782608695654,41.33913043478261,17.130434782608695,30.208695652173912,8.043478260869565,22.16521739130435,15.57391304347826,13.017391304347827,1.2762608695652176,9.330434782608696,24.217391304347824,38.75321739130434,20.669565217391305,36.88695652173913,56.161304347826075,17.130434782608695,22.85217391304348,74.65156521739131,2.347826086956522,7.147826086956521,0.5792173913043477,2.365217391304348,19.782608695652176,0.1247826086956522,13.017391304347827,1.9217391304347826,95.31304347826087
