placar_casa,placar_visitante,data,round,stage,ano,equipe_casa,equipe_visitante,Pts_casa,3P_casa,2P_casa,LL_casa,RT_casa,RO_casa,RD_casa,AS_casa,ER_casa,IA%_casa,3PC_casa,3PT_casa,3P%_casa,2PC_casa,2PT_casa,2P%_casa,LLC_casa,LLT_casa,LL%_casa,EN_casa,BR_casa,B/E_casa,TO_casa,FC_casa,T/FC_casa,ET_casa,VI_casa,EF_casa,Pts_visitante,3P_visitante,2P_visitante,LL_visitante,RT_visitante,RO_visitante,RD_visitante,AS_visitante,ER_visitante,IA%_visitante,3PC_visitante,3PT_visitante,3P%_visitante,2PC_visitante,2PT_visitante,2P%_visitante,LLC_visitante,LLT_visitante,LL%_visitante,EN_visitante,BR_visitante,B/E_visitante,TO_visitante,FC_visitante,T/FC_visitante,ET_visitante,VI_visitante,EF_visitante
73,64,2014-01-05,13,1,2013-2014,Fortaleza B. C. / CFO,Limeira,79.18,44.46,44.44,13.86,30.68,8.92,21.76,13.82,11.3,1.4658000000000002,6.96,20.72,33.89319999999999,22.22,42.5,52.573400000000014,13.86,18.6,73.7506,1.38,8.18,0.8641999999999997,2.34,20.98,0.11620000000000001,11.3,2.78,88.28,82.54368932038835,34.980582524271846,39.49514563106796,15.436893203883495,28.9126213592233,7.592233009708738,21.320388349514563,15.601941747572816,12.514563106796116,1.3526213592233007,9.20388349514563,23.640776699029125,39.3190291262136,19.74757281553398,37.24271844660194,53.17155339805827,15.436893203883495,20.12621359223301,76.5506796116505,1.8058252427184467,7.446601941747573,0.6484466019417476,2.495145631067961,21.37864077669903,0.12310679611650481,12.514563106796116,1.7087378640776698,90.8252427184466
