placar_casa,placar_visitante,data,round,stage,ano,equipe_casa,equipe_visitante,Pts_casa,3P_casa,2P_casa,LL_casa,RT_casa,RO_casa,RD_casa,AS_casa,ER_casa,IA%_casa,3PC_casa,3PT_casa,3P%_casa,2PC_casa,2PT_casa,2P%_casa,LLC_casa,LLT_casa,LL%_casa,EN_casa,BR_casa,B/E_casa,TO_casa,FC_casa,T/FC_casa,ET_casa,VI_casa,EF_casa,Pts_visitante,3P_visitante,2P_visitante,LL_visitante,RT_visitante,RO_visitante,RD_visitante,AS_visitante,ER_visitante,IA%_visitante,3PC_visitante,3PT_visitante,3P%_visitante,2PC_visitante,2PT_visitante,2P%_visitante,LLC_visitante,LLT_visitante,LL%_visitante,EN_visitante,BR_visitante,B/E_visitante,TO_visitante,FC_visitante,T/FC_visitante,ET_visitante,VI_visitante,EF_visitante
89,50,2023-10-23,2,1,2023-2024,Sesi Franca,Paulistano,82.87993449781658,29.286026200873362,41.17901746724892,15.840524017467247,34.46076419213974,9.21840611353712,25.24235807860262,16.229257641921397,13.1332096069869,1.3772707423580797,8.619999999999997,23.727096069868995,36.08868995633186,20.589541484716158,38.13753275109171,54.38288209606986,15.840524017467247,20.9782096069869,75.54144104803494,1.9693886462882102,7.604847161572053,0.6206550218340614,2.5458296943231438,20.00438864628821,0.13395196506550222,13.1332096069869,2.106986899563319,93.60912663755461,79.94252873563218,29.282758620689656,39.12183908045977,14.434482758620689,36.47813793103448,11.611540229885058,24.866597701149423,14.97703448275862,13.259724137931034,1.2444137931034482,8.795402298850576,25.95177011494253,34.256114942528725,19.560919540229886,38.56786206896552,51.0359540229885,14.434482758620689,19.689609195402298,72.97098850574713,1.7771034482758612,7.627563218390804,0.6273333333333334,1.965563218390804,21.075885057471265,0.09708045977011492,13.259724137931034,2.4298620689655177,87.25526436781604
