placar_casa,placar_visitante,data,round,stage,ano,equipe_casa,equipe_visitante,Pts_casa,3P_casa,2P_casa,LL_casa,RT_casa,RO_casa,RD_casa,AS_casa,ER_casa,IA%_casa,3PC_casa,3PT_casa,3P%_casa,2PC_casa,2PT_casa,2P%_casa,LLC_casa,LLT_casa,LL%_casa,EN_casa,BR_casa,B/E_casa,TO_casa,FC_casa,T/FC_casa,ET_casa,VI_casa,EF_casa,Pts_visitante,3P_visitante,2P_visitante,LL_visitante,RT_visitante,RO_visitante,RD_visitante,AS_visitante,ER_visitante,IA%_visitante,3PC_visitante,3PT_visitante,3P%_visitante,2PC_visitante,2PT_visitante,2P%_visitante,LLC_visitante,LLT_visitante,LL%_visitante,EN_visitante,BR_visitante,B/E_visitante,TO_visitante,FC_visitante,T/FC_visitante,ET_visitante,VI_visitante,EF_visitante
80,52,2014-11-06,2,1,2014-2015,Coop/São José Basketball,Uberlândia,80.87209302325581,31.796511627906977,39.383720930232556,15.918604651162791,32.66860465116279,9.401162790697674,23.267441860465116,16.401162790697676,13.906976744186046,1.2784302325581387,8.523255813953488,24.25,35.17883720930233,19.691860465116278,36.61046511627907,53.93005813953489,15.918604651162791,20.837209302325583,76.045988372093,0.7906976744186046,7.02906976744186,0.531220930232558,2.3255813953488373,19.098837209302324,0.12994186046511624,13.906976744186046,1.8837209302325582,89.61627906976744,82.94444444444444,37.583333333333336,40.22222222222222,15.027777777777779,31.055555555555557,7.916666666666667,23.13888888888889,16.49074074074074,11.694444444444445,1.572685185185186,9.231481481481481,23.333333333333332,39.697962962962954,20.11111111111111,36.879629629629626,54.68944444444446,15.027777777777779,19.02777777777778,79.27046296296295,3.0462962962962963,7.0092592592592595,0.6623148148148149,2.4722222222222223,19.5,0.1332407407407408,11.694444444444445,2.4722222222222223,96.10185185185185
