placar_casa,placar_visitante,data,round,stage,ano,equipe_casa,equipe_visitante,Pts_casa,3P_casa,2P_casa,LL_casa,RT_casa,RO_casa,RD_casa,AS_casa,ER_casa,IA%_casa,3PC_casa,3PT_casa,3P%_casa,2PC_casa,2PT_casa,2P%_casa,LLC_casa,LLT_casa,LL%_casa,EN_casa,BR_casa,B/E_casa,TO_casa,FC_casa,T/FC_casa,ET_casa,VI_casa,EF_casa,Pts_visitante,3P_visitante,2P_visitante,LL_visitante,RT_visitante,RO_visitante,RD_visitante,AS_visitante,ER_visitante,IA%_visitante,3PC_visitante,3PT_visitante,3P%_visitante,2PC_visitante,2PT_visitante,2P%_visitante,LLC_visitante,LLT_visitante,LL%_visitante,EN_visitante,BR_visitante,B/E_visitante,TO_visitante,FC_visitante,T/FC_visitante,ET_visitante,VI_visitante,EF_visitante
76,60,2010-01-22,11,1,2009-2010,Espírito Santo,Saldanha,74.16666666666667,20.416666666666668,38.833333333333336,14.916666666666666,30.083333333333332,8.722222222222221,21.36111111111111,12.055555555555555,14.055555555555555,0.9700000000000001,6.805555555555555,21.25,31.85166666666667,19.416666666666668,37.52777777777778,52.25694444444444,14.916666666666666,23.13888888888889,64.64166666666667,1.2222222222222223,8.5,0.6511111111111113,1.8888888888888888,21.52777777777778,0.0902777777777778,14.055555555555555,0.8055555555555556,71.86111111111111,73.11111111111111,22.25,38.27777777777778,12.583333333333334,28.916666666666668,9.333333333333334,19.583333333333332,10.722222222222221,16.166666666666668,0.7199999999999999,7.416666666666667,23.333333333333332,31.889722222222208,19.13888888888889,38.111111111111114,50.783888888888896,12.583333333333334,20.75,60.695833333333326,2.75,9.722222222222221,0.6400000000000001,1.7222222222222223,20.916666666666668,0.08472222222222223,16.166666666666668,0.6666666666666666,64.97222222222223
