placar_casa,placar_visitante,data,round,stage,ano,equipe_casa,equipe_visitante,Pts_casa,3P_casa,2P_casa,LL_casa,RT_casa,RO_casa,RD_casa,AS_casa,ER_casa,IA%_casa,3PC_casa,3PT_casa,3P%_casa,2PC_casa,2PT_casa,2P%_casa,LLC_casa,LLT_casa,LL%_casa,EN_casa,BR_casa,B/E_casa,TO_casa,FC_casa,T/FC_casa,ET_casa,VI_casa,EF_casa,Pts_visitante,3P_visitante,2P_visitante,LL_visitante,RT_visitante,RO_visitante,RD_visitante,AS_visitante,ER_visitante,IA%_visitante,3PC_visitante,3PT_visitante,3P%_visitante,2PC_visitante,2PT_visitante,2P%_visitante,LLC_visitante,LLT_visitante,LL%_visitante,EN_visitante,BR_visitante,B/E_visitante,TO_visitante,FC_visitante,T/FC_visitante,ET_visitante,VI_visitante,EF_visitante
72,84,2020-12-23,7,1,2020-2021,UNIFACISA,Pinheiros,83.49923076923075,29.692307692307693,40.74384615384616,13.064615384615387,37.87153846153846,10.473589743589741,27.39794871794872,17.82076923076923,12.717692307692309,1.458717948717949,9.896666666666665,28.154102564102566,35.09358974358973,20.37153846153846,38.17923076923077,53.44897435897436,13.064615384615387,17.179487179487175,75.35205128205126,1.7048717948717946,6.91,0.5646153846153844,2.295641025641026,20.218461538461536,0.11717948717948716,12.717692307692309,2.0641025641025643,95.44846153846153,83.24125000000002,28.74418604651163,40.38956395348837,16.06107558139535,33.825581395348834,9.581453488372095,24.24421511627907,15.683197674418606,13.431744186046513,1.2538662790697674,8.930232558139535,24.109011627906977,37.074680232558144,20.194738372093024,38.12203488372093,53.36947674418605,16.06107558139535,21.590087209302325,74.36098837209302,1.8822093023255821,8.00142441860465,0.630988372093023,2.4506104651162786,20.14543604651163,0.12691860465116267,13.431744186046513,2.3517732558139532,92.25723837209304
