placar_casa,placar_visitante,data,round,stage,ano,equipe_casa,equipe_visitante,Pts_casa,3P_casa,2P_casa,LL_casa,RT_casa,RO_casa,RD_casa,AS_casa,ER_casa,IA%_casa,3PC_casa,3PT_casa,3P%_casa,2PC_casa,2PT_casa,2P%_casa,LLC_casa,LLT_casa,LL%_casa,EN_casa,BR_casa,B/E_casa,TO_casa,FC_casa,T/FC_casa,ET_casa,VI_casa,EF_casa,Pts_visitante,3P_visitante,2P_visitante,LL_visitante,RT_visitante,RO_visitante,RD_visitante,AS_visitante,ER_visitante,IA%_visitante,3PC_visitante,3PT_visitante,3P%_visitante,2PC_visitante,2PT_visitante,2P%_visitante,LLC_visitante,LLT_visitante,LL%_visitante,EN_visitante,BR_visitante,B/E_visitante,TO_visitante,FC_visitante,T/FC_visitante,ET_visitante,VI_visitante,EF_visitante
76,75,2010-03-21,10,2,2009-2010,Saldanha,Brasília,71.8936170212766,19.851063829787233,39.91489361702128,12.127659574468085,29.27659574468085,9.446808510638299,19.829787234042552,10.106382978723405,15.297872340425531,0.7080851063829786,6.617021276595745,21.340425531914892,31.083191489361685,19.95744680851064,40.191489361702125,50.12872340425533,12.127659574468085,20.361702127659573,59.77404255319147,2.5531914893617023,9.297872340425531,0.6512765957446809,1.851063829787234,20.617021276595743,0.09361702127659575,15.297872340425531,1.3617021276595744,63.93617021276596,87.71186440677967,22.576271186440678,46.13559322033898,19.0,33.898305084745765,9.016949152542374,24.88135593220339,16.152542372881356,14.898305084745763,1.2266101694915255,7.52542372881356,22.45762711864407,33.80406779661018,23.06779661016949,39.220338983050844,58.90389830508475,19.0,24.966101694915253,75.94033898305085,1.9830508474576272,7.728813559322034,0.573728813559322,3.6610169491525424,21.847457627118644,0.18542372881355934,14.898305084745763,0.6779661016949152,97.61016949152543
