placar_casa,placar_visitante,data,round,stage,ano,equipe_casa,equipe_visitante,Pts_casa,3P_casa,2P_casa,LL_casa,RT_casa,RO_casa,RD_casa,AS_casa,ER_casa,IA%_casa,3PC_casa,3PT_casa,3P%_casa,2PC_casa,2PT_casa,2P%_casa,LLC_casa,LLT_casa,LL%_casa,EN_casa,BR_casa,B/E_casa,TO_casa,FC_casa,T/FC_casa,ET_casa,VI_casa,EF_casa,Pts_visitante,3P_visitante,2P_visitante,LL_visitante,RT_visitante,RO_visitante,RD_visitante,AS_visitante,ER_visitante,IA%_visitante,3PC_visitante,3PT_visitante,3P%_visitante,2PC_visitante,2PT_visitante,2P%_visitante,LLC_visitante,LLT_visitante,LL%_visitante,EN_visitante,BR_visitante,B/E_visitante,TO_visitante,FC_visitante,T/FC_visitante,ET_visitante,VI_visitante,EF_visitante
69,70,2016-11-22,5,1,2016-2017,Caxias do Sul Basquete,Vitória,71.83333333333333,24.75,32.611111111111114,14.472222222222221,32.388888888888886,8.944444444444445,23.444444444444443,13.75,14.055555555555555,1.0394444444444444,8.25,25.25,33.085833333333326,16.305555555555557,34.888888888888886,47.04416666666667,14.472222222222221,20.305555555555557,71.09305555555555,1.3888888888888888,10.416666666666666,0.7719444444444445,1.3611111111111112,22.5,0.06111111111111113,14.055555555555555,3.6666666666666665,74.27777777777777,72.02941176470588,18.529411764705884,39.11764705882353,14.382352941176471,35.55882352941177,11.588235294117647,23.970588235294116,12.941176470588236,15.0,0.9244117647058823,6.176470588235294,21.0,29.61735294117647,19.558823529411764,41.38235294117647,47.662647058823545,14.382352941176471,19.735294117647058,72.82058823529411,1.2647058823529411,10.323529411764707,0.7238235294117648,1.7352941176470589,20.029411764705884,0.09058823529411765,15.0,3.7058823529411766,75.5
