placar_casa,placar_visitante,data,round,stage,ano,equipe_casa,equipe_visitante,Pts_casa,3P_casa,2P_casa,LL_casa,RT_casa,RO_casa,RD_casa,AS_casa,ER_casa,IA%_casa,3PC_casa,3PT_casa,3P%_casa,2PC_casa,2PT_casa,2P%_casa,LLC_casa,LLT_casa,LL%_casa,EN_casa,BR_casa,B/E_casa,TO_casa,FC_casa,T/FC_casa,ET_casa,VI_casa,EF_casa,Pts_visitante,3P_visitante,2P_visitante,LL_visitante,RT_visitante,RO_visitante,RD_visitante,AS_visitante,ER_visitante,IA%_visitante,3PC_visitante,3PT_visitante,3P%_visitante,2PC_visitante,2PT_visitante,2P%_visitante,LLC_visitante,LLT_visitante,LL%_visitante,EN_visitante,BR_visitante,B/E_visitante,TO_visitante,FC_visitante,T/FC_visitante,ET_visitante,VI_visitante,EF_visitante
88,80,2023-02-06,3,2,2022-2023,Pato Basquete,Caxias do Sul Basquete,73.78938596491228,24.789473684210527,36.368508771929825,12.631666666666662,35.46447368421052,10.640263157894735,24.824736842105263,14.534999999999998,14.105087719298238,1.0981578947368418,8.262894736842107,25.806842105263154,31.93456140350877,18.18412280701754,38.32464912280702,47.51219298245614,12.631666666666662,18.535263157894736,67.89956140350878,1.2018421052631583,7.570263157894737,0.5580701754385968,1.605438596491228,20.780526315789473,0.07877192982456142,14.105087719298238,3.0528070175438606,75.26315789473684,72.63455172413794,23.20689655172414,35.69668965517241,13.731172413793104,33.95393103448276,9.006965517241378,24.946965517241377,14.508206896551721,13.81379310344828,1.1019310344827586,7.735724137931037,24.068896551724137,32.18758620689655,17.84813793103448,36.425448275862074,49.048068965517245,13.731172413793104,19.452896551724137,70.42848275862066,1.1331724137931034,7.719655172413791,0.5722068965517241,1.7838620689655174,21.227379310344823,0.08868965517241384,13.81379310344828,2.8897241379310348,76.154
