placar_casa,placar_visitante,data,round,stage,ano,equipe_casa,equipe_visitante,Pts_casa,3P_casa,2P_casa,LL_casa,RT_casa,RO_casa,RD_casa,AS_casa,ER_casa,IA%_casa,3PC_casa,3PT_casa,3P%_casa,2PC_casa,2PT_casa,2P%_casa,LLC_casa,LLT_casa,LL%_casa,EN_casa,BR_casa,B/E_casa,TO_casa,FC_casa,T/FC_casa,ET_casa,VI_casa,EF_casa,Pts_visitante,3P_visitante,2P_visitante,LL_visitante,RT_visitante,RO_visitante,RD_visitante,AS_visitante,ER_visitante,IA%_visitante,3PC_visitante,3PT_visitante,3P%_visitante,2PC_visitante,2PT_visitante,2P%_visitante,LLC_visitante,LLT_visitante,LL%_visitante,EN_visitante,BR_visitante,B/E_visitante,TO_visitante,FC_visitante,T/FC_visitante,ET_visitante,VI_visitante,EF_visitante
84,53,2023-11-24,6,1,2023-2024,Cerrado,BRB/Brasília,77.4121568627451,28.38235294117647,36.999803921568635,12.029117647058822,39.01941176470588,11.696176470588238,27.32382352941176,15.235490196078434,14.06862745098039,1.1373529411764707,9.460882352941177,29.764803921568625,31.691960784313714,18.500196078431372,37.28431372549019,49.9799019607843,12.029117647058822,17.559215686274513,68.6829411764706,1.7643137254901955,6.647156862745098,0.4871568627450976,2.38235294117647,17.8143137254902,0.13558823529411776,14.06862745098039,2.675980392156864,82.01009803921569,76.36628865979382,27.030927835051546,35.42247422680413,13.912268041237114,38.020515463917526,10.525670103092784,27.49484536082474,15.407113402061858,15.201134020618557,1.0680412371134018,9.01020618556701,27.68020618556701,32.33546391752576,17.711546391752577,36.20134020618556,48.888247422680394,13.912268041237114,19.793608247422682,70.21639175257737,1.2009278350515464,5.834845360824742,0.40216494845360845,1.5822680412371133,19.371030927835054,0.08350515463917524,15.201134020618557,2.7268041237113403,78.96907216494846
