placar_casa,placar_visitante,data,round,stage,ano,equipe_casa,equipe_visitante,Pts_casa,3P_casa,2P_casa,LL_casa,RT_casa,RO_casa,RD_casa,AS_casa,ER_casa,IA%_casa,3PC_casa,3PT_casa,3P%_casa,2PC_casa,2PT_casa,2P%_casa,LLC_casa,LLT_casa,LL%_casa,EN_casa,BR_casa,B/E_casa,TO_casa,FC_casa,T/FC_casa,ET_casa,VI_casa,EF_casa,Pts_visitante,3P_visitante,2P_visitante,LL_visitante,RT_visitante,RO_visitante,RD_visitante,AS_visitante,ER_visitante,IA%_visitante,3PC_visitante,3PT_visitante,3P%_visitante,2PC_visitante,2PT_visitante,2P%_visitante,LLC_visitante,LLT_visitante,LL%_visitante,EN_visitante,BR_visitante,B/E_visitante,TO_visitante,FC_visitante,T/FC_visitante,ET_visitante,VI_visitante,EF_visitante
87,77,2022-03-15,7,2,2021-2022,Paulistano,Sesi Franca,80.23214659685863,29.895287958115183,38.87785340314136,14.757408376963351,36.12651832460733,11.397094240837697,24.729450261780105,14.959031413612566,13.479895287958115,1.2207853403141358,8.865602094240836,25.961649214659687,34.53939790575915,19.43890052356021,38.16324607329843,51.21337696335076,14.757408376963351,20.107277486910995,73.14149214659687,1.7523036649214647,7.6553141361256545,0.6146335078534035,1.93196335078534,21.25740837696335,0.09463350785340305,13.479895287958115,2.487774869109948,87.32816753926699,81.98984771573605,28.774111675126903,41.36548223350254,15.832411167512689,33.54322335025381,9.101573604060915,24.441649746192894,15.903527918781725,13.33758883248731,1.3144416243654822,8.263883248730963,22.84520304568528,35.908680203045684,20.68274111675127,38.515228426395936,54.14248730964466,15.832411167512689,21.05078680203046,75.16794416243654,1.9619035532994926,7.961979695431473,0.641827411167513,2.5406091370558377,20.19548223350254,0.13261421319796962,13.33758883248731,2.1472081218274113,91.91619289340105
