placar_casa,placar_visitante,data,round,stage,ano,equipe_casa,equipe_visitante,Pts_casa,3P_casa,2P_casa,LL_casa,RT_casa,RO_casa,RD_casa,AS_casa,ER_casa,IA%_casa,3PC_casa,3PT_casa,3P%_casa,2PC_casa,2PT_casa,2P%_casa,LLC_casa,LLT_casa,LL%_casa,EN_casa,BR_casa,B/E_casa,TO_casa,FC_casa,T/FC_casa,ET_casa,VI_casa,EF_casa,Pts_visitante,3P_visitante,2P_visitante,LL_visitante,RT_visitante,RO_visitante,RD_visitante,AS_visitante,ER_visitante,IA%_visitante,3PC_visitante,3PT_visitante,3P%_visitante,2PC_visitante,2PT_visitante,2P%_visitante,LLC_visitante,LLT_visitante,LL%_visitante,EN_visitante,BR_visitante,B/E_visitante,TO_visitante,FC_visitante,T/FC_visitante,ET_visitante,VI_visitante,EF_visitante
65,82,2021-11-11,4,1,2021-2022,Corinthians,Minas,80.80308510638298,27.95744680851064,38.17021276595745,14.675744680851066,36.388297872340424,10.334787234042556,26.053191489361698,17.39851063829787,13.292340425531913,1.3793617021276598,9.319148936170214,25.818829787234037,35.98563829787235,19.085106382978722,38.02148936170214,50.3390425531915,14.675744680851066,19.18617021276596,76.58840425531912,1.6917021276595745,7.116914893617022,0.5594680851063834,2.122234042553192,21.484255319148936,0.10180851063829784,13.292340425531913,1.8454255319148936,90.51585106382979,79.66666666666667,26.598214285714285,41.44639880952381,15.273749999999998,34.628035714285716,10.053511904761903,24.574434523809526,16.243988095238095,14.118958333333332,1.238690476190477,7.648869047619049,22.11619047619048,34.5563988095238,20.723244047619048,39.306488095238095,52.822678571428554,15.273749999999998,20.663630952380952,73.6538095238094,1.4642857142857142,7.628005952380953,0.5740476190476183,2.3601190476190474,21.41672619047619,0.11547619047619062,14.118958333333332,2.577291666666668,88.7649107142857
