placar_casa,placar_visitante,data,round,stage,ano,equipe_casa,equipe_visitante,Pts_casa,3P_casa,2P_casa,LL_casa,RT_casa,RO_casa,RD_casa,AS_casa,ER_casa,IA%_casa,3PC_casa,3PT_casa,3P%_casa,2PC_casa,2PT_casa,2P%_casa,LLC_casa,LLT_casa,LL%_casa,EN_casa,BR_casa,B/E_casa,TO_casa,FC_casa,T/FC_casa,ET_casa,VI_casa,EF_casa,Pts_visitante,3P_visitante,2P_visitante,LL_visitante,RT_visitante,RO_visitante,RD_visitante,AS_visitante,ER_visitante,IA%_visitante,3PC_visitante,3PT_visitante,3P%_visitante,2PC_visitante,2PT_visitante,2P%_visitante,LLC_visitante,LLT_visitante,LL%_visitante,EN_visitante,BR_visitante,B/E_visitante,TO_visitante,FC_visitante,T/FC_visitante,ET_visitante,VI_visitante,EF_visitante
83,66,2017-04-01,30,1,2016-2017,Paulistano,Vitória,80.72289156626506,29.80722891566265,40.441767068273094,15.534136546184738,34.21285140562249,11.04417670682731,23.16867469879518,14.092369477911646,13.72289156626506,1.1357028112449803,8.248995983935743,23.6425702811245,35.19152610441767,20.220883534136547,39.44578313253012,51.578232931726895,15.534136546184738,21.11244979919679,73.3130120481928,1.538152610441767,8.305220883534137,0.6650602409638554,1.8152610441767068,21.72690763052209,0.08787148594377506,13.72289156626506,2.502008032128514,86.93574297188755,73.62068965517241,19.75862068965517,38.758620689655174,15.10344827586207,35.672413793103445,10.637931034482758,25.03448275862069,14.362068965517242,14.827586206896552,1.041206896551724,6.586206896551724,21.70689655172414,30.67862068965517,19.379310344827587,40.10344827586207,48.68275862068967,15.10344827586207,20.810344827586206,72.27206896551724,1.3103448275862069,9.379310344827585,0.6656896551724137,1.6724137931034482,20.775862068965516,0.08448275862068964,14.827586206896552,3.706896551724138,78.27586206896552
