placar_casa,placar_visitante,data,round,stage,ano,equipe_casa,equipe_visitante,Pts_casa,3P_casa,2P_casa,LL_casa,RT_casa,RO_casa,RD_casa,AS_casa,ER_casa,IA%_casa,3PC_casa,3PT_casa,3P%_casa,2PC_casa,2PT_casa,2P%_casa,LLC_casa,LLT_casa,LL%_casa,EN_casa,BR_casa,B/E_casa,TO_casa,FC_casa,T/FC_casa,ET_casa,VI_casa,EF_casa,Pts_visitante,3P_visitante,2P_visitante,LL_visitante,RT_visitante,RO_visitante,RD_visitante,AS_visitante,ER_visitante,IA%_visitante,3PC_visitante,3PT_visitante,3P%_visitante,2PC_visitante,2PT_visitante,2P%_visitante,LLC_visitante,LLT_visitante,LL%_visitante,EN_visitante,BR_visitante,B/E_visitante,TO_visitante,FC_visitante,T/FC_visitante,ET_visitante,VI_visitante,EF_visitante
74,72,2022-02-13,3,2,2021-2022,Fortaleza B. C. / CFO,Bauru Basket,76.81465454545453,28.54909090909091,39.284836363636366,13.267890909090909,35.83505454545455,10.390436363636367,25.445018181818185,13.6812,12.901709090909089,1.163272727272727,8.087309090909091,24.982981818181816,32.646109090909086,19.642436363636364,39.30298181818182,50.08370909090907,13.267890909090909,18.735854545454547,70.64083636363634,1.376981818181818,8.32,0.701672727272727,2.4750181818181836,20.446036363636363,0.12461818181818181,12.901709090909089,2.6424000000000003,82.91265454545456,81.99757499999996,31.02,38.81245,14.88005,34.739925,9.531375000000002,25.20885,16.076225,12.186300000000001,1.4447749999999973,9.435,25.92745,36.64482500000004,19.4063,36.026225,54.311075,14.88005,19.97375,74.57682499999996,1.3688250000000004,7.605025,0.6764499999999998,1.7862000000000007,19.04495,0.09694999999999993,12.186300000000001,2.1413249999999993,92.58992500000004
