placar_casa,placar_visitante,data,round,stage,ano,equipe_casa,equipe_visitante,Pts_casa,3P_casa,2P_casa,LL_casa,RT_casa,RO_casa,RD_casa,AS_casa,ER_casa,IA%_casa,3PC_casa,3PT_casa,3P%_casa,2PC_casa,2PT_casa,2P%_casa,LLC_casa,LLT_casa,LL%_casa,EN_casa,BR_casa,B/E_casa,TO_casa,FC_casa,T/FC_casa,ET_casa,VI_casa,EF_casa,Pts_visitante,3P_visitante,2P_visitante,LL_visitante,RT_visitante,RO_visitante,RD_visitante,AS_visitante,ER_visitante,IA%_visitante,3PC_visitante,3PT_visitante,3P%_visitante,2PC_visitante,2PT_visitante,2P%_visitante,LLC_visitante,LLT_visitante,LL%_visitante,EN_visitante,BR_visitante,B/E_visitante,TO_visitante,FC_visitante,T/FC_visitante,ET_visitante,VI_visitante,EF_visitante
105,96,2023-12-14,9,1,2023-2024,Corinthians,Minas,79.78100591715976,28.153846153846153,37.857988165680474,13.769349112426038,37.76917159763313,10.698047337278108,27.07094674556213,16.940532544378698,13.591656804733727,1.325798816568048,9.38467455621302,27.224674556213014,34.518224852070986,18.928994082840237,36.6805325443787,51.81461538461535,13.769349112426038,18.28988165680473,75.54520710059174,2.035621301775148,6.331301775147929,0.4910650887573967,2.3668047337278106,20.242721893491122,0.12023668639053252,13.591656804733727,2.384497041420119,89.44372781065088,80.59760000000003,27.374117647058824,41.214164705882325,14.89644705882353,35.423552941176474,10.054094117647058,25.369458823529413,16.745835294117647,13.924588235294115,1.2942352941176472,8.162400000000002,23.21654117647059,34.9784705882353,20.60701176470588,38.56230588235294,53.56804705882356,14.89644705882353,20.07051764705882,74.01999999999984,1.6917176470588242,7.329482352941178,0.5578823529411755,2.3105647058823533,20.75774117647059,0.11677647058823538,13.924588235294115,2.6588000000000016,90.92943529411764
