placar_casa,placar_visitante,data,round,stage,ano,equipe_casa,equipe_visitante,Pts_casa,3P_casa,2P_casa,LL_casa,RT_casa,RO_casa,RD_casa,AS_casa,ER_casa,IA%_casa,3PC_casa,3PT_casa,3P%_casa,2PC_casa,2PT_casa,2P%_casa,LLC_casa,LLT_casa,LL%_casa,EN_casa,BR_casa,B/E_casa,TO_casa,FC_casa,T/FC_casa,ET_casa,VI_casa,EF_casa,Pts_visitante,3P_visitante,2P_visitante,LL_visitante,RT_visitante,RO_visitante,RD_visitante,AS_visitante,ER_visitante,IA%_visitante,3PC_visitante,3PT_visitante,3P%_visitante,2PC_visitante,2PT_visitante,2P%_visitante,LLC_visitante,LLT_visitante,LL%_visitante,EN_visitante,BR_visitante,B/E_visitante,TO_visitante,FC_visitante,T/FC_visitante,ET_visitante,VI_visitante,EF_visitante
75,65,2022-04-15,11,2,2021-2022,UNIFACISA,Cerrado,81.14977777777777,29.716666666666665,39.25555555555555,12.178222222222221,37.066333333333326,10.488444444444442,26.578222222222227,16.955666666666666,12.95,1.379444444444445,9.905333333333331,27.955777777777783,35.263222222222225,19.62777777777778,37.67777777777778,52.26800000000001,12.178222222222221,16.28355555555555,74.15388888888889,1.461,7.339000000000001,0.604,1.9558888888888892,20.00577777777778,0.10022222222222221,12.95,2.2889999999999997,91.28911111111111,76.26262295081968,24.83606557377049,39.45852459016394,11.967049180327868,39.87688524590163,12.01655737704918,27.861311475409835,15.024754098360656,13.196885245901639,1.199508196721312,8.278852459016393,27.21360655737705,30.78016393442622,19.730000000000004,40.36081967213115,48.95245901639344,11.967049180327868,17.000491803278692,70.66852459016393,1.8188524590163933,6.746065573770491,0.5224590163934425,2.6555737704918028,18.730327868852463,0.14311475409836072,13.196885245901639,2.4337704918032785,82.7709836065574
