placar_casa,placar_visitante,data,round,stage,ano,equipe_casa,equipe_visitante,Pts_casa,3P_casa,2P_casa,LL_casa,RT_casa,RO_casa,RD_casa,AS_casa,ER_casa,IA%_casa,3PC_casa,3PT_casa,3P%_casa,2PC_casa,2PT_casa,2P%_casa,LLC_casa,LLT_casa,LL%_casa,EN_casa,BR_casa,B/E_casa,TO_casa,FC_casa,T/FC_casa,ET_casa,VI_casa,EF_casa,Pts_visitante,3P_visitante,2P_visitante,LL_visitante,RT_visitante,RO_visitante,RD_visitante,AS_visitante,ER_visitante,IA%_visitante,3PC_visitante,3PT_visitante,3P%_visitante,2PC_visitante,2PT_visitante,2P%_visitante,LLC_visitante,LLT_visitante,LL%_visitante,EN_visitante,BR_visitante,B/E_visitante,TO_visitante,FC_visitante,T/FC_visitante,ET_visitante,VI_visitante,EF_visitante
92,68,2023-06-10,5,6,2022-2023,Sesi Franca,São Paulo,82.82239035087719,29.289473684210527,41.14471491228071,15.828859649122805,34.42550438596491,9.21059210526316,25.214912280701753,16.228070175438596,13.118442982456141,1.3789254385964924,8.616140350877192,23.699583333333333,36.105986842105246,20.572390350877193,38.138135964912294,54.33918859649122,15.828859649122805,20.9715350877193,75.51719298245615,1.9670614035087726,7.598728070175439,0.6209649122807019,2.5460307017543853,19.99563596491228,0.1340350877192983,13.118442982456141,2.1008771929824563,93.52846491228073,86.30351724137931,33.04137931034483,39.199862068965516,14.06186206896552,37.600206896551725,8.999862068965516,28.599931034482758,17.931103448275863,11.751793103448277,1.6231724137931043,11.013793103448272,29.979310344827585,36.594965517241384,19.60013793103448,34.317241379310346,57.268068965517244,14.06186206896552,18.599724137931034,75.73724137931033,2.0344827586206895,6.717241379310345,0.5971034482758615,2.372344827586207,17.979448275862065,0.1406206896551723,11.751793103448277,1.931103448275862,100.9448275862069
