placar_casa,placar_visitante,data,round,stage,ano,equipe_casa,equipe_visitante,Pts_casa,3P_casa,2P_casa,LL_casa,RT_casa,RO_casa,RD_casa,AS_casa,ER_casa,IA%_casa,3PC_casa,3PT_casa,3P%_casa,2PC_casa,2PT_casa,2P%_casa,LLC_casa,LLT_casa,LL%_casa,EN_casa,BR_casa,B/E_casa,TO_casa,FC_casa,T/FC_casa,ET_casa,VI_casa,EF_casa,Pts_visitante,3P_visitante,2P_visitante,LL_visitante,RT_visitante,RO_visitante,RD_visitante,AS_visitante,ER_visitante,IA%_visitante,3PC_visitante,3PT_visitante,3P%_visitante,2PC_visitante,2PT_visitante,2P%_visitante,LLC_visitante,LLT_visitante,LL%_visitante,EN_visitante,BR_visitante,B/E_visitante,TO_visitante,FC_visitante,T/FC_visitante,ET_visitante,VI_visitante,EF_visitante
74,68,2022-02-04,2,2,2021-2022,Bauru Basket,Cerrado,82.02520100502508,31.03643216080402,38.81402010050251,14.903316582914574,34.73108040201005,9.531532663316586,25.199849246231157,16.0728391959799,12.189748743718594,1.4442211055276355,9.435929648241206,25.91577889447236,36.6651005025126,19.40708542713568,36.02007537688442,54.325628140703515,14.903316582914574,19.998743718592966,74.60864321608035,1.3669095477386939,7.619371859296483,0.6777386934673364,1.7851256281407042,19.0564824120603,0.09683417085427129,12.189748743718594,2.1445477386934666,92.63685929648246,76.64625,25.65625,39.395208333333336,11.593541666666665,38.96854166666666,11.896041666666667,27.07375,15.302291666666667,13.562708333333333,1.1866666666666665,8.552291666666667,27.41729166666667,31.569374999999997,19.698541666666667,40.23979166666667,48.97416666666666,11.593541666666665,16.47979166666667,70.930625,1.8114583333333332,7.218958333333333,0.5477083333333332,2.510208333333333,19.105208333333337,0.13166666666666665,13.562708333333333,2.478333333333333,82.79229166666669
