placar_casa,placar_visitante,data,round,stage,ano,equipe_casa,equipe_visitante,Pts_casa,3P_casa,2P_casa,LL_casa,RT_casa,RO_casa,RD_casa,AS_casa,ER_casa,IA%_casa,3PC_casa,3PT_casa,3P%_casa,2PC_casa,2PT_casa,2P%_casa,LLC_casa,LLT_casa,LL%_casa,EN_casa,BR_casa,B/E_casa,TO_casa,FC_casa,T/FC_casa,ET_casa,VI_casa,EF_casa,Pts_visitante,3P_visitante,2P_visitante,LL_visitante,RT_visitante,RO_visitante,RD_visitante,AS_visitante,ER_visitante,IA%_visitante,3PC_visitante,3PT_visitante,3P%_visitante,2PC_visitante,2PT_visitante,2P%_visitante,LLC_visitante,LLT_visitante,LL%_visitante,EN_visitante,BR_visitante,B/E_visitante,TO_visitante,FC_visitante,T/FC_visitante,ET_visitante,VI_visitante,EF_visitante
60,62,2016-02-25,10,2,2015-2016,Coop/São José Basketball,Bauru Basket,79.75862068965517,29.15948275862069,39.956896551724135,15.258620689655173,32.939655172413794,9.262931034482758,23.676724137931036,16.44396551724138,13.875,1.29051724137931,8.181034482758621,23.405172413793103,34.96659482758621,19.978448275862068,37.50431034482759,53.43620689655176,15.258620689655173,19.974137931034484,75.83719827586202,0.8189655172413793,7.185344827586207,0.5461206896551721,2.2844827586206895,19.349137931034484,0.12564655172413788,13.875,2.146551724137931,88.59913793103448,83.17567567567568,33.12162162162162,39.57657657657658,15.36936936936937,33.288288288288285,9.68018018018018,23.60810810810811,15.265765765765765,11.423423423423424,1.5011261261261248,9.40990990990991,24.603603603603602,38.50761261261262,19.78828828828829,37.031531531531535,54.0369369369369,15.36936936936937,20.184684684684683,76.0563963963964,1.518018018018018,7.63063063063063,0.7404504504504497,1.7612612612612613,18.135135135135137,0.10121621621621618,11.423423423423424,1.936936936936937,93.86486486486487
