placar_casa,placar_visitante,data,round,stage,ano,equipe_casa,equipe_visitante,Pts_casa,3P_casa,2P_casa,LL_casa,RT_casa,RO_casa,RD_casa,AS_casa,ER_casa,IA%_casa,3PC_casa,3PT_casa,3P%_casa,2PC_casa,2PT_casa,2P%_casa,LLC_casa,LLT_casa,LL%_casa,EN_casa,BR_casa,B/E_casa,TO_casa,FC_casa,T/FC_casa,ET_casa,VI_casa,EF_casa,Pts_visitante,3P_visitante,2P_visitante,LL_visitante,RT_visitante,RO_visitante,RD_visitante,AS_visitante,ER_visitante,IA%_visitante,3PC_visitante,3PT_visitante,3P%_visitante,2PC_visitante,2PT_visitante,2P%_visitante,LLC_visitante,LLT_visitante,LL%_visitante,EN_visitante,BR_visitante,B/E_visitante,TO_visitante,FC_visitante,T/FC_visitante,ET_visitante,VI_visitante,EF_visitante
84,78,2023-02-14,4,2,2022-2023,UNIFACISA,Rio Claro,80.45781512605042,29.647058823529413,38.76470588235294,12.04655462184874,36.97453781512605,10.432436974789912,26.542352941176475,16.424453781512604,12.911764705882353,1.3411764705882354,9.882184873949578,28.04638655462185,35.064453781512604,19.38235294117647,37.50840336134454,51.793697478991604,12.04655462184874,16.155630252100835,74.21798319327729,1.390672268907563,7.243781512605043,0.5965546218487394,1.8153781512605045,20.067394957983197,0.09260504201680672,12.911764705882353,2.285798319327731,89.58840336134455,77.44527397260273,23.363013698630137,39.42479452054795,14.657465753424656,33.29445205479452,9.308287671232875,23.98616438356164,16.2122602739726,13.61650684931507,1.2765068493150684,7.787671232876712,23.46582191780822,33.04027397260274,19.712191780821914,37.74643835616438,52.34698630136987,14.657465753424656,19.630273972602744,74.08383561643836,1.8082191780821917,8.136986301369863,0.6250684931506851,1.678082191780822,21.815068493150687,0.07986301369863016,13.61650684931507,2.910958904109589,84.46575342465754
