placar_casa,placar_visitante,data,round,stage,ano,equipe_casa,equipe_visitante,Pts_casa,3P_casa,2P_casa,LL_casa,RT_casa,RO_casa,RD_casa,AS_casa,ER_casa,IA%_casa,3PC_casa,3PT_casa,3P%_casa,2PC_casa,2PT_casa,2P%_casa,LLC_casa,LLT_casa,LL%_casa,EN_casa,BR_casa,B/E_casa,TO_casa,FC_casa,T/FC_casa,ET_casa,VI_casa,EF_casa,Pts_visitante,3P_visitante,2P_visitante,LL_visitante,RT_visitante,RO_visitante,RD_visitante,AS_visitante,ER_visitante,IA%_visitante,3PC_visitante,3PT_visitante,3P%_visitante,2PC_visitante,2PT_visitante,2P%_visitante,LLC_visitante,LLT_visitante,LL%_visitante,EN_visitante,BR_visitante,B/E_visitante,TO_visitante,FC_visitante,T/FC_visitante,ET_visitante,VI_visitante,EF_visitante
68,75,2019-02-28,8,2,2018-2019,Bauru Basket,Pinheiros,82.78039344262292,32.19344262295082,38.66885245901639,15.478754098360657,34.49508196721312,9.645967213114755,24.8492131147541,15.842557377049179,12.081934426229507,1.4517049180327852,9.54422950819672,25.54095081967213,37.66632786885246,19.334426229508196,36.05904918032787,54.12688524590157,15.478754098360657,20.59016393442623,75.26865573770486,1.3935081967213119,7.5770819672131156,0.6915737704918025,1.8065573770491803,18.868819672131146,0.09885245901639338,12.081934426229507,2.229540983606557,93.60983606557377,83.89833898305083,29.044067796610168,40.68477966101695,16.447457627118645,33.43725423728814,9.372915254237288,24.064440677966104,15.562677966101694,13.223694915254237,1.2652542372881357,8.921999999999999,24.044101694915256,37.13308474576269,20.342338983050848,38.12542372881356,53.776372881355954,16.447457627118645,21.96606779661017,74.85233898305076,2.0033898305084747,8.132203389830508,0.6502033898305082,2.572847457627119,20.12884745762712,0.1337627118644067,13.223694915254237,2.3423728813559324,93.27796610169491
