placar_casa,placar_visitante,data,round,stage,ano,equipe_casa,equipe_visitante,Pts_casa,3P_casa,2P_casa,LL_casa,RT_casa,RO_casa,RD_casa,AS_casa,ER_casa,IA%_casa,3PC_casa,3PT_casa,3P%_casa,2PC_casa,2PT_casa,2P%_casa,LLC_casa,LLT_casa,LL%_casa,EN_casa,BR_casa,B/E_casa,TO_casa,FC_casa,T/FC_casa,ET_casa,VI_casa,EF_casa,Pts_visitante,3P_visitante,2P_visitante,LL_visitante,RT_visitante,RO_visitante,RD_visitante,AS_visitante,ER_visitante,IA%_visitante,3PC_visitante,3PT_visitante,3P%_visitante,2PC_visitante,2PT_visitante,2P%_visitante,LLC_visitante,LLT_visitante,LL%_visitante,EN_visitante,BR_visitante,B/E_visitante,TO_visitante,FC_visitante,T/FC_visitante,ET_visitante,VI_visitante,EF_visitante
73,64,2017-02-02,18,1,2016-2017,Mogi,Caxias do Sul Basquete,80.26285714285714,29.86285714285714,40.02285714285714,17.02857142857143,35.72571428571428,11.36,24.365714285714287,15.057142857142857,13.977142857142857,1.178057142857143,7.7371428571428575,21.885714285714286,35.524000000000015,20.01142857142857,39.714285714285715,50.68925714285714,17.02857142857143,22.885714285714286,74.18011428571428,1.3828571428571428,9.148571428571428,0.7102857142857142,1.7657142857142858,21.84,0.08445714285714287,13.977142857142857,2.9657142857142857,89.82857142857142,71.61224489795919,22.714285714285715,34.08163265306123,14.816326530612244,32.244897959183675,8.83673469387755,23.408163265306122,14.040816326530612,14.346938775510203,1.040204081632653,7.571428571428571,23.775510204081634,31.73102040816326,17.040816326530614,36.06122448979592,47.4665306122449,14.816326530612244,20.775510204081634,71.35040816326531,1.469387755102041,9.571428571428571,0.6924489795918368,1.530612244897959,22.26530612244898,0.0716326530612245,14.346938775510203,3.510204081632653,73.46938775510205
