placar_casa,placar_visitante,data,round,stage,ano,equipe_casa,equipe_visitante,Pts_casa,3P_casa,2P_casa,LL_casa,RT_casa,RO_casa,RD_casa,AS_casa,ER_casa,IA%_casa,3PC_casa,3PT_casa,3P%_casa,2PC_casa,2PT_casa,2P%_casa,LLC_casa,LLT_casa,LL%_casa,EN_casa,BR_casa,B/E_casa,TO_casa,FC_casa,T/FC_casa,ET_casa,VI_casa,EF_casa,Pts_visitante,3P_visitante,2P_visitante,LL_visitante,RT_visitante,RO_visitante,RD_visitante,AS_visitante,ER_visitante,IA%_visitante,3PC_visitante,3PT_visitante,3P%_visitante,2PC_visitante,2PT_visitante,2P%_visitante,LLC_visitante,LLT_visitante,LL%_visitante,EN_visitante,BR_visitante,B/E_visitante,TO_visitante,FC_visitante,T/FC_visitante,ET_visitante,VI_visitante,EF_visitante
99,63,2021-11-20,5,1,2021-2022,Flamengo,Minas,87.5923037974684,32.21772151898734,42.22273417721519,16.387291139240507,36.67339240506329,10.08098734177215,26.59240506329114,17.658253164556964,12.334151898734177,1.5779240506329115,9.66073417721519,26.037974683544302,37.25473417721522,21.111443037974684,37.779746835443035,56.05665822784811,16.387291139240507,21.597518987341772,75.84625316455691,1.6074936708860772,8.081037974683545,0.7124556962025314,1.8659240506329102,19.245569620253164,0.1008101265822785,12.334151898734177,1.8733670886075955,102.19739240506333,79.72189349112426,26.662721893491124,41.443757396449705,15.24550295857988,34.68940828402367,10.059112426035501,24.630207100591715,16.248461538461537,14.11825443786982,1.2385207100591722,7.677573964497043,22.16579881656805,34.59440828402365,20.721923076923076,39.28396449704142,52.85183431952661,15.24550295857988,20.618284023668636,73.6959171597632,1.4644970414201184,7.633165680473374,0.5742603550295851,2.3579881656804735,21.384674556213017,0.11556213017751495,14.11825443786982,2.576834319526628,88.90239644970413
