placar_casa,placar_visitante,data,round,stage,ano,equipe_casa,equipe_visitante,Pts_casa,3P_casa,2P_casa,LL_casa,RT_casa,RO_casa,RD_casa,AS_casa,ER_casa,IA%_casa,3PC_casa,3PT_casa,3P%_casa,2PC_casa,2PT_casa,2P%_casa,LLC_casa,LLT_casa,LL%_casa,EN_casa,BR_casa,B/E_casa,TO_casa,FC_casa,T/FC_casa,ET_casa,VI_casa,EF_casa,Pts_visitante,3P_visitante,2P_visitante,LL_visitante,RT_visitante,RO_visitante,RD_visitante,AS_visitante,ER_visitante,IA%_visitante,3PC_visitante,3PT_visitante,3P%_visitante,2PC_visitante,2PT_visitante,2P%_visitante,LLC_visitante,LLT_visitante,LL%_visitante,EN_visitante,BR_visitante,B/E_visitante,TO_visitante,FC_visitante,T/FC_visitante,ET_visitante,VI_visitante,EF_visitante
95,81,2016-12-15,9,1,2016-2017,Fortaleza B. C. / CFO,Sesi Franca,78.26666666666667,30.2,35.733333333333334,12.333333333333334,38.06666666666667,12.4,25.666666666666668,14.933333333333334,12.666666666666666,1.248,10.066666666666666,28.733333333333334,34.912000000000006,17.866666666666667,37.8,47.281333333333336,12.333333333333334,17.733333333333334,69.13333333333334,1.1333333333333333,9.866666666666667,0.8320000000000002,2.2,19.266666666666666,0.11400000000000002,12.666666666666666,2.0,86.66666666666667,78.6,22.2,39.2,17.2,32.2,8.8,23.4,15.6,15.266666666666667,1.116,7.4,22.266666666666666,33.62866666666667,19.6,36.266666666666666,54.524,17.2,22.333333333333332,75.89533333333333,1.8,8.066666666666666,0.5506666666666665,2.4,21.066666666666666,0.11266666666666669,15.266666666666667,3.2666666666666666,84.93333333333334
