placar_casa,placar_visitante,data,round,stage,ano,equipe_casa,equipe_visitante,Pts_casa,3P_casa,2P_casa,LL_casa,RT_casa,RO_casa,RD_casa,AS_casa,ER_casa,IA%_casa,3PC_casa,3PT_casa,3P%_casa,2PC_casa,2PT_casa,2P%_casa,LLC_casa,LLT_casa,LL%_casa,EN_casa,BR_casa,B/E_casa,TO_casa,FC_casa,T/FC_casa,ET_casa,VI_casa,EF_casa,Pts_visitante,3P_visitante,2P_visitante,LL_visitante,RT_visitante,RO_visitante,RD_visitante,AS_visitante,ER_visitante,IA%_visitante,3PC_visitante,3PT_visitante,3P%_visitante,2PC_visitante,2PT_visitante,2P%_visitante,LLC_visitante,LLT_visitante,LL%_visitante,EN_visitante,BR_visitante,B/E_visitante,TO_visitante,FC_visitante,T/FC_visitante,ET_visitante,VI_visitante,EF_visitante
74,77,2017-01-25,16,1,2016-2017,Fortaleza B. C. / CFO,Pinheiros,77.53333333333333,27.6,38.13333333333333,11.8,38.0,11.933333333333334,26.066666666666666,13.666666666666666,12.466666666666667,1.1260000000000001,9.2,27.333333333333332,33.544000000000004,19.066666666666666,40.2,47.035999999999994,11.8,17.266666666666666,67.99333333333333,1.3333333333333333,8.266666666666667,0.7113333333333335,1.9333333333333333,19.333333333333332,0.09733333333333334,12.466666666666667,2.3333333333333335,82.2,83.33333333333333,20.6,45.46666666666667,17.266666666666666,39.13333333333333,12.4,26.733333333333334,17.0,13.466666666666667,1.3159999999999998,6.866666666666666,24.6,28.137333333333334,22.733333333333334,41.266666666666666,54.96799999999999,17.266666666666666,22.8,76.62666666666668,2.4,8.266666666666667,0.6253333333333334,2.8666666666666667,21.0,0.14800000000000002,13.466666666666667,3.3333333333333335,95.33333333333333
