placar_casa,placar_visitante,data,round,stage,ano,equipe_casa,equipe_visitante,Pts_casa,3P_casa,2P_casa,LL_casa,RT_casa,RO_casa,RD_casa,AS_casa,ER_casa,IA%_casa,3PC_casa,3PT_casa,3P%_casa,2PC_casa,2PT_casa,2P%_casa,LLC_casa,LLT_casa,LL%_casa,EN_casa,BR_casa,B/E_casa,TO_casa,FC_casa,T/FC_casa,ET_casa,VI_casa,EF_casa,Pts_visitante,3P_visitante,2P_visitante,LL_visitante,RT_visitante,RO_visitante,RD_visitante,AS_visitante,ER_visitante,IA%_visitante,3PC_visitante,3PT_visitante,3P%_visitante,2PC_visitante,2PT_visitante,2P%_visitante,LLC_visitante,LLT_visitante,LL%_visitante,EN_visitante,BR_visitante,B/E_visitante,TO_visitante,FC_visitante,T/FC_visitante,ET_visitante,VI_visitante,EF_visitante
78,77,2014-12-16,11,1,2014-2015,Macaé Basquete,Fortaleza B. C. / CFO,78.33333333333333,26.2,36.53333333333333,15.6,31.666666666666668,8.4,23.266666666666666,13.733333333333333,13.2,1.1746666666666667,8.733333333333333,23.133333333333333,37.89266666666666,18.266666666666666,35.86666666666667,50.88533333333335,15.6,20.0,78.10933333333334,1.2666666666666666,9.066666666666666,0.7293333333333334,1.6,22.666666666666668,0.07266666666666667,13.2,3.0,84.8,74.2,23.4,38.666666666666664,12.133333333333333,35.8,11.6,24.2,13.666666666666666,14.133333333333333,1.0353333333333332,7.8,25.6,30.19133333333333,19.333333333333332,39.46666666666667,48.99266666666666,12.133333333333333,17.533333333333335,69.4,1.2,10.133333333333333,0.7326666666666667,2.7333333333333334,19.133333333333333,0.146,14.133333333333333,2.3333333333333335,79.06666666666666
