placar_casa,placar_visitante,data,round,stage,ano,equipe_casa,equipe_visitante,Pts_casa,3P_casa,2P_casa,LL_casa,RT_casa,RO_casa,RD_casa,AS_casa,ER_casa,IA%_casa,3PC_casa,3PT_casa,3P%_casa,2PC_casa,2PT_casa,2P%_casa,LLC_casa,LLT_casa,LL%_casa,EN_casa,BR_casa,B/E_casa,TO_casa,FC_casa,T/FC_casa,ET_casa,VI_casa,EF_casa,Pts_visitante,3P_visitante,2P_visitante,LL_visitante,RT_visitante,RO_visitante,RD_visitante,AS_visitante,ER_visitante,IA%_visitante,3PC_visitante,3PT_visitante,3P%_visitante,2PC_visitante,2PT_visitante,2P%_visitante,LLC_visitante,LLT_visitante,LL%_visitante,EN_visitante,BR_visitante,B/E_visitante,TO_visitante,FC_visitante,T/FC_visitante,ET_visitante,VI_visitante,EF_visitante
81,77,2013-12-12,9,1,2013-2014,Goiânia,Palmeiras,74.14285714285714,26.571428571428573,34.57142857142857,13.0,31.142857142857142,7.571428571428571,23.571428571428573,12.142857142857142,12.857142857142858,1.1528571428571428,8.857142857142858,23.428571428571427,38.50142857142857,17.285714285714285,33.714285714285715,51.478571428571435,13.0,18.0,72.23142857142857,0.8571428571428571,7.857142857142857,0.6614285714285714,1.2857142857142858,21.714285714285715,0.06142857142857142,12.857142857142858,2.857142857142857,77.71428571428571,77.6,24.0,40.666666666666664,16.333333333333332,34.93333333333333,10.533333333333333,24.4,12.866666666666667,12.466666666666667,1.1666666666666667,6.866666666666666,21.8,30.938,20.333333333333332,40.266666666666666,51.220666666666666,16.333333333333332,24.133333333333333,67.74933333333333,2.533333333333333,8.066666666666666,0.744,2.4,20.4,0.11200000000000002,12.466666666666667,2.466666666666667,81.2
