placar_casa,placar_visitante,data,round,stage,ano,equipe_casa,equipe_visitante,Pts_casa,3P_casa,2P_casa,LL_casa,RT_casa,RO_casa,RD_casa,AS_casa,ER_casa,IA%_casa,3PC_casa,3PT_casa,3P%_casa,2PC_casa,2PT_casa,2P%_casa,LLC_casa,LLT_casa,LL%_casa,EN_casa,BR_casa,B/E_casa,TO_casa,FC_casa,T/FC_casa,ET_casa,VI_casa,EF_casa,Pts_visitante,3P_visitante,2P_visitante,LL_visitante,RT_visitante,RO_visitante,RD_visitante,AS_visitante,ER_visitante,IA%_visitante,3PC_visitante,3PT_visitante,3P%_visitante,2PC_visitante,2PT_visitante,2P%_visitante,LLC_visitante,LLT_visitante,LL%_visitante,EN_visitante,BR_visitante,B/E_visitante,TO_visitante,FC_visitante,T/FC_visitante,ET_visitante,VI_visitante,EF_visitante
80,81,2013-12-12,9,1,2013-2014,Uberlândia,Paulistano,84.0,29.4,39.6,15.0,32.733333333333334,8.733333333333333,24.0,17.066666666666666,10.4,1.895333333333333,9.8,22.4,43.67133333333334,19.8,38.93333333333333,51.24666666666666,15.0,19.333333333333332,78.99666666666667,3.2,6.4,0.6713333333333332,2.0,19.133333333333333,0.10333333333333333,10.4,2.6666666666666665,95.73333333333333,77.46666666666667,26.0,37.733333333333334,13.733333333333333,32.13333333333333,9.333333333333334,22.8,11.266666666666667,13.866666666666667,0.8853333333333333,8.666666666666666,22.4,39.192,18.866666666666667,37.93333333333333,49.99733333333334,13.733333333333333,19.466666666666665,68.57733333333334,1.4666666666666666,6.866666666666666,0.5673333333333334,1.5333333333333334,21.866666666666667,0.07600000000000001,13.866666666666667,2.8,76.86666666666666
