placar_casa,placar_visitante,data,round,stage,ano,equipe_casa,equipe_visitante,Pts_casa,3P_casa,2P_casa,LL_casa,RT_casa,RO_casa,RD_casa,AS_casa,ER_casa,IA%_casa,3PC_casa,3PT_casa,3P%_casa,2PC_casa,2PT_casa,2P%_casa,LLC_casa,LLT_casa,LL%_casa,EN_casa,BR_casa,B/E_casa,TO_casa,FC_casa,T/FC_casa,ET_casa,VI_casa,EF_casa,Pts_visitante,3P_visitante,2P_visitante,LL_visitante,RT_visitante,RO_visitante,RD_visitante,AS_visitante,ER_visitante,IA%_visitante,3PC_visitante,3PT_visitante,3P%_visitante,2PC_visitante,2PT_visitante,2P%_visitante,LLC_visitante,LLT_visitante,LL%_visitante,EN_visitante,BR_visitante,B/E_visitante,TO_visitante,FC_visitante,T/FC_visitante,ET_visitante,VI_visitante,EF_visitante
91,93,2014-01-08,14,1,2013-2014,Pinheiros,Paulistano,85.2,33.6,38.0,13.6,31.4,7.866666666666666,23.533333333333335,16.333333333333332,11.133333333333333,1.706,11.2,26.6,42.36866666666667,19.0,35.333333333333336,54.14666666666666,13.6,18.133333333333333,74.47,2.3333333333333335,8.533333333333333,0.8346666666666667,3.466666666666667,18.533333333333335,0.1953333333333333,11.133333333333333,1.7333333333333334,97.53333333333333,79.73333333333333,25.0,39.733333333333334,15.0,32.6,9.8,22.8,11.4,12.866666666666667,0.998,8.333333333333334,23.266666666666666,36.52066666666667,19.866666666666667,38.46666666666667,51.715333333333334,15.0,19.533333333333335,73.96466666666669,0.8,8.733333333333333,0.7446666666666666,1.5333333333333334,22.333333333333332,0.07266666666666667,12.866666666666667,1.8666666666666667,83.06666666666666
