placar_casa,placar_visitante,data,round,stage,ano,equipe_casa,equipe_visitante,Pts_casa,3P_casa,2P_casa,LL_casa,RT_casa,RO_casa,RD_casa,AS_casa,ER_casa,IA%_casa,3PC_casa,3PT_casa,3P%_casa,2PC_casa,2PT_casa,2P%_casa,LLC_casa,LLT_casa,LL%_casa,EN_casa,BR_casa,B/E_casa,TO_casa,FC_casa,T/FC_casa,ET_casa,VI_casa,EF_casa,Pts_visitante,3P_visitante,2P_visitante,LL_visitante,RT_visitante,RO_visitante,RD_visitante,AS_visitante,ER_visitante,IA%_visitante,3PC_visitante,3PT_visitante,3P%_visitante,2PC_visitante,2PT_visitante,2P%_visitante,LLC_visitante,LLT_visitante,LL%_visitante,EN_visitante,BR_visitante,B/E_visitante,TO_visitante,FC_visitante,T/FC_visitante,ET_visitante,VI_visitante,EF_visitante
96,70,2014-01-11,15,1,2013-2014,Paulistano,L. Sorocabana,79.86666666666666,25.2,38.666666666666664,16.0,33.06666666666667,10.066666666666666,23.0,11.066666666666666,12.866666666666667,0.9760000000000001,8.4,23.533333333333335,36.40466666666667,19.333333333333332,38.06666666666667,50.968666666666664,16.0,20.533333333333335,74.89333333333335,0.6,9.333333333333334,0.7846666666666665,1.2666666666666666,22.2,0.06266666666666668,12.866666666666667,1.8666666666666667,83.33333333333333,73.73333333333333,20.8,38.13333333333333,14.8,31.133333333333333,10.2,20.933333333333334,10.8,12.066666666666666,0.966,6.933333333333334,19.733333333333334,34.81466666666667,19.066666666666666,39.4,48.874,14.8,20.0,73.30799999999999,1.4,10.266666666666667,0.9099999999999999,1.9333333333333333,22.066666666666666,0.09133333333333334,12.066666666666666,2.066666666666667,77.46666666666667
