placar_casa,placar_visitante,data,round,stage,ano,equipe_casa,equipe_visitante,Pts_casa,3P_casa,2P_casa,LL_casa,RT_casa,RO_casa,RD_casa,AS_casa,ER_casa,IA%_casa,3PC_casa,3PT_casa,3P%_casa,2PC_casa,2PT_casa,2P%_casa,LLC_casa,LLT_casa,LL%_casa,EN_casa,BR_casa,B/E_casa,TO_casa,FC_casa,T/FC_casa,ET_casa,VI_casa,EF_casa,Pts_visitante,3P_visitante,2P_visitante,LL_visitante,RT_visitante,RO_visitante,RD_visitante,AS_visitante,ER_visitante,IA%_visitante,3PC_visitante,3PT_visitante,3P%_visitante,2PC_visitante,2PT_visitante,2P%_visitante,LLC_visitante,LLT_visitante,LL%_visitante,EN_visitante,BR_visitante,B/E_visitante,TO_visitante,FC_visitante,T/FC_visitante,ET_visitante,VI_visitante,EF_visitante
60,77,2013-12-07,8,1,2013-2014,Espírito Santo,Flamengo,77.2,37.2,40.53333333333333,16.266666666666666,30.866666666666667,9.866666666666667,21.0,11.4,12.266666666666667,1.114666666666667,6.8,22.8,29.795999999999996,20.266666666666666,41.666666666666664,48.645999999999994,16.266666666666666,20.4,79.40133333333333,1.7333333333333334,7.533333333333333,0.6913333333333332,1.2,18.333333333333332,0.06733333333333333,12.266666666666667,1.9333333333333333,76.53333333333333,83.4,22.6,43.333333333333336,17.466666666666665,33.2,9.466666666666667,23.733333333333334,13.8,13.066666666666666,1.1340000000000001,7.533333333333333,22.066666666666666,34.49533333333333,21.666666666666668,39.333333333333336,55.38466666666667,17.466666666666665,22.4,79.78866666666667,2.2,8.666666666666666,0.6753333333333333,2.2666666666666666,21.266666666666666,0.10866666666666666,13.066666666666666,2.1333333333333333,91.13333333333334
