placar_casa,placar_visitante,data,round,stage,ano,equipe_casa,equipe_visitante,Pts_casa,3P_casa,2P_casa,LL_casa,RT_casa,RO_casa,RD_casa,AS_casa,ER_casa,IA%_casa,3PC_casa,3PT_casa,3P%_casa,2PC_casa,2PT_casa,2P%_casa,LLC_casa,LLT_casa,LL%_casa,EN_casa,BR_casa,B/E_casa,TO_casa,FC_casa,T/FC_casa,ET_casa,VI_casa,EF_casa,Pts_visitante,3P_visitante,2P_visitante,LL_visitante,RT_visitante,RO_visitante,RD_visitante,AS_visitante,ER_visitante,IA%_visitante,3PC_visitante,3PT_visitante,3P%_visitante,2PC_visitante,2PT_visitante,2P%_visitante,LLC_visitante,LLT_visitante,LL%_visitante,EN_visitante,BR_visitante,B/E_visitante,TO_visitante,FC_visitante,T/FC_visitante,ET_visitante,VI_visitante,EF_visitante
70,83,2011-11-24,3,1,2011-2012,Minas,Flamengo,85.2,21.6,48.666666666666664,14.933333333333334,32.13333333333333,9.4,22.733333333333334,19.733333333333334,14.333333333333334,1.4313333333333336,7.2,20.133333333333333,34.74333333333334,24.333333333333332,42.266666666666666,57.274,14.933333333333334,19.266666666666666,76.42133333333332,0.8666666666666667,6.533333333333333,0.4546666666666666,2.7333333333333334,21.066666666666666,0.142,14.333333333333334,2.4,96.8,91.8,34.4,43.06666666666667,14.333333333333334,31.0,6.666666666666667,24.333333333333332,14.533333333333333,12.466666666666667,1.272,11.466666666666667,26.6,42.55466666666666,21.533333333333335,35.733333333333334,59.999333333333325,14.333333333333334,19.333333333333332,72.66666666666667,2.466666666666667,8.666666666666666,0.7813333333333335,1.2,20.8,0.05933333333333333,12.466666666666667,2.466666666666667,100.4
