placar_casa,placar_visitante,data,round,stage,ano,equipe_casa,equipe_visitante,Pts_casa,3P_casa,2P_casa,LL_casa,RT_casa,RO_casa,RD_casa,AS_casa,ER_casa,IA%_casa,3PC_casa,3PT_casa,3P%_casa,2PC_casa,2PT_casa,2P%_casa,LLC_casa,LLT_casa,LL%_casa,EN_casa,BR_casa,B/E_casa,TO_casa,FC_casa,T/FC_casa,ET_casa,VI_casa,EF_casa,Pts_visitante,3P_visitante,2P_visitante,LL_visitante,RT_visitante,RO_visitante,RD_visitante,AS_visitante,ER_visitante,IA%_visitante,3PC_visitante,3PT_visitante,3P%_visitante,2PC_visitante,2PT_visitante,2P%_visitante,LLC_visitante,LLT_visitante,LL%_visitante,EN_visitante,BR_visitante,B/E_visitante,TO_visitante,FC_visitante,T/FC_visitante,ET_visitante,VI_visitante,EF_visitante
86,70,2011-12-01,5,1,2011-2012,Limeira,Paulistano,84.13333333333334,27.0,40.4,16.733333333333334,29.0,7.2,21.8,16.666666666666668,13.266666666666667,1.2819999999999998,9.0,25.2,37.21,20.2,36.46666666666667,55.674,16.733333333333334,21.266666666666666,79.33200000000001,2.533333333333333,8.8,0.6953333333333332,3.8,19.866666666666667,0.19799999999999998,13.266666666666667,0.6,92.13333333333334,85.2,25.6,44.53333333333333,15.066666666666666,30.666666666666668,10.666666666666666,20.0,14.0,13.4,1.1333333333333333,8.533333333333333,24.2,35.50733333333333,22.266666666666666,40.86666666666667,54.35066666666666,15.066666666666666,20.0,75.14466666666667,1.6,8.533333333333333,0.6593333333333334,1.8,21.533333333333335,0.084,13.4,2.466666666666667,87.6
