placar_casa,placar_visitante,data,round,stage,ano,equipe_casa,equipe_visitante,Pts_casa,3P_casa,2P_casa,LL_casa,RT_casa,RO_casa,RD_casa,AS_casa,ER_casa,IA%_casa,3PC_casa,3PT_casa,3P%_casa,2PC_casa,2PT_casa,2P%_casa,LLC_casa,LLT_casa,LL%_casa,EN_casa,BR_casa,B/E_casa,TO_casa,FC_casa,T/FC_casa,ET_casa,VI_casa,EF_casa,Pts_visitante,3P_visitante,2P_visitante,LL_visitante,RT_visitante,RO_visitante,RD_visitante,AS_visitante,ER_visitante,IA%_visitante,3PC_visitante,3PT_visitante,3P%_visitante,2PC_visitante,2PT_visitante,2P%_visitante,LLC_visitante,LLT_visitante,LL%_visitante,EN_visitante,BR_visitante,B/E_visitante,TO_visitante,FC_visitante,T/FC_visitante,ET_visitante,VI_visitante,EF_visitante
80,77,2023-12-09,8,1,2023-2024,Sesi Franca,Cerrado,87.48933333333335,28.6,42.489999999999995,16.399333333333335,39.44466666666667,11.089333333333332,28.356666666666673,18.665999999999997,14.177999999999997,1.3579999999999999,9.533333333333333,27.77666666666666,34.72866666666667,21.24333333333333,36.06733333333333,58.50066666666668,16.399333333333335,20.709999999999994,78.93999999999998,2.1333333333333333,7.177333333333333,0.5226666666666667,3.0900000000000007,18.889333333333337,0.17533333333333337,14.177999999999997,2.8233333333333337,104.30999999999999,72.83466666666666,23.9,38.13333333333333,10.799333333333333,41.26533333333334,13.200666666666667,28.066666666666663,16.400666666666666,13.233333333333336,1.284,7.966666666666667,27.466,29.430666666666664,19.066666666666663,39.666666666666664,48.40333333333334,10.799333333333333,17.601333333333336,62.72266666666666,1.666666666666667,6.966666666666667,0.5466666666666666,2.066666666666666,16.599999999999998,0.12200000000000001,13.233333333333336,2.5000000000000004,79.39933333333335
