placar_casa,placar_visitante,data,round,stage,ano,equipe_casa,equipe_visitante,Pts_casa,3P_casa,2P_casa,LL_casa,RT_casa,RO_casa,RD_casa,AS_casa,ER_casa,IA%_casa,3PC_casa,3PT_casa,3P%_casa,2PC_casa,2PT_casa,2P%_casa,LLC_casa,LLT_casa,LL%_casa,EN_casa,BR_casa,B/E_casa,TO_casa,FC_casa,T/FC_casa,ET_casa,VI_casa,EF_casa,Pts_visitante,3P_visitante,2P_visitante,LL_visitante,RT_visitante,RO_visitante,RD_visitante,AS_visitante,ER_visitante,IA%_visitante,3PC_visitante,3PT_visitante,3P%_visitante,2PC_visitante,2PT_visitante,2P%_visitante,LLC_visitante,LLT_visitante,LL%_visitante,EN_visitante,BR_visitante,B/E_visitante,TO_visitante,FC_visitante,T/FC_visitante,ET_visitante,VI_visitante,EF_visitante
99,80,2023-11-16,5,1,2023-2024,Minas,Bauru Basket,83.46666666666667,29.4,38.666666666666664,15.4,36.86666666666667,9.066666666666666,27.8,19.066666666666666,12.2,1.7633333333333334,9.8,26.933333333333334,35.12800000000001,19.333333333333332,34.8,55.894000000000005,15.4,19.333333333333332,80.08533333333334,1.5333333333333334,5.266666666666667,0.4346666666666666,1.7333333333333334,20.933333333333334,0.08600000000000002,12.2,2.7333333333333334,97.66666666666667,77.4,31.4,35.4,10.6,31.7,8.633333333333333,23.066666666666666,17.2,11.8,1.4726666666666668,10.466666666666667,28.366666666666667,36.59333333333334,17.7,35.36666666666667,50.117333333333335,10.6,13.966666666666667,73.75399999999999,1.6,8.1,0.7093333333333333,1.1666666666666667,18.666666666666668,0.066,11.8,2.8,84.83333333333333
