placar_casa,placar_visitante,data,round,stage,ano,equipe_casa,equipe_visitante,Pts_casa,3P_casa,2P_casa,LL_casa,RT_casa,RO_casa,RD_casa,AS_casa,ER_casa,IA%_casa,3PC_casa,3PT_casa,3P%_casa,2PC_casa,2PT_casa,2P%_casa,LLC_casa,LLT_casa,LL%_casa,EN_casa,BR_casa,B/E_casa,TO_casa,FC_casa,T/FC_casa,ET_casa,VI_casa,EF_casa,Pts_visitante,3P_visitante,2P_visitante,LL_visitante,RT_visitante,RO_visitante,RD_visitante,AS_visitante,ER_visitante,IA%_visitante,3PC_visitante,3PT_visitante,3P%_visitante,2PC_visitante,2PT_visitante,2P%_visitante,LLC_visitante,LLT_visitante,LL%_visitante,EN_visitante,BR_visitante,B/E_visitante,TO_visitante,FC_visitante,T/FC_visitante,ET_visitante,VI_visitante,EF_visitante
85,88,2023-11-13,5,1,2023-2024,Sesi Franca,Pinheiros,91.53333333333333,31.0,43.2,17.333333333333332,37.53333333333333,10.2,27.333333333333332,19.0,11.466666666666667,2.3193333333333337,10.333333333333334,29.133333333333333,35.74066666666666,21.6,36.266666666666666,59.23933333333334,17.333333333333332,21.933333333333334,79.03800000000001,2.066666666666667,5.266666666666667,0.5013333333333333,3.2,21.266666666666666,0.158,11.466666666666667,2.066666666666667,107.0,79.0,27.2,38.53333333333333,13.266666666666667,41.06666666666667,12.4,28.666666666666668,17.4,16.066666666666666,1.1506666666666665,9.066666666666666,25.533333333333335,35.40666666666666,19.266666666666666,38.333333333333336,50.486,13.266666666666667,19.933333333333334,66.598,1.3333333333333333,6.733333333333333,0.454,1.9333333333333333,20.733333333333334,0.09399999999999999,16.066666666666666,2.3333333333333335,87.86666666666666
