placar_casa,placar_visitante,data,round,stage,ano,equipe_casa,equipe_visitante,Pts_casa,3P_casa,2P_casa,LL_casa,RT_casa,RO_casa,RD_casa,AS_casa,ER_casa,IA%_casa,3PC_casa,3PT_casa,3P%_casa,2PC_casa,2PT_casa,2P%_casa,LLC_casa,LLT_casa,LL%_casa,EN_casa,BR_casa,B/E_casa,TO_casa,FC_casa,T/FC_casa,ET_casa,VI_casa,EF_casa,Pts_visitante,3P_visitante,2P_visitante,LL_visitante,RT_visitante,RO_visitante,RD_visitante,AS_visitante,ER_visitante,IA%_visitante,3PC_visitante,3PT_visitante,3P%_visitante,2PC_visitante,2PT_visitante,2P%_visitante,LLC_visitante,LLT_visitante,LL%_visitante,EN_visitante,BR_visitante,B/E_visitante,TO_visitante,FC_visitante,T/FC_visitante,ET_visitante,VI_visitante,EF_visitante
73,64,2023-12-21,10,1,2023-2024,Caxias do Sul Basquete,Pinheiros,71.2,20.6,35.93333333333333,14.666666666666666,35.6,11.1,24.5,16.2,14.666666666666666,1.13,6.866666666666666,24.066666666666666,29.007999999999992,17.966666666666665,39.36666666666667,45.81466666666667,14.666666666666666,21.566666666666666,68.638,2.1666666666666665,7.933333333333334,0.5653333333333334,1.9333333333333333,19.966666666666665,0.09666666666666668,14.666666666666666,3.466666666666667,72.7,75.35533333333333,27.466666666666665,35.644666666666666,12.244666666666667,38.333333333333336,11.688666666666668,26.64466666666667,16.755333333333333,14.888666666666667,1.1993333333333331,9.155333333333335,28.133333333333333,33.20733333333333,17.822,34.55533333333334,51.591333333333324,12.244666666666667,18.111333333333334,67.06066666666666,1.2446666666666668,5.266666666666667,0.382,1.778,18.333333333333332,0.09733333333333336,14.888666666666667,2.822,81.02199999999999
