placar_casa,placar_visitante,data,round,stage,ano,equipe_casa,equipe_visitante,Pts_casa,3P_casa,2P_casa,LL_casa,RT_casa,RO_casa,RD_casa,AS_casa,ER_casa,IA%_casa,3PC_casa,3PT_casa,3P%_casa,2PC_casa,2PT_casa,2P%_casa,LLC_casa,LLT_casa,LL%_casa,EN_casa,BR_casa,B/E_casa,TO_casa,FC_casa,T/FC_casa,ET_casa,VI_casa,EF_casa,Pts_visitante,3P_visitante,2P_visitante,LL_visitante,RT_visitante,RO_visitante,RD_visitante,AS_visitante,ER_visitante,IA%_visitante,3PC_visitante,3PT_visitante,3P%_visitante,2PC_visitante,2PT_visitante,2P%_visitante,LLC_visitante,LLT_visitante,LL%_visitante,EN_visitante,BR_visitante,B/E_visitante,TO_visitante,FC_visitante,T/FC_visitante,ET_visitante,VI_visitante,EF_visitante
73,71,2023-12-09,8,1,2023-2024,Pinheiros,Coop/São José Basketball,78.46666666666667,27.5,38.333333333333336,12.633333333333333,39.3,12.733333333333333,26.566666666666666,16.833333333333332,14.4,1.2633333333333332,9.166666666666666,26.6,34.24466666666667,19.166666666666668,37.733333333333334,51.18533333333333,12.633333333333333,18.933333333333334,66.18733333333334,1.3,5.7,0.4286666666666668,1.6333333333333333,19.333333333333332,0.08266666666666668,14.4,2.1666666666666665,85.23333333333333,80.9,27.4,40.53333333333333,12.966666666666667,38.6,9.9,28.7,19.133333333333333,14.866666666666667,1.3233333333333335,9.133333333333333,26.133333333333333,34.92933333333333,20.266666666666666,37.2,54.57999999999999,12.966666666666667,18.2,71.286,1.6666666666666667,7.733333333333333,0.5259999999999999,1.8,19.533333333333335,0.09733333333333334,14.866666666666667,2.933333333333333,94.13333333333334
