placar_casa,placar_visitante,data,round,stage,ano,equipe_casa,equipe_visitante,Pts_casa,3P_casa,2P_casa,LL_casa,RT_casa,RO_casa,RD_casa,AS_casa,ER_casa,IA%_casa,3PC_casa,3PT_casa,3P%_casa,2PC_casa,2PT_casa,2P%_casa,LLC_casa,LLT_casa,LL%_casa,EN_casa,BR_casa,B/E_casa,TO_casa,FC_casa,T/FC_casa,ET_casa,VI_casa,EF_casa,Pts_visitante,3P_visitante,2P_visitante,LL_visitante,RT_visitante,RO_visitante,RD_visitante,AS_visitante,ER_visitante,IA%_visitante,3PC_visitante,3PT_visitante,3P%_visitante,2PC_visitante,2PT_visitante,2P%_visitante,LLC_visitante,LLT_visitante,LL%_visitante,EN_visitante,BR_visitante,B/E_visitante,TO_visitante,FC_visitante,T/FC_visitante,ET_visitante,VI_visitante,EF_visitante
100,77,2023-12-07,8,1,2023-2024,Sesi Franca,BRB/Brasília,87.64466666666667,28.4,42.312,16.93266666666667,39.956,11.444666666666667,28.512000000000004,18.532666666666664,13.422666666666665,1.43,9.466666666666667,27.821333333333328,34.398,21.154666666666664,36.734,57.204666666666675,16.93266666666667,21.22133333333333,79.49066666666666,2.1333333333333333,6.955333333333333,0.528,3.3120000000000003,19.178,0.1826666666666667,13.422666666666665,2.7120000000000006,104.75466666666667,71.33333333333333,25.2,31.955333333333332,14.177999999999999,33.578,9.155333333333335,24.422,13.444666666666667,14.733333333333333,0.9619999999999999,8.4,25.84466666666667,32.32,15.978000000000002,36.2,44.29466666666667,14.177999999999999,19.911333333333335,69.96133333333333,1.3333333333333333,7.2219999999999995,0.5240000000000001,1.0666666666666667,20.666666666666668,0.051333333333333335,14.733333333333333,3.3113333333333332,68.51133333333334
