placar_casa,placar_visitante,data,round,stage,ano,equipe_casa,equipe_visitante,Pts_casa,3P_casa,2P_casa,LL_casa,RT_casa,RO_casa,RD_casa,AS_casa,ER_casa,IA%_casa,3PC_casa,3PT_casa,3P%_casa,2PC_casa,2PT_casa,2P%_casa,LLC_casa,LLT_casa,LL%_casa,EN_casa,BR_casa,B/E_casa,TO_casa,FC_casa,T/FC_casa,ET_casa,VI_casa,EF_casa,Pts_visitante,3P_visitante,2P_visitante,LL_visitante,RT_visitante,RO_visitante,RD_visitante,AS_visitante,ER_visitante,IA%_visitante,3PC_visitante,3PT_visitante,3P%_visitante,2PC_visitante,2PT_visitante,2P%_visitante,LLC_visitante,LLT_visitante,LL%_visitante,EN_visitante,BR_visitante,B/E_visitante,TO_visitante,FC_visitante,T/FC_visitante,ET_visitante,VI_visitante,EF_visitante
93,67,2023-12-02,7,1,2023-2024,Flamengo,Sesi Franca,81.06666666666666,29.4,36.266666666666666,15.4,38.06666666666667,12.233333333333333,25.833333333333332,18.8,13.766666666666667,1.4866666666666668,9.8,30.933333333333334,32.15,18.133333333333333,31.833333333333332,56.58733333333334,15.4,19.8,77.84733333333332,1.6333333333333333,7.666666666666667,0.5939999999999999,1.3333333333333333,17.7,0.07933333333333335,13.766666666666667,2.466666666666667,93.93333333333334,89.53333333333333,29.0,43.867333333333335,16.666000000000004,39.867333333333335,11.2,28.667333333333335,18.932666666666663,12.800666666666665,1.5159999999999998,9.666666666666666,27.732666666666663,35.31000000000001,21.932666666666663,37.467333333333336,58.14000000000001,16.666000000000004,21.065999999999995,78.86466666666666,2.066666666666667,6.733333333333333,0.5266666666666667,3.3340000000000005,19.066666666666666,0.18533333333333332,12.800666666666665,2.400666666666667,107.59933333333332
