placar_casa,placar_visitante,data,round,stage,ano,equipe_casa,equipe_visitante,Pts_casa,3P_casa,2P_casa,LL_casa,RT_casa,RO_casa,RD_casa,AS_casa,ER_casa,IA%_casa,3PC_casa,3PT_casa,3P%_casa,2PC_casa,2PT_casa,2P%_casa,LLC_casa,LLT_casa,LL%_casa,EN_casa,BR_casa,B/E_casa,TO_casa,FC_casa,T/FC_casa,ET_casa,VI_casa,EF_casa,Pts_visitante,3P_visitante,2P_visitante,LL_visitante,RT_visitante,RO_visitante,RD_visitante,AS_visitante,ER_visitante,IA%_visitante,3PC_visitante,3PT_visitante,3P%_visitante,2PC_visitante,2PT_visitante,2P%_visitante,LLC_visitante,LLT_visitante,LL%_visitante,EN_visitante,BR_visitante,B/E_visitante,TO_visitante,FC_visitante,T/FC_visitante,ET_visitante,VI_visitante,EF_visitante
86,91,2023-12-09,8,1,2023-2024,Corinthians,Botafogo,77.9,23.2,40.13333333333333,14.566666666666666,38.833333333333336,10.8,28.033333333333335,15.733333333333333,12.3,1.3153333333333337,7.733333333333333,27.166666666666668,28.342666666666666,20.066666666666666,37.333333333333336,53.947999999999986,14.566666666666666,19.6,74.75399999999999,2.2,5.8,0.47866666666666674,2.466666666666667,18.066666666666666,0.13733333333333334,12.3,2.533333333333333,86.7,75.88933333333334,25.1,37.37733333333334,13.410666666666664,35.86666666666667,11.433333333333334,24.433333333333334,15.8,14.644000000000002,1.162,8.366666666666667,28.077333333333332,29.787333333333333,18.689333333333334,36.544,51.39666666666666,13.410666666666664,18.644,72.18666666666665,0.34400000000000003,6.733333333333333,0.5079999999999999,1.9,20.743999999999996,0.09333333333333337,14.644000000000002,3.4226666666666667,78.74399999999999
