placar_casa,placar_visitante,data,round,stage,ano,equipe_casa,equipe_visitante,Pts_casa,3P_casa,2P_casa,LL_casa,RT_casa,RO_casa,RD_casa,AS_casa,ER_casa,IA%_casa,3PC_casa,3PT_casa,3P%_casa,2PC_casa,2PT_casa,2P%_casa,LLC_casa,LLT_casa,LL%_casa,EN_casa,BR_casa,B/E_casa,TO_casa,FC_casa,T/FC_casa,ET_casa,VI_casa,EF_casa,Pts_visitante,3P_visitante,2P_visitante,LL_visitante,RT_visitante,RO_visitante,RD_visitante,AS_visitante,ER_visitante,IA%_visitante,3PC_visitante,3PT_visitante,3P%_visitante,2PC_visitante,2PT_visitante,2P%_visitante,LLC_visitante,LLT_visitante,LL%_visitante,EN_visitante,BR_visitante,B/E_visitante,TO_visitante,FC_visitante,T/FC_visitante,ET_visitante,VI_visitante,EF_visitante
80,74,2023-11-09,4,1,2023-2024,Bauru Basket,Corinthians,78.8,30.1,36.266666666666666,12.433333333333334,32.06666666666667,8.6,23.466666666666665,16.7,11.4,1.4839999999999998,10.033333333333333,28.266666666666666,35.11999999999999,18.133333333333333,34.96666666666667,52.09066666666668,12.433333333333334,15.666666666666666,77.43533333333335,1.3666666666666667,8.366666666666667,0.7453333333333332,1.5,19.066666666666666,0.08400000000000002,11.4,2.8333333333333335,87.73333333333333,78.26666666666667,25.1,39.06666666666667,14.1,39.233333333333334,10.766666666666667,28.466666666666665,16.5,14.066666666666666,1.293333333333333,8.366666666666667,28.1,29.708000000000002,19.533333333333335,35.2,55.268666666666654,14.1,20.266666666666666,70.8,2.8333333333333335,5.5,0.4313333333333334,3.466666666666667,19.766666666666666,0.17533333333333337,14.066666666666666,2.566666666666667,87.33333333333333
