placar_casa,placar_visitante,data,round,stage,ano,equipe_casa,equipe_visitante,Pts_casa,3P_casa,2P_casa,LL_casa,RT_casa,RO_casa,RD_casa,AS_casa,ER_casa,IA%_casa,3PC_casa,3PT_casa,3P%_casa,2PC_casa,2PT_casa,2P%_casa,LLC_casa,LLT_casa,LL%_casa,EN_casa,BR_casa,B/E_casa,TO_casa,FC_casa,T/FC_casa,ET_casa,VI_casa,EF_casa,Pts_visitante,3P_visitante,2P_visitante,LL_visitante,RT_visitante,RO_visitante,RD_visitante,AS_visitante,ER_visitante,IA%_visitante,3PC_visitante,3PT_visitante,3P%_visitante,2PC_visitante,2PT_visitante,2P%_visitante,LLC_visitante,LLT_visitante,LL%_visitante,EN_visitante,BR_visitante,B/E_visitante,TO_visitante,FC_visitante,T/FC_visitante,ET_visitante,VI_visitante,EF_visitante
89,77,2019-11-16,5,1,2019-2020,UNIFACISA,Coop/São José Basketball,83.66666666666667,28.0,42.666666666666664,13.0,38.0,10.333333333333334,27.666666666666668,18.166666666666668,12.166666666666666,1.4933333333333332,9.333333333333334,28.0,34.096666666666664,21.333333333333332,39.333333333333336,54.646666666666654,13.0,18.666666666666668,70.19666666666667,1.3333333333333333,8.0,0.6683333333333333,2.3333333333333335,19.833333333333332,0.12333333333333335,12.166666666666666,2.1666666666666665,95.66666666666667,77.0,24.6,40.4,12.0,36.55,10.55,26.0,19.65,13.85,1.459,8.2,26.45,31.431999999999995,20.2,39.85,51.830000000000005,12.0,16.55,71.20400000000001,1.05,6.2,0.466,1.15,21.7,0.049,13.85,1.6,84.2
