placar_casa,placar_visitante,data,round,stage,ano,equipe_casa,equipe_visitante,Pts_casa,3P_casa,2P_casa,LL_casa,RT_casa,RO_casa,RD_casa,AS_casa,ER_casa,IA%_casa,3PC_casa,3PT_casa,3P%_casa,2PC_casa,2PT_casa,2P%_casa,LLC_casa,LLT_casa,LL%_casa,EN_casa,BR_casa,B/E_casa,TO_casa,FC_casa,T/FC_casa,ET_casa,VI_casa,EF_casa,Pts_visitante,3P_visitante,2P_visitante,LL_visitante,RT_visitante,RO_visitante,RD_visitante,AS_visitante,ER_visitante,IA%_visitante,3PC_visitante,3PT_visitante,3P%_visitante,2PC_visitante,2PT_visitante,2P%_visitante,LLC_visitante,LLT_visitante,LL%_visitante,EN_visitante,BR_visitante,B/E_visitante,TO_visitante,FC_visitante,T/FC_visitante,ET_visitante,VI_visitante,EF_visitante
90,60,2019-12-29,11,1,2019-2020,Minas,Brasília,82.66666666666667,28.0,39.733333333333334,14.933333333333334,39.333333333333336,13.066666666666666,26.266666666666666,17.466666666666665,11.933333333333334,1.5633333333333332,9.333333333333334,29.266666666666666,31.73133333333333,19.866666666666667,37.46666666666667,53.36666666666667,14.933333333333334,19.4,76.77066666666668,1.4,6.333333333333333,0.5513333333333335,2.0,23.866666666666667,0.084,11.933333333333334,1.9333333333333333,93.8,75.73333333333333,21.2,39.733333333333334,14.8,38.4,11.466666666666667,26.933333333333334,16.666666666666668,15.2,1.1373333333333333,7.066666666666666,23.2,30.461333333333336,19.866666666666667,40.4,49.422666666666665,14.8,21.866666666666667,68.56933333333335,1.7333333333333334,7.266666666666667,0.4926666666666667,1.8666666666666667,22.2,0.08800000000000002,15.2,2.2,80.73333333333333
