placar_casa,placar_visitante,data,round,stage,ano,equipe_casa,equipe_visitante,Pts_casa,3P_casa,2P_casa,LL_casa,RT_casa,RO_casa,RD_casa,AS_casa,ER_casa,IA%_casa,3PC_casa,3PT_casa,3P%_casa,2PC_casa,2PT_casa,2P%_casa,LLC_casa,LLT_casa,LL%_casa,EN_casa,BR_casa,B/E_casa,TO_casa,FC_casa,T/FC_casa,ET_casa,VI_casa,EF_casa,Pts_visitante,3P_visitante,2P_visitante,LL_visitante,RT_visitante,RO_visitante,RD_visitante,AS_visitante,ER_visitante,IA%_visitante,3PC_visitante,3PT_visitante,3P%_visitante,2PC_visitante,2PT_visitante,2P%_visitante,LLC_visitante,LLT_visitante,LL%_visitante,EN_visitante,BR_visitante,B/E_visitante,TO_visitante,FC_visitante,T/FC_visitante,ET_visitante,VI_visitante,EF_visitante
73,82,2019-11-05,4,1,2019-2020,Rio Claro,Corinthians,78.6,24.0,37.86666666666667,16.733333333333334,32.4,8.066666666666666,24.333333333333332,16.0,15.6,1.1126666666666667,8.0,22.733333333333334,35.964000000000006,18.933333333333334,35.2,53.97400000000002,16.733333333333334,22.333333333333332,74.45533333333334,2.3333333333333335,9.266666666666667,0.6033333333333333,1.7333333333333334,23.533333333333335,0.07733333333333335,15.6,2.7333333333333334,85.8,81.13333333333334,26.2,40.534,14.399333333333336,36.400666666666666,10.2,26.20066666666667,18.132666666666662,13.333333333333334,1.4913333333333332,8.732666666666667,23.065999999999995,37.54666666666667,20.266,41.20066666666666,49.373333333333335,14.399333333333336,19.13266666666667,75.196,2.600666666666667,7.534000000000001,0.5926666666666667,2.4,21.267333333333337,0.11200000000000002,13.333333333333334,1.7326666666666664,92.26599999999999
