placar_casa,placar_visitante,data,round,stage,ano,equipe_casa,equipe_visitante,Pts_casa,3P_casa,2P_casa,LL_casa,RT_casa,RO_casa,RD_casa,AS_casa,ER_casa,IA%_casa,3PC_casa,3PT_casa,3P%_casa,2PC_casa,2PT_casa,2P%_casa,LLC_casa,LLT_casa,LL%_casa,EN_casa,BR_casa,B/E_casa,TO_casa,FC_casa,T/FC_casa,ET_casa,VI_casa,EF_casa,Pts_visitante,3P_visitante,2P_visitante,LL_visitante,RT_visitante,RO_visitante,RD_visitante,AS_visitante,ER_visitante,IA%_visitante,3PC_visitante,3PT_visitante,3P%_visitante,2PC_visitante,2PT_visitante,2P%_visitante,LLC_visitante,LLT_visitante,LL%_visitante,EN_visitante,BR_visitante,B/E_visitante,TO_visitante,FC_visitante,T/FC_visitante,ET_visitante,VI_visitante,EF_visitante
77,81,2019-11-14,5,1,2019-2020,Fortaleza B. C. / CFO,Coop/São José Basketball,78.13333333333334,23.0,39.733333333333334,15.4,37.93333333333333,11.8,26.133333333333333,14.6,12.266666666666667,1.2586666666666666,7.666666666666667,24.266666666666666,31.482666666666667,19.866666666666667,40.8,48.47733333333334,15.4,20.466666666666665,75.97933333333334,1.0666666666666667,6.6,0.5453333333333333,2.533333333333333,22.666666666666668,0.11866666666666668,12.266666666666667,2.466666666666667,84.8,76.766,24.5,38.99933333333333,13.266666666666667,36.99933333333333,10.434,26.567333333333334,18.899333333333335,14.399333333333335,1.3553333333333335,8.167333333333334,26.899333333333335,30.41933333333333,19.500666666666667,37.99933333333333,51.94266666666667,13.266666666666667,18.034,72.41866666666667,0.8673333333333333,6.634,0.48333333333333345,1.1006666666666665,22.700666666666667,0.046666666666666676,14.399333333333335,1.5339999999999998,84.0
