placar_casa,placar_visitante,data,round,stage,ano,equipe_casa,equipe_visitante,Pts_casa,3P_casa,2P_casa,LL_casa,RT_casa,RO_casa,RD_casa,AS_casa,ER_casa,IA%_casa,3PC_casa,3PT_casa,3P%_casa,2PC_casa,2PT_casa,2P%_casa,LLC_casa,LLT_casa,LL%_casa,EN_casa,BR_casa,B/E_casa,TO_casa,FC_casa,T/FC_casa,ET_casa,VI_casa,EF_casa,Pts_visitante,3P_visitante,2P_visitante,LL_visitante,RT_visitante,RO_visitante,RD_visitante,AS_visitante,ER_visitante,IA%_visitante,3PC_visitante,3PT_visitante,3P%_visitante,2PC_visitante,2PT_visitante,2P%_visitante,LLC_visitante,LLT_visitante,LL%_visitante,EN_visitante,BR_visitante,B/E_visitante,TO_visitante,FC_visitante,T/FC_visitante,ET_visitante,VI_visitante,EF_visitante
92,98,2019-12-27,11,1,2019-2020,Pinheiros,Botafogo,78.866,25.2,38.534,15.133999999999999,36.666666666666664,10.867333333333333,25.799333333333333,15.067333333333332,13.800666666666666,1.1273333333333333,8.4,24.733333333333334,33.687999999999995,19.266000000000002,37.599333333333334,51.56000000000001,15.133999999999999,20.534,74.22733333333333,1.3993333333333335,7.6659999999999995,0.568,1.8006666666666666,20.4,0.09000000000000001,13.800666666666666,2.8673333333333333,86.13266666666667,76.26666666666667,29.6,33.333333333333336,13.333333333333334,34.6,10.466666666666667,24.133333333333333,16.533333333333335,14.266666666666667,1.2340000000000004,9.866666666666667,29.2,33.952000000000005,16.666666666666668,33.06666666666667,50.06466666666666,13.333333333333334,16.533333333333335,81.58,0.8,5.533333333333333,0.41333333333333333,2.2,23.466666666666665,0.09466666666666668,14.266666666666667,2.8666666666666667,81.73333333333333
