placar_casa,placar_visitante,data,round,stage,ano,equipe_casa,equipe_visitante,Pts_casa,3P_casa,2P_casa,LL_casa,RT_casa,RO_casa,RD_casa,AS_casa,ER_casa,IA%_casa,3PC_casa,3PT_casa,3P%_casa,2PC_casa,2PT_casa,2P%_casa,LLC_casa,LLT_casa,LL%_casa,EN_casa,BR_casa,B/E_casa,TO_casa,FC_casa,T/FC_casa,ET_casa,VI_casa,EF_casa,Pts_visitante,3P_visitante,2P_visitante,LL_visitante,RT_visitante,RO_visitante,RD_visitante,AS_visitante,ER_visitante,IA%_visitante,3PC_visitante,3PT_visitante,3P%_visitante,2PC_visitante,2PT_visitante,2P%_visitante,LLC_visitante,LLT_visitante,LL%_visitante,EN_visitante,BR_visitante,B/E_visitante,TO_visitante,FC_visitante,T/FC_visitante,ET_visitante,VI_visitante,EF_visitante
78,73,2014-05-31,1,6,2013-2014,Flamengo,Paulistano,88.87931034482759,34.96551724137931,44.10344827586207,17.155172413793103,33.42528735632184,8.827586206896552,24.597701149425287,15.591954022988507,12.235632183908047,1.42551724137931,9.206896551724139,23.96551724137931,38.643735632183905,22.051724137931036,38.67816091954023,57.2712068965517,17.155172413793103,22.586206896551722,75.92936781609194,1.8620689655172413,8.21264367816092,0.7335632183908045,1.6954022988505748,19.724137931034484,0.0881034482758621,12.235632183908047,1.6551724137931034,100.84482758620689,80.45806451612903,32.07096774193548,40.78709677419355,15.729032258064516,32.23870967741936,10.335483870967742,21.903225806451612,13.245161290322581,14.116129032258064,1.0369032258064514,7.980645161290322,22.787096774193547,35.51174193548386,20.393548387096775,39.18709677419355,52.17322580645161,15.729032258064516,22.006451612903227,70.79612903225808,1.4967741935483871,8.019354838709678,0.6267096774193549,1.9419354838709677,22.06451612903226,0.09180645161290321,14.116129032258064,2.225806451612903,84.65161290322581
