placar_casa,placar_visitante,data,round,stage,ano,equipe_casa,equipe_visitante,Pts_casa,3P_casa,2P_casa,LL_casa,RT_casa,RO_casa,RD_casa,AS_casa,ER_casa,IA%_casa,3PC_casa,3PT_casa,3P%_casa,2PC_casa,2PT_casa,2P%_casa,LLC_casa,LLT_casa,LL%_casa,EN_casa,BR_casa,B/E_casa,TO_casa,FC_casa,T/FC_casa,ET_casa,VI_casa,EF_casa,Pts_visitante,3P_visitante,2P_visitante,LL_visitante,RT_visitante,RO_visitante,RD_visitante,AS_visitante,ER_visitante,IA%_visitante,3PC_visitante,3PT_visitante,3P%_visitante,2PC_visitante,2PT_visitante,2P%_visitante,LLC_visitante,LLT_visitante,LL%_visitante,EN_visitante,BR_visitante,B/E_visitante,TO_visitante,FC_visitante,T/FC_visitante,ET_visitante,VI_visitante,EF_visitante
91,77,2011-11-21,2,1,2011-2012,Bauru Basket,Espírito Santo,82.11111111111111,27.22222222222222,40.74074074074074,14.148148148148149,30.01851851851852,9.444444444444445,20.574074074074073,13.444444444444445,10.148148148148149,1.5307407407407407,9.074074074074074,22.90740740740741,39.71981481481482,20.37037037037037,38.851851851851855,52.84425925925927,14.148148148148149,19.555555555555557,72.9375925925926,1.4074074074074074,6.388888888888889,0.7224074074074075,1.9259259259259258,17.38888888888889,0.11648148148148153,10.148148148148149,1.0185185185185186,86.01851851851852,73.84313725490196,20.294117647058822,38.31372549019608,15.235294117647058,30.333333333333332,9.294117647058824,21.03921568627451,11.215686274509803,13.882352941176471,0.896078431372549,6.764705882352941,21.274509803921568,31.66176470588235,19.15686274509804,37.11764705882353,52.054313725490196,15.235294117647058,23.54901960784314,65.03470588235294,1.4705882352941178,8.058823529411764,0.6286274509803923,1.9215686274509804,21.137254901960784,0.093921568627451,13.882352941176471,1.7450980392156863,70.70588235294117
