placar_casa,placar_visitante,data,round,stage,ano,equipe_casa,equipe_visitante,Pts_casa,3P_casa,2P_casa,LL_casa,RT_casa,RO_casa,RD_casa,AS_casa,ER_casa,IA%_casa,3PC_casa,3PT_casa,3P%_casa,2PC_casa,2PT_casa,2P%_casa,LLC_casa,LLT_casa,LL%_casa,EN_casa,BR_casa,B/E_casa,TO_casa,FC_casa,T/FC_casa,ET_casa,VI_casa,EF_casa,Pts_visitante,3P_visitante,2P_visitante,LL_visitante,RT_visitante,RO_visitante,RD_visitante,AS_visitante,ER_visitante,IA%_visitante,3PC_visitante,3PT_visitante,3P%_visitante,2PC_visitante,2PT_visitante,2P%_visitante,LLC_visitante,LLT_visitante,LL%_visitante,EN_visitante,BR_visitante,B/E_visitante,TO_visitante,FC_visitante,T/FC_visitante,ET_visitante,VI_visitante,EF_visitante
87,81,2021-11-11,4,1,2021-2022,Paulistano,Flamengo,80.38891666666665,30.05,38.94441666666667,14.894416666666666,36.06944444444444,11.441750000000003,24.627777777777776,14.972277777777778,13.48047222222222,1.2254166666666664,8.850027777777779,25.90002777777778,34.58516666666666,19.47225,38.127833333333335,51.36630555555549,14.894416666666666,20.308305555555556,73.09011111111111,1.7778611111111104,7.699944444444443,0.6194444444444447,1.905583333333333,21.299972222222223,0.09316666666666655,13.48047222222222,2.455527777777778,87.57502777777776,87.60649746192898,32.223350253807105,42.246142131979695,16.380659898477155,36.673832487309646,10.07738578680203,26.596446700507613,17.67007614213198,12.32484771573604,1.579873096446701,9.6598730964467,26.03553299492386,37.25527918781729,21.12314720812183,37.79314720812183,56.07007614213199,16.380659898477155,21.588883248730966,75.84586294416238,1.611573604060915,8.086319796954315,0.7132994923857866,1.8617766497461916,19.242385786802032,0.10063451776649748,12.32484771573604,1.8679695431472088,102.2385025380711
