placar_casa,placar_visitante,data,round,stage,ano,equipe_casa,equipe_visitante,Pts_casa,3P_casa,2P_casa,LL_casa,RT_casa,RO_casa,RD_casa,AS_casa,ER_casa,IA%_casa,3PC_casa,3PT_casa,3P%_casa,2PC_casa,2PT_casa,2P%_casa,LLC_casa,LLT_casa,LL%_casa,EN_casa,BR_casa,B/E_casa,TO_casa,FC_casa,T/FC_casa,ET_casa,VI_casa,EF_casa,Pts_visitante,3P_visitante,2P_visitante,LL_visitante,RT_visitante,RO_visitante,RD_visitante,AS_visitante,ER_visitante,IA%_visitante,3PC_visitante,3PT_visitante,3P%_visitante,2PC_visitante,2PT_visitante,2P%_visitante,LLC_visitante,LLT_visitante,LL%_visitante,EN_visitante,BR_visitante,B/E_visitante,TO_visitante,FC_visitante,T/FC_visitante,ET_visitante,VI_visitante,EF_visitante
78,73,2021-11-19,5,1,2021-2022,BRB/Brasília,Mogi,75.73400000000001,28.2,33.26566666666667,14.266333333333334,38.032666666666664,10.433333333333334,27.60033333333333,15.3,15.833666666666666,1.0286666666666664,9.4,28.866000000000003,32.258,16.634333333333334,35.63433333333332,46.97700000000001,14.266333333333334,19.033,74.944,0.5333333333333333,6.033,0.401,1.632333333333333,18.666666666666668,0.09100000000000001,15.833666666666666,2.099666666666667,77.66666666666667,80.96900343642612,29.36082474226804,39.47082474226804,16.13745704467354,36.68384879725086,11.171786941580756,25.512061855670105,16.594570446735396,13.883058419243984,1.3019243986254292,8.45360824742268,23.99659793814433,35.38463917525774,19.735360824742266,38.670103092783506,51.28302405498274,16.13745704467354,21.525876288659795,74.99518900343637,1.4053264604810989,8.23020618556701,0.6394845360824739,2.0069415807560143,21.171718213058416,0.09852233676975942,13.883058419243984,2.62209621993127,91.64948453608247
