placar_casa,placar_visitante,data,round,stage,ano,equipe_casa,equipe_visitante,Pts_casa,3P_casa,2P_casa,LL_casa,RT_casa,RO_casa,RD_casa,AS_casa,ER_casa,IA%_casa,3PC_casa,3PT_casa,3P%_casa,2PC_casa,2PT_casa,2P%_casa,LLC_casa,LLT_casa,LL%_casa,EN_casa,BR_casa,B/E_casa,TO_casa,FC_casa,T/FC_casa,ET_casa,VI_casa,EF_casa,Pts_visitante,3P_visitante,2P_visitante,LL_visitante,RT_visitante,RO_visitante,RD_visitante,AS_visitante,ER_visitante,IA%_visitante,3PC_visitante,3PT_visitante,3P%_visitante,2PC_visitante,2PT_visitante,2P%_visitante,LLC_visitante,LLT_visitante,LL%_visitante,EN_visitante,BR_visitante,B/E_visitante,TO_visitante,FC_visitante,T/FC_visitante,ET_visitante,VI_visitante,EF_visitante
89,82,2015-03-17,12,2,2014-2015,Mogi,L. Sorocabana,79.68932038834951,33.52427184466019,39.53398058252427,17.932038834951456,35.50485436893204,11.572815533980583,23.932038834951456,14.058252427184467,14.475728155339805,1.066699029126214,7.407766990291262,20.0873786407767,36.789514563106806,19.766990291262136,40.592233009708735,48.82271844660193,17.932038834951456,23.87378640776699,74.41165048543687,1.203883495145631,8.475728155339805,0.6245631067961165,1.5825242718446602,22.16504854368932,0.07543689320388348,14.475728155339805,2.9029126213592233,88.05825242718447,76.49565217391304,31.304347826086957,39.321739130434786,15.91304347826087,29.51304347826087,9.852173913043478,19.660869565217393,11.017391304347827,12.382608695652173,0.9455652173913042,7.086956521739131,21.31304347826087,33.31486956521739,19.660869565217393,39.18260869565217,50.36121739130432,15.91304347826087,21.11304347826087,75.24026086956523,1.373913043478261,9.104347826086956,0.7814782608695655,1.565217391304348,21.53913043478261,0.07365217391304349,12.382608695652173,2.634782608695652,79.03478260869565
