placar_casa,placar_visitante,data,round,stage,ano,equipe_casa,equipe_visitante,Pts_casa,3P_casa,2P_casa,LL_casa,RT_casa,RO_casa,RD_casa,AS_casa,ER_casa,IA%_casa,3PC_casa,3PT_casa,3P%_casa,2PC_casa,2PT_casa,2P%_casa,LLC_casa,LLT_casa,LL%_casa,EN_casa,BR_casa,B/E_casa,TO_casa,FC_casa,T/FC_casa,ET_casa,VI_casa,EF_casa,Pts_visitante,3P_visitante,2P_visitante,LL_visitante,RT_visitante,RO_visitante,RD_visitante,AS_visitante,ER_visitante,IA%_visitante,3PC_visitante,3PT_visitante,3P%_visitante,2PC_visitante,2PT_visitante,2P%_visitante,LLC_visitante,LLT_visitante,LL%_visitante,EN_visitante,BR_visitante,B/E_visitante,TO_visitante,FC_visitante,T/FC_visitante,ET_visitante,VI_visitante,EF_visitante
81,69,2021-04-13,7,2,2020-2021,Bauru Basket,Cerrado,82.34056300268092,31.214477211796247,38.934718498659514,15.102815013404827,34.70769436997319,9.62300268096515,25.08501340482574,15.968686327077748,12.196648793565684,1.4368096514745299,9.4343163538874,25.730965147453084,36.91123324396787,19.467426273458447,36.221608579088475,54.19544235924929,15.102815013404827,20.26361930294906,74.59434316353887,1.3798927613941023,7.694396782841824,0.6855764075067021,1.7631367292225206,19.067855227882035,0.09554959785522775,12.196648793565684,2.1528954423592483,92.8998391420912,74.66724137931034,24.103448275862068,38.43586206896553,12.126206896551722,37.51689655172413,11.379655172413795,26.13931034482759,14.804827586206896,13.057931034482761,1.1682758620689655,8.034827586206895,24.989655172413798,32.51758620689655,19.21931034482759,40.1496551724138,47.926206896551705,12.126206896551722,17.104482758620694,71.23379310344829,1.4351724137931028,7.4255172413793105,0.5710344827586207,2.24103448275862,19.31206896551725,0.11620689655172413,13.057931034482761,2.285862068965517,80.73655172413795
