placar_casa,placar_visitante,data,round,stage,ano,equipe_casa,equipe_visitante,Pts_casa,3P_casa,2P_casa,LL_casa,RT_casa,RO_casa,RD_casa,AS_casa,ER_casa,IA%_casa,3PC_casa,3PT_casa,3P%_casa,2PC_casa,2PT_casa,2P%_casa,LLC_casa,LLT_casa,LL%_casa,EN_casa,BR_casa,B/E_casa,TO_casa,FC_casa,T/FC_casa,ET_casa,VI_casa,EF_casa,Pts_visitante,3P_visitante,2P_visitante,LL_visitante,RT_visitante,RO_visitante,RD_visitante,AS_visitante,ER_visitante,IA%_visitante,3PC_visitante,3PT_visitante,3P%_visitante,2PC_visitante,2PT_visitante,2P%_visitante,LLC_visitante,LLT_visitante,LL%_visitante,EN_visitante,BR_visitante,B/E_visitante,TO_visitante,FC_visitante,T/FC_visitante,ET_visitante,VI_visitante,EF_visitante
90,64,2023-01-19,2,2,2022-2023,Flamengo,Corinthians,87.20970982142863,32.919642857142854,41.2811830357143,15.8615625,37.252209821428565,10.305758928571427,26.946450892857143,17.89734375,12.292388392857143,1.5972098214285726,10.022321428571429,27.176316964285714,37.102321428571436,20.640691964285715,36.904040178571435,56.10542410714287,15.8615625,20.98888392857143,75.40678571428565,1.5936830357142866,7.848236607142858,0.6923660714285712,1.9085937499999985,18.872790178571428,0.10602678571428571,12.292388392857143,1.8995312500000003,102.08696428571433,79.91542253521126,28.619718309859156,37.563380281690144,13.732535211267606,37.46711267605634,10.704014084507044,26.76288732394366,17.01612676056338,13.603169014084505,1.327676056338029,9.53992957746479,27.15471830985915,35.164014084507045,18.781690140845072,36.74190140845071,51.348169014084526,13.732535211267606,18.037535211267606,76.20908450704226,1.8733802816901408,6.528098591549296,0.5042957746478878,2.316830985915493,20.422676056338027,0.11704225352112674,13.603169014084505,2.2932394366197184,89.71119718309859
