placar_casa,placar_visitante,data,round,stage,ano,equipe_casa,equipe_visitante,Pts_casa,3P_casa,2P_casa,LL_casa,RT_casa,RO_casa,RD_casa,AS_casa,ER_casa,IA%_casa,3PC_casa,3PT_casa,3P%_casa,2PC_casa,2PT_casa,2P%_casa,LLC_casa,LLT_casa,LL%_casa,EN_casa,BR_casa,B/E_casa,TO_casa,FC_casa,T/FC_casa,ET_casa,VI_casa,EF_casa,Pts_visitante,3P_visitante,2P_visitante,LL_visitante,RT_visitante,RO_visitante,RD_visitante,AS_visitante,ER_visitante,IA%_visitante,3PC_visitante,3PT_visitante,3P%_visitante,2PC_visitante,2PT_visitante,2P%_visitante,LLC_visitante,LLT_visitante,LL%_visitante,EN_visitante,BR_visitante,B/E_visitante,TO_visitante,FC_visitante,T/FC_visitante,ET_visitante,VI_visitante,EF_visitante
103,96,2017-02-23,23,1,2016-2017,Paulistano,Flamengo,80.63786008230453,29.790123456790123,40.50205761316872,15.530864197530864,34.19753086419753,11.065843621399177,23.131687242798353,13.934156378600823,13.695473251028806,1.126255144032922,8.201646090534979,23.625514403292183,35.03333333333333,20.25102880658436,39.510288065843625,51.56395061728393,15.530864197530864,21.106995884773664,73.31069958847739,1.5349794238683128,8.325102880658436,0.6694238683127571,1.786008230452675,21.724279835390945,0.08637860082304524,13.695473251028806,2.48559670781893,86.67489711934157,88.01811594202898,31.858695652173914,44.01449275362319,16.77536231884058,34.70289855072464,9.195652173913043,25.507246376811594,16.75,12.28623188405797,1.5143478260869565,9.076086956521738,23.855072463768117,38.14380434782609,22.007246376811594,38.90217391304348,56.77347826086955,16.77536231884058,22.07246376811594,75.92775362318837,1.7681159420289856,8.554347826086957,0.7619202898550723,1.9094202898550725,19.547101449275363,0.10148550724637681,12.28623188405797,1.8478260869565217,101.9963768115942
