placar_casa,placar_visitante,data,round,stage,ano,equipe_casa,equipe_visitante,Pts_casa,3P_casa,2P_casa,LL_casa,RT_casa,RO_casa,RD_casa,AS_casa,ER_casa,IA%_casa,3PC_casa,3PT_casa,3P%_casa,2PC_casa,2PT_casa,2P%_casa,LLC_casa,LLT_casa,LL%_casa,EN_casa,BR_casa,B/E_casa,TO_casa,FC_casa,T/FC_casa,ET_casa,VI_casa,EF_casa,Pts_visitante,3P_visitante,2P_visitante,LL_visitante,RT_visitante,RO_visitante,RD_visitante,AS_visitante,ER_visitante,IA%_visitante,3PC_visitante,3PT_visitante,3P%_visitante,2PC_visitante,2PT_visitante,2P%_visitante,LLC_visitante,LLT_visitante,LL%_visitante,EN_visitante,BR_visitante,B/E_visitante,TO_visitante,FC_visitante,T/FC_visitante,ET_visitante,VI_visitante,EF_visitante
71,62,2024-04-27,2,3,2023-2024,Bauru Basket,Pato Basquete,81.56598377281944,30.93103448275862,38.511095334685606,14.32657200811359,34.541521298174445,9.338843813387426,25.20292089249493,16.446247464503042,12.099472616632863,1.4750304259634865,9.57604462474645,26.44419878296146,36.390872210953376,19.25563894523327,35.669371196754575,54.345943204868185,14.32657200811359,19.18255578093306,74.61647058823526,1.4057809330628803,7.574056795131846,0.672515212981744,1.7747667342799198,19.07093306288032,0.09630831643002033,12.099472616632863,2.176490872210953,92.29606490872216,75.10957317073171,25.463414634146343,37.53664634146342,12.109878048780486,35.963048780487796,10.859634146341461,25.10378048780488,15.109634146341461,13.469329268292675,1.214756097560976,8.487560975609757,26.47542682926829,31.969878048780483,18.76823170731707,37.96335365853658,49.51993902439023,12.109878048780486,17.683048780487805,68.42963414634148,1.1768902439024393,7.122012195121951,0.5490243902439026,1.5000609756097565,20.396341463414636,0.07439024390243906,13.469329268292675,2.9207317073170733,78.57329268292683
