placar_casa,placar_visitante,data,round,stage,ano,equipe_casa,equipe_visitante,Pts_casa,3P_casa,2P_casa,LL_casa,RT_casa,RO_casa,RD_casa,AS_casa,ER_casa,IA%_casa,3PC_casa,3PT_casa,3P%_casa,2PC_casa,2PT_casa,2P%_casa,LLC_casa,LLT_casa,LL%_casa,EN_casa,BR_casa,B/E_casa,TO_casa,FC_casa,T/FC_casa,ET_casa,VI_casa,EF_casa,Pts_visitante,3P_visitante,2P_visitante,LL_visitante,RT_visitante,RO_visitante,RD_visitante,AS_visitante,ER_visitante,IA%_visitante,3PC_visitante,3PT_visitante,3P%_visitante,2PC_visitante,2PT_visitante,2P%_visitante,LLC_visitante,LLT_visitante,LL%_visitante,EN_visitante,BR_visitante,B/E_visitante,TO_visitante,FC_visitante,T/FC_visitante,ET_visitante,VI_visitante,EF_visitante
92,85,2013-11-23,4,1,2013-2014,Palmeiras,Macaé Basquete,77.56756756756756,48.24324324324324,38.91891891891892,16.18918918918919,31.16216216216216,9.81081081081081,21.35135135135135,12.08108108108108,12.783783783783784,1.1078378378378382,7.486486486486487,22.594594594594593,33.037567567567564,19.45945945945946,40.67567567567568,47.97972972972974,16.18918918918919,23.89189189189189,67.06324324324324,1.945945945945946,7.918918918918919,0.6978378378378377,1.7837837837837838,21.64864864864865,0.08189189189189192,12.783783783783784,2.810810810810811,81.56756756756756,81.0,27.0,38.0,16.0,39.0,9.5,29.5,15.0,12.5,1.2650000000000001,9.0,25.0,35.835,19.0,36.0,52.635,16.0,21.5,74.775,1.0,10.5,0.915,1.0,19.5,0.045,12.5,0.0,95.5
