placar_casa,placar_visitante,data,round,stage,ano,equipe_casa,equipe_visitante,Pts_casa,3P_casa,2P_casa,LL_casa,RT_casa,RO_casa,RD_casa,AS_casa,ER_casa,IA%_casa,3PC_casa,3PT_casa,3P%_casa,2PC_casa,2PT_casa,2P%_casa,LLC_casa,LLT_casa,LL%_casa,EN_casa,BR_casa,B/E_casa,TO_casa,FC_casa,T/FC_casa,ET_casa,VI_casa,EF_casa,Pts_visitante,3P_visitante,2P_visitante,LL_visitante,RT_visitante,RO_visitante,RD_visitante,AS_visitante,ER_visitante,IA%_visitante,3PC_visitante,3PT_visitante,3P%_visitante,2PC_visitante,2PT_visitante,2P%_visitante,LLC_visitante,LLT_visitante,LL%_visitante,EN_visitante,BR_visitante,B/E_visitante,TO_visitante,FC_visitante,T/FC_visitante,ET_visitante,VI_visitante,EF_visitante
90,68,2017-01-31,18,1,2016-2017,Sesi Franca,L. Sorocabana,79.26771653543307,27.80314960629921,41.874015748031496,15.76771653543307,31.811023622047244,9.248031496062993,22.562992125984252,14.67716535433071,13.905511811023622,1.1828740157480313,7.208661417322834,20.53937007874016,35.092165354330724,20.937007874015748,40.05118110236221,52.57342519685039,15.76771653543307,21.519685039370078,72.91787401574798,1.8858267716535433,8.76771653543307,0.6891732283464566,2.748031496062992,20.830708661417322,0.13921259842519682,13.905511811023622,2.4173228346456694,86.66929133858268,74.93865030674847,27.754601226993866,39.33742331288344,14.932515337423313,30.975460122699385,10.822085889570552,20.153374233128833,11.61963190184049,13.214723926380367,0.9433742331288341,6.889570552147239,21.460122699386503,31.937423312883435,19.66871165644172,39.6319018404908,49.82662576687114,14.932515337423313,20.030674846625768,74.26901840490798,1.4355828220858895,9.411042944785276,0.7772392638036811,1.6748466257668713,21.67484662576687,0.08184049079754599,13.214723926380367,3.1595092024539877,77.65644171779141
