placar_casa,placar_visitante,data,round,stage,ano,equipe_casa,equipe_visitante,Pts_casa,3P_casa,2P_casa,LL_casa,RT_casa,RO_casa,RD_casa,AS_casa,ER_casa,IA%_casa,3PC_casa,3PT_casa,3P%_casa,2PC_casa,2PT_casa,2P%_casa,LLC_casa,LLT_casa,LL%_casa,EN_casa,BR_casa,B/E_casa,TO_casa,FC_casa,T/FC_casa,ET_casa,VI_casa,EF_casa,Pts_visitante,3P_visitante,2P_visitante,LL_visitante,RT_visitante,RO_visitante,RD_visitante,AS_visitante,ER_visitante,IA%_visitante,3PC_visitante,3PT_visitante,3P%_visitante,2PC_visitante,2PT_visitante,2P%_visitante,LLC_visitante,LLT_visitante,LL%_visitante,EN_visitante,BR_visitante,B/E_visitante,TO_visitante,FC_visitante,T/FC_visitante,ET_visitante,VI_visitante,EF_visitante
59,65,2013-12-19,11,1,2013-2014,Minas,Sesi Franca,82.14754098360656,31.401639344262296,44.557377049180324,16.24590163934426,31.204918032786885,9.09016393442623,22.114754098360656,15.631147540983607,14.098360655737705,1.201393442622951,7.114754098360656,19.89344262295082,35.40631147540985,22.278688524590162,40.795081967213115,54.80901639344261,16.24590163934426,21.270491803278688,76.51114754098359,1.0655737704918034,7.098360655737705,0.5381967213114754,2.581967213114754,20.60655737704918,0.13204918032786891,14.098360655737705,1.9262295081967213,90.5,81.21212121212122,32.70454545454545,43.90909090909091,16.484848484848484,29.71212121212121,8.416666666666666,21.295454545454547,15.106060606060606,13.196969696969697,1.3043181818181817,6.9393939393939394,19.46212121212121,35.58181818181818,21.954545454545453,41.916666666666664,52.57621212121214,16.484848484848484,22.227272727272727,74.0475,1.7348484848484849,8.606060606060606,0.7171969696969697,2.712121212121212,20.863636363636363,0.1407575757575758,13.196969696969697,1.8409090909090908,88.81818181818181
