placar_casa,placar_visitante,data,round,stage,ano,equipe_casa,equipe_visitante,Pts_casa,3P_casa,2P_casa,LL_casa,RT_casa,RO_casa,RD_casa,AS_casa,ER_casa,IA%_casa,3PC_casa,3PT_casa,3P%_casa,2PC_casa,2PT_casa,2P%_casa,LLC_casa,LLT_casa,LL%_casa,EN_casa,BR_casa,B/E_casa,TO_casa,FC_casa,T/FC_casa,ET_casa,VI_casa,EF_casa,Pts_visitante,3P_visitante,2P_visitante,LL_visitante,RT_visitante,RO_visitante,RD_visitante,AS_visitante,ER_visitante,IA%_visitante,3PC_visitante,3PT_visitante,3P%_visitante,2PC_visitante,2PT_visitante,2P%_visitante,LLC_visitante,LLT_visitante,LL%_visitante,EN_visitante,BR_visitante,B/E_visitante,TO_visitante,FC_visitante,T/FC_visitante,ET_visitante,VI_visitante,EF_visitante
62,86,2020-11-22,2,1,2020-2021,Caxias do Sul Basquete,Paulistano,71.73129032258065,22.322580645161292,34.27967741935484,15.129032258064516,32.806451612903224,9.03774193548387,23.768709677419352,13.989354838709676,14.49451612903226,1.0219354838709678,7.440967741935484,23.333225806451612,31.86677419354838,17.139677419354836,36.204193548387096,47.572258064516134,15.129032258064516,21.29032258064516,70.98967741935483,1.3548387096774193,9.204193548387098,0.6543548387096775,1.6235483870967742,22.478387096774192,0.07645161290322583,14.49451612903226,3.3764516129032254,73.74193548387096,80.94546296296296,30.169753086419753,39.304475308641976,15.360061728395062,35.48561728395062,11.267530864197532,24.21811728395062,14.71712962962963,13.586388888888889,1.1956790123456784,8.760308641975309,25.407469135802472,34.86959876543207,19.652314814814815,38.20475308641976,51.74138888888884,15.360061728395062,20.820987654320987,73.57354938271604,1.7809259259259256,7.7242592592592585,0.6183333333333333,1.9259567901234564,21.634753086419753,0.09274691358024682,13.586388888888889,2.435185185185185,87.81688271604938
