placar_casa,placar_visitante,data,round,stage,ano,equipe_casa,equipe_visitante,Pts_casa,3P_casa,2P_casa,LL_casa,RT_casa,RO_casa,RD_casa,AS_casa,ER_casa,IA%_casa,3PC_casa,3PT_casa,3P%_casa,2PC_casa,2PT_casa,2P%_casa,LLC_casa,LLT_casa,LL%_casa,EN_casa,BR_casa,B/E_casa,TO_casa,FC_casa,T/FC_casa,ET_casa,VI_casa,EF_casa,Pts_visitante,3P_visitante,2P_visitante,LL_visitante,RT_visitante,RO_visitante,RD_visitante,AS_visitante,ER_visitante,IA%_visitante,3PC_visitante,3PT_visitante,3P%_visitante,2PC_visitante,2PT_visitante,2P%_visitante,LLC_visitante,LLT_visitante,LL%_visitante,EN_visitante,BR_visitante,B/E_visitante,TO_visitante,FC_visitante,T/FC_visitante,ET_visitante,VI_visitante,EF_visitante
80,76,2019-11-04,4,1,2019-2020,Paulistano,Minas,81.00663333333335,30.02,39.553333333333335,15.633299999999998,35.2033,11.240033333333335,23.96336666666667,14.5067,13.706633333333333,1.1655333333333329,8.606666666666667,24.8867,34.92463333333332,19.776666666666667,38.5467,51.60973333333332,15.633299999999998,21.173333333333332,73.65536666666667,1.6800333333333335,7.91,0.6314333333333334,1.9233666666666662,21.776666666666667,0.09233333333333323,13.706633333333333,2.433333333333333,87.63003333333332,78.16670289855071,25.858695652173914,41.55076086956522,15.202898550724637,33.60514492753623,9.909384057971014,23.695652173913043,15.717355072463768,14.355036231884057,1.17644927536232,7.137753623188408,21.170289855072465,33.83644927536232,20.77532608695652,39.63405797101449,52.53336956521739,15.202898550724637,20.695652173913043,73.19336956521731,1.4348188405797102,7.905833333333334,0.589347826086956,2.402173913043478,21.431195652173916,0.11764492753623201,14.355036231884057,2.6267391304347836,86.02902173913041
