placar_casa,placar_visitante,data,round,stage,ano,equipe_casa,equipe_visitante,Pts_casa,3P_casa,2P_casa,LL_casa,RT_casa,RO_casa,RD_casa,AS_casa,ER_casa,IA%_casa,3PC_casa,3PT_casa,3P%_casa,2PC_casa,2PT_casa,2P%_casa,LLC_casa,LLT_casa,LL%_casa,EN_casa,BR_casa,B/E_casa,TO_casa,FC_casa,T/FC_casa,ET_casa,VI_casa,EF_casa,Pts_visitante,3P_visitante,2P_visitante,LL_visitante,RT_visitante,RO_visitante,RD_visitante,AS_visitante,ER_visitante,IA%_visitante,3PC_visitante,3PT_visitante,3P%_visitante,2PC_visitante,2PT_visitante,2P%_visitante,LLC_visitante,LLT_visitante,LL%_visitante,EN_visitante,BR_visitante,B/E_visitante,TO_visitante,FC_visitante,T/FC_visitante,ET_visitante,VI_visitante,EF_visitante
75,68,2014-11-12,3,1,2014-2015,L. Sorocabana,Rio Claro,76.54945054945055,34.31868131868132,38.61538461538461,16.307692307692307,28.593406593406595,9.208791208791208,19.384615384615383,10.846153846153847,12.021978021978022,0.9641758241758241,7.208791208791209,21.53846153846154,33.60967032967034,19.307692307692307,38.16483516483517,50.776043956043935,16.307692307692307,21.494505494505493,75.85736263736264,1.3736263736263736,8.54945054945055,0.7643956043956044,1.5274725274725274,21.0,0.07340659340659342,12.021978021978022,2.5714285714285716,79.04395604395604,71.0,19.5,38.0,13.5,28.5,10.0,18.5,17.0,12.0,1.445,6.5,22.0,29.165,19.0,38.0,49.894999999999996,13.5,18.0,75.075,0.5,9.5,0.795,0.0,20.5,0.0,12.0,1.0,75.0
