placar_casa,placar_visitante,data,round,stage,ano,equipe_casa,equipe_visitante,Pts_casa,3P_casa,2P_casa,LL_casa,RT_casa,RO_casa,RD_casa,AS_casa,ER_casa,IA%_casa,3PC_casa,3PT_casa,3P%_casa,2PC_casa,2PT_casa,2P%_casa,LLC_casa,LLT_casa,LL%_casa,EN_casa,BR_casa,B/E_casa,TO_casa,FC_casa,T/FC_casa,ET_casa,VI_casa,EF_casa,Pts_visitante,3P_visitante,2P_visitante,LL_visitante,RT_visitante,RO_visitante,RD_visitante,AS_visitante,ER_visitante,IA%_visitante,3PC_visitante,3PT_visitante,3P%_visitante,2PC_visitante,2PT_visitante,2P%_visitante,LLC_visitante,LLT_visitante,LL%_visitante,EN_visitante,BR_visitante,B/E_visitante,TO_visitante,FC_visitante,T/FC_visitante,ET_visitante,VI_visitante,EF_visitante
82,90,2024-03-31,11,2,2023-2024,UNIFACISA,Flamengo,80.97017857142858,30.071428571428573,37.964285714285715,12.93482142857143,36.72607142857142,10.20220238095238,26.524047619047625,16.386904761904763,12.83934523809524,1.351666666666667,10.02363095238095,28.50607142857143,34.994880952380946,18.982142857142858,36.33327380952381,52.39744047619047,12.93482142857143,17.160892857142855,74.77773809523806,1.2320833333333334,7.154761904761905,0.5908928571428569,1.815654761904762,19.678630952380953,0.09505952380952379,12.83934523809524,2.2916666666666665,90.14291666666666,86.946007984032,32.706586826347305,41.02988023952097,15.760439121756486,37.47500998003993,10.429121756487026,27.045948103792416,18.093812375249502,12.395229540918164,1.5967265469061895,10.051916167664672,27.41317365269461,36.89970059880239,20.515029940119764,36.60079840319363,56.193073852295434,15.760439121756486,20.83439121756487,75.5278043912175,1.5967265469061886,7.754530938123754,0.6775848303393213,1.8882834331337317,18.76443113772455,0.105369261477046,12.395229540918164,1.9460878243512976,101.96395209580845
