placar_casa,placar_visitante,data,round,stage,ano,equipe_casa,equipe_visitante,Pts_casa,3P_casa,2P_casa,LL_casa,RT_casa,RO_casa,RD_casa,AS_casa,ER_casa,IA%_casa,3PC_casa,3PT_casa,3P%_casa,2PC_casa,2PT_casa,2P%_casa,LLC_casa,LLT_casa,LL%_casa,EN_casa,BR_casa,B/E_casa,TO_casa,FC_casa,T/FC_casa,ET_casa,VI_casa,EF_casa,Pts_visitante,3P_visitante,2P_visitante,LL_visitante,RT_visitante,RO_visitante,RD_visitante,AS_visitante,ER_visitante,IA%_visitante,3PC_visitante,3PT_visitante,3P%_visitante,2PC_visitante,2PT_visitante,2P%_visitante,LLC_visitante,LLT_visitante,LL%_visitante,EN_visitante,BR_visitante,B/E_visitante,TO_visitante,FC_visitante,T/FC_visitante,ET_visitante,VI_visitante,EF_visitante
77,89,2011-12-01,5,1,2011-2012,Sesi Franca,Minas,83.55,24.5,41.46666666666667,17.583333333333332,29.766666666666666,8.366666666666667,21.4,15.016666666666667,12.383333333333333,1.3796666666666666,8.166666666666666,22.283333333333335,37.028999999999996,20.733333333333334,40.85,51.086666666666666,17.583333333333332,23.216666666666665,75.7545,0.7333333333333333,8.233333333333333,0.7289999999999998,2.216666666666667,21.683333333333334,0.11149999999999997,12.383333333333333,0.9666666666666667,86.53333333333333,85.8360655737705,23.065573770491802,46.885245901639344,15.885245901639344,33.77049180327869,9.688524590163935,24.081967213114755,17.81967213114754,14.737704918032787,1.2939344262295078,7.688524590163935,21.0,36.504098360655746,23.442622950819672,41.442622950819676,56.73934426229507,15.885245901639344,21.442622950819672,73.92262295081966,1.0819672131147542,6.819672131147541,0.48540983606557375,2.7704918032786887,19.40983606557377,0.15147540983606558,14.737704918032787,0.9672131147540983,95.40983606557377
