placar_casa,placar_visitante,data,round,stage,ano,equipe_casa,equipe_visitante,Pts_casa,3P_casa,2P_casa,LL_casa,RT_casa,RO_casa,RD_casa,AS_casa,ER_casa,IA%_casa,3PC_casa,3PT_casa,3P%_casa,2PC_casa,2PT_casa,2P%_casa,LLC_casa,LLT_casa,LL%_casa,EN_casa,BR_casa,B/E_casa,TO_casa,FC_casa,T/FC_casa,ET_casa,VI_casa,EF_casa,Pts_visitante,3P_visitante,2P_visitante,LL_visitante,RT_visitante,RO_visitante,RD_visitante,AS_visitante,ER_visitante,IA%_visitante,3PC_visitante,3PT_visitante,3P%_visitante,2PC_visitante,2PT_visitante,2P%_visitante,LLC_visitante,LLT_visitante,LL%_visitante,EN_visitante,BR_visitante,B/E_visitante,TO_visitante,FC_visitante,T/FC_visitante,ET_visitante,VI_visitante,EF_visitante
95,72,2013-03-07,9,2,2012-2013,Minas,Espírito Santo,84.3921568627451,33.23529411764706,45.76470588235294,16.53921568627451,31.46078431372549,9.313725490196079,22.147058823529413,15.96078431372549,14.166666666666666,1.220686274509804,7.362745098039215,20.215686274509803,36.29460784313727,22.88235294117647,41.11764705882353,55.874705882352956,16.53921568627451,21.61764705882353,76.37401960784311,1.0294117647058822,7.0,0.528921568627451,2.5588235294117645,20.42156862745098,0.1324509803921569,14.166666666666666,1.803921568627451,93.53921568627452,73.95698924731182,30.322580645161292,36.623655913978496,15.526881720430108,29.602150537634408,8.903225806451612,20.698924731182796,10.763440860215054,14.204301075268818,0.8552688172043008,7.268817204301075,22.096774193548388,32.69279569892473,18.311827956989248,37.11827956989247,49.569784946236574,15.526881720430108,22.204301075268816,70.3944086021505,1.2903225806451613,7.78494623655914,0.6009677419354837,1.8064516129032258,21.161290322580644,0.08817204301075268,14.204301075268818,2.6344086021505375,72.3763440860215
