placar_casa,placar_visitante,data,round,stage,ano,equipe_casa,equipe_visitante,Pts_casa,3P_casa,2P_casa,LL_casa,RT_casa,RO_casa,RD_casa,AS_casa,ER_casa,IA%_casa,3PC_casa,3PT_casa,3P%_casa,2PC_casa,2PT_casa,2P%_casa,LLC_casa,LLT_casa,LL%_casa,EN_casa,BR_casa,B/E_casa,TO_casa,FC_casa,T/FC_casa,ET_casa,VI_casa,EF_casa,Pts_visitante,3P_visitante,2P_visitante,LL_visitante,RT_visitante,RO_visitante,RD_visitante,AS_visitante,ER_visitante,IA%_visitante,3PC_visitante,3PT_visitante,3P%_visitante,2PC_visitante,2PT_visitante,2P%_visitante,LLC_visitante,LLT_visitante,LL%_visitante,EN_visitante,BR_visitante,B/E_visitante,TO_visitante,FC_visitante,T/FC_visitante,ET_visitante,VI_visitante,EF_visitante
96,98,2012-03-17,12,2,2011-2012,Uberlândia,Flamengo,85.53333333333333,26.6,44.0,14.933333333333334,29.0,6.6,22.4,16.333333333333332,11.6,1.4973333333333336,8.866666666666667,23.066666666666666,37.88133333333334,22.0,39.666666666666664,55.53733333333333,14.933333333333334,18.866666666666667,78.664,3.7333333333333334,6.866666666666666,0.6433333333333332,3.2,18.0,0.2,11.6,2.0,95.73333333333333,91.3157894736842,29.80263157894737,44.55263157894737,16.960526315789473,32.30263157894737,7.802631578947368,24.5,16.30263157894737,12.631578947368421,1.415657894736842,9.93421052631579,24.776315789473685,40.27644736842105,22.276315789473685,38.05263157894737,58.60394736842106,16.960526315789473,22.56578947368421,75.38065789473684,1.881578947368421,8.618421052631579,0.7472368421052633,1.8421052631578947,19.592105263157894,0.09657894736842103,12.631578947368421,1.105263157894737,101.97368421052632
