placar_casa,placar_visitante,data,round,stage,ano,equipe_casa,equipe_visitante,Pts_casa,3P_casa,2P_casa,LL_casa,RT_casa,RO_casa,RD_casa,AS_casa,ER_casa,IA%_casa,3PC_casa,3PT_casa,3P%_casa,2PC_casa,2PT_casa,2P%_casa,LLC_casa,LLT_casa,LL%_casa,EN_casa,BR_casa,B/E_casa,TO_casa,FC_casa,T/FC_casa,ET_casa,VI_casa,EF_casa,Pts_visitante,3P_visitante,2P_visitante,LL_visitante,RT_visitante,RO_visitante,RD_visitante,AS_visitante,ER_visitante,IA%_visitante,3PC_visitante,3PT_visitante,3P%_visitante,2PC_visitante,2PT_visitante,2P%_visitante,LLC_visitante,LLT_visitante,LL%_visitante,EN_visitante,BR_visitante,B/E_visitante,TO_visitante,FC_visitante,T/FC_visitante,ET_visitante,VI_visitante,EF_visitante
75,77,2022-04-13,11,2,2021-2022,Fortaleza B. C. / CFO,Cerrado,76.76234265734264,28.31118881118881,39.32167832167832,13.251748251748252,35.84604895104895,10.405734265734269,25.44073426573427,13.695804195804195,12.912482517482514,1.1596503496503494,8.062972027972028,25.01395104895105,32.52017482517483,19.66083916083916,39.29716783216783,50.152062937062915,13.251748251748252,18.83227272727273,70.26583916083914,1.3776223776223775,8.304195804195805,0.6987062937062932,2.4648951048951067,20.412552447552446,0.12423076923076921,12.912482517482514,2.6643006993007,82.67825174825175,76.35033333333334,24.85,39.46616666666667,12.033166666666665,39.84983333333333,12.050166666666666,27.800666666666665,15.100166666666667,13.116833333333334,1.2098333333333338,8.2835,27.300500000000003,30.68716666666666,19.733833333333337,40.350166666666674,48.97566666666667,12.033166666666665,17.033833333333337,70.9575,1.8158333333333332,6.7335,0.5241666666666666,2.649833333333333,18.800833333333337,0.14200000000000004,13.116833333333334,2.4326666666666665,82.93383333333334
