placar_casa,placar_visitante,data,round,stage,ano,equipe_casa,equipe_visitante,Pts_casa,3P_casa,2P_casa,LL_casa,RT_casa,RO_casa,RD_casa,AS_casa,ER_casa,IA%_casa,3PC_casa,3PT_casa,3P%_casa,2PC_casa,2PT_casa,2P%_casa,LLC_casa,LLT_casa,LL%_casa,EN_casa,BR_casa,B/E_casa,TO_casa,FC_casa,T/FC_casa,ET_casa,VI_casa,EF_casa,Pts_visitante,3P_visitante,2P_visitante,LL_visitante,RT_visitante,RO_visitante,RD_visitante,AS_visitante,ER_visitante,IA%_visitante,3PC_visitante,3PT_visitante,3P%_visitante,2PC_visitante,2PT_visitante,2P%_visitante,LLC_visitante,LLT_visitante,LL%_visitante,EN_visitante,BR_visitante,B/E_visitante,TO_visitante,FC_visitante,T/FC_visitante,ET_visitante,VI_visitante,EF_visitante
93,79,2021-04-05,8,2,2020-2021,Corinthians,UNIFACISA,81.13880952380953,27.214285714285715,38.88892857142858,15.035952380952384,36.3372619047619,10.221904761904764,26.115119047619043,17.44,13.329166666666666,1.3796428571428574,9.071428571428571,25.05523809523809,36.012023809523804,19.44440476190476,38.59940476190477,50.595476190476205,15.035952380952384,19.575357142857143,77.03892857142853,1.7582142857142857,7.142738095238095,0.5613095238095241,2.1030952380952384,21.817738095238095,0.09904761904761901,13.329166666666666,1.7615476190476191,91.07130952380952,82.75907407407406,29.22222222222222,40.92611111111111,12.61185185185185,37.07370370370369,10.202777777777774,26.87092592592593,18.037037037037038,13.074074074074073,1.4529629629629635,9.740185185185183,27.426111111111112,35.56925925925925,20.462777777777777,38.684999999999995,52.963703703703715,12.61185185185185,16.74092592592592,74.51277777777779,1.4998148148148147,7.185370370370372,0.5824074074074073,2.2783333333333338,20.370555555555555,0.11574074074074073,13.074074074074073,2.1481481481481484,94.18537037037038
