placar_casa,placar_visitante,data,round,stage,ano,equipe_casa,equipe_visitante,Pts_casa,3P_casa,2P_casa,LL_casa,RT_casa,RO_casa,RD_casa,AS_casa,ER_casa,IA%_casa,3PC_casa,3PT_casa,3P%_casa,2PC_casa,2PT_casa,2P%_casa,LLC_casa,LLT_casa,LL%_casa,EN_casa,BR_casa,B/E_casa,TO_casa,FC_casa,T/FC_casa,ET_casa,VI_casa,EF_casa,Pts_visitante,3P_visitante,2P_visitante,LL_visitante,RT_visitante,RO_visitante,RD_visitante,AS_visitante,ER_visitante,IA%_visitante,3PC_visitante,3PT_visitante,3P%_visitante,2PC_visitante,2PT_visitante,2P%_visitante,LLC_visitante,LLT_visitante,LL%_visitante,EN_visitante,BR_visitante,B/E_visitante,TO_visitante,FC_visitante,T/FC_visitante,ET_visitante,VI_visitante,EF_visitante
93,81,2016-03-23,13,2,2015-2016,Pinheiros,Fortaleza B. C. / CFO,84.65454545454546,30.6,40.763636363636365,16.345454545454544,32.3,8.940909090909091,23.35909090909091,15.472727272727273,13.159090909090908,1.266454545454545,9.181818181818182,24.168181818181818,38.06363636363635,20.381818181818183,37.69090909090909,54.58290909090911,16.345454545454544,21.70909090909091,74.99377272727268,2.1136363636363638,8.213636363636363,0.6570909090909093,2.6772727272727272,19.927272727272726,0.14059090909090896,13.159090909090908,2.1818181818181817,94.27727272727273,78.16923076923077,32.792307692307695,40.49230769230769,13.953846153846154,33.91538461538462,10.007692307692308,23.907692307692308,13.515384615384615,12.423076923076923,1.2453846153846158,7.907692307692308,23.815384615384616,33.67099999999999,20.246153846153845,39.5,51.45300000000001,13.953846153846154,19.223076923076924,72.51092307692309,1.476923076923077,9.26923076923077,0.8350769230769229,2.5,20.346153846153847,0.12684615384615383,12.423076923076923,2.6923076923076925,86.11538461538461
