placar_casa,placar_visitante,data,round,stage,ano,equipe_casa,equipe_visitante,Pts_casa,3P_casa,2P_casa,LL_casa,RT_casa,RO_casa,RD_casa,AS_casa,ER_casa,IA%_casa,3PC_casa,3PT_casa,3P%_casa,2PC_casa,2PT_casa,2P%_casa,LLC_casa,LLT_casa,LL%_casa,EN_casa,BR_casa,B/E_casa,TO_casa,FC_casa,T/FC_casa,ET_casa,VI_casa,EF_casa,Pts_visitante,3P_visitante,2P_visitante,LL_visitante,RT_visitante,RO_visitante,RD_visitante,AS_visitante,ER_visitante,IA%_visitante,3PC_visitante,3PT_visitante,3P%_visitante,2PC_visitante,2PT_visitante,2P%_visitante,LLC_visitante,LLT_visitante,LL%_visitante,EN_visitante,BR_visitante,B/E_visitante,TO_visitante,FC_visitante,T/FC_visitante,ET_visitante,VI_visitante,EF_visitante
76,80,2015-01-06,14,1,2014-2015,Palmeiras,Minas,78.25,33.892857142857146,41.0,14.714285714285714,33.535714285714285,10.547619047619047,22.988095238095237,13.75,13.511904761904763,1.1475000000000004,7.511904761904762,21.821428571428573,34.6595238095238,20.5,41.214285714285715,50.042023809523826,14.714285714285714,21.19047619047619,68.85059523809522,2.119047619047619,9.25,0.755238095238095,1.8571428571428572,20.511904761904763,0.09273809523809523,13.511904761904763,2.9642857142857144,85.0952380952381,79.69375,28.40625,43.075,15.88125,31.5875,9.26875,22.31875,15.375,14.03125,1.1824375,6.9125,19.65625,35.02918750000001,21.5375,40.49375,53.324500000000015,15.88125,21.075,75.46337499999998,1.20625,7.7875,0.591,2.61875,20.98125,0.1311250000000001,14.03125,2.1875,87.85625
