placar_casa,placar_visitante,data,round,stage,ano,equipe_casa,equipe_visitante,Pts_casa,3P_casa,2P_casa,LL_casa,RT_casa,RO_casa,RD_casa,AS_casa,ER_casa,IA%_casa,3PC_casa,3PT_casa,3P%_casa,2PC_casa,2PT_casa,2P%_casa,LLC_casa,LLT_casa,LL%_casa,EN_casa,BR_casa,B/E_casa,TO_casa,FC_casa,T/FC_casa,ET_casa,VI_casa,EF_casa,Pts_visitante,3P_visitante,2P_visitante,LL_visitante,RT_visitante,RO_visitante,RD_visitante,AS_visitante,ER_visitante,IA%_visitante,3PC_visitante,3PT_visitante,3P%_visitante,2PC_visitante,2PT_visitante,2P%_visitante,LLC_visitante,LLT_visitante,LL%_visitante,EN_visitante,BR_visitante,B/E_visitante,TO_visitante,FC_visitante,T/FC_visitante,ET_visitante,VI_visitante,EF_visitante
72,69,2018-11-25,7,1,2018-2019,Minas,Corinthians,78.208,25.896,41.92804,15.29196,33.12804,9.703959999999999,23.423959999999997,15.612,14.344,1.1729200000000004,6.996040000000001,20.628,33.99808,20.96396,39.89204,52.66843999999999,15.29196,20.73596,73.64327999999996,1.4200400000000002,7.912040000000001,0.5920399999999998,2.432,21.444,0.11924000000000015,14.344,2.6639600000000003,86.04003999999998,77.44444444444444,20.333333333333332,42.0,15.11111111111111,34.666666666666664,10.777777777777779,23.88888888888889,16.0,14.0,1.2033333333333334,6.777777777777778,20.555555555555557,33.02333333333333,21.0,42.888888888888886,49.52666666666667,15.11111111111111,19.22222222222222,77.93777777777778,1.7777777777777777,7.111111111111111,0.5244444444444444,1.6666666666666667,24.11111111111111,0.0711111111111111,14.0,1.6666666666666667,83.0
