placar_casa,placar_visitante,data,round,stage,ano,equipe_casa,equipe_visitante,Pts_casa,3P_casa,2P_casa,LL_casa,RT_casa,RO_casa,RD_casa,AS_casa,ER_casa,IA%_casa,3PC_casa,3PT_casa,3P%_casa,2PC_casa,2PT_casa,2P%_casa,LLC_casa,LLT_casa,LL%_casa,EN_casa,BR_casa,B/E_casa,TO_casa,FC_casa,T/FC_casa,ET_casa,VI_casa,EF_casa,Pts_visitante,3P_visitante,2P_visitante,LL_visitante,RT_visitante,RO_visitante,RD_visitante,AS_visitante,ER_visitante,IA%_visitante,3PC_visitante,3PT_visitante,3P%_visitante,2PC_visitante,2PT_visitante,2P%_visitante,LLC_visitante,LLT_visitante,LL%_visitante,EN_visitante,BR_visitante,B/E_visitante,TO_visitante,FC_visitante,T/FC_visitante,ET_visitante,VI_visitante,EF_visitante
89,77,2024-01-22,3,2,2023-2024,R10 Score Vasco da Gama,União Corinthians,74.70382716049383,24.666666666666668,35.30851851851852,14.728271604938275,35.370246913580246,9.814814814814815,25.55543209876543,17.209753086419752,14.963086419753083,1.2017283950617288,8.222345679012346,24.666790123456792,33.2256790123457,17.654444444444447,35.654197530864195,49.94283950617287,14.728271604938275,19.716172839506175,74.87876543209876,0.9506172839506173,6.913703703703703,0.4781481481481482,1.5803703703703702,20.765432098765434,0.0779012345679012,14.963086419753083,3.234567901234568,81.35802469135803,75.51226190476191,28.75,34.40500000000001,12.357261904761902,36.14309523809524,9.785833333333336,26.357261904761906,16.083690476190473,12.821547619047616,1.3240476190476191,9.583214285714286,30.11952380952382,31.832738095238103,17.20214285714286,35.80940476190476,48.19880952380953,12.357261904761902,17.392857142857142,70.91428571428571,1.4284523809523808,7.250119047619047,0.5849999999999997,2.249761904761905,20.916547619047623,0.1113095238095238,12.821547619047616,2.1664285714285714,80.23785714285714
