placar_casa,placar_visitante,data,round,stage,ano,equipe_casa,equipe_visitante,Pts_casa,3P_casa,2P_casa,LL_casa,RT_casa,RO_casa,RD_casa,AS_casa,ER_casa,IA%_casa,3PC_casa,3PT_casa,3P%_casa,2PC_casa,2PT_casa,2P%_casa,LLC_casa,LLT_casa,LL%_casa,EN_casa,BR_casa,B/E_casa,TO_casa,FC_casa,T/FC_casa,ET_casa,VI_casa,EF_casa,Pts_visitante,3P_visitante,2P_visitante,LL_visitante,RT_visitante,RO_visitante,RD_visitante,AS_visitante,ER_visitante,IA%_visitante,3PC_visitante,3PT_visitante,3P%_visitante,2PC_visitante,2PT_visitante,2P%_visitante,LLC_visitante,LLT_visitante,LL%_visitante,EN_visitante,BR_visitante,B/E_visitante,TO_visitante,FC_visitante,T/FC_visitante,ET_visitante,VI_visitante,EF_visitante
83,98,2009-12-14,12,1,2009-2010,Londrina,Brasília,76.2,25.2,34.0,17.0,31.2,13.2,18.0,15.0,16.8,0.9,8.4,25.2,31.824,17.0,37.2,46.30400000000001,17.0,22.8,74.50399999999999,0.4,7.2,0.42800000000000005,3.4,17.6,0.20000000000000004,16.8,3.2,73.4,86.06382978723404,22.085106382978722,44.638297872340424,19.340425531914892,33.744680851063826,8.72340425531915,25.02127659574468,15.53191489361702,15.638297872340425,1.1068085106382983,7.361702127659575,22.19148936170213,33.64000000000001,22.319148936170212,38.255319148936174,58.36106382978725,19.340425531914892,25.595744680851062,75.68936170212767,2.0425531914893615,7.574468085106383,0.526595744680851,3.6808510638297873,22.617021276595743,0.1746808510638298,15.638297872340425,0.3617021276595745,94.44680851063829
