placar_casa,placar_visitante,data,round,stage,ano,equipe_casa,equipe_visitante,Pts_casa,3P_casa,2P_casa,LL_casa,RT_casa,RO_casa,RD_casa,AS_casa,ER_casa,IA%_casa,3PC_casa,3PT_casa,3P%_casa,2PC_casa,2PT_casa,2P%_casa,LLC_casa,LLT_casa,LL%_casa,EN_casa,BR_casa,B/E_casa,TO_casa,FC_casa,T/FC_casa,ET_casa,VI_casa,EF_casa,Pts_visitante,3P_visitante,2P_visitante,LL_visitante,RT_visitante,RO_visitante,RD_visitante,AS_visitante,ER_visitante,IA%_visitante,3PC_visitante,3PT_visitante,3P%_visitante,2PC_visitante,2PT_visitante,2P%_visitante,LLC_visitante,LLT_visitante,LL%_visitante,EN_visitante,BR_visitante,B/E_visitante,TO_visitante,FC_visitante,T/FC_visitante,ET_visitante,VI_visitante,EF_visitante
85,75,2022-04-04,10,2,2021-2022,Mogi,União Corinthians,80.58907643312105,29.197452229299362,39.27391719745223,15.824808917197451,36.8662101910828,11.073248407643312,25.793057324840767,16.729363057324843,14.098630573248405,1.2907643312101909,8.496815286624203,24.36627388535032,35.0777388535032,19.636910828025478,38.372643312101914,51.418630573248315,15.824808917197451,21.159299363057325,74.69359872611457,1.5189171974522284,8.092292993630572,0.6225477707006364,2.0478662420382165,21.041273885350314,0.10101910828025475,14.098630573248405,2.6338535031847123,91.13375796178345,74.78571428571429,25.178571428571427,37.42857142857143,12.178571428571429,37.42857142857143,10.857142857142858,26.571428571428573,14.857142857142858,12.535714285714286,1.2628571428571427,8.392857142857142,28.607142857142858,29.24785714285714,18.714285714285715,39.82142857142857,47.38785714285715,12.178571428571429,18.035714285714285,67.61750000000002,1.9642857142857142,8.321428571428571,0.6799999999999998,2.392857142857143,20.785714285714285,0.11964285714285713,12.535714285714286,1.8928571428571428,78.07142857142857
