placar_casa,placar_visitante,data,round,stage,ano,equipe_casa,equipe_visitante,Pts_casa,3P_casa,2P_casa,LL_casa,RT_casa,RO_casa,RD_casa,AS_casa,ER_casa,IA%_casa,3PC_casa,3PT_casa,3P%_casa,2PC_casa,2PT_casa,2P%_casa,LLC_casa,LLT_casa,LL%_casa,EN_casa,BR_casa,B/E_casa,TO_casa,FC_casa,T/FC_casa,ET_casa,VI_casa,EF_casa,Pts_visitante,3P_visitante,2P_visitante,LL_visitante,RT_visitante,RO_visitante,RD_visitante,AS_visitante,ER_visitante,IA%_visitante,3PC_visitante,3PT_visitante,3P%_visitante,2PC_visitante,2PT_visitante,2P%_visitante,LLC_visitante,LLT_visitante,LL%_visitante,EN_visitante,BR_visitante,B/E_visitante,TO_visitante,FC_visitante,T/FC_visitante,ET_visitante,VI_visitante,EF_visitante
77,70,2016-12-20,11,1,2016-2017,Sesi Franca,Brasília,79.37651821862349,27.94736842105263,42.08097165991903,15.700404858299596,31.635627530364374,9.20242914979757,22.4331983805668,14.643724696356275,13.906882591093117,1.1801619433198378,7.198380566801619,20.445344129554655,35.16923076923078,21.040485829959515,40.17004048582996,52.67935222672063,15.700404858299596,21.380566801619434,73.005951417004,1.902834008097166,8.82995951417004,0.6930769230769228,2.789473684210526,20.789473684210527,0.1415384615384615,13.906882591093117,2.396761133603239,86.85425101214575,86.4047619047619,30.86904761904762,42.53968253968254,16.353174603174605,34.20634920634921,9.134920634920634,25.071428571428573,16.88095238095238,13.432539682539682,1.4172222222222224,9.170634920634921,24.876984126984127,36.755396825396815,21.26984126984127,37.80952380952381,56.52932539682543,16.353174603174605,20.77777777777778,78.77575396825392,1.7301587301587302,7.837301587301587,0.6503571428571425,3.0634920634920637,21.650793650793652,0.15126984126984128,13.432539682539682,2.003968253968254,99.68253968253968
