placar_casa,placar_visitante,data,round,stage,ano,equipe_casa,equipe_visitante,Pts_casa,3P_casa,2P_casa,LL_casa,RT_casa,RO_casa,RD_casa,AS_casa,ER_casa,IA%_casa,3PC_casa,3PT_casa,3P%_casa,2PC_casa,2PT_casa,2P%_casa,LLC_casa,LLT_casa,LL%_casa,EN_casa,BR_casa,B/E_casa,TO_casa,FC_casa,T/FC_casa,ET_casa,VI_casa,EF_casa,Pts_visitante,3P_visitante,2P_visitante,LL_visitante,RT_visitante,RO_visitante,RD_visitante,AS_visitante,ER_visitante,IA%_visitante,3PC_visitante,3PT_visitante,3P%_visitante,2PC_visitante,2PT_visitante,2P%_visitante,LLC_visitante,LLT_visitante,LL%_visitante,EN_visitante,BR_visitante,B/E_visitante,TO_visitante,FC_visitante,T/FC_visitante,ET_visitante,VI_visitante,EF_visitante
85,76,2017-02-14,20,1,2016-2017,Brasília,Paulistano,86.20306513409962,30.67816091954023,42.52873563218391,16.237547892720308,34.367816091954026,9.183908045977011,25.183908045977013,16.988505747126435,13.440613026819923,1.4286590038314178,9.145593869731801,24.865900383141764,36.6631417624521,21.264367816091955,37.8544061302682,56.4219157088123,16.237547892720308,20.67816091954023,78.48977011494247,1.7241379310344827,7.8084291187739465,0.6466666666666665,3.0191570881226055,21.613026819923373,0.14931034482758623,13.440613026819923,2.0191570881226055,99.54022988505747,80.575,29.7125,40.541666666666664,15.570833333333333,34.225,11.1,23.125,13.820833333333333,13.683333333333334,1.120291666666667,8.154166666666667,23.570833333333333,34.92654166666667,20.270833333333332,39.625,51.42612499999998,15.570833333333333,21.179166666666667,73.2732916666667,1.5416666666666667,8.341666666666667,0.6717916666666667,1.7791666666666666,21.745833333333334,0.0858333333333333,13.683333333333334,2.4875,86.45
