placar_casa,placar_visitante,data,round,stage,ano,equipe_casa,equipe_visitante,Pts_casa,3P_casa,2P_casa,LL_casa,RT_casa,RO_casa,RD_casa,AS_casa,ER_casa,IA%_casa,3PC_casa,3PT_casa,3P%_casa,2PC_casa,2PT_casa,2P%_casa,LLC_casa,LLT_casa,LL%_casa,EN_casa,BR_casa,B/E_casa,TO_casa,FC_casa,T/FC_casa,ET_casa,VI_casa,EF_casa,Pts_visitante,3P_visitante,2P_visitante,LL_visitante,RT_visitante,RO_visitante,RD_visitante,AS_visitante,ER_visitante,IA%_visitante,3PC_visitante,3PT_visitante,3P%_visitante,2PC_visitante,2PT_visitante,2P%_visitante,LLC_visitante,LLT_visitante,LL%_visitante,EN_visitante,BR_visitante,B/E_visitante,TO_visitante,FC_visitante,T/FC_visitante,ET_visitante,VI_visitante,EF_visitante
76,68,2019-10-23,2,1,2019-2020,Pinheiros,Bauru Basket,83.76332247557002,29.061889250814332,40.50384364820847,16.38654723127036,33.55045602605863,9.458241042345279,24.09231270358306,15.549381107491856,13.26273615635179,1.2606514657980454,8.957622149837134,24.15638436482085,37.11374592833874,20.25185667752443,38.004332247557,53.674332247557025,16.38654723127036,21.891400651465798,74.84169381107485,1.9750162866449512,8.12159609120521,0.6481433224755698,2.533094462540717,20.11729641693811,0.13166123778501618,13.26273615635179,2.357231270358306,93.06296416938112,82.51573667711595,32.00313479623824,38.60188087774295,15.31510971786834,34.4435736677116,9.597241379310347,24.846426332288402,15.858871473354231,12.101849529780564,1.4466771159874592,9.532884012539185,25.69746081504702,37.424670846394996,19.300940438871475,35.94360501567398,54.17746081504696,15.31510971786834,20.351097178683386,75.41316614420057,1.3825078369905959,7.568996865203762,0.6872100313479615,1.8025078369905956,18.913761755485893,0.09824451410658301,12.101849529780564,2.20692789968652,93.21943573667711
