placar_casa,placar_visitante,data,round,stage,ano,equipe_casa,equipe_visitante,Pts_casa,3P_casa,2P_casa,LL_casa,RT_casa,RO_casa,RD_casa,AS_casa,ER_casa,IA%_casa,3PC_casa,3PT_casa,3P%_casa,2PC_casa,2PT_casa,2P%_casa,LLC_casa,LLT_casa,LL%_casa,EN_casa,BR_casa,B/E_casa,TO_casa,FC_casa,T/FC_casa,ET_casa,VI_casa,EF_casa,Pts_visitante,3P_visitante,2P_visitante,LL_visitante,RT_visitante,RO_visitante,RD_visitante,AS_visitante,ER_visitante,IA%_visitante,3PC_visitante,3PT_visitante,3P%_visitante,2PC_visitante,2PT_visitante,2P%_visitante,LLC_visitante,LLT_visitante,LL%_visitante,EN_visitante,BR_visitante,B/E_visitante,TO_visitante,FC_visitante,T/FC_visitante,ET_visitante,VI_visitante,EF_visitante
79,71,2022-11-29,7,1,2022-2023,Minas,Fortaleza B. C. / CFO,80.12105263157895,26.98421052631579,41.36313157894737,15.00257894736842,35.029,10.060473684210525,24.968447368421053,16.360473684210525,14.018342105263157,1.2563157894736852,7.918473684210528,22.77642105263158,34.687789473684205,20.681605263157895,38.85257894736842,53.36684210526315,15.00257894736842,20.239421052631577,73.91639473684195,1.6289473684210527,7.547394736842106,0.5736052631578941,2.357894736842105,20.968473684210526,0.11831578947368432,14.018342105263157,2.626236842105264,89.83686842105261,76.52535353535352,27.949494949494948,39.44107744107744,13.104377104377104,36.15814814814814,10.515286195286198,25.643265993265995,13.666666666666666,12.949393939393937,1.1530303030303026,7.9932996632996645,25.006700336700337,32.22686868686867,19.72053872053872,39.46124579124579,50.08680134680133,13.104377104377104,18.821649831649832,69.55878787878783,1.3838383838383836,8.313131313131313,0.6967676767676763,2.4678787878787896,20.44104377104377,0.12417508417508416,12.949393939393937,2.64979797979798,82.37030303030303
