placar_casa,placar_visitante,data,round,stage,ano,equipe_casa,equipe_visitante,Pts_casa,3P_casa,2P_casa,LL_casa,RT_casa,RO_casa,RD_casa,AS_casa,ER_casa,IA%_casa,3PC_casa,3PT_casa,3P%_casa,2PC_casa,2PT_casa,2P%_casa,LLC_casa,LLT_casa,LL%_casa,EN_casa,BR_casa,B/E_casa,TO_casa,FC_casa,T/FC_casa,ET_casa,VI_casa,EF_casa,Pts_visitante,3P_visitante,2P_visitante,LL_visitante,RT_visitante,RO_visitante,RD_visitante,AS_visitante,ER_visitante,IA%_visitante,3PC_visitante,3PT_visitante,3P%_visitante,2PC_visitante,2PT_visitante,2P%_visitante,LLC_visitante,LLT_visitante,LL%_visitante,EN_visitante,BR_visitante,B/E_visitante,TO_visitante,FC_visitante,T/FC_visitante,ET_visitante,VI_visitante,EF_visitante
78,67,2015-05-02,4,4,2014-2015,Sesi Franca,Bauru Basket,79.88177339901478,29.17241379310345,42.79802955665025,15.64039408866995,31.458128078817733,9.280788177339902,22.177339901477833,14.620689655172415,13.591133004926109,1.2134482758620684,7.147783251231527,20.216748768472907,35.37798029556651,21.399014778325125,40.99014778325123,52.348719211822676,15.64039408866995,21.32512315270936,72.84615763546796,1.8916256157635467,8.995073891625616,0.7215270935960588,2.832512315270936,20.773399014778324,0.14477832512315264,13.591133004926109,2.1921182266009853,87.72906403940887,83.07291666666667,33.4375,40.34375,14.947916666666666,32.8125,9.708333333333334,23.104166666666668,14.953125,11.244791666666666,1.4946354166666653,9.260416666666666,24.010416666666668,38.76536458333334,20.171875,37.859375,53.86416666666663,14.947916666666666,19.78125,75.58213541666667,1.5729166666666667,7.520833333333333,0.746458333333333,1.84375,18.036458333333332,0.1069270833333333,11.244791666666666,1.875,93.328125
