placar_casa,placar_visitante,data,round,stage,ano,equipe_casa,equipe_visitante,Pts_casa,3P_casa,2P_casa,LL_casa,RT_casa,RO_casa,RD_casa,AS_casa,ER_casa,IA%_casa,3PC_casa,3PT_casa,3P%_casa,2PC_casa,2PT_casa,2P%_casa,LLC_casa,LLT_casa,LL%_casa,EN_casa,BR_casa,B/E_casa,TO_casa,FC_casa,T/FC_casa,ET_casa,VI_casa,EF_casa,Pts_visitante,3P_visitante,2P_visitante,LL_visitante,RT_visitante,RO_visitante,RD_visitante,AS_visitante,ER_visitante,IA%_visitante,3PC_visitante,3PT_visitante,3P%_visitante,2PC_visitante,2PT_visitante,2P%_visitante,LLC_visitante,LLT_visitante,LL%_visitante,EN_visitante,BR_visitante,B/E_visitante,TO_visitante,FC_visitante,T/FC_visitante,ET_visitante,VI_visitante,EF_visitante
73,63,2014-11-20,6,1,2014-2015,Minas,Macaé Basquete,79.75496688741723,28.66887417218543,43.443708609271525,15.7682119205298,31.33112582781457,9.278145695364238,22.05298013245033,15.317880794701987,13.927152317880795,1.1873509933774833,6.847682119205298,19.589403973509935,34.75728476821193,21.721854304635762,40.6953642384106,53.55562913907285,15.7682119205298,20.86092715231788,75.64523178807944,1.1059602649006623,7.47682119205298,0.5749006622516557,2.6490066225165565,20.894039735099337,0.13331125827814577,13.927152317880795,2.119205298013245,87.6158940397351,79.91666666666667,25.25,38.55555555555556,16.11111111111111,30.416666666666668,7.055555555555555,23.36111111111111,14.527777777777779,12.88888888888889,1.3605555555555557,8.416666666666666,22.0,38.2775,19.27777777777778,35.94444444444444,53.914444444444456,16.11111111111111,20.72222222222222,78.71416666666667,1.3333333333333333,9.166666666666666,0.8861111111111112,1.6666666666666667,21.694444444444443,0.07777777777777779,12.88888888888889,2.611111111111111,87.94444444444444
