placar_casa,placar_visitante,data,round,stage,ano,equipe_casa,equipe_visitante,Pts_casa,3P_casa,2P_casa,LL_casa,RT_casa,RO_casa,RD_casa,AS_casa,ER_casa,IA%_casa,3PC_casa,3PT_casa,3P%_casa,2PC_casa,2PT_casa,2P%_casa,LLC_casa,LLT_casa,LL%_casa,EN_casa,BR_casa,B/E_casa,TO_casa,FC_casa,T/FC_casa,ET_casa,VI_casa,EF_casa,Pts_visitante,3P_visitante,2P_visitante,LL_visitante,RT_visitante,RO_visitante,RD_visitante,AS_visitante,ER_visitante,IA%_visitante,3PC_visitante,3PT_visitante,3P%_visitante,2PC_visitante,2PT_visitante,2P%_visitante,LLC_visitante,LLT_visitante,LL%_visitante,EN_visitante,BR_visitante,B/E_visitante,TO_visitante,FC_visitante,T/FC_visitante,ET_visitante,VI_visitante,EF_visitante
74,87,2014-03-15,10,2,2013-2014,L. Sorocabana,Uberlândia,76.27380952380952,35.17857142857143,38.45238095238095,16.392857142857142,28.19047619047619,8.892857142857142,19.297619047619047,10.535714285714286,11.880952380952381,0.9542857142857143,7.142857142857143,21.321428571428573,33.51630952380953,19.226190476190474,38.04761904761905,50.73559523809523,16.392857142857142,21.714285714285715,75.33904761904763,1.380952380952381,8.488095238095237,0.7663095238095239,1.4880952380952381,20.678571428571427,0.07273809523809524,11.880952380952381,2.511904761904762,78.42857142857143,83.89583333333333,39.0,41.0,15.020833333333334,30.854166666666668,7.791666666666667,23.0625,16.770833333333332,11.6875,1.603229166666667,9.291666666666666,23.09375,40.32,20.5,37.28125,55.27291666666668,15.020833333333334,18.9375,79.54895833333335,3.0625,6.75,0.6401041666666669,2.5520833333333335,19.645833333333332,0.1367708333333334,11.6875,2.46875,97.66666666666667
