placar_casa,placar_visitante,data,round,stage,ano,equipe_casa,equipe_visitante,Pts_casa,3P_casa,2P_casa,LL_casa,RT_casa,RO_casa,RD_casa,AS_casa,ER_casa,IA%_casa,3PC_casa,3PT_casa,3P%_casa,2PC_casa,2PT_casa,2P%_casa,LLC_casa,LLT_casa,LL%_casa,EN_casa,BR_casa,B/E_casa,TO_casa,FC_casa,T/FC_casa,ET_casa,VI_casa,EF_casa,Pts_visitante,3P_visitante,2P_visitante,LL_visitante,RT_visitante,RO_visitante,RD_visitante,AS_visitante,ER_visitante,IA%_visitante,3PC_visitante,3PT_visitante,3P%_visitante,2PC_visitante,2PT_visitante,2P%_visitante,LLC_visitante,LLT_visitante,LL%_visitante,EN_visitante,BR_visitante,B/E_visitante,TO_visitante,FC_visitante,T/FC_visitante,ET_visitante,VI_visitante,EF_visitante
70,95,2024-04-08,12,2,2023-2024,Cerrado,Sesi Franca,77.05543307086614,27.8503937007874,37.24393700787402,11.9603937007874,38.76362204724409,11.637874015748034,27.12622047244094,15.330866141732285,13.889763779527557,1.1580314960629918,9.283543307086614,28.732362204724406,32.42322834645669,18.62220472440945,37.574803149606296,49.887637795275594,11.9603937007874,17.40188976377953,68.52417322834648,1.6532283464566926,6.779606299212598,0.5029921259842515,2.2519685039370074,17.6540157480315,0.12968503937007878,13.889763779527557,2.6688976377952764,82.44905511811024,83.22569105691052,29.48170731707317,41.12199186991868,15.81083333333333,34.74398373983738,9.300873983739839,25.443109756097563,16.483678861788615,13.117906504065042,1.3937195121951227,8.764146341463412,24.012174796747967,36.23910569105689,20.56093495934959,37.9756300813008,54.508963414634145,15.81083333333333,20.88418699186992,75.75205284552845,1.9979674796747968,7.497987804878049,0.6107926829268299,2.5569105691056913,19.926849593495934,0.13502032520325224,13.117906504065042,2.1423780487804884,94.41258130081302
