placar_casa,placar_visitante,data,round,stage,ano,equipe_casa,equipe_visitante,Pts_casa,3P_casa,2P_casa,LL_casa,RT_casa,RO_casa,RD_casa,AS_casa,ER_casa,IA%_casa,3PC_casa,3PT_casa,3P%_casa,2PC_casa,2PT_casa,2P%_casa,LLC_casa,LLT_casa,LL%_casa,EN_casa,BR_casa,B/E_casa,TO_casa,FC_casa,T/FC_casa,ET_casa,VI_casa,EF_casa,Pts_visitante,3P_visitante,2P_visitante,LL_visitante,RT_visitante,RO_visitante,RD_visitante,AS_visitante,ER_visitante,IA%_visitante,3PC_visitante,3PT_visitante,3P%_visitante,2PC_visitante,2PT_visitante,2P%_visitante,LLC_visitante,LLT_visitante,LL%_visitante,EN_visitante,BR_visitante,B/E_visitante,TO_visitante,FC_visitante,T/FC_visitante,ET_visitante,VI_visitante,EF_visitante
69,75,2011-12-15,9,1,2011-2012,Limeira,Bauru Basket,84.78947368421052,27.55263157894737,39.473684210526315,17.763157894736842,29.18421052631579,7.2631578947368425,21.92105263157895,16.31578947368421,14.18421052631579,1.25,9.18421052631579,24.842105263157894,37.50263157894737,19.736842105263158,36.526315789473685,54.162631578947355,17.763157894736842,23.13157894736842,77.13184210526316,2.4210526315789473,8.68421052631579,0.6731578947368422,3.8947368421052633,20.86842105263158,0.19684210526315785,14.18421052631579,0.34210526315789475,90.86842105263158,82.09836065573771,26.60655737704918,41.31147540983606,14.180327868852459,30.311475409836067,9.721311475409836,20.59016393442623,13.491803278688524,10.098360655737705,1.567049180327869,8.868852459016393,22.83606557377049,39.05131147540984,20.65573770491803,39.24590163934426,53.04540983606558,14.180327868852459,19.491803278688526,73.2177049180328,1.5573770491803278,6.475409836065574,0.7486885245901641,1.9836065573770492,17.459016393442624,0.11770491803278695,10.098360655737705,1.1147540983606556,86.39344262295081
