placar_casa,placar_visitante,data,round,stage,ano,equipe_casa,equipe_visitante,Pts_casa,3P_casa,2P_casa,LL_casa,RT_casa,RO_casa,RD_casa,AS_casa,ER_casa,IA%_casa,3PC_casa,3PT_casa,3P%_casa,2PC_casa,2PT_casa,2P%_casa,LLC_casa,LLT_casa,LL%_casa,EN_casa,BR_casa,B/E_casa,TO_casa,FC_casa,T/FC_casa,ET_casa,VI_casa,EF_casa,Pts_visitante,3P_visitante,2P_visitante,LL_visitante,RT_visitante,RO_visitante,RD_visitante,AS_visitante,ER_visitante,IA%_visitante,3PC_visitante,3PT_visitante,3P%_visitante,2PC_visitante,2PT_visitante,2P%_visitante,LLC_visitante,LLT_visitante,LL%_visitante,EN_visitante,BR_visitante,B/E_visitante,TO_visitante,FC_visitante,T/FC_visitante,ET_visitante,VI_visitante,EF_visitante
80,69,2019-11-24,7,1,2019-2020,Corinthians,Fortaleza B. C. / CFO,80.375,23.7,40.85000000000001,15.825000000000003,36.425250000000005,10.57475,25.8505,17.499500000000005,13.97475,1.3452500000000003,7.899999999999999,22.499500000000005,35.08125,20.425000000000004,40.77500000000001,50.4325,15.825000000000003,20.524500000000003,76.90349999999998,2.20025,7.350250000000001,0.5472500000000001,2.10025,22.750499999999995,0.09424999999999999,13.97475,1.8247499999999999,90.0,77.048125,30.072115384615383,39.057740384615386,13.586538461538462,35.269278846153846,10.475961538461538,24.79331730769231,13.591394230769232,12.798028846153844,1.1843269230769233,8.134615384615385,24.60091346153846,33.32528846153844,19.528798076923074,39.17307692307692,49.97783653846151,13.586538461538462,19.048028846153844,71.10899038461537,1.4279326923076923,8.600961538461538,0.7419711538461536,2.4134134615384615,20.54331730769231,0.1207211538461538,12.798028846153844,2.6971153846153846,83.51437499999999
