placar_casa,placar_visitante,data,round,stage,ano,equipe_casa,equipe_visitante,Pts_casa,3P_casa,2P_casa,LL_casa,RT_casa,RO_casa,RD_casa,AS_casa,ER_casa,IA%_casa,3PC_casa,3PT_casa,3P%_casa,2PC_casa,2PT_casa,2P%_casa,LLC_casa,LLT_casa,LL%_casa,EN_casa,BR_casa,B/E_casa,TO_casa,FC_casa,T/FC_casa,ET_casa,VI_casa,EF_casa,Pts_visitante,3P_visitante,2P_visitante,LL_visitante,RT_visitante,RO_visitante,RD_visitante,AS_visitante,ER_visitante,IA%_visitante,3PC_visitante,3PT_visitante,3P%_visitante,2PC_visitante,2PT_visitante,2P%_visitante,LLC_visitante,LLT_visitante,LL%_visitante,EN_visitante,BR_visitante,B/E_visitante,TO_visitante,FC_visitante,T/FC_visitante,ET_visitante,VI_visitante,EF_visitante
80,94,2024-02-16,5,2,2023-2024,Mogi,União Corinthians,80.10991202346042,29.30058651026393,38.739061583577715,15.483841642228738,36.5733137829912,10.890058651026393,25.6833431085044,16.824105571847507,14.109853372434015,1.2908504398826979,8.629061583577712,24.64222873900293,35.1942815249267,19.369442815249265,37.831407624633435,51.4394428152492,15.483841642228738,20.752287390029327,74.49337243401754,1.4646041055718466,7.9266568914956,0.6079178885630492,2.0118181818181817,21.033607038123165,0.0996480938416422,14.109853372434015,2.6320234604105566,90.37246334310849,75.6070786516854,28.43258426966292,34.75303370786517,12.4214606741573,36.017078651685395,9.769775280898878,26.24730337078652,16.23067415730337,13.045056179775278,1.3120224719101123,9.477415730337079,29.697078651685402,31.923370786516866,17.376179775280903,35.80887640449438,48.68910112359551,12.4214606741573,17.48314606741573,70.90752808988765,1.365056179775281,7.163033707865169,0.5711235955056179,2.263820224719101,20.853820224719104,0.11213483146067416,13.045056179775278,2.258202247191011,80.52224719101123
