placar_casa,placar_visitante,data,round,stage,ano,equipe_casa,equipe_visitante,Pts_casa,3P_casa,2P_casa,LL_casa,RT_casa,RO_casa,RD_casa,AS_casa,ER_casa,IA%_casa,3PC_casa,3PT_casa,3P%_casa,2PC_casa,2PT_casa,2P%_casa,LLC_casa,LLT_casa,LL%_casa,EN_casa,BR_casa,B/E_casa,TO_casa,FC_casa,T/FC_casa,ET_casa,VI_casa,EF_casa,Pts_visitante,3P_visitante,2P_visitante,LL_visitante,RT_visitante,RO_visitante,RD_visitante,AS_visitante,ER_visitante,IA%_visitante,3PC_visitante,3PT_visitante,3P%_visitante,2PC_visitante,2PT_visitante,2P%_visitante,LLC_visitante,LLT_visitante,LL%_visitante,EN_visitante,BR_visitante,B/E_visitante,TO_visitante,FC_visitante,T/FC_visitante,ET_visitante,VI_visitante,EF_visitante
81,82,2012-11-29,3,1,2012-2013,Bauru Basket,Uberlândia,81.8875,27.4125,40.85,14.6375,30.9,10.225,20.675,13.25,10.45,1.4678750000000003,8.8,23.0875,38.37025,20.425,39.4375,52.284625000000005,14.6375,19.775,74.41149999999999,1.425,6.375,0.7077500000000001,1.9,17.825,0.11062500000000006,10.45,1.5375,87.0,83.10714285714286,25.5,41.714285714285715,16.321428571428573,29.285714285714285,6.964285714285714,22.321428571428573,14.785714285714286,11.5,1.3967857142857147,8.357142857142858,21.678571428571427,38.14999999999999,20.857142857142858,38.607142857142854,54.06285714285714,16.321428571428573,20.5,79.48357142857142,3.107142857142857,6.571428571428571,0.6303571428571427,3.1785714285714284,19.107142857142858,0.18214285714285716,11.5,2.2857142857142856,94.64285714285714
