placar_casa,placar_visitante,data,round,stage,ano,equipe_casa,equipe_visitante,Pts_casa,3P_casa,2P_casa,LL_casa,RT_casa,RO_casa,RD_casa,AS_casa,ER_casa,IA%_casa,3PC_casa,3PT_casa,3P%_casa,2PC_casa,2PT_casa,2P%_casa,LLC_casa,LLT_casa,LL%_casa,EN_casa,BR_casa,B/E_casa,TO_casa,FC_casa,T/FC_casa,ET_casa,VI_casa,EF_casa,Pts_visitante,3P_visitante,2P_visitante,LL_visitante,RT_visitante,RO_visitante,RD_visitante,AS_visitante,ER_visitante,IA%_visitante,3PC_visitante,3PT_visitante,3P%_visitante,2PC_visitante,2PT_visitante,2P%_visitante,LLC_visitante,LLT_visitante,LL%_visitante,EN_visitante,BR_visitante,B/E_visitante,TO_visitante,FC_visitante,T/FC_visitante,ET_visitante,VI_visitante,EF_visitante
73,81,2014-02-11,2,2,2013-2014,Pinheiros,Bauru Basket,86.07534246575342,33.36986301369863,40.6986301369863,16.60958904109589,30.52054794520548,7.972602739726027,22.54794520547945,15.753424657534246,12.82876712328767,1.324178082191781,9.58904109589041,24.698630136986303,38.94068493150683,20.34931506849315,36.363013698630134,56.23191780821917,16.60958904109589,22.184931506849313,74.57013698630135,2.2945205479452055,7.410958904109589,0.6111643835616438,2.5684931506849313,19.643835616438356,0.13691780821917804,12.82876712328767,1.9452054794520548,95.47945205479452,81.76595744680851,33.95744680851064,40.8936170212766,14.617021276595745,31.347517730496453,9.709219858156029,21.638297872340427,14.134751773049645,11.02127659574468,1.4626950354609918,8.75177304964539,22.879432624113477,38.69141843971631,20.4468085106383,38.97872340425532,53.018297872340405,14.617021276595745,19.54609929078014,75.01553191489363,1.5602836879432624,6.886524822695035,0.7080141843971629,1.872340425531915,18.21985815602837,0.10737588652482279,11.02127659574468,1.822695035460993,89.63120567375887
