placar_casa,placar_visitante,data,round,stage,ano,equipe_casa,equipe_visitante,Pts_casa,3P_casa,2P_casa,LL_casa,RT_casa,RO_casa,RD_casa,AS_casa,ER_casa,IA%_casa,3PC_casa,3PT_casa,3P%_casa,2PC_casa,2PT_casa,2P%_casa,LLC_casa,LLT_casa,LL%_casa,EN_casa,BR_casa,B/E_casa,TO_casa,FC_casa,T/FC_casa,ET_casa,VI_casa,EF_casa,Pts_visitante,3P_visitante,2P_visitante,LL_visitante,RT_visitante,RO_visitante,RD_visitante,AS_visitante,ER_visitante,IA%_visitante,3PC_visitante,3PT_visitante,3P%_visitante,2PC_visitante,2PT_visitante,2P%_visitante,LLC_visitante,LLT_visitante,LL%_visitante,EN_visitante,BR_visitante,B/E_visitante,TO_visitante,FC_visitante,T/FC_visitante,ET_visitante,VI_visitante,EF_visitante
77,81,2021-01-30,1,2,2020-2021,Pinheiros,Mogi,83.09900000000002,28.725714285714286,40.342885714285714,15.950485714285714,33.875257142857144,9.587657142857143,24.28762857142857,15.741942857142858,13.448628571428573,1.2556285714285713,8.935257142857143,24.169542857142858,37.0098,20.1714,38.14182857142857,53.26382857142858,15.950485714285714,21.469514285714286,74.19528571428572,1.867542857142858,8.006657142857142,0.6303142857142854,2.446714285714285,20.12677142857143,0.12671428571428558,13.448628571428573,2.3409999999999993,92.09997142857145,81.13345864661652,29.44736842105263,39.58654135338346,16.4756015037594,36.42300751879699,11.131541353383458,25.291353383458645,16.197406015037593,13.73300751879699,1.2951503759398495,8.357142857142858,23.552669172932333,35.63552631578948,19.79315789473684,38.8796992481203,51.15939849624054,16.4756015037594,22.04515037593985,74.7132706766917,1.3156766917293228,8.39657894736842,0.6591729323308267,1.9587218045112786,21.182293233082707,0.09654135338345864,13.73300751879699,2.650413533834586,91.5244736842105
