placar_casa,placar_visitante,data,round,stage,ano,equipe_casa,equipe_visitante,Pts_casa,3P_casa,2P_casa,LL_casa,RT_casa,RO_casa,RD_casa,AS_casa,ER_casa,IA%_casa,3PC_casa,3PT_casa,3P%_casa,2PC_casa,2PT_casa,2P%_casa,LLC_casa,LLT_casa,LL%_casa,EN_casa,BR_casa,B/E_casa,TO_casa,FC_casa,T/FC_casa,ET_casa,VI_casa,EF_casa,Pts_visitante,3P_visitante,2P_visitante,LL_visitante,RT_visitante,RO_visitante,RD_visitante,AS_visitante,ER_visitante,IA%_visitante,3PC_visitante,3PT_visitante,3P%_visitante,2PC_visitante,2PT_visitante,2P%_visitante,LLC_visitante,LLT_visitante,LL%_visitante,EN_visitante,BR_visitante,B/E_visitante,TO_visitante,FC_visitante,T/FC_visitante,ET_visitante,VI_visitante,EF_visitante
94,83,2012-12-22,10,1,2012-2013,Brasília,Joinville,87.30927835051547,24.52577319587629,44.8041237113402,19.0,33.05154639175258,8.814432989690722,24.237113402061855,15.670103092783505,14.257731958762887,1.2341237113402062,7.835051546391752,22.896907216494846,34.21288659793815,22.4020618556701,38.18556701030928,58.68402061855672,19.0,24.36082474226804,78.03917525773196,1.7216494845360826,7.56701030927835,0.5950515463917528,3.350515463917526,22.010309278350515,0.16639175257731964,14.257731958762887,1.5360824742268042,98.54639175257732,80.05263157894737,28.57894736842105,40.0,16.526315789473685,32.39473684210526,9.952631578947368,22.442105263157895,13.810526315789474,13.58421052631579,1.1235789473684208,7.842105263157895,23.04736842105263,33.732631578947355,20.0,39.87894736842105,50.22810526315789,16.526315789473685,23.08421052631579,71.71642105263156,1.5947368421052632,7.921052631578948,0.6389473684210527,2.278947368421053,21.057894736842105,0.11631578947368414,13.58421052631579,1.8421052631578947,84.3157894736842
