placar_casa,placar_visitante,data,round,stage,ano,equipe_casa,equipe_visitante,Pts_casa,3P_casa,2P_casa,LL_casa,RT_casa,RO_casa,RD_casa,AS_casa,ER_casa,IA%_casa,3PC_casa,3PT_casa,3P%_casa,2PC_casa,2PT_casa,2P%_casa,LLC_casa,LLT_casa,LL%_casa,EN_casa,BR_casa,B/E_casa,TO_casa,FC_casa,T/FC_casa,ET_casa,VI_casa,EF_casa,Pts_visitante,3P_visitante,2P_visitante,LL_visitante,RT_visitante,RO_visitante,RD_visitante,AS_visitante,ER_visitante,IA%_visitante,3PC_visitante,3PT_visitante,3P%_visitante,2PC_visitante,2PT_visitante,2P%_visitante,LLC_visitante,LLT_visitante,LL%_visitante,EN_visitante,BR_visitante,B/E_visitante,TO_visitante,FC_visitante,T/FC_visitante,ET_visitante,VI_visitante,EF_visitante
79,68,2021-05-01,2,4,2020-2021,São Paulo,Corinthians,89.21087719298247,34.526315789473685,39.789298245614034,14.894210526315792,40.351228070175445,10.50859649122807,29.842105263157887,18.649122807017545,11.824561403508774,1.6501754385964909,11.508947368421051,30.824385964912285,37.404561403508765,19.89491228070175,35.19280701754385,56.587017543859666,14.894210526315792,19.473157894736847,76.95087719298247,2.649122807017543,6.543859649122809,0.5775438596491227,2.894561403508772,16.491578947368417,0.18175438596491225,11.824561403508774,1.9300000000000002,106.61421052631579,81.31449438202247,27.50561797752809,38.80898876404495,15.000224719101126,36.42696629213483,10.303033707865172,26.123595505617974,17.471460674157303,13.269438202247189,1.3880898876404497,9.168539325842696,25.32550561797752,36.055280898876404,19.40449438202247,38.50584269662922,50.61483146067416,15.000224719101126,19.57303370786517,76.8084269662921,1.741797752808989,7.202134831460675,0.568539325842697,2.089775280898877,21.67438202247191,0.09898876404494379,13.269438202247189,1.7974157303370786,91.32573033707865
