placar_casa,placar_visitante,data,round,stage,ano,equipe_casa,equipe_visitante,Pts_casa,3P_casa,2P_casa,LL_casa,RT_casa,RO_casa,RD_casa,AS_casa,ER_casa,IA%_casa,3PC_casa,3PT_casa,3P%_casa,2PC_casa,2PT_casa,2P%_casa,LLC_casa,LLT_casa,LL%_casa,EN_casa,BR_casa,B/E_casa,TO_casa,FC_casa,T/FC_casa,ET_casa,VI_casa,EF_casa,Pts_visitante,3P_visitante,2P_visitante,LL_visitante,RT_visitante,RO_visitante,RD_visitante,AS_visitante,ER_visitante,IA%_visitante,3PC_visitante,3PT_visitante,3P%_visitante,2PC_visitante,2PT_visitante,2P%_visitante,LLC_visitante,LLT_visitante,LL%_visitante,EN_visitante,BR_visitante,B/E_visitante,TO_visitante,FC_visitante,T/FC_visitante,ET_visitante,VI_visitante,EF_visitante
77,63,2013-03-14,11,2,2012-2013,Sesi Franca,Paulistano,82.67592592592592,35.666666666666664,44.092592592592595,16.916666666666668,29.51851851851852,8.37962962962963,21.13888888888889,15.287037037037036,12.981481481481481,1.3435185185185186,7.222222222222222,20.12037037037037,35.98898148148149,22.046296296296298,41.870370370370374,52.86009259259259,16.916666666666668,22.73148148148148,74.38046296296295,1.5925925925925926,8.342592592592593,0.7123148148148146,2.5925925925925926,21.35185185185185,0.13027777777777777,12.981481481481481,1.7685185185185186,90.39814814814815,79.94845360824742,34.36082474226804,42.0,15.556701030927835,31.52577319587629,10.45360824742268,21.072164948453608,13.68041237113402,14.597938144329897,1.030721649484536,7.463917525773196,22.175257731958762,34.271649484536084,21.0,40.134020618556704,52.45567010309277,15.556701030927835,22.567010309278352,68.45546391752578,1.6701030927835052,7.422680412371134,0.5512371134020622,2.2268041237113403,22.2680412371134,0.10412371134020618,14.597938144329897,1.9690721649484537,83.47422680412372
