placar_casa,placar_visitante,data,round,stage,ano,equipe_casa,equipe_visitante,Pts_casa,3P_casa,2P_casa,LL_casa,RT_casa,RO_casa,RD_casa,AS_casa,ER_casa,IA%_casa,3PC_casa,3PT_casa,3P%_casa,2PC_casa,2PT_casa,2P%_casa,LLC_casa,LLT_casa,LL%_casa,EN_casa,BR_casa,B/E_casa,TO_casa,FC_casa,T/FC_casa,ET_casa,VI_casa,EF_casa,Pts_visitante,3P_visitante,2P_visitante,LL_visitante,RT_visitante,RO_visitante,RD_visitante,AS_visitante,ER_visitante,IA%_visitante,3PC_visitante,3PT_visitante,3P%_visitante,2PC_visitante,2PT_visitante,2P%_visitante,LLC_visitante,LLT_visitante,LL%_visitante,EN_visitante,BR_visitante,B/E_visitante,TO_visitante,FC_visitante,T/FC_visitante,ET_visitante,VI_visitante,EF_visitante
96,75,2009-11-22,4,1,2009-2010,Brasília,Araraquara,85.61363636363636,22.15909090909091,43.81818181818182,19.636363636363637,33.79545454545455,8.545454545454545,25.25,15.295454545454545,15.954545454545455,1.0534090909090912,7.386363636363637,22.0,34.00295454545455,21.90909090909091,37.93181818181818,57.776363636363655,19.636363636363637,25.954545454545453,75.75795454545457,2.0,7.5227272727272725,0.5088636363636364,3.8181818181818183,23.15909090909091,0.17795454545454545,15.954545454545455,0.18181818181818182,93.68181818181819,74.75862068965517,24.413793103448278,36.206896551724135,14.137931034482758,28.413793103448278,7.103448275862069,21.310344827586206,15.344827586206897,16.20689655172414,1.020344827586207,8.137931034482758,24.448275862068964,33.37482758620689,18.103448275862068,34.758620689655174,52.583103448275864,14.137931034482758,19.586206896551722,71.38241379310345,2.310344827586207,8.206896551724139,0.5351724137931035,3.7241379310344827,21.79310344827586,0.18586206896551727,16.20689655172414,0.06896551724137931,75.82758620689656
