placar_casa,placar_visitante,data,round,stage,ano,equipe_casa,equipe_visitante,Pts_casa,3P_casa,2P_casa,LL_casa,RT_casa,RO_casa,RD_casa,AS_casa,ER_casa,IA%_casa,3PC_casa,3PT_casa,3P%_casa,2PC_casa,2PT_casa,2P%_casa,LLC_casa,LLT_casa,LL%_casa,EN_casa,BR_casa,B/E_casa,TO_casa,FC_casa,T/FC_casa,ET_casa,VI_casa,EF_casa,Pts_visitante,3P_visitante,2P_visitante,LL_visitante,RT_visitante,RO_visitante,RD_visitante,AS_visitante,ER_visitante,IA%_visitante,3PC_visitante,3PT_visitante,3P%_visitante,2PC_visitante,2PT_visitante,2P%_visitante,LLC_visitante,LLT_visitante,LL%_visitante,EN_visitante,BR_visitante,B/E_visitante,TO_visitante,FC_visitante,T/FC_visitante,ET_visitante,VI_visitante,EF_visitante
94,88,2022-03-10,6,2,2021-2022,Paulistano,Fortaleza B. C. / CFO,80.21931578947367,29.857894736842105,38.910526315789475,14.766657894736841,36.13071052631579,11.399184210526316,24.731552631578946,14.957078947368423,13.478894736842104,1.221315789473684,8.847368421052632,25.945657894736843,34.49734210526315,19.455263157894738,38.16936842105263,51.25060526315787,14.766657894736841,20.121894736842105,73.1317105263158,1.7474736842105254,7.6605,0.6152894736842109,1.9263421052631575,21.2535,0.09439473684210516,13.478894736842104,2.485078947368421,87.3263684210526,76.7965357142857,28.478571428571428,39.22857142857143,13.3,35.86060714285714,10.40014285714286,25.460892857142863,13.660714285714286,12.896321428571426,1.1606071428571425,8.089321428571429,24.971392857142856,32.667928571428575,19.614285714285714,39.303535714285715,50.01199999999998,13.3,18.828678571428572,70.52742857142854,1.3749999999999998,8.335714285714285,0.7023214285714282,2.4641428571428587,20.41425,0.12414285714285714,12.896321428571426,2.6463928571428577,82.82135714285715
