placar_casa,placar_visitante,data,round,stage,ano,equipe_casa,equipe_visitante,Pts_casa,3P_casa,2P_casa,LL_casa,RT_casa,RO_casa,RD_casa,AS_casa,ER_casa,IA%_casa,3PC_casa,3PT_casa,3P%_casa,2PC_casa,2PT_casa,2P%_casa,LLC_casa,LLT_casa,LL%_casa,EN_casa,BR_casa,B/E_casa,TO_casa,FC_casa,T/FC_casa,ET_casa,VI_casa,EF_casa,Pts_visitante,3P_visitante,2P_visitante,LL_visitante,RT_visitante,RO_visitante,RD_visitante,AS_visitante,ER_visitante,IA%_visitante,3PC_visitante,3PT_visitante,3P%_visitante,2PC_visitante,2PT_visitante,2P%_visitante,LLC_visitante,LLT_visitante,LL%_visitante,EN_visitante,BR_visitante,B/E_visitante,TO_visitante,FC_visitante,T/FC_visitante,ET_visitante,VI_visitante,EF_visitante
94,106,2015-11-25,4,1,2015-2016,Brasília,Sesi Franca,86.5625,31.370192307692307,42.49038461538461,16.76923076923077,34.00480769230769,8.98076923076923,25.02403846153846,16.365384615384617,13.288461538461538,1.3899038461538464,9.100961538461538,24.903846153846153,36.5148076923077,21.245192307692307,37.54807692307692,56.86615384615389,16.76923076923077,21.240384615384617,78.92615384615384,1.7211538461538463,7.677884615384615,0.649855769230769,3.230769230769231,21.51923076923077,0.16072115384615382,13.288461538461538,1.8509615384615385,99.66346153846153,79.77403846153847,29.10576923076923,42.66346153846154,15.548076923076923,31.514423076923077,9.235576923076923,22.278846153846153,14.66826923076923,13.620192307692308,1.2124999999999995,7.1875,20.302884615384617,35.408317307692315,21.33173076923077,40.80288461538461,52.45052884615386,15.548076923076923,21.22596153846154,72.76956730769228,1.9230769230769231,8.951923076923077,0.7168749999999997,2.826923076923077,20.817307692307693,0.14403846153846148,13.620192307692308,2.2211538461538463,87.6826923076923
