placar_casa,placar_visitante,data,round,stage,ano,equipe_casa,equipe_visitante,Pts_casa,3P_casa,2P_casa,LL_casa,RT_casa,RO_casa,RD_casa,AS_casa,ER_casa,IA%_casa,3PC_casa,3PT_casa,3P%_casa,2PC_casa,2PT_casa,2P%_casa,LLC_casa,LLT_casa,LL%_casa,EN_casa,BR_casa,B/E_casa,TO_casa,FC_casa,T/FC_casa,ET_casa,VI_casa,EF_casa,Pts_visitante,3P_visitante,2P_visitante,LL_visitante,RT_visitante,RO_visitante,RD_visitante,AS_visitante,ER_visitante,IA%_visitante,3PC_visitante,3PT_visitante,3P%_visitante,2PC_visitante,2PT_visitante,2P%_visitante,LLC_visitante,LLT_visitante,LL%_visitante,EN_visitante,BR_visitante,B/E_visitante,TO_visitante,FC_visitante,T/FC_visitante,ET_visitante,VI_visitante,EF_visitante
87,110,2015-04-03,15,2,2014-2015,Minas,Pinheiros,79.28977272727273,27.920454545454547,42.60227272727273,15.738636363636363,31.857954545454547,9.318181818181818,22.539772727272727,15.477272727272727,13.943181818181818,1.1955113636363637,6.982954545454546,20.045454545454547,34.7240340909091,21.301136363636363,40.13636363636363,53.17636363636364,15.738636363636363,20.954545454545453,75.11624999999997,1.2954545454545454,7.880681818181818,0.6023295454545454,2.5,21.181818181818183,0.12443181818181831,13.943181818181818,2.227272727272727,87.51136363636364,84.82105263157895,32.05263157894737,40.28421052631579,16.021052631578947,31.278947368421054,8.468421052631578,22.810526315789474,15.647368421052631,13.0,1.2975263157894736,9.505263157894737,24.936842105263157,38.30921052631579,20.142105263157895,36.52105263157895,55.486421052631606,16.021052631578947,21.378947368421052,74.67663157894732,2.2263157894736842,7.9526315789473685,0.6462105263157895,2.5736842105263156,19.726315789473684,0.1363684210526315,13.0,2.094736842105263,94.16315789473684
