placar_casa,placar_visitante,data,round,stage,ano,equipe_casa,equipe_visitante,Pts_casa,3P_casa,2P_casa,LL_casa,RT_casa,RO_casa,RD_casa,AS_casa,ER_casa,IA%_casa,3PC_casa,3PT_casa,3P%_casa,2PC_casa,2PT_casa,2P%_casa,LLC_casa,LLT_casa,LL%_casa,EN_casa,BR_casa,B/E_casa,TO_casa,FC_casa,T/FC_casa,ET_casa,VI_casa,EF_casa,Pts_visitante,3P_visitante,2P_visitante,LL_visitante,RT_visitante,RO_visitante,RD_visitante,AS_visitante,ER_visitante,IA%_visitante,3PC_visitante,3PT_visitante,3P%_visitante,2PC_visitante,2PT_visitante,2P%_visitante,LLC_visitante,LLT_visitante,LL%_visitante,EN_visitante,BR_visitante,B/E_visitante,TO_visitante,FC_visitante,T/FC_visitante,ET_visitante,VI_visitante,EF_visitante
89,78,2022-04-23,2,3,2021-2022,Pinheiros,Corinthians,82.37616161616167,28.439393939393938,40.121212121212125,15.51260101010101,34.57580808080808,9.954595959595961,24.62121212121212,15.856035353535352,13.515151515151516,1.2511868686868692,8.914090909090907,24.588358585858586,36.36868686868688,20.060606060606062,38.414065656565654,52.60666666666672,15.51260101010101,20.969646464646463,73.77739898989897,1.8560101010101016,7.9772727272727275,0.6214141414141412,2.4798737373737363,19.81325757575758,0.13020202020201996,13.515151515151516,2.3410101010100997,91.23982323232327,79.69910569105691,28.70731707317073,37.300813008130085,13.691219512195124,37.016260162601625,10.804634146341465,26.211382113821134,17.105365853658537,13.243739837398373,1.3628455284552854,9.56910569105691,26.967235772357718,35.58073170731708,18.650406504065042,37.08146341463415,50.45747967479676,13.691219512195124,17.951219512195124,76.4751219512195,1.6017886178861789,6.666585365853659,0.5252032520325206,2.113739837398374,20.78878048780488,0.10365853658536582,13.243739837398373,2.129837398373984,89.21130081300812
