placar_casa,placar_visitante,data,round,stage,ano,equipe_casa,equipe_visitante,Pts_casa,3P_casa,2P_casa,LL_casa,RT_casa,RO_casa,RD_casa,AS_casa,ER_casa,IA%_casa,3PC_casa,3PT_casa,3P%_casa,2PC_casa,2PT_casa,2P%_casa,LLC_casa,LLT_casa,LL%_casa,EN_casa,BR_casa,B/E_casa,TO_casa,FC_casa,T/FC_casa,ET_casa,VI_casa,EF_casa,Pts_visitante,3P_visitante,2P_visitante,LL_visitante,RT_visitante,RO_visitante,RD_visitante,AS_visitante,ER_visitante,IA%_visitante,3PC_visitante,3PT_visitante,3P%_visitante,2PC_visitante,2PT_visitante,2P%_visitante,LLC_visitante,LLT_visitante,LL%_visitante,EN_visitante,BR_visitante,B/E_visitante,TO_visitante,FC_visitante,T/FC_visitante,ET_visitante,VI_visitante,EF_visitante
87,72,2014-01-13,16,1,2013-2014,Bauru Basket,Sesi Franca,81.61832061068702,34.64885496183206,40.87022900763359,14.389312977099237,31.17557251908397,9.717557251908397,21.458015267175572,14.0,10.969465648854962,1.456412213740457,8.786259541984732,22.893129770992367,38.77290076335877,20.435114503816795,39.213740458015266,52.64190839694655,14.389312977099237,19.404580152671755,74.44984732824429,1.5190839694656488,6.862595419847328,0.7068702290076333,1.8091603053435115,18.15267175572519,0.10427480916030546,10.969465648854962,1.8396946564885497,89.00763358778626,81.15555555555555,32.44444444444444,43.97037037037037,16.362962962962964,29.881481481481483,8.42962962962963,21.451851851851853,15.170370370370371,13.22962962962963,1.3094074074074074,6.940740740740741,19.45925925925926,35.63829629629629,21.985185185185184,41.87407407407407,52.70637037037038,16.362962962962964,22.081481481481482,73.96681481481482,1.7407407407407407,8.637037037037038,0.7185925925925926,2.688888888888889,20.733333333333334,0.14125925925925928,13.22962962962963,1.8444444444444446,89.00740740740741
