placar_casa,placar_visitante,data,round,stage,ano,equipe_casa,equipe_visitante,Pts_casa,3P_casa,2P_casa,LL_casa,RT_casa,RO_casa,RD_casa,AS_casa,ER_casa,IA%_casa,3PC_casa,3PT_casa,3P%_casa,2PC_casa,2PT_casa,2P%_casa,LLC_casa,LLT_casa,LL%_casa,EN_casa,BR_casa,B/E_casa,TO_casa,FC_casa,T/FC_casa,ET_casa,VI_casa,EF_casa,Pts_visitante,3P_visitante,2P_visitante,LL_visitante,RT_visitante,RO_visitante,RD_visitante,AS_visitante,ER_visitante,IA%_visitante,3PC_visitante,3PT_visitante,3P%_visitante,2PC_visitante,2PT_visitante,2P%_visitante,LLC_visitante,LLT_visitante,LL%_visitante,EN_visitante,BR_visitante,B/E_visitante,TO_visitante,FC_visitante,T/FC_visitante,ET_visitante,VI_visitante,EF_visitante
87,63,2024-05-17,1,5,2023-2024,Sesi Franca,Minas,83.23301204819273,29.487951807228917,41.07634538152608,15.819136546184735,34.8113253012048,9.305281124497993,25.506044176706826,16.513995983935743,13.132550200803212,1.3931526104417682,8.779036144578312,24.036124497991967,36.27130522088352,20.538112449799197,37.89359437751003,54.56797188755021,15.819136546184735,20.88558232931727,75.79337349397593,2.0060240963855422,7.475923694779117,0.6082931726907636,2.5582329317269075,19.94379518072289,0.13487951807228937,13.132550200803212,2.1446787148594386,94.53010040160643,81.08567032967035,27.731868131868133,41.072527472527476,14.977978021978021,35.753846153846155,10.131846153846153,25.622065934065937,16.940615384615384,13.837274725274723,1.317692307692308,8.34512087912088,23.600087912087915,35.15652747252747,20.536263736263738,38.23290109890111,53.87874725274727,14.977978021978021,20.20657142857143,73.93153846153831,1.6966373626373634,7.2352527472527495,0.5533846153846145,2.309912087912088,20.60013186813187,0.11767032967032971,13.837274725274723,2.6483076923076934,91.89674725274723
