placar_casa,placar_visitante,data,round,stage,ano,equipe_casa,equipe_visitante,Pts_casa,3P_casa,2P_casa,LL_casa,RT_casa,RO_casa,RD_casa,AS_casa,ER_casa,IA%_casa,3PC_casa,3PT_casa,3P%_casa,2PC_casa,2PT_casa,2P%_casa,LLC_casa,LLT_casa,LL%_casa,EN_casa,BR_casa,B/E_casa,TO_casa,FC_casa,T/FC_casa,ET_casa,VI_casa,EF_casa,Pts_visitante,3P_visitante,2P_visitante,LL_visitante,RT_visitante,RO_visitante,RD_visitante,AS_visitante,ER_visitante,IA%_visitante,3PC_visitante,3PT_visitante,3P%_visitante,2PC_visitante,2PT_visitante,2P%_visitante,LLC_visitante,LLT_visitante,LL%_visitante,EN_visitante,BR_visitante,B/E_visitante,TO_visitante,FC_visitante,T/FC_visitante,ET_visitante,VI_visitante,EF_visitante
92,86,2013-02-21,7,2,2012-2013,Fortaleza B. C. / CFO,Tijuca,77.9047619047619,62.857142857142854,41.904761904761905,14.714285714285714,31.238095238095237,9.238095238095237,22.0,12.523809523809524,10.952380952380953,1.2585714285714287,7.095238095238095,21.095238095238095,34.13904761904761,20.952380952380953,42.0,50.355714285714285,14.714285714285714,19.714285714285715,73.74666666666668,0.9523809523809523,6.476190476190476,0.7138095238095238,2.7142857142857144,20.238095238095237,0.1357142857142857,10.952380952380953,2.5714285714285716,87.42857142857143,72.45454545454545,35.79545454545455,39.5,16.59090909090909,26.84090909090909,7.25,19.59090909090909,10.545454545454545,12.522727272727273,0.8925000000000002,5.454545454545454,18.227272727272727,28.932045454545456,19.75,39.25,50.63340909090909,16.59090909090909,22.363636363636363,73.31795454545455,0.8863636363636364,6.636363636363637,0.5759090909090908,1.6590909090909092,19.977272727272727,0.08954545454545451,12.522727272727273,2.727272727272727,74.56818181818181
