placar_casa,placar_visitante,data,round,stage,ano,equipe_casa,equipe_visitante,Pts_casa,3P_casa,2P_casa,LL_casa,RT_casa,RO_casa,RD_casa,AS_casa,ER_casa,IA%_casa,3PC_casa,3PT_casa,3P%_casa,2PC_casa,2PT_casa,2P%_casa,LLC_casa,LLT_casa,LL%_casa,EN_casa,BR_casa,B/E_casa,TO_casa,FC_casa,T/FC_casa,ET_casa,VI_casa,EF_casa,Pts_visitante,3P_visitante,2P_visitante,LL_visitante,RT_visitante,RO_visitante,RD_visitante,AS_visitante,ER_visitante,IA%_visitante,3PC_visitante,3PT_visitante,3P%_visitante,2PC_visitante,2PT_visitante,2P%_visitante,LLC_visitante,LLT_visitante,LL%_visitante,EN_visitante,BR_visitante,B/E_visitante,TO_visitante,FC_visitante,T/FC_visitante,ET_visitante,VI_visitante,EF_visitante
80,83,2017-01-21,17,1,2016-2017,Flamengo,Sesi Franca,88.19330855018588,32.08550185873606,44.059479553903344,16.799256505576206,34.50185873605948,9.148698884758364,25.353159851301115,16.702602230483272,12.241635687732343,1.5186617100371747,9.111524163568774,23.855018587360593,38.30988847583642,22.029739776951672,38.90706319702602,56.81063197026021,16.799256505576206,22.052044609665426,76.07509293680293,1.7695167286245352,8.628252788104088,0.7714126394052044,1.895910780669145,19.539033457249072,0.10085501858736061,12.241635687732343,1.828996282527881,102.15985130111524,79.2579365079365,27.833333333333332,41.92063492063492,15.73015873015873,31.77777777777778,9.242063492063492,22.535714285714285,14.662698412698413,13.928571428571429,1.1795238095238094,7.2023809523809526,20.496031746031747,35.123769841269855,20.96031746031746,40.095238095238095,52.57289682539682,15.73015873015873,21.4484126984127,72.96273809523805,1.8928571428571428,8.78968253968254,0.6899603174603173,2.761904761904762,20.797619047619047,0.13999999999999999,13.928571428571429,2.4206349206349205,86.68650793650794
