placar_casa,placar_visitante,data,round,stage,ano,equipe_casa,equipe_visitante,Pts_casa,3P_casa,2P_casa,LL_casa,RT_casa,RO_casa,RD_casa,AS_casa,ER_casa,IA%_casa,3PC_casa,3PT_casa,3P%_casa,2PC_casa,2PT_casa,2P%_casa,LLC_casa,LLT_casa,LL%_casa,EN_casa,BR_casa,B/E_casa,TO_casa,FC_casa,T/FC_casa,ET_casa,VI_casa,EF_casa,Pts_visitante,3P_visitante,2P_visitante,LL_visitante,RT_visitante,RO_visitante,RD_visitante,AS_visitante,ER_visitante,IA%_visitante,3PC_visitante,3PT_visitante,3P%_visitante,2PC_visitante,2PT_visitante,2P%_visitante,LLC_visitante,LLT_visitante,LL%_visitante,EN_visitante,BR_visitante,B/E_visitante,TO_visitante,FC_visitante,T/FC_visitante,ET_visitante,VI_visitante,EF_visitante
81,111,2022-12-08,8,1,2022-2023,Fortaleza B. C. / CFO,São Paulo,76.5068120805369,27.906040268456376,39.47651006711409,13.080536912751677,36.15090604026845,10.51355704697987,25.637751677852354,13.677852348993289,12.942852348993286,1.1543624161073822,7.983255033557048,25.006677852348993,32.18583892617448,19.738255033557046,39.48654362416107,50.09721476510066,13.080536912751677,18.7853355704698,69.57704697986571,1.379194630872483,8.308724832214764,0.6965771812080531,2.469664429530203,20.446275167785235,0.12422818791946308,12.942852348993286,2.6543288590604033,82.35228187919463,86.42360360360361,32.891891891891895,39.53144144144144,13.999729729729731,38.36054054054055,9.153063063063064,29.207207207207205,18.027027027027028,11.612612612612613,1.636216216216216,10.964054054054053,29.963873873873876,36.50666666666666,19.765855855855854,34.51342342342342,57.38000000000001,13.999729729729731,18.612342342342345,75.370990990991,2.243243243243243,6.594594594594596,0.5868468468468466,2.6755855855855857,17.108288288288286,0.1631531531531531,11.612612612612613,1.91,102.09918918918919
