placar_casa,placar_visitante,data,round,stage,ano,equipe_casa,equipe_visitante,Pts_casa,3P_casa,2P_casa,LL_casa,RT_casa,RO_casa,RD_casa,AS_casa,ER_casa,IA%_casa,3PC_casa,3PT_casa,3P%_casa,2PC_casa,2PT_casa,2P%_casa,LLC_casa,LLT_casa,LL%_casa,EN_casa,BR_casa,B/E_casa,TO_casa,FC_casa,T/FC_casa,ET_casa,VI_casa,EF_casa,Pts_visitante,3P_visitante,2P_visitante,LL_visitante,RT_visitante,RO_visitante,RD_visitante,AS_visitante,ER_visitante,IA%_visitante,3PC_visitante,3PT_visitante,3P%_visitante,2PC_visitante,2PT_visitante,2P%_visitante,LLC_visitante,LLT_visitante,LL%_visitante,EN_visitante,BR_visitante,B/E_visitante,TO_visitante,FC_visitante,T/FC_visitante,ET_visitante,VI_visitante,EF_visitante
77,83,2021-01-12,10,1,2020-2021,Corinthians,Caxias do Sul Basquete,80.44285714285714,25.37142857142857,39.714428571428584,15.357428571428574,36.08557142857143,10.199714285714288,25.88585714285714,17.25657142857143,13.442714285714287,1.352857142857143,8.457142857142857,24.08542857142857,35.112285714285704,19.856999999999996,39.14300000000001,50.99228571428572,15.357428571428574,20.014142857142858,76.72528571428566,1.8718571428571424,7.257,0.5654285714285718,2.1285714285714286,22.329000000000004,0.0977142857142857,13.442714285714287,1.8424285714285713,90.057,72.37864864864865,22.62162162162162,34.810945945945946,14.946081081081077,33.013513513513516,9.175810810810809,23.8377027027027,14.040810810810807,14.499864864864868,1.0156756756756755,7.540810810810812,23.594459459459458,31.858378378378372,17.405270270270268,36.148648648648646,48.336486486486514,14.946081081081077,21.080945945945942,70.82175675675677,1.3377027027027026,8.662162162162161,0.6131081081081081,1.5,22.580810810810807,0.07067567567567569,14.499864864864868,3.3378378378378377,74.16216216216216
