placar_casa,placar_visitante,data,round,stage,ano,equipe_casa,equipe_visitante,Pts_casa,3P_casa,2P_casa,LL_casa,RT_casa,RO_casa,RD_casa,AS_casa,ER_casa,IA%_casa,3PC_casa,3PT_casa,3P%_casa,2PC_casa,2PT_casa,2P%_casa,LLC_casa,LLT_casa,LL%_casa,EN_casa,BR_casa,B/E_casa,TO_casa,FC_casa,T/FC_casa,ET_casa,VI_casa,EF_casa,Pts_visitante,3P_visitante,2P_visitante,LL_visitante,RT_visitante,RO_visitante,RD_visitante,AS_visitante,ER_visitante,IA%_visitante,3PC_visitante,3PT_visitante,3P%_visitante,2PC_visitante,2PT_visitante,2P%_visitante,LLC_visitante,LLT_visitante,LL%_visitante,EN_visitante,BR_visitante,B/E_visitante,TO_visitante,FC_visitante,T/FC_visitante,ET_visitante,VI_visitante,EF_visitante
70,68,2013-04-16,1,3,2012-2013,Minas,Coop/São José Basketball,83.48648648648648,33.027027027027025,45.04504504504504,16.46846846846847,31.36036036036036,9.315315315315315,22.045045045045047,15.81981981981982,14.26126126126126,1.2081981981981977,7.324324324324325,20.18918918918919,36.11576576576578,22.52252252252252,40.9009009009009,55.237477477477476,16.46846846846847,21.495495495495497,76.54549549549547,1.0,6.981981981981982,0.5236036036036036,2.5765765765765765,20.306306306306308,0.13387387387387392,14.26126126126126,1.864864864864865,92.17117117117117,80.99107142857143,35.973214285714285,39.05357142857143,15.526785714285714,30.553571428571427,8.803571428571429,21.75,16.616071428571427,13.839285714285714,1.3096428571428569,8.803571428571429,24.767857142857142,35.60035714285714,19.526785714285715,35.669642857142854,54.94366071428572,15.526785714285714,20.553571428571427,75.14901785714285,0.9464285714285714,6.571428571428571,0.5037499999999999,2.3214285714285716,19.946428571428573,0.1222321428571429,13.839285714285714,1.3839285714285714,88.83035714285714
