placar_casa,placar_visitante,data,round,stage,ano,equipe_casa,equipe_visitante,Pts_casa,3P_casa,2P_casa,LL_casa,RT_casa,RO_casa,RD_casa,AS_casa,ER_casa,IA%_casa,3PC_casa,3PT_casa,3P%_casa,2PC_casa,2PT_casa,2P%_casa,LLC_casa,LLT_casa,LL%_casa,EN_casa,BR_casa,B/E_casa,TO_casa,FC_casa,T/FC_casa,ET_casa,VI_casa,EF_casa,Pts_visitante,3P_visitante,2P_visitante,LL_visitante,RT_visitante,RO_visitante,RD_visitante,AS_visitante,ER_visitante,IA%_visitante,3PC_visitante,3PT_visitante,3P%_visitante,2PC_visitante,2PT_visitante,2P%_visitante,LLC_visitante,LLT_visitante,LL%_visitante,EN_visitante,BR_visitante,B/E_visitante,TO_visitante,FC_visitante,T/FC_visitante,ET_visitante,VI_visitante,EF_visitante
69,89,2015-03-27,12,2,2014-2015,Pinheiros,Bauru Basket,84.91489361702128,32.15425531914894,40.276595744680854,16.05851063829787,31.23404255319149,8.436170212765957,22.79787234042553,15.648936170212766,13.00531914893617,1.2980319148936168,9.52659574468085,24.98936170212766,38.316489361702125,20.138297872340427,36.430851063829785,55.585957446808536,16.05851063829787,21.409574468085108,74.74515957446803,2.2393617021276597,7.9787234042553195,0.6482978723404255,2.5904255319148937,19.74468085106383,0.13712765957446799,13.00531914893617,2.0851063829787235,94.33510638297872,82.96774193548387,33.5,40.38709677419355,14.919354838709678,32.634408602150536,9.736559139784946,22.897849462365592,14.865591397849462,11.274193548387096,1.4846236559139772,9.220430107526882,23.93010752688172,38.796290322580646,20.193548387096776,38.005376344086024,53.74516129032256,14.919354838709678,19.747311827956988,75.5701612903226,1.586021505376344,7.521505376344086,0.745806451612903,1.8494623655913978,18.091397849462364,0.10698924731182793,11.274193548387096,1.8602150537634408,92.90860215053763
