placar_casa,placar_visitante,data,round,stage,ano,equipe_casa,equipe_visitante,Pts_casa,3P_casa,2P_casa,LL_casa,RT_casa,RO_casa,RD_casa,AS_casa,ER_casa,IA%_casa,3PC_casa,3PT_casa,3P%_casa,2PC_casa,2PT_casa,2P%_casa,LLC_casa,LLT_casa,LL%_casa,EN_casa,BR_casa,B/E_casa,TO_casa,FC_casa,T/FC_casa,ET_casa,VI_casa,EF_casa,Pts_visitante,3P_visitante,2P_visitante,LL_visitante,RT_visitante,RO_visitante,RD_visitante,AS_visitante,ER_visitante,IA%_visitante,3PC_visitante,3PT_visitante,3P%_visitante,2PC_visitante,2PT_visitante,2P%_visitante,LLC_visitante,LLT_visitante,LL%_visitante,EN_visitante,BR_visitante,B/E_visitante,TO_visitante,FC_visitante,T/FC_visitante,ET_visitante,VI_visitante,EF_visitante
82,85,2013-12-12,9,1,2013-2014,Macaé Basquete,Coop/São José Basketball,80.0,22.285714285714285,41.142857142857146,16.571428571428573,33.57142857142857,9.571428571428571,24.0,13.285714285714286,12.428571428571429,1.1300000000000001,7.428571428571429,21.0,35.208571428571425,20.571428571428573,39.285714285714285,52.202857142857134,16.571428571428573,21.857142857142858,79.17857142857144,0.5714285714285714,10.142857142857142,0.92,1.0,20.285714285714285,0.048571428571428564,12.428571428571429,1.4285714285714286,88.0,80.9090909090909,33.72727272727273,39.18181818181818,16.113636363636363,31.106060606060606,8.992424242424242,22.113636363636363,16.416666666666668,13.856060606060606,1.2905303030303024,8.537878787878787,24.363636363636363,35.119393939393944,19.59090909090909,36.128787878787875,54.38977272727273,16.113636363636363,21.136363636363637,75.8533333333333,0.9015151515151515,6.659090909090909,0.5102272727272726,2.393939393939394,19.583333333333332,0.12931818181818186,13.856060606060606,1.621212121212121,88.57575757575758
