placar_casa,placar_visitante,data,round,stage,ano,equipe_casa,equipe_visitante,Pts_casa,3P_casa,2P_casa,LL_casa,RT_casa,RO_casa,RD_casa,AS_casa,ER_casa,IA%_casa,3PC_casa,3PT_casa,3P%_casa,2PC_casa,2PT_casa,2P%_casa,LLC_casa,LLT_casa,LL%_casa,EN_casa,BR_casa,B/E_casa,TO_casa,FC_casa,T/FC_casa,ET_casa,VI_casa,EF_casa,Pts_visitante,3P_visitante,2P_visitante,LL_visitante,RT_visitante,RO_visitante,RD_visitante,AS_visitante,ER_visitante,IA%_visitante,3PC_visitante,3PT_visitante,3P%_visitante,2PC_visitante,2PT_visitante,2P%_visitante,LLC_visitante,LLT_visitante,LL%_visitante,EN_visitante,BR_visitante,B/E_visitante,TO_visitante,FC_visitante,T/FC_visitante,ET_visitante,VI_visitante,EF_visitante
65,56,2016-01-13,1,2,2015-2016,L. Sorocabana,Rio Claro,75.6969696969697,29.227272727272727,39.68181818181818,15.537878787878787,30.196969696969695,10.522727272727273,19.674242424242426,11.053030303030303,12.530303030303031,0.9502272727272727,6.825757575757576,20.984848484848484,32.31999999999999,19.84090909090909,39.95454545454545,49.875151515151494,15.537878787878787,20.598484848484848,75.10795454545458,1.3181818181818181,9.424242424242424,0.814318181818182,1.606060606060606,21.356060606060606,0.07954545454545454,12.530303030303031,2.787878787878788,78.43939393939394,78.0,22.704545454545453,41.13636363636363,14.159090909090908,31.295454545454547,8.431818181818182,22.863636363636363,17.022727272727273,14.363636363636363,1.2836363636363641,7.568181818181818,22.15909090909091,33.539318181818174,20.568181818181817,38.36363636363637,53.592500000000015,14.159090909090908,18.522727272727273,76.08522727272727,1.75,10.477272727272727,0.7704545454545456,1.8181818181818181,20.34090909090909,0.09136363636363636,14.363636363636363,3.272727272727273,87.5
