placar_casa,placar_visitante,data,round,stage,ano,equipe_casa,equipe_visitante,Pts_casa,3P_casa,2P_casa,LL_casa,RT_casa,RO_casa,RD_casa,AS_casa,ER_casa,IA%_casa,3PC_casa,3PT_casa,3P%_casa,2PC_casa,2PT_casa,2P%_casa,LLC_casa,LLT_casa,LL%_casa,EN_casa,BR_casa,B/E_casa,TO_casa,FC_casa,T/FC_casa,ET_casa,VI_casa,EF_casa,Pts_visitante,3P_visitante,2P_visitante,LL_visitante,RT_visitante,RO_visitante,RD_visitante,AS_visitante,ER_visitante,IA%_visitante,3PC_visitante,3PT_visitante,3P%_visitante,2PC_visitante,2PT_visitante,2P%_visitante,LLC_visitante,LLT_visitante,LL%_visitante,EN_visitante,BR_visitante,B/E_visitante,TO_visitante,FC_visitante,T/FC_visitante,ET_visitante,VI_visitante,EF_visitante
79,62,2019-03-06,9,2,2018-2019,Botafogo,Minas,73.57142857142857,22.857142857142858,39.42857142857143,11.285714285714286,34.666666666666664,10.952380952380953,23.714285714285715,16.476190476190474,13.952380952380953,1.2780952380952382,7.619047619047619,22.714285714285715,34.08047619047619,19.714285714285715,38.666666666666664,51.06809523809523,11.285714285714286,16.19047619047619,70.09190476190477,1.619047619047619,7.238095238095238,0.5528571428571429,1.9047619047619047,22.761904761904763,0.08619047619047622,13.952380952380953,2.8095238095238093,80.80952380952381,78.29928030303029,25.931818181818183,41.68185606060606,15.333333333333334,33.45462121212121,9.874962121212121,23.579545454545453,15.700719696969696,14.390113636363635,1.1734090909090917,7.094772727272729,20.91287878787879,34.01943181818183,20.84087121212121,39.79545454545455,52.47977272727272,15.333333333333334,20.821969696969695,73.47670454545447,1.4356439393939395,7.90534090909091,0.5891666666666663,2.382575757575758,21.393977272727273,0.11708333333333346,14.390113636363635,2.6400757575757585,86.10988636363635
