placar_casa,placar_visitante,data,round,stage,ano,equipe_casa,equipe_visitante,Pts_casa,3P_casa,2P_casa,LL_casa,RT_casa,RO_casa,RD_casa,AS_casa,ER_casa,IA%_casa,3PC_casa,3PT_casa,3P%_casa,2PC_casa,2PT_casa,2P%_casa,LLC_casa,LLT_casa,LL%_casa,EN_casa,BR_casa,B/E_casa,TO_casa,FC_casa,T/FC_casa,ET_casa,VI_casa,EF_casa,Pts_visitante,3P_visitante,2P_visitante,LL_visitante,RT_visitante,RO_visitante,RD_visitante,AS_visitante,ER_visitante,IA%_visitante,3PC_visitante,3PT_visitante,3P%_visitante,2PC_visitante,2PT_visitante,2P%_visitante,LLC_visitante,LLT_visitante,LL%_visitante,EN_visitante,BR_visitante,B/E_visitante,TO_visitante,FC_visitante,T/FC_visitante,ET_visitante,VI_visitante,EF_visitante
77,117,2022-02-05,2,2,2021-2022,Mogi,Flamengo,80.71940594059407,29.237623762376238,39.33996699669967,15.983498349834983,36.7986798679868,11.118778877887788,25.67990099009901,16.640330033003302,13.999900990099007,1.2944554455445543,8.465346534653465,24.14854785478548,35.22884488448846,19.66993399339934,38.48514851485149,51.359108910891,15.983498349834983,21.35653465346535,74.80514851485142,1.4750825082508243,8.168283828382837,0.6312211221122108,2.0231683168316836,21.09891089108911,0.09947194719471945,13.999900990099007,2.650264026402639,91.35643564356435,87.61812807881779,32.423645320197046,42.105862068965514,16.2364039408867,36.8521921182266,10.105886699507389,26.746305418719214,17.764802955665026,12.350960591133004,1.5846798029556652,9.7585960591133,26.27093596059113,37.307783251231555,21.053004926108375,37.60960591133005,56.18679802955665,16.2364039408867,21.415073891625617,75.79694581280782,1.6119704433497548,8.022192118226602,0.7067487684729062,1.8794088669950726,19.11945812807882,0.10268472906403944,12.350960591133004,1.881724137931035,102.42972906403945
