placar_casa,placar_visitante,data,round,stage,ano,equipe_casa,equipe_visitante,Pts_casa,3P_casa,2P_casa,LL_casa,RT_casa,RO_casa,RD_casa,AS_casa,ER_casa,IA%_casa,3PC_casa,3PT_casa,3P%_casa,2PC_casa,2PT_casa,2P%_casa,LLC_casa,LLT_casa,LL%_casa,EN_casa,BR_casa,B/E_casa,TO_casa,FC_casa,T/FC_casa,ET_casa,VI_casa,EF_casa,Pts_visitante,3P_visitante,2P_visitante,LL_visitante,RT_visitante,RO_visitante,RD_visitante,AS_visitante,ER_visitante,IA%_visitante,3PC_visitante,3PT_visitante,3P%_visitante,2PC_visitante,2PT_visitante,2P%_visitante,LLC_visitante,LLT_visitante,LL%_visitante,EN_visitante,BR_visitante,B/E_visitante,TO_visitante,FC_visitante,T/FC_visitante,ET_visitante,VI_visitante,EF_visitante
82,90,2023-03-31,8,2,2022-2023,Minas,Pato Basquete,80.36338345864662,27.071428571428573,41.4386215538847,14.928521303258144,35.3258395989975,10.106491228070174,25.21934837092732,16.57516290726817,14.011152882205511,1.2696992481203018,7.998771929824562,22.938646616541355,34.776967418546356,20.719273182957394,38.82451127819549,53.48513784461154,14.928521303258144,20.16157894736842,73.81458646616527,1.7067418546365918,7.454937343358397,0.565839598997493,2.3358145363408522,20.810852130325816,0.11791979949874698,14.011152882205511,2.656591478696743,90.43739348370924,73.81809917355372,24.570247933884296,36.66123966942149,12.586859504132228,35.6194214876033,10.702396694214874,24.917520661157024,14.487520661157022,14.07421487603305,1.1030578512396692,8.189834710743803,25.74363636363636,31.703553719008262,18.330495867768594,38.40504132231405,47.76669421487605,12.586859504132228,18.413388429752064,68.23487603305787,1.1653719008264467,7.479421487603306,0.5537190082644631,1.6117355371900828,20.710578512396694,0.07917355371900828,14.07421487603305,3.074545454545455,75.47933884297521
