placar_casa,placar_visitante,data,round,stage,ano,equipe_casa,equipe_visitante,Pts_casa,3P_casa,2P_casa,LL_casa,RT_casa,RO_casa,RD_casa,AS_casa,ER_casa,IA%_casa,3PC_casa,3PT_casa,3P%_casa,2PC_casa,2PT_casa,2P%_casa,LLC_casa,LLT_casa,LL%_casa,EN_casa,BR_casa,B/E_casa,TO_casa,FC_casa,T/FC_casa,ET_casa,VI_casa,EF_casa,Pts_visitante,3P_visitante,2P_visitante,LL_visitante,RT_visitante,RO_visitante,RD_visitante,AS_visitante,ER_visitante,IA%_visitante,3PC_visitante,3PT_visitante,3P%_visitante,2PC_visitante,2PT_visitante,2P%_visitante,LLC_visitante,LLT_visitante,LL%_visitante,EN_visitante,BR_visitante,B/E_visitante,TO_visitante,FC_visitante,T/FC_visitante,ET_visitante,VI_visitante,EF_visitante
92,83,2015-02-25,9,2,2014-2015,Rio Claro,Fortaleza B. C. / CFO,77.08695652173913,20.08695652173913,42.43478260869565,14.565217391304348,30.52173913043478,7.826086956521739,22.695652173913043,16.608695652173914,14.08695652173913,1.276086956521739,6.695652173913044,21.47826086956522,30.270869565217396,21.217391304347824,39.391304347826086,53.84217391304348,14.565217391304348,18.08695652173913,80.40652173913044,1.608695652173913,10.391304347826088,0.7678260869565218,1.2173913043478262,18.82608695652174,0.07130434782608697,14.08695652173913,2.782608695652174,85.26086956521739,77.74226804123711,34.20618556701031,41.95876288659794,13.731958762886597,33.18556701030928,9.907216494845361,23.278350515463917,13.65979381443299,12.0,1.3076288659793815,7.350515463917525,22.443298969072163,33.36989690721648,20.97938144329897,41.20618556701031,51.130000000000024,13.731958762886597,18.804123711340207,72.89670103092784,1.4123711340206186,9.051546391752577,0.857319587628866,2.443298969072165,20.1340206185567,0.12742268041237112,12.0,2.618556701030928,85.83505154639175
