placar_casa,placar_visitante,data,round,stage,ano,equipe_casa,equipe_visitante,Pts_casa,3P_casa,2P_casa,LL_casa,RT_casa,RO_casa,RD_casa,AS_casa,ER_casa,IA%_casa,3PC_casa,3PT_casa,3P%_casa,2PC_casa,2PT_casa,2P%_casa,LLC_casa,LLT_casa,LL%_casa,EN_casa,BR_casa,B/E_casa,TO_casa,FC_casa,T/FC_casa,ET_casa,VI_casa,EF_casa,Pts_visitante,3P_visitante,2P_visitante,LL_visitante,RT_visitante,RO_visitante,RD_visitante,AS_visitante,ER_visitante,IA%_visitante,3PC_visitante,3PT_visitante,3P%_visitante,2PC_visitante,2PT_visitante,2P%_visitante,LLC_visitante,LLT_visitante,LL%_visitante,EN_visitante,BR_visitante,B/E_visitante,TO_visitante,FC_visitante,T/FC_visitante,ET_visitante,VI_visitante,EF_visitante
75,80,2021-01-04,9,1,2020-2021,Pato Basquete,Corinthians,72.35135135135135,20.35135135135135,37.945945945945944,14.054054054054054,35.37837837837837,10.892162162162164,24.487027027027022,16.21567567567568,14.404864864864862,1.1743243243243242,6.784054054054053,22.56756756756757,30.156756756756742,18.972972972972972,40.757027027027036,46.33675675675675,14.054054054054054,19.783783783783782,71.01189189189186,1.1348648648648647,7.513513513513513,0.5418918918918921,2.027027027027027,21.946216216216214,0.09594594594594592,14.404864864864862,3.0813513513513513,75.75675675675676,80.31358208955224,25.29850746268657,39.671641791044784,15.343432835820895,35.850746268656714,10.23865671641791,25.612089552238803,17.342835820895527,13.41776119402985,1.3641791044776121,8.432835820895523,23.984925373134327,35.15402985074626,19.83582089552239,39.388059701492544,50.57104477611941,15.343432835820895,20.014776119402985,76.65343283582084,1.9256716417910449,7.477611940298507,0.5831343283582093,2.1343283582089554,22.403283582089554,0.09761194029850746,13.41776119402985,1.8653731343283582,89.82089552238806
