placar_casa,placar_visitante,data,round,stage,ano,equipe_casa,equipe_visitante,Pts_casa,3P_casa,2P_casa,LL_casa,RT_casa,RO_casa,RD_casa,AS_casa,ER_casa,IA%_casa,3PC_casa,3PT_casa,3P%_casa,2PC_casa,2PT_casa,2P%_casa,LLC_casa,LLT_casa,LL%_casa,EN_casa,BR_casa,B/E_casa,TO_casa,FC_casa,T/FC_casa,ET_casa,VI_casa,EF_casa,Pts_visitante,3P_visitante,2P_visitante,LL_visitante,RT_visitante,RO_visitante,RD_visitante,AS_visitante,ER_visitante,IA%_visitante,3PC_visitante,3PT_visitante,3P%_visitante,2PC_visitante,2PT_visitante,2P%_visitante,LLC_visitante,LLT_visitante,LL%_visitante,EN_visitante,BR_visitante,B/E_visitante,TO_visitante,FC_visitante,T/FC_visitante,ET_visitante,VI_visitante,EF_visitante
79,86,2013-03-21,13,2,2012-2013,Paulistano,Fortaleza B. C. / CFO,79.7,35.01,41.86,15.43,31.48,10.35,21.13,13.62,14.7,1.0204999999999997,7.47,22.1,34.432300000000005,20.93,40.08,52.34839999999999,15.43,22.4,68.4323,1.66,7.42,0.5471000000000003,2.25,22.28,0.105,14.7,2.0,83.28,79.18518518518519,64.33333333333333,42.888888888888886,15.62962962962963,30.77777777777778,8.814814814814815,21.962962962962962,12.962962962962964,11.518518518518519,1.3951851851851853,6.888888888888889,20.74074074074074,33.75555555555555,21.444444444444443,41.666666666666664,51.88481481481482,15.62962962962963,20.62962962962963,75.05925925925928,1.0740740740740742,6.555555555555555,0.7274074074074073,2.925925925925926,20.666666666666668,0.14703703703703702,11.518518518518519,2.7037037037037037,89.51851851851852
