placar_casa,placar_visitante,data,round,stage,ano,equipe_casa,equipe_visitante,Pts_casa,3P_casa,2P_casa,LL_casa,RT_casa,RO_casa,RD_casa,AS_casa,ER_casa,IA%_casa,3PC_casa,3PT_casa,3P%_casa,2PC_casa,2PT_casa,2P%_casa,LLC_casa,LLT_casa,LL%_casa,EN_casa,BR_casa,B/E_casa,TO_casa,FC_casa,T/FC_casa,ET_casa,VI_casa,EF_casa,Pts_visitante,3P_visitante,2P_visitante,LL_visitante,RT_visitante,RO_visitante,RD_visitante,AS_visitante,ER_visitante,IA%_visitante,3PC_visitante,3PT_visitante,3P%_visitante,2PC_visitante,2PT_visitante,2P%_visitante,LLC_visitante,LLT_visitante,LL%_visitante,EN_visitante,BR_visitante,B/E_visitante,TO_visitante,FC_visitante,T/FC_visitante,ET_visitante,VI_visitante,EF_visitante
88,106,2009-04-08,5,2,2008-2009,Assis,Flamengo,77.5,24.375,33.25,19.875,28.0625,7.9375,20.125,11.8125,13.0625,1.0575,8.125,22.5625,36.410625,16.625,31.6875,52.5225,19.875,27.375,73.77374999999999,1.0625,6.75,0.556875,2.9375,20.5,0.1475,13.0625,0.0,77.0,94.3529411764706,30.705882352941178,45.64705882352941,18.0,32.588235294117645,9.647058823529411,22.941176470588236,17.823529411764707,14.0,1.3929411764705881,10.235294117647058,25.176470588235293,41.184705882352944,22.823529411764707,39.35294117647059,57.692941176470576,18.0,23.41176470588235,77.35000000000002,2.0,9.117647058823529,0.7047058823529412,1.588235294117647,19.88235294117647,0.07588235294117646,14.0,0.0,104.58823529411765
