placar_casa,placar_visitante,data,round,stage,ano,equipe_casa,equipe_visitante,Pts_casa,3P_casa,2P_casa,LL_casa,RT_casa,RO_casa,RD_casa,AS_casa,ER_casa,IA%_casa,3PC_casa,3PT_casa,3P%_casa,2PC_casa,2PT_casa,2P%_casa,LLC_casa,LLT_casa,LL%_casa,EN_casa,BR_casa,B/E_casa,TO_casa,FC_casa,T/FC_casa,ET_casa,VI_casa,EF_casa,Pts_visitante,3P_visitante,2P_visitante,LL_visitante,RT_visitante,RO_visitante,RD_visitante,AS_visitante,ER_visitante,IA%_visitante,3PC_visitante,3PT_visitante,3P%_visitante,2PC_visitante,2PT_visitante,2P%_visitante,LLC_visitante,LLT_visitante,LL%_visitante,EN_visitante,BR_visitante,B/E_visitante,TO_visitante,FC_visitante,T/FC_visitante,ET_visitante,VI_visitante,EF_visitante
75,99,2023-02-16,4,2,2022-2023,Fortaleza B. C. / CFO,Rio Claro,76.40199356913183,27.7524115755627,39.35051446945338,13.090064308681672,36.30536977491961,10.602990353697752,25.7027652733119,13.681672025723472,13.046527331189708,1.1446945337620575,7.987138263665595,25.009646302250804,32.22620578778133,19.675209003215432,39.46781350482315,49.928906752411564,13.090064308681672,18.855369774919616,69.3891318327974,1.382668810289389,8.199389067524116,0.683729903536977,2.4451768488746,20.4291961414791,0.12315112540192927,13.046527331189708,2.67524115755627,82.03694533762057,77.52047619047619,23.387755102040817,39.50353741496599,14.629183673469386,33.278843537414964,9.278979591836734,23.999863945578227,16.27204081632653,13.602108843537417,1.2825850340136051,7.795918367346939,23.459251700680273,33.08761904761905,19.75156462585034,37.74816326530612,52.4474149659864,14.629183673469386,19.60557823129252,74.02632653061225,1.8027210884353742,8.122448979591837,0.6243537414965988,1.6734693877551021,21.82312925170068,0.0795918367346939,13.602108843537417,2.9149659863945576,84.62925170068027
