placar_casa,placar_visitante,data,round,stage,ano,equipe_casa,equipe_visitante,Pts_casa,3P_casa,2P_casa,LL_casa,RT_casa,RO_casa,RD_casa,AS_casa,ER_casa,IA%_casa,3PC_casa,3PT_casa,3P%_casa,2PC_casa,2PT_casa,2P%_casa,LLC_casa,LLT_casa,LL%_casa,EN_casa,BR_casa,B/E_casa,TO_casa,FC_casa,T/FC_casa,ET_casa,VI_casa,EF_casa,Pts_visitante,3P_visitante,2P_visitante,LL_visitante,RT_visitante,RO_visitante,RD_visitante,AS_visitante,ER_visitante,IA%_visitante,3PC_visitante,3PT_visitante,3P%_visitante,2PC_visitante,2PT_visitante,2P%_visitante,LLC_visitante,LLT_visitante,LL%_visitante,EN_visitante,BR_visitante,B/E_visitante,TO_visitante,FC_visitante,T/FC_visitante,ET_visitante,VI_visitante,EF_visitante
75,81,2016-03-04,10,2,2015-2016,Pinheiros,Flamengo,84.73394495412845,30.71559633027523,40.73394495412844,16.36697247706422,32.211009174311926,8.899082568807339,23.31192660550459,15.495412844036696,13.119266055045872,1.2712844036697242,9.211009174311927,24.211009174311926,38.13614678899081,20.36697247706422,37.61009174311926,54.649541284403696,16.36697247706422,21.71559633027523,75.093119266055,2.128440366972477,8.20183486238532,0.658119266055046,2.68348623853211,19.940366972477065,0.14091743119266043,13.119266055045872,2.1422018348623855,94.40825688073394,88.31489361702128,33.10212765957447,43.90638297872341,16.74468085106383,34.08085106382979,9.046808510638298,25.03404255319149,16.302127659574467,12.148936170212766,1.5039148936170217,9.221276595744682,23.919148936170213,38.708723404255316,21.953191489361704,38.68936170212766,56.92119148936168,16.74468085106383,22.025531914893616,76.04178723404253,1.876595744680851,8.617021276595745,0.776808510638298,1.8297872340425532,19.429787234042553,0.09770212765957452,12.148936170212766,1.6638297872340426,101.82978723404256
