placar_casa,placar_visitante,data,round,stage,ano,equipe_casa,equipe_visitante,Pts_casa,3P_casa,2P_casa,LL_casa,RT_casa,RO_casa,RD_casa,AS_casa,ER_casa,IA%_casa,3PC_casa,3PT_casa,3P%_casa,2PC_casa,2PT_casa,2P%_casa,LLC_casa,LLT_casa,LL%_casa,EN_casa,BR_casa,B/E_casa,TO_casa,FC_casa,T/FC_casa,ET_casa,VI_casa,EF_casa,Pts_visitante,3P_visitante,2P_visitante,LL_visitante,RT_visitante,RO_visitante,RD_visitante,AS_visitante,ER_visitante,IA%_visitante,3PC_visitante,3PT_visitante,3P%_visitante,2PC_visitante,2PT_visitante,2P%_visitante,LLC_visitante,LLT_visitante,LL%_visitante,EN_visitante,BR_visitante,B/E_visitante,TO_visitante,FC_visitante,T/FC_visitante,ET_visitante,VI_visitante,EF_visitante
84,87,2024-03-05,7,2,2023-2024,Botafogo,Mogi,76.89032967032968,26.967032967032967,36.28582417582418,13.637142857142857,34.37351648351648,10.439450549450552,23.934065934065934,16.571208791208793,13.791098901098898,1.2767032967032974,8.989010989010989,26.582197802197797,34.03461538461539,18.142747252747252,35.83505494505494,50.761428571428574,13.637142857142857,18.37362637362637,74.57736263736268,1.0440659340659342,6.560219780219781,0.5019780219780221,1.989120879120879,22.35164835164835,0.09131868131868133,13.791098901098898,2.8903296703296695,82.47241758241758,79.99994186046513,29.25,38.6628488372093,15.470901162790698,36.56395348837209,10.904098837209302,25.659941860465118,16.816918604651164,14.119069767441857,1.289011627906977,8.622122093023256,24.63081395348837,35.176540697674426,19.331337209302323,37.82270348837209,51.34627906976738,15.470901162790698,20.7559011627907,74.42264534883715,1.4649127906976736,7.930203488372093,0.6076162790697668,2.0000872093023254,21.05802325581395,0.09901162790697673,14.119069767441857,2.630872093023255,90.18026162790696
