placar_casa,placar_visitante,data,round,stage,ano,equipe_casa,equipe_visitante,Pts_casa,3P_casa,2P_casa,LL_casa,RT_casa,RO_casa,RD_casa,AS_casa,ER_casa,IA%_casa,3PC_casa,3PT_casa,3P%_casa,2PC_casa,2PT_casa,2P%_casa,LLC_casa,LLT_casa,LL%_casa,EN_casa,BR_casa,B/E_casa,TO_casa,FC_casa,T/FC_casa,ET_casa,VI_casa,EF_casa,Pts_visitante,3P_visitante,2P_visitante,LL_visitante,RT_visitante,RO_visitante,RD_visitante,AS_visitante,ER_visitante,IA%_visitante,3PC_visitante,3PT_visitante,3P%_visitante,2PC_visitante,2PT_visitante,2P%_visitante,LLC_visitante,LLT_visitante,LL%_visitante,EN_visitante,BR_visitante,B/E_visitante,TO_visitante,FC_visitante,T/FC_visitante,ET_visitante,VI_visitante,EF_visitante
107,103,2022-03-24,8,2,2021-2022,Bauru Basket,Mogi,81.88923645320193,31.027093596059114,38.7043842364532,14.832561576354681,34.733916256157634,9.500123152709362,25.23408866995074,16.051699507389163,12.177389162561578,1.4425123152709334,9.450738916256158,25.99502463054187,36.6081034482759,19.35226600985222,35.93839901477833,54.28100985221675,14.832561576354681,19.90394088669951,74.57571428571424,1.3572167487684734,7.603472906403941,0.67615763546798,1.775812807881774,19.02704433497537,0.09640394088669946,12.177389162561578,2.162635467980295,92.44081280788181,80.51747603833869,29.14696485623003,39.284376996805115,15.805079872204471,36.83702875399361,11.079872204472844,25.757252396166134,16.70932907348243,14.079776357827473,1.2912140575079871,8.476038338658148,24.313130990415335,35.07290734824283,19.64214057507987,38.38980830670926,51.40862619808297,15.805079872204471,21.150223642172524,74.63936102236414,1.5141853035143762,8.10217252396166,0.6237380191693285,2.04482428115016,21.04140575079872,0.1008945686900958,14.079776357827473,2.6390734824281137,91.05111821086263
