placar_casa,placar_visitante,data,round,stage,ano,equipe_casa,equipe_visitante,Pts_casa,3P_casa,2P_casa,LL_casa,RT_casa,RO_casa,RD_casa,AS_casa,ER_casa,IA%_casa,3PC_casa,3PT_casa,3P%_casa,2PC_casa,2PT_casa,2P%_casa,LLC_casa,LLT_casa,LL%_casa,EN_casa,BR_casa,B/E_casa,TO_casa,FC_casa,T/FC_casa,ET_casa,VI_casa,EF_casa,Pts_visitante,3P_visitante,2P_visitante,LL_visitante,RT_visitante,RO_visitante,RD_visitante,AS_visitante,ER_visitante,IA%_visitante,3PC_visitante,3PT_visitante,3P%_visitante,2PC_visitante,2PT_visitante,2P%_visitante,LLC_visitante,LLT_visitante,LL%_visitante,EN_visitante,BR_visitante,B/E_visitante,TO_visitante,FC_visitante,T/FC_visitante,ET_visitante,VI_visitante,EF_visitante
80,86,2022-10-17,2,1,2022-2023,Fortaleza B. C. / CFO,Cerrado,76.75704861111109,28.270833333333332,39.36805555555556,13.211805555555555,35.85753472222222,10.392500000000004,25.465451388888894,13.6875,12.930451388888887,1.157222222222222,8.059062500000001,24.996493055555554,32.525798611111114,19.68402777777778,39.308993055555554,50.19336805555554,13.211805555555555,18.809131944444445,70.11392361111108,1.378472222222222,8.32986111111111,0.6992013888888885,2.475555555555557,20.402743055555554,0.12482638888888888,12.930451388888887,2.6596875000000004,82.69784722222224,76.22253968253969,24.904761904761905,39.364603174603175,11.95222222222222,39.698253968253965,11.936666666666666,27.762539682539682,15.016031746031747,13.254126984126984,1.1957142857142862,8.301746031746031,27.238571428571433,30.84698412698412,19.683015873015876,40.19063492063493,49.08380952380952,11.95222222222222,17.04809523809524,70.35380952380952,1.872222222222222,6.793809523809523,0.5244444444444443,2.6188888888888884,18.619841269841274,0.14190476190476198,13.254126984126984,2.4120634920634916,82.55603174603176
