placar_casa,placar_visitante,data,round,stage,ano,equipe_casa,equipe_visitante,Pts_casa,3P_casa,2P_casa,LL_casa,RT_casa,RO_casa,RD_casa,AS_casa,ER_casa,IA%_casa,3PC_casa,3PT_casa,3P%_casa,2PC_casa,2PT_casa,2P%_casa,LLC_casa,LLT_casa,LL%_casa,EN_casa,BR_casa,B/E_casa,TO_casa,FC_casa,T/FC_casa,ET_casa,VI_casa,EF_casa,Pts_visitante,3P_visitante,2P_visitante,LL_visitante,RT_visitante,RO_visitante,RD_visitante,AS_visitante,ER_visitante,IA%_visitante,3PC_visitante,3PT_visitante,3P%_visitante,2PC_visitante,2PT_visitante,2P%_visitante,LLC_visitante,LLT_visitante,LL%_visitante,EN_visitante,BR_visitante,B/E_visitante,TO_visitante,FC_visitante,T/FC_visitante,ET_visitante,VI_visitante,EF_visitante
93,88,2023-11-07,4,1,2023-2024,Sesi Franca,Corinthians,82.8932679738562,29.294117647058822,41.172091503267986,15.845228758169933,34.46193899782135,9.211394335511985,25.25054466230937,16.25272331154684,13.132919389978214,1.3788017429193913,8.625185185185183,23.72986928104575,36.10592592592591,20.58607843137255,38.126339869281054,54.389847494553365,15.845228758169933,20.98479302832244,75.5402614379085,1.9759912854030506,7.6122440087145975,0.6211546840958608,2.5533551198257074,20.002200435729847,0.1343572984749456,13.132919389978214,2.106753812636166,93.66880174291941,79.8499375,28.33125,37.7875,13.731375000000003,37.6436875,10.674812500000002,26.968687499999998,16.987187499999997,13.681187499999998,1.3221875000000005,9.443812500000002,27.174812499999994,34.80824999999999,18.89375,36.6563125,51.75006249999999,13.731375000000003,18.187437499999998,75.74268750000002,2.0626249999999997,6.3874375,0.4935000000000003,2.4186875,20.375125,0.12218749999999996,13.681187499999998,2.3748750000000003,89.6124375
