placar_casa,placar_visitante,data,round,stage,ano,equipe_casa,equipe_visitante,Pts_casa,3P_casa,2P_casa,LL_casa,RT_casa,RO_casa,RD_casa,AS_casa,ER_casa,IA%_casa,3PC_casa,3PT_casa,3P%_casa,2PC_casa,2PT_casa,2P%_casa,LLC_casa,LLT_casa,LL%_casa,EN_casa,BR_casa,B/E_casa,TO_casa,FC_casa,T/FC_casa,ET_casa,VI_casa,EF_casa,Pts_visitante,3P_visitante,2P_visitante,LL_visitante,RT_visitante,RO_visitante,RD_visitante,AS_visitante,ER_visitante,IA%_visitante,3PC_visitante,3PT_visitante,3P%_visitante,2PC_visitante,2PT_visitante,2P%_visitante,LLC_visitante,LLT_visitante,LL%_visitante,EN_visitante,BR_visitante,B/E_visitante,TO_visitante,FC_visitante,T/FC_visitante,ET_visitante,VI_visitante,EF_visitante
76,74,2020-11-16,2,1,2020-2021,Corinthians,Pinheiros,80.68350000000001,25.0,40.20000000000001,15.4835,36.0,10.499833333333333,25.50016666666666,17.449500000000004,13.416500000000001,1.3775000000000006,8.333333333333332,23.5165,35.385166666666656,20.1,39.98333333333334,50.49466666666667,15.4835,20.299833333333332,76.25066666666662,1.9336666666666669,7.483333333333333,0.5845000000000001,2.066666666666667,22.617,0.09366666666666666,13.416500000000001,1.8496666666666666,90.26666666666667,83.52095808383234,28.805389221556887,40.54494011976048,16.182694610778444,33.72452095808383,9.532994011976049,24.191616766467067,15.637754491017965,13.338323353293413,1.2594910179640715,8.931137724550899,24.11377245508982,37.06047904191615,20.2724251497006,38.044910179640716,53.67149700598803,16.182694610778444,21.697604790419163,74.59835329341313,1.9221257485029943,8.038892215568861,0.6373353293413173,2.4581137724550897,20.14377245508982,0.12742514970059865,13.338323353293413,2.341377245508981,92.72748502994015
