placar_casa,placar_visitante,data,round,stage,ano,equipe_casa,equipe_visitante,Pts_casa,3P_casa,2P_casa,LL_casa,RT_casa,RO_casa,RD_casa,AS_casa,ER_casa,IA%_casa,3PC_casa,3PT_casa,3P%_casa,2PC_casa,2PT_casa,2P%_casa,LLC_casa,LLT_casa,LL%_casa,EN_casa,BR_casa,B/E_casa,TO_casa,FC_casa,T/FC_casa,ET_casa,VI_casa,EF_casa,Pts_visitante,3P_visitante,2P_visitante,LL_visitante,RT_visitante,RO_visitante,RD_visitante,AS_visitante,ER_visitante,IA%_visitante,3PC_visitante,3PT_visitante,3P%_visitante,2PC_visitante,2PT_visitante,2P%_visitante,LLC_visitante,LLT_visitante,LL%_visitante,EN_visitante,BR_visitante,B/E_visitante,TO_visitante,FC_visitante,T/FC_visitante,ET_visitante,VI_visitante,EF_visitante
98,91,2023-04-10,10,2,2022-2023,Pato Basquete,Cerrado,74.08934959349594,24.682926829268293,36.86186991869919,12.544796747967476,35.68252032520324,10.682845528455283,25.000162601626016,14.65032520325203,14.016097560975602,1.123089430894309,8.22739837398374,25.829105691056906,31.73853658536585,18.43081300813008,38.43910569105691,47.97617886178863,12.544796747967476,18.382276422764228,68.1339837398374,1.1708130081300816,7.536666666666666,0.5617886178861791,1.609918699186992,20.79658536585366,0.07886178861788619,14.016097560975602,3.065203252032521,76.09756097560975,78.06615384615385,28.87912087912088,37.03274725274726,12.153626373626373,38.68131868131868,11.395604395604396,27.286043956043954,15.219890109890109,14.087912087912086,1.1389010989010993,9.626483516483516,29.89032967032967,32.08527472527472,18.516703296703298,37.010989010989015,50.35461538461536,12.153626373626373,17.45076923076923,69.57571428571428,1.7907692307692302,6.626483516483517,0.48571428571428527,2.417582417582417,17.890769230769234,0.137912087912088,14.087912087912086,2.691758241758242,82.86857142857144
