placar_casa,placar_visitante,data,round,stage,ano,equipe_casa,equipe_visitante,Pts_casa,3P_casa,2P_casa,LL_casa,RT_casa,RO_casa,RD_casa,AS_casa,ER_casa,IA%_casa,3PC_casa,3PT_casa,3P%_casa,2PC_casa,2PT_casa,2P%_casa,LLC_casa,LLT_casa,LL%_casa,EN_casa,BR_casa,B/E_casa,TO_casa,FC_casa,T/FC_casa,ET_casa,VI_casa,EF_casa,Pts_visitante,3P_visitante,2P_visitante,LL_visitante,RT_visitante,RO_visitante,RD_visitante,AS_visitante,ER_visitante,IA%_visitante,3PC_visitante,3PT_visitante,3P%_visitante,2PC_visitante,2PT_visitante,2P%_visitante,LLC_visitante,LLT_visitante,LL%_visitante,EN_visitante,BR_visitante,B/E_visitante,TO_visitante,FC_visitante,T/FC_visitante,ET_visitante,VI_visitante,EF_visitante
79,96,2021-03-14,7,2,2020-2021,BRB/Brasília,Sesi Franca,77.85809523809525,29.428571428571427,34.47476190476191,13.951904761904762,37.18952380952381,10.571428571428571,26.61952380952381,16.0,15.905238095238095,1.0499999999999996,9.80952380952381,30.570476190476196,31.945714285714285,17.23952380952381,35.09666666666666,49.029523809523816,13.951904761904762,19.142380952380954,73.01523809523809,0.6190476190476191,6.285238095238095,0.40761904761904766,1.3319047619047615,18.761904761904763,0.07190476190476192,15.905238095238095,2.3804761904761906,78.95238095238096,81.25134078212294,28.52513966480447,41.167597765363126,15.941284916201116,32.966564245810055,9.069860335195532,23.896703910614526,15.67594972067039,13.500055865921789,1.278743016759775,8.047430167597764,22.290530726256986,35.852318435754206,20.583798882681563,38.71787709497207,53.55544692737427,15.941284916201116,21.24581005586592,74.90053072625699,1.8686592178770958,8.106201117318436,0.6464804469273747,2.5446927374301676,20.51678770949721,0.1297765363128492,13.500055865921789,2.1955027932960895,90.40497206703914
