placar_casa,placar_visitante,data,round,stage,ano,equipe_casa,equipe_visitante,Pts_casa,3P_casa,2P_casa,LL_casa,RT_casa,RO_casa,RD_casa,AS_casa,ER_casa,IA%_casa,3PC_casa,3PT_casa,3P%_casa,2PC_casa,2PT_casa,2P%_casa,LLC_casa,LLT_casa,LL%_casa,EN_casa,BR_casa,B/E_casa,TO_casa,FC_casa,T/FC_casa,ET_casa,VI_casa,EF_casa,Pts_visitante,3P_visitante,2P_visitante,LL_visitante,RT_visitante,RO_visitante,RD_visitante,AS_visitante,ER_visitante,IA%_visitante,3PC_visitante,3PT_visitante,3P%_visitante,2PC_visitante,2PT_visitante,2P%_visitante,LLC_visitante,LLT_visitante,LL%_visitante,EN_visitante,BR_visitante,B/E_visitante,TO_visitante,FC_visitante,T/FC_visitante,ET_visitante,VI_visitante,EF_visitante
93,69,2023-12-27,11,1,2023-2024,UNIFACISA,BRB/Brasília,80.11913907284769,29.403973509933774,38.11920529801324,12.596357615894041,36.76145695364238,10.2382119205298,26.523443708609275,16.2317880794702,12.88748344370861,1.3270198675496694,9.801125827814566,28.06635761589404,34.79715231788077,19.05960264900662,36.75490066225166,51.956092715231804,12.596357615894041,16.808145695364235,74.46841059602644,1.3178145695364238,7.145695364238411,0.5854304635761588,1.8015231788079473,19.907350993377484,0.09258278145695363,12.88748344370861,2.298013245033112,88.98682119205299,75.81933333333333,26.82857142857143,35.25685714285714,13.733333333333336,37.58095238095238,10.447428571428569,27.13323809523809,15.076190476190481,15.038190476190476,1.0526666666666666,8.942761904761905,27.571333333333335,32.28942857142855,17.628857142857143,36.46695238095238,48.35809523809522,13.733333333333336,19.618952380952383,69.8259047619048,1.1522857142857141,6.037809523809525,0.4212380952380955,1.571238095238095,19.428476190476193,0.08247619047619048,15.038190476190476,2.666761904761905,77.69533333333334
