placar_casa,placar_visitante,data,round,stage,ano,equipe_casa,equipe_visitante,Pts_casa,3P_casa,2P_casa,LL_casa,RT_casa,RO_casa,RD_casa,AS_casa,ER_casa,IA%_casa,3PC_casa,3PT_casa,3P%_casa,2PC_casa,2PT_casa,2P%_casa,LLC_casa,LLT_casa,LL%_casa,EN_casa,BR_casa,B/E_casa,TO_casa,FC_casa,T/FC_casa,ET_casa,VI_casa,EF_casa,Pts_visitante,3P_visitante,2P_visitante,LL_visitante,RT_visitante,RO_visitante,RD_visitante,AS_visitante,ER_visitante,IA%_visitante,3PC_visitante,3PT_visitante,3P%_visitante,2PC_visitante,2PT_visitante,2P%_visitante,LLC_visitante,LLT_visitante,LL%_visitante,EN_visitante,BR_visitante,B/E_visitante,TO_visitante,FC_visitante,T/FC_visitante,ET_visitante,VI_visitante,EF_visitante
89,73,2023-11-27,7,1,2023-2024,Flamengo,Bauru Basket,86.9957232704403,32.855345911949684,41.09846960167716,15.721153039832284,37.40035639413,10.387798742138363,27.012620545073375,17.976960167714886,12.377358490566039,1.5920335429769408,10.058700209643606,27.387819706498952,36.96880503144654,20.549329140461218,36.66249475890986,56.20113207547171,15.721153039832284,20.79880503144654,75.44431865828084,1.593228511530399,7.794612159329142,0.683228511530398,1.899454926624737,18.77356394129979,0.10599580712788265,12.377358490566039,1.9370859538784069,101.92861635220132,81.45931330472098,31.01716738197425,38.321824034334774,14.450665236051503,34.55145922746781,9.356330472103007,25.195386266094424,16.21030042918455,12.081630901287555,1.4598068669527873,9.562188841201715,26.366909871244633,36.456695278969974,19.16100858369099,35.63092274678112,54.14791845493564,14.450665236051503,19.341201716738198,74.6516952789699,1.388519313304721,7.572961373390558,0.6746781115879821,1.7531330472103015,18.98489270386266,0.09566523605150218,12.081630901287555,2.1738626609442053,91.96774678111592
