placar_casa,placar_visitante,data,round,stage,ano,equipe_casa,equipe_visitante,Pts_casa,3P_casa,2P_casa,LL_casa,RT_casa,RO_casa,RD_casa,AS_casa,ER_casa,IA%_casa,3PC_casa,3PT_casa,3P%_casa,2PC_casa,2PT_casa,2P%_casa,LLC_casa,LLT_casa,LL%_casa,EN_casa,BR_casa,B/E_casa,TO_casa,FC_casa,T/FC_casa,ET_casa,VI_casa,EF_casa,Pts_visitante,3P_visitante,2P_visitante,LL_visitante,RT_visitante,RO_visitante,RD_visitante,AS_visitante,ER_visitante,IA%_visitante,3PC_visitante,3PT_visitante,3P%_visitante,2PC_visitante,2PT_visitante,2P%_visitante,LLC_visitante,LLT_visitante,LL%_visitante,EN_visitante,BR_visitante,B/E_visitante,TO_visitante,FC_visitante,T/FC_visitante,ET_visitante,VI_visitante,EF_visitante
87,82,2013-01-31,1,2,2012-2013,Bauru Basket,Coop/São José Basketball,81.84210526315789,32.77894736842105,40.863157894736844,14.547368421052632,31.073684210526316,10.042105263157895,21.03157894736842,13.578947368421053,10.757894736842106,1.4422105263157894,8.810526315789474,22.905263157894737,38.75547368421053,20.431578947368422,39.51578947368421,52.242,14.547368421052632,19.68421052631579,74.3917894736842,1.5052631578947369,6.578947368421052,0.7022105263157895,1.8842105263157896,18.11578947368421,0.10852631578947376,10.757894736842106,1.7473684210526317,88.47368421052632,81.0421052631579,32.77894736842105,38.863157894736844,15.557894736842105,30.652631578947368,9.126315789473685,21.526315789473685,16.326315789473686,13.91578947368421,1.2825263157894733,8.873684210526315,25.210526315789473,35.22368421052632,19.431578947368422,35.45263157894737,55.02021052631582,15.557894736842105,20.673684210526314,74.90389473684209,1.0315789473684212,6.747368421052632,0.5170526315789473,2.2736842105263158,20.294736842105262,0.11631578947368422,13.91578947368421,1.263157894736842,88.01052631578948
