placar_casa,placar_visitante,data,round,stage,ano,equipe_casa,equipe_visitante,Pts_casa,3P_casa,2P_casa,LL_casa,RT_casa,RO_casa,RD_casa,AS_casa,ER_casa,IA%_casa,3PC_casa,3PT_casa,3P%_casa,2PC_casa,2PT_casa,2P%_casa,LLC_casa,LLT_casa,LL%_casa,EN_casa,BR_casa,B/E_casa,TO_casa,FC_casa,T/FC_casa,ET_casa,VI_casa,EF_casa,Pts_visitante,3P_visitante,2P_visitante,LL_visitante,RT_visitante,RO_visitante,RD_visitante,AS_visitante,ER_visitante,IA%_visitante,3PC_visitante,3PT_visitante,3P%_visitante,2PC_visitante,2PT_visitante,2P%_visitante,LLC_visitante,LLT_visitante,LL%_visitante,EN_visitante,BR_visitante,B/E_visitante,TO_visitante,FC_visitante,T/FC_visitante,ET_visitante,VI_visitante,EF_visitante
85,68,2014-04-13,3,3,2013-2014,Palmeiras,Coop/São José Basketball,78.70588235294117,36.220588235294116,41.44117647058823,15.073529411764707,33.01470588235294,10.397058823529411,22.61764705882353,13.308823529411764,13.411764705882353,1.1292647058823535,7.397058823529412,21.794117647058822,34.165882352941175,20.720588235294116,41.64705882352941,50.077352941176486,15.073529411764707,21.88235294117647,68.49323529411765,2.014705882352941,9.161764705882353,0.7532352941176468,1.911764705882353,21.13235294117647,0.09191176470588233,13.411764705882353,2.8970588235294117,84.83823529411765,81.2,32.4,39.575,15.91875,32.0625,9.18125,22.88125,16.6125,13.85625,1.3008124999999993,8.56875,24.35625,35.288375,19.7875,36.55,54.28143750000002,15.91875,20.78125,76.32943749999997,0.825,7.0375,0.5348124999999998,2.38125,19.09375,0.13287500000000002,13.85625,1.78125,89.95
