placar_casa,placar_visitante,data,round,stage,ano,equipe_casa,equipe_visitante,Pts_casa,3P_casa,2P_casa,LL_casa,RT_casa,RO_casa,RD_casa,AS_casa,ER_casa,IA%_casa,3PC_casa,3PT_casa,3P%_casa,2PC_casa,2PT_casa,2P%_casa,LLC_casa,LLT_casa,LL%_casa,EN_casa,BR_casa,B/E_casa,TO_casa,FC_casa,T/FC_casa,ET_casa,VI_casa,EF_casa,Pts_visitante,3P_visitante,2P_visitante,LL_visitante,RT_visitante,RO_visitante,RD_visitante,AS_visitante,ER_visitante,IA%_visitante,3PC_visitante,3PT_visitante,3P%_visitante,2PC_visitante,2PT_visitante,2P%_visitante,LLC_visitante,LLT_visitante,LL%_visitante,EN_visitante,BR_visitante,B/E_visitante,TO_visitante,FC_visitante,T/FC_visitante,ET_visitante,VI_visitante,EF_visitante
91,71,2020-02-04,4,2,2019-2020,Coop/São José Basketball,UNIFACISA,79.6503146853147,28.185314685314687,40.02793706293706,15.181818181818182,33.363601398601396,9.426608391608392,23.937097902097904,16.85660839160839,14.020944055944055,1.2965034965034965,8.146888111888112,23.699265734265733,34.50062937062939,20.01402097902098,37.60835664335664,53.40972027972028,15.181818181818182,19.98604895104895,75.40062937062932,0.867167832167832,7.195839160839162,0.5410839160839156,2.150384615384615,20.041993006993007,0.11510489510489509,14.020944055944055,2.1678671328671326,88.2972027972028,82.4745,29.175,39.7005,13.600500000000002,37.7,10.1995,27.5005,18.0755,12.774500000000002,1.4639999999999997,9.7245,28.200499999999998,34.5195,19.8495,37.3995,53.03649999999999,13.600500000000002,17.874499999999998,75.24699999999999,1.8244999999999998,7.25,0.599,2.6005000000000003,20.050500000000003,0.134,12.774500000000002,2.1245,94.925
