placar_casa,placar_visitante,data,round,stage,ano,equipe_casa,equipe_visitante,Pts_casa,3P_casa,2P_casa,LL_casa,RT_casa,RO_casa,RD_casa,AS_casa,ER_casa,IA%_casa,3PC_casa,3PT_casa,3P%_casa,2PC_casa,2PT_casa,2P%_casa,LLC_casa,LLT_casa,LL%_casa,EN_casa,BR_casa,B/E_casa,TO_casa,FC_casa,T/FC_casa,ET_casa,VI_casa,EF_casa,Pts_visitante,3P_visitante,2P_visitante,LL_visitante,RT_visitante,RO_visitante,RD_visitante,AS_visitante,ER_visitante,IA%_visitante,3PC_visitante,3PT_visitante,3P%_visitante,2PC_visitante,2PT_visitante,2P%_visitante,LLC_visitante,LLT_visitante,LL%_visitante,EN_visitante,BR_visitante,B/E_visitante,TO_visitante,FC_visitante,T/FC_visitante,ET_visitante,VI_visitante,EF_visitante
86,92,2015-02-11,7,2,2014-2015,Sesi Franca,Limeira,80.55376344086021,29.5,43.60215053763441,15.887096774193548,31.29032258064516,9.236559139784946,22.053763440860216,14.720430107526882,13.376344086021506,1.2402150537634404,7.021505376344086,19.962365591397848,35.178924731182796,21.801075268817204,41.553763440860216,52.63682795698925,15.887096774193548,21.559139784946236,73.35268817204299,1.8870967741935485,8.924731182795698,0.7275806451612901,2.8225806451612905,20.634408602150536,0.14612903225806448,13.376344086021506,2.032258064516129,88.61827956989248,81.63576158940397,32.18543046357616,39.33774834437086,15.139072847682119,29.410596026490065,7.748344370860927,21.662251655629138,15.788079470198676,12.291390728476822,1.4230463576158936,9.052980132450331,23.105960264900663,39.53026490066224,19.66887417218543,36.89403973509934,53.37887417218546,15.139072847682119,19.642384105960264,76.92668874172188,1.6225165562913908,7.960264900662252,0.7163576158940396,2.390728476821192,21.264900662251655,0.11748344370860926,12.291390728476822,1.913907284768212,91.13245033112582
