placar_casa,placar_visitante,data,round,stage,ano,equipe_casa,equipe_visitante,Pts_casa,3P_casa,2P_casa,LL_casa,RT_casa,RO_casa,RD_casa,AS_casa,ER_casa,IA%_casa,3PC_casa,3PT_casa,3P%_casa,2PC_casa,2PT_casa,2P%_casa,LLC_casa,LLT_casa,LL%_casa,EN_casa,BR_casa,B/E_casa,TO_casa,FC_casa,T/FC_casa,ET_casa,VI_casa,EF_casa,Pts_visitante,3P_visitante,2P_visitante,LL_visitante,RT_visitante,RO_visitante,RD_visitante,AS_visitante,ER_visitante,IA%_visitante,3PC_visitante,3PT_visitante,3P%_visitante,2PC_visitante,2PT_visitante,2P%_visitante,LLC_visitante,LLT_visitante,LL%_visitante,EN_visitante,BR_visitante,B/E_visitante,TO_visitante,FC_visitante,T/FC_visitante,ET_visitante,VI_visitante,EF_visitante
94,70,2013-01-24,17,1,2012-2013,Flamengo,Paulistano,90.66666666666667,34.285714285714285,45.46666666666667,17.685714285714287,32.23809523809524,7.942857142857143,24.295238095238094,15.58095238095238,12.028571428571428,1.4486666666666665,9.17142857142857,23.4,39.38323809523809,22.733333333333334,39.12380952380953,58.3107619047619,17.685714285714287,23.285714285714285,76.04666666666667,1.8095238095238095,8.095238095238095,0.7447619047619051,1.7619047619047619,19.8,0.09038095238095235,12.028571428571428,1.3333333333333333,102.4952380952381,79.40697674418605,30.662790697674417,41.97674418604651,15.348837209302326,31.337209302325583,10.232558139534884,21.1046511627907,13.732558139534884,15.0,1.0027906976744183,7.3604651162790695,22.069767441860463,33.8093023255814,20.988372093023255,39.83720930232558,52.83430232558138,15.348837209302326,21.988372093023255,69.0556976744186,1.5813953488372092,7.476744186046512,0.5393023255813957,2.313953488372093,22.302325581395348,0.10755813953488372,15.0,1.930232558139535,82.16279069767442
