placar_casa,placar_visitante,data,round,stage,ano,equipe_casa,equipe_visitante,Pts_casa,3P_casa,2P_casa,LL_casa,RT_casa,RO_casa,RD_casa,AS_casa,ER_casa,IA%_casa,3PC_casa,3PT_casa,3P%_casa,2PC_casa,2PT_casa,2P%_casa,LLC_casa,LLT_casa,LL%_casa,EN_casa,BR_casa,B/E_casa,TO_casa,FC_casa,T/FC_casa,ET_casa,VI_casa,EF_casa,Pts_visitante,3P_visitante,2P_visitante,LL_visitante,RT_visitante,RO_visitante,RD_visitante,AS_visitante,ER_visitante,IA%_visitante,3PC_visitante,3PT_visitante,3P%_visitante,2PC_visitante,2PT_visitante,2P%_visitante,LLC_visitante,LLT_visitante,LL%_visitante,EN_visitante,BR_visitante,B/E_visitante,TO_visitante,FC_visitante,T/FC_visitante,ET_visitante,VI_visitante,EF_visitante
70,87,2023-10-13,1,1,2023-2024,Flamengo,Minas,87.08520255863544,32.96162046908316,41.11720682302773,15.731321961620468,37.385863539445644,10.35816631130064,27.027761194029853,17.968038379530917,12.379530916844349,1.5933901918976558,10.078891257995735,27.341130063965885,37.09147121535182,20.55869936034115,36.703646055437105,56.16017057569298,15.731321961620468,20.810298507462687,75.44869936034107,1.5798933901918983,7.782579957356078,0.6831556503198292,1.90413646055437,18.82727078891258,0.10605543710021326,12.379530916844349,1.9296162046908318,102.03187633262266,80.53021791767557,27.232445520581113,41.34145278450361,14.92733656174334,35.360799031477,10.033874092009684,25.326924939467315,16.624648910411622,13.95871670702179,1.2826634382566595,8.08721549636804,23.055762711864407,34.928886198547204,20.670653753026635,38.69728813559322,53.55108958837773,14.92733656174334,20.10646489104116,74.06278450363182,1.706973365617434,7.363268765133173,0.5603631961259072,2.3026392251815984,20.801549636803877,0.11619854721549644,13.95871670702179,2.65857142857143,90.69736077481839
