placar_casa,placar_visitante,data,round,stage,ano,equipe_casa,equipe_visitante,Pts_casa,3P_casa,2P_casa,LL_casa,RT_casa,RO_casa,RD_casa,AS_casa,ER_casa,IA%_casa,3PC_casa,3PT_casa,3P%_casa,2PC_casa,2PT_casa,2P%_casa,LLC_casa,LLT_casa,LL%_casa,EN_casa,BR_casa,B/E_casa,TO_casa,FC_casa,T/FC_casa,ET_casa,VI_casa,EF_casa,Pts_visitante,3P_visitante,2P_visitante,LL_visitante,RT_visitante,RO_visitante,RD_visitante,AS_visitante,ER_visitante,IA%_visitante,3PC_visitante,3PT_visitante,3P%_visitante,2PC_visitante,2PT_visitante,2P%_visitante,LLC_visitante,LLT_visitante,LL%_visitante,EN_visitante,BR_visitante,B/E_visitante,TO_visitante,FC_visitante,T/FC_visitante,ET_visitante,VI_visitante,EF_visitante
95,67,2023-11-20,6,1,2023-2024,Bauru Basket,União Corinthians,81.40310344827581,31.021551724137932,38.30165948275863,14.420280172413793,34.53659482758621,9.364331896551727,25.17252155172414,16.1875,12.079827586206898,1.4586853448275836,9.560301724137931,26.366336206896552,36.451163793103454,19.150926724137932,35.64226293103449,54.10049568965518,14.420280172413793,19.308189655172413,74.63023706896547,1.385883620689655,7.560344827586207,0.6739655172413787,1.7456034482758631,18.986982758620687,0.09525862068965521,12.079827586206898,2.1724568965517235,91.83829741379314,76.53563380281692,29.281690140845072,34.620000000000005,12.633943661971827,36.662253521126765,9.788873239436622,26.873380281690146,16.169436619718308,13.042394366197179,1.3125352112676059,9.760422535211267,30.33859154929579,32.19140845070423,17.309577464788735,35.92943661971831,48.371126760563385,12.633943661971827,17.591549295774648,71.84535211267604,1.5914084507042252,7.493098591549296,0.5954929577464786,2.323661971830986,20.732253521126765,0.11535211267605636,13.042394366197179,2.1828169014084504,81.98563380281689
