placar_casa,placar_visitante,data,round,stage,ano,equipe_casa,equipe_visitante,Pts_casa,3P_casa,2P_casa,LL_casa,RT_casa,RO_casa,RD_casa,AS_casa,ER_casa,IA%_casa,3PC_casa,3PT_casa,3P%_casa,2PC_casa,2PT_casa,2P%_casa,LLC_casa,LLT_casa,LL%_casa,EN_casa,BR_casa,B/E_casa,TO_casa,FC_casa,T/FC_casa,ET_casa,VI_casa,EF_casa,Pts_visitante,3P_visitante,2P_visitante,LL_visitante,RT_visitante,RO_visitante,RD_visitante,AS_visitante,ER_visitante,IA%_visitante,3PC_visitante,3PT_visitante,3P%_visitante,2PC_visitante,2PT_visitante,2P%_visitante,LLC_visitante,LLT_visitante,LL%_visitante,EN_visitante,BR_visitante,B/E_visitante,TO_visitante,FC_visitante,T/FC_visitante,ET_visitante,VI_visitante,EF_visitante
98,89,2010-02-26,3,2,2009-2010,Sesi Franca,Brasília,84.30434782608695,24.0,42.34782608695652,17.956521739130434,29.956521739130434,8.695652173913043,21.26086956521739,15.217391304347826,12.369565217391305,1.3800000000000001,8.0,22.456521739130434,36.17847826086956,21.17391304347826,41.45652173913044,51.279999999999994,17.956521739130434,23.67391304347826,75.88021739130436,0.6739130434782609,8.23913043478261,0.7028260869565217,2.239130434782609,22.304347826086957,0.10891304347826085,12.369565217391305,0.5869565217391305,87.1304347826087,87.28301886792453,22.358490566037737,45.35849056603774,19.566037735849058,34.075471698113205,8.867924528301886,25.20754716981132,16.09433962264151,15.377358490566039,1.1611320754716983,7.452830188679245,22.37735849056604,33.77094339622643,22.67924528301887,38.75471698113208,58.553207547169826,19.566037735849058,25.71698113207547,76.09924528301887,1.9811320754716981,7.754716981132075,0.5466037735849057,3.641509433962264,22.150943396226417,0.1760377358490566,15.377358490566039,0.49056603773584906,96.77358490566037
