placar_casa,placar_visitante,data,round,stage,ano,equipe_casa,equipe_visitante,Pts_casa,3P_casa,2P_casa,LL_casa,RT_casa,RO_casa,RD_casa,AS_casa,ER_casa,IA%_casa,3PC_casa,3PT_casa,3P%_casa,2PC_casa,2PT_casa,2P%_casa,LLC_casa,LLT_casa,LL%_casa,EN_casa,BR_casa,B/E_casa,TO_casa,FC_casa,T/FC_casa,ET_casa,VI_casa,EF_casa,Pts_visitante,3P_visitante,2P_visitante,LL_visitante,RT_visitante,RO_visitante,RD_visitante,AS_visitante,ER_visitante,IA%_visitante,3PC_visitante,3PT_visitante,3P%_visitante,2PC_visitante,2PT_visitante,2P%_visitante,LLC_visitante,LLT_visitante,LL%_visitante,EN_visitante,BR_visitante,B/E_visitante,TO_visitante,FC_visitante,T/FC_visitante,ET_visitante,VI_visitante,EF_visitante
67,74,2017-03-10,25,1,2016-2017,Paulistano,Pinheiros,80.72950819672131,29.84016393442623,40.532786885245905,15.520491803278688,34.16803278688525,11.049180327868852,23.118852459016395,13.979508196721312,13.684426229508198,1.13094262295082,8.225409836065573,23.618852459016395,35.1505737704918,20.266393442622952,39.532786885245905,51.57118852459014,15.520491803278688,21.09426229508197,73.30622950819675,1.5450819672131149,8.315573770491802,0.6689344262295082,1.7827868852459017,21.733606557377048,0.0861885245901639,13.684426229508198,2.487704918032787,86.79918032786885,84.16078431372549,29.258823529411764,41.06666666666667,16.470588235294116,33.07450980392157,9.231372549019607,23.84313725490196,15.556862745098039,13.215686274509803,1.2624313725490197,8.874509803921569,23.905882352941177,37.17423529411763,20.533333333333335,38.207843137254905,54.182039215686295,16.470588235294116,21.99607843137255,74.77121568627443,2.1019607843137256,8.266666666666667,0.6581960784313721,2.627450980392157,20.08235294117647,0.13752941176470573,13.215686274509803,2.3215686274509806,93.77254901960784
