placar_casa,placar_visitante,data,round,stage,ano,equipe_casa,equipe_visitante,Pts_casa,3P_casa,2P_casa,LL_casa,RT_casa,RO_casa,RD_casa,AS_casa,ER_casa,IA%_casa,3PC_casa,3PT_casa,3P%_casa,2PC_casa,2PT_casa,2P%_casa,LLC_casa,LLT_casa,LL%_casa,EN_casa,BR_casa,B/E_casa,TO_casa,FC_casa,T/FC_casa,ET_casa,VI_casa,EF_casa,Pts_visitante,3P_visitante,2P_visitante,LL_visitante,RT_visitante,RO_visitante,RD_visitante,AS_visitante,ER_visitante,IA%_visitante,3PC_visitante,3PT_visitante,3P%_visitante,2PC_visitante,2PT_visitante,2P%_visitante,LLC_visitante,LLT_visitante,LL%_visitante,EN_visitante,BR_visitante,B/E_visitante,TO_visitante,FC_visitante,T/FC_visitante,ET_visitante,VI_visitante,EF_visitante
76,74,2016-11-17,4,1,2016-2017,Vitória,Minas,71.9090909090909,18.727272727272727,38.78787878787879,14.393939393939394,35.54545454545455,11.696969696969697,23.848484848484848,12.93939393939394,14.848484848484848,0.9327272727272726,6.242424242424242,21.060606060606062,29.8769696969697,19.393939393939394,41.45454545454545,47.16454545454547,14.393939393939394,19.87878787878788,72.1990909090909,1.2121212121212122,10.454545454545455,0.7366666666666667,1.7575757575757576,19.939393939393938,0.09212121212121212,14.848484848484848,3.6666666666666665,75.3030303030303,78.3594470046083,25.89400921658986,42.645161290322584,15.474654377880185,32.8110599078341,9.626728110599078,23.18433179723502,15.43778801843318,14.161290322580646,1.1834562211981567,6.746543778801843,19.81566820276498,34.05488479262673,21.322580645161292,40.45622119815668,52.84917050691244,15.474654377880185,20.907834101382488,73.82520737327188,1.3824884792626728,8.023041474654377,0.6091705069124422,2.47926267281106,21.23041474654378,0.12235023041474666,14.161290322580646,2.543778801843318,86.57603686635944
