placar_casa,placar_visitante,data,round,stage,ano,equipe_casa,equipe_visitante,Pts_casa,3P_casa,2P_casa,LL_casa,RT_casa,RO_casa,RD_casa,AS_casa,ER_casa,IA%_casa,3PC_casa,3PT_casa,3P%_casa,2PC_casa,2PT_casa,2P%_casa,LLC_casa,LLT_casa,LL%_casa,EN_casa,BR_casa,B/E_casa,TO_casa,FC_casa,T/FC_casa,ET_casa,VI_casa,EF_casa,Pts_visitante,3P_visitante,2P_visitante,LL_visitante,RT_visitante,RO_visitante,RD_visitante,AS_visitante,ER_visitante,IA%_visitante,3PC_visitante,3PT_visitante,3P%_visitante,2PC_visitante,2PT_visitante,2P%_visitante,LLC_visitante,LLT_visitante,LL%_visitante,EN_visitante,BR_visitante,B/E_visitante,TO_visitante,FC_visitante,T/FC_visitante,ET_visitante,VI_visitante,EF_visitante
66,68,2023-03-22,7,2,2022-2023,Pato Basquete,União Corinthians,73.88325,24.7,36.55008333333333,12.633416666666664,35.57458333333332,10.699916666666665,24.875166666666665,14.508249999999999,14.08316666666666,1.1045833333333333,8.233083333333335,25.783166666666663,31.848666666666663,18.274916666666666,38.38341666666667,47.65658333333335,12.633416666666664,18.500166666666665,68.07433333333334,1.158416666666667,7.508416666666666,0.5557500000000002,1.6168333333333333,20.749833333333335,0.07933333333333334,14.08316666666666,3.066833333333334,75.475,76.3222807017544,29.57894736842105,34.88912280701755,11.853859649122803,36.661052631578954,10.263333333333337,26.39771929824562,16.222631578947365,12.713508771929822,1.355263157894737,9.859473684210526,31.0182456140351,31.607192982456134,17.444210526315793,36.584736842105265,47.95298245614036,11.853859649122803,16.76035087719298,71.12210526315786,1.7191228070175437,7.824736842105264,0.6359649122807016,2.3856140350877193,20.572807017543862,0.1196491228070176,12.713508771929822,2.1399999999999997,81.49684210526316
