placar_casa,placar_visitante,data,round,stage,ano,equipe_casa,equipe_visitante,Pts_casa,3P_casa,2P_casa,LL_casa,RT_casa,RO_casa,RD_casa,AS_casa,ER_casa,IA%_casa,3PC_casa,3PT_casa,3P%_casa,2PC_casa,2PT_casa,2P%_casa,LLC_casa,LLT_casa,LL%_casa,EN_casa,BR_casa,B/E_casa,TO_casa,FC_casa,T/FC_casa,ET_casa,VI_casa,EF_casa,Pts_visitante,3P_visitante,2P_visitante,LL_visitante,RT_visitante,RO_visitante,RD_visitante,AS_visitante,ER_visitante,IA%_visitante,3PC_visitante,3PT_visitante,3P%_visitante,2PC_visitante,2PT_visitante,2P%_visitante,LLC_visitante,LLT_visitante,LL%_visitante,EN_visitante,BR_visitante,B/E_visitante,TO_visitante,FC_visitante,T/FC_visitante,ET_visitante,VI_visitante,EF_visitante
78,60,2023-04-22,2,3,2022-2023,Pinheiros,Caxias do Sul Basquete,82.29087759815249,28.288683602771364,40.20323325635104,15.350993071593532,35.26103926096998,10.24484988452656,25.016189376443418,16.09002309468822,13.575034642032332,1.2647113163972292,8.912193995381061,24.769006928406466,36.11193995381064,20.10161662817552,38.63736720554272,52.39254041570444,15.350993071593532,20.85445727482679,73.42914549653578,1.8428868360277144,7.926073903002309,0.6156351039260969,2.4388452655889132,19.806096997690535,0.12840646651270188,13.575034642032332,2.3441801385681287,91.42718244803699,72.54729559748428,23.339622641509433,35.61018867924528,13.597672955974843,33.96207547169811,8.949685534591191,25.012389937106914,14.390125786163521,13.949685534591199,1.0853459119496855,7.780000000000003,24.23893081761006,32.18654088050313,17.804905660377354,36.35232704402516,49.035094339622646,13.597672955974843,19.26421383647799,70.28421383647797,1.0626415094339627,7.704528301886791,0.5662893081761005,1.792515723270441,21.238742138364774,0.08905660377358496,13.949685534591199,2.9245283018867925,75.77358490566037
