placar_casa,placar_visitante,data,round,stage,ano,equipe_casa,equipe_visitante,Pts_casa,3P_casa,2P_casa,LL_casa,RT_casa,RO_casa,RD_casa,AS_casa,ER_casa,IA%_casa,3PC_casa,3PT_casa,3P%_casa,2PC_casa,2PT_casa,2P%_casa,LLC_casa,LLT_casa,LL%_casa,EN_casa,BR_casa,B/E_casa,TO_casa,FC_casa,T/FC_casa,ET_casa,VI_casa,EF_casa,Pts_visitante,3P_visitante,2P_visitante,LL_visitante,RT_visitante,RO_visitante,RD_visitante,AS_visitante,ER_visitante,IA%_visitante,3PC_visitante,3PT_visitante,3P%_visitante,2PC_visitante,2PT_visitante,2P%_visitante,LLC_visitante,LLT_visitante,LL%_visitante,EN_visitante,BR_visitante,B/E_visitante,TO_visitante,FC_visitante,T/FC_visitante,ET_visitante,VI_visitante,EF_visitante
76,86,2019-02-13,6,2,2018-2019,Fortaleza B. C. / CFO,Coop/São José Basketball,76.96321052631579,30.694736842105264,39.042157894736846,13.43157894736842,35.105315789473686,10.43157894736842,24.673736842105264,13.510578947368423,12.826263157894736,1.1810526315789478,8.163157894736843,24.610473684210525,33.46273684210525,19.520999999999997,39.11578947368421,50.05373684210524,13.43157894736842,18.963105263157892,70.53789473684209,1.447421052631579,8.778947368421052,0.7608947368421051,2.3999473684210524,20.32636842105263,0.12105263157894731,12.826263157894736,2.721052631578947,83.42626315789474,79.578125,28.65234375,39.8515625,15.2578125,33.140625,9.32421875,23.81640625,16.61328125,13.9140625,1.2961718750000002,8.15625,23.59765625,34.65460937500001,19.92578125,37.359375,53.500976562500014,15.2578125,19.99609375,75.76503906249992,0.82421875,7.21484375,0.5477734374999994,2.21484375,19.7109375,0.12042968749999994,13.9140625,2.18359375,88.421875
