placar_casa,placar_visitante,data,round,stage,ano,equipe_casa,equipe_visitante,Pts_casa,3P_casa,2P_casa,LL_casa,RT_casa,RO_casa,RD_casa,AS_casa,ER_casa,IA%_casa,3PC_casa,3PT_casa,3P%_casa,2PC_casa,2PT_casa,2P%_casa,LLC_casa,LLT_casa,LL%_casa,EN_casa,BR_casa,B/E_casa,TO_casa,FC_casa,T/FC_casa,ET_casa,VI_casa,EF_casa,Pts_visitante,3P_visitante,2P_visitante,LL_visitante,RT_visitante,RO_visitante,RD_visitante,AS_visitante,ER_visitante,IA%_visitante,3PC_visitante,3PT_visitante,3P%_visitante,2PC_visitante,2PT_visitante,2P%_visitante,LLC_visitante,LLT_visitante,LL%_visitante,EN_visitante,BR_visitante,B/E_visitante,TO_visitante,FC_visitante,T/FC_visitante,ET_visitante,VI_visitante,EF_visitante
101,86,2019-10-12,1,1,2019-2020,UNIFACISA,Rio Claro,0,0,0,0,0,0,0,0,0,0,0,0,0,0,0,0,0,0,0,0,0,0,0,0,0,0,0,0,76.65151515151516,23.181818181818183,39.54545454545455,13.924242424242424,32.27272727272727,8.727272727272727,23.545454545454547,16.40909090909091,14.969696969696969,1.190151515151515,7.7272727272727275,22.46969696969697,34.04212121212121,19.772727272727273,37.333333333333336,52.78621212121212,13.924242424242424,18.71212121212121,73.96924242424242,1.8636363636363635,10.424242424242424,0.7374242424242423,1.8636363636363635,21.21212121212121,0.09045454545454545,14.969696969696969,3.3636363636363638,85.56060606060606
