placar_casa,placar_visitante,data,round,stage,ano,equipe_casa,equipe_visitante,Pts_casa,3P_casa,2P_casa,LL_casa,RT_casa,RO_casa,RD_casa,AS_casa,ER_casa,IA%_casa,3PC_casa,3PT_casa,3P%_casa,2PC_casa,2PT_casa,2P%_casa,LLC_casa,LLT_casa,LL%_casa,EN_casa,BR_casa,B/E_casa,TO_casa,FC_casa,T/FC_casa,ET_casa,VI_casa,EF_casa,Pts_visitante,3P_visitante,2P_visitante,LL_visitante,RT_visitante,RO_visitante,RD_visitante,AS_visitante,ER_visitante,IA%_visitante,3PC_visitante,3PT_visitante,3P%_visitante,2PC_visitante,2PT_visitante,2P%_visitante,LLC_visitante,LLT_visitante,LL%_visitante,EN_visitante,BR_visitante,B/E_visitante,TO_visitante,FC_visitante,T/FC_visitante,ET_visitante,VI_visitante,EF_visitante
86,79,2021-12-03,6,1,2021-2022,Mogi,Fortaleza B. C. / CFO,80.9574149659864,29.331632653061224,39.449013605442175,16.13605442176871,36.74659863945578,11.1428231292517,25.603775510204084,16.600408163265307,13.870646258503399,1.3024489795918361,8.45748299319728,24.054455782312925,35.327585034013616,19.724455782312923,38.644557823129254,51.28608843537407,16.13605442176871,21.505204081632655,75.06663265306116,1.4301020408163256,8.21595238095238,0.6384353741496596,2.0238775510204086,21.19377551020408,0.09914965986394556,13.870646258503399,2.622551020408162,91.6921768707483,76.84859848484847,28.823863636363637,39.223446969696965,13.267083333333334,35.704469696969696,10.384583333333335,25.320227272727276,13.696931818181817,12.855946969696967,1.1698863636363637,8.119356060606062,24.94310606060606,32.82575757575756,19.611780303030304,39.204469696969696,50.1042424242424,13.267083333333334,18.691363636363636,70.85859848484847,1.3826136363636363,8.412878787878787,0.7121590909090908,2.480946969696971,20.46212121212121,0.1247348484848484,12.855946969696967,2.6363636363636362,83.1893181818182
