placar_casa,placar_visitante,data,round,stage,ano,equipe_casa,equipe_visitante,Pts_casa,3P_casa,2P_casa,LL_casa,RT_casa,RO_casa,RD_casa,AS_casa,ER_casa,IA%_casa,3PC_casa,3PT_casa,3P%_casa,2PC_casa,2PT_casa,2P%_casa,LLC_casa,LLT_casa,LL%_casa,EN_casa,BR_casa,B/E_casa,TO_casa,FC_casa,T/FC_casa,ET_casa,VI_casa,EF_casa,Pts_visitante,3P_visitante,2P_visitante,LL_visitante,RT_visitante,RO_visitante,RD_visitante,AS_visitante,ER_visitante,IA%_visitante,3PC_visitante,3PT_visitante,3P%_visitante,2PC_visitante,2PT_visitante,2P%_visitante,LLC_visitante,LLT_visitante,LL%_visitante,EN_visitante,BR_visitante,B/E_visitante,TO_visitante,FC_visitante,T/FC_visitante,ET_visitante,VI_visitante,EF_visitante
75,63,2015-11-04,1,1,2015-2016,Pinheiros,Minas,84.97435897435898,31.96923076923077,40.30769230769231,16.143589743589743,31.348717948717947,8.538461538461538,22.81025641025641,15.635897435897435,12.95897435897436,1.3006666666666666,9.507692307692308,24.84102564102564,38.42466666666666,20.153846153846153,36.66153846153846,55.32969230769234,16.143589743589743,21.50769230769231,74.77199999999995,2.2153846153846155,7.953846153846154,0.6485128205128204,2.5589743589743588,19.83076923076923,0.13512820512820503,12.95897435897436,2.0871794871794873,94.31282051282051,79.33701657458563,27.696132596685082,42.64088397790055,15.779005524861878,31.828729281767956,9.370165745856353,22.4585635359116,15.480662983425415,13.867403314917127,1.210220994475138,6.972375690607735,20.066298342541437,34.65657458563536,21.320441988950275,40.21546961325967,53.128066298342546,15.779005524861878,21.116022099447513,74.82911602209943,1.3314917127071824,7.972375690607735,0.6172375690607734,2.4861878453038675,21.281767955801104,0.12348066298342554,13.867403314917127,2.226519337016575,87.43093922651934
