placar_casa,placar_visitante,data,round,stage,ano,equipe_casa,equipe_visitante,Pts_casa,3P_casa,2P_casa,LL_casa,RT_casa,RO_casa,RD_casa,AS_casa,ER_casa,IA%_casa,3PC_casa,3PT_casa,3P%_casa,2PC_casa,2PT_casa,2P%_casa,LLC_casa,LLT_casa,LL%_casa,EN_casa,BR_casa,B/E_casa,TO_casa,FC_casa,T/FC_casa,ET_casa,VI_casa,EF_casa,Pts_visitante,3P_visitante,2P_visitante,LL_visitante,RT_visitante,RO_visitante,RD_visitante,AS_visitante,ER_visitante,IA%_visitante,3PC_visitante,3PT_visitante,3P%_visitante,2PC_visitante,2PT_visitante,2P%_visitante,LLC_visitante,LLT_visitante,LL%_visitante,EN_visitante,BR_visitante,B/E_visitante,TO_visitante,FC_visitante,T/FC_visitante,ET_visitante,VI_visitante,EF_visitante
80,100,2012-12-15,8,1,2012-2013,Suzano,Coop/São José Basketball,80.6,56.4,37.6,15.4,26.8,9.4,17.4,11.4,16.0,0.738,9.2,25.0,37.294,18.8,37.2,51.544000000000004,15.4,22.4,68.008,0.6,7.6,0.492,2.0,22.0,0.092,16.0,3.0,81.2,80.98795180722891,28.373493975903614,38.3855421686747,15.566265060240964,30.50602409638554,9.325301204819278,21.180722891566266,16.120481927710845,13.963855421686747,1.2728915662650597,9.012048192771084,25.481927710843372,35.44132530120482,19.19277108433735,35.28915662650602,54.69024096385543,15.566265060240964,20.819277108433734,74.56144578313253,1.0963855421686748,6.698795180722891,0.5143373493975902,2.216867469879518,20.42168674698795,0.11265060240963858,13.963855421686747,1.144578313253012,86.5421686746988
