placar_casa,placar_visitante,data,round,stage,ano,equipe_casa,equipe_visitante,Pts_casa,3P_casa,2P_casa,LL_casa,RT_casa,RO_casa,RD_casa,AS_casa,ER_casa,IA%_casa,3PC_casa,3PT_casa,3P%_casa,2PC_casa,2PT_casa,2P%_casa,LLC_casa,LLT_casa,LL%_casa,EN_casa,BR_casa,B/E_casa,TO_casa,FC_casa,T/FC_casa,ET_casa,VI_casa,EF_casa,Pts_visitante,3P_visitante,2P_visitante,LL_visitante,RT_visitante,RO_visitante,RD_visitante,AS_visitante,ER_visitante,IA%_visitante,3PC_visitante,3PT_visitante,3P%_visitante,2PC_visitante,2PT_visitante,2P%_visitante,LLC_visitante,LLT_visitante,LL%_visitante,EN_visitante,BR_visitante,B/E_visitante,TO_visitante,FC_visitante,T/FC_visitante,ET_visitante,VI_visitante,EF_visitante
80,68,2012-04-05,15,2,2011-2012,Uberlândia,Sesi Franca,85.41176470588235,25.941176470588236,44.35294117647059,15.117647058823529,29.41176470588235,7.0588235294117645,22.352941176470587,15.529411764705882,11.411764705882353,1.430588235294118,8.647058823529411,22.823529411764707,37.01352941176471,22.176470588235293,40.1764705882353,55.30705882352942,15.117647058823529,19.11764705882353,78.66058823529411,3.5294117647058822,6.882352941176471,0.654705882352941,3.3529411764705883,17.941176470588236,0.20588235294117646,11.411764705882353,2.0588235294117645,95.76470588235294,84.14864864864865,24.2027027027027,42.21621621621622,17.72972972972973,29.554054054054053,8.364864864864865,21.18918918918919,15.324324324324325,12.567567567567568,1.3848648648648643,8.067567567567568,22.0,37.038783783783785,21.10810810810811,40.891891891891895,52.01121621621621,17.72972972972973,23.054054054054053,77.22378378378377,0.9054054054054054,8.054054054054054,0.7049999999999998,2.418918918918919,21.85135135135135,0.11810810810810811,12.567567567567568,1.2972972972972974,88.55405405405405
