placar_casa,placar_visitante,data,round,stage,ano,equipe_casa,equipe_visitante,Pts_casa,3P_casa,2P_casa,LL_casa,RT_casa,RO_casa,RD_casa,AS_casa,ER_casa,IA%_casa,3PC_casa,3PT_casa,3P%_casa,2PC_casa,2PT_casa,2P%_casa,LLC_casa,LLT_casa,LL%_casa,EN_casa,BR_casa,B/E_casa,TO_casa,FC_casa,T/FC_casa,ET_casa,VI_casa,EF_casa,Pts_visitante,3P_visitante,2P_visitante,LL_visitante,RT_visitante,RO_visitante,RD_visitante,AS_visitante,ER_visitante,IA%_visitante,3PC_visitante,3PT_visitante,3P%_visitante,2PC_visitante,2PT_visitante,2P%_visitante,LLC_visitante,LLT_visitante,LL%_visitante,EN_visitante,BR_visitante,B/E_visitante,TO_visitante,FC_visitante,T/FC_visitante,ET_visitante,VI_visitante,EF_visitante
66,79,2019-12-05,8,1,2019-2020,Bauru Basket,Flamengo,82.5471732522796,31.72340425531915,38.80243161094225,15.322249240121582,34.443768996960486,9.586686930091187,24.857173252279637,15.881398176291793,12.148905775075987,1.439635258358661,9.474133738601823,25.68082066869301,37.20966565349547,19.401215805471125,36.03954407294833,54.29905775075984,15.322249240121582,20.425531914893618,75.20398176291792,1.3769604863221887,7.632249240121581,0.6880243161094217,1.8054711246200608,18.927021276595745,0.09838905775075983,12.148905775075987,2.1884802431610937,93.1580547112462,87.38982142857147,31.232142857142858,43.35113095238095,16.610119047619047,35.83327380952381,9.78279761904762,26.050654761904763,17.145833333333332,12.366071428571429,1.5296428571428566,9.142857142857142,24.550625,37.399077380952406,21.675654761904763,38.761874999999996,56.1232738095238,16.610119047619047,21.857142857142858,75.95517857142853,1.6607142857142858,8.246994047619047,0.728452380952381,1.8423214285714278,19.657767857142858,0.09723214285714284,12.366071428571429,1.8183928571428578,101.42857142857143
