placar_casa,placar_visitante,data,round,stage,ano,equipe_casa,equipe_visitante,Pts_casa,3P_casa,2P_casa,LL_casa,RT_casa,RO_casa,RD_casa,AS_casa,ER_casa,IA%_casa,3PC_casa,3PT_casa,3P%_casa,2PC_casa,2PT_casa,2P%_casa,LLC_casa,LLT_casa,LL%_casa,EN_casa,BR_casa,B/E_casa,TO_casa,FC_casa,T/FC_casa,ET_casa,VI_casa,EF_casa,Pts_visitante,3P_visitante,2P_visitante,LL_visitante,RT_visitante,RO_visitante,RD_visitante,AS_visitante,ER_visitante,IA%_visitante,3PC_visitante,3PT_visitante,3P%_visitante,2PC_visitante,2PT_visitante,2P%_visitante,LLC_visitante,LLT_visitante,LL%_visitante,EN_visitante,BR_visitante,B/E_visitante,TO_visitante,FC_visitante,T/FC_visitante,ET_visitante,VI_visitante,EF_visitante
115,74,2021-11-03,3,1,2021-2022,Sesi Franca,União Corinthians,81.31889189189191,28.4027027027027,41.28645945945946,15.870189189189187,33.12172972972973,9.067621621621623,24.05410810810811,15.821621621621622,13.429783783783785,1.2956486486486476,8.053972972972971,22.356756756756756,35.79567567567568,20.64327027027027,38.79727027027027,53.591297297297245,15.870189189189187,21.154054054054054,74.8967837837838,1.897243243243244,8.11356756756757,0.6495135135135138,2.532459459459459,20.45681081081081,0.12943243243243246,13.429783783783785,2.1702432432432435,90.74586486486491,67.83333333333333,24.5,35.666666666666664,7.666666666666667,33.0,7.166666666666667,25.833333333333332,13.166666666666666,14.0,0.9566666666666667,8.166666666666666,30.666666666666668,26.593333333333334,17.833333333333332,36.333333333333336,49.02333333333333,7.666666666666667,13.833333333333334,54.223333333333336,2.0,9.833333333333334,0.7033333333333333,2.6666666666666665,21.833333333333332,0.12333333333333334,14.0,2.5,65.33333333333333
