placar_casa,placar_visitante,data,round,stage,ano,equipe_casa,equipe_visitante,Pts_casa,3P_casa,2P_casa,LL_casa,RT_casa,RO_casa,RD_casa,AS_casa,ER_casa,IA%_casa,3PC_casa,3PT_casa,3P%_casa,2PC_casa,2PT_casa,2P%_casa,LLC_casa,LLT_casa,LL%_casa,EN_casa,BR_casa,B/E_casa,TO_casa,FC_casa,T/FC_casa,ET_casa,VI_casa,EF_casa,Pts_visitante,3P_visitante,2P_visitante,LL_visitante,RT_visitante,RO_visitante,RD_visitante,AS_visitante,ER_visitante,IA%_visitante,3PC_visitante,3PT_visitante,3P%_visitante,2PC_visitante,2PT_visitante,2P%_visitante,LLC_visitante,LLT_visitante,LL%_visitante,EN_visitante,BR_visitante,B/E_visitante,TO_visitante,FC_visitante,T/FC_visitante,ET_visitante,VI_visitante,EF_visitante
87,93,2017-03-24,28,1,2016-2017,Vitória,Flamengo,73.46428571428571,19.767857142857142,38.607142857142854,15.089285714285714,35.57142857142857,10.625,24.946428571428573,14.410714285714286,14.821428571428571,1.04375,6.589285714285714,21.571428571428573,30.83660714285714,19.303571428571427,40.232142857142854,48.287857142857156,15.089285714285714,20.696428571428573,72.53339285714284,1.3214285714285714,9.410714285714286,0.6676785714285715,1.6785714285714286,20.696428571428573,0.08482142857142856,14.821428571428571,3.625,78.14285714285714,88.06785714285714,31.853571428571428,43.92142857142857,16.857142857142858,34.75,9.225,25.525,16.79642857142857,12.289285714285715,1.5159285714285713,9.096428571428572,23.90714285714286,38.142857142857146,21.960714285714285,38.825,56.75739285714284,16.857142857142858,22.167857142857144,75.96971428571425,1.7714285714285714,8.5,0.7566071428571427,1.9035714285714285,19.575,0.10103571428571428,12.289285714285715,1.8714285714285714,102.04285714285714
