placar_casa,placar_visitante,data,round,stage,ano,equipe_casa,equipe_visitante,Pts_casa,3P_casa,2P_casa,LL_casa,RT_casa,RO_casa,RD_casa,AS_casa,ER_casa,IA%_casa,3PC_casa,3PT_casa,3P%_casa,2PC_casa,2PT_casa,2P%_casa,LLC_casa,LLT_casa,LL%_casa,EN_casa,BR_casa,B/E_casa,TO_casa,FC_casa,T/FC_casa,ET_casa,VI_casa,EF_casa,Pts_visitante,3P_visitante,2P_visitante,LL_visitante,RT_visitante,RO_visitante,RD_visitante,AS_visitante,ER_visitante,IA%_visitante,3PC_visitante,3PT_visitante,3P%_visitante,2PC_visitante,2PT_visitante,2P%_visitante,LLC_visitante,LLT_visitante,LL%_visitante,EN_visitante,BR_visitante,B/E_visitante,TO_visitante,FC_visitante,T/FC_visitante,ET_visitante,VI_visitante,EF_visitante
90,92,2021-02-25,4,2,2020-2021,São Paulo,Minas,89.55361702127661,34.787234042553195,39.659361702127654,15.105744680851068,40.5536170212766,10.723191489361701,29.829787234042545,18.999999999999996,12.085106382978726,1.6438297872340424,11.595957446808509,31.127446808510644,37.328936170212764,19.83,34.8295744680851,57.03808510638298,15.105744680851068,19.829148936170217,76.69851063829788,2.808510638297872,6.382978723404258,0.5474468085106381,2.8508510638297873,16.957872340425528,0.1723404255319149,12.085106382978726,1.9576595744680851,106.97893617021278,79.43533123028391,26.290220820189276,41.65927444794953,15.356403785488958,34.38492113564669,10.006246056782333,24.37858044164038,16.173438485804414,14.182870662460566,1.2262460567823354,7.473249211356468,21.798233438485806,34.32719242902208,20.82968454258675,39.55829652996845,52.73652996845425,15.356403785488958,20.7002523659306,73.8797476340693,1.4794952681388012,7.744511041009464,0.5814511041009456,2.369085173501577,21.561577287066246,0.11514195583596226,14.182870662460566,2.5803470031545754,88.37227129337538
