placar_casa,placar_visitante,data,round,stage,ano,equipe_casa,equipe_visitante,Pts_casa,3P_casa,2P_casa,LL_casa,RT_casa,RO_casa,RD_casa,AS_casa,ER_casa,IA%_casa,3PC_casa,3PT_casa,3P%_casa,2PC_casa,2PT_casa,2P%_casa,LLC_casa,LLT_casa,LL%_casa,EN_casa,BR_casa,B/E_casa,TO_casa,FC_casa,T/FC_casa,ET_casa,VI_casa,EF_casa,Pts_visitante,3P_visitante,2P_visitante,LL_visitante,RT_visitante,RO_visitante,RD_visitante,AS_visitante,ER_visitante,IA%_visitante,3PC_visitante,3PT_visitante,3P%_visitante,2PC_visitante,2PT_visitante,2P%_visitante,LLC_visitante,LLT_visitante,LL%_visitante,EN_visitante,BR_visitante,B/E_visitante,TO_visitante,FC_visitante,T/FC_visitante,ET_visitante,VI_visitante,EF_visitante
76,79,2019-12-17,10,1,2019-2020,Pato Basquete,Bauru Basket,64.36363636363636,19.09090909090909,33.45454545454545,11.818181818181818,34.0,10.727272727272727,23.272727272727273,14.454545454545455,17.363636363636363,0.838181818181818,6.363636363636363,23.363636363636363,27.734545454545454,16.727272727272727,36.54545454545455,45.941818181818185,11.818181818181818,17.727272727272727,67.60727272727273,1.4545454545454546,7.909090909090909,0.46090909090909093,2.090909090909091,22.181818181818183,0.09545454545454546,17.363636363636363,4.181818181818182,62.63636363636363,82.45927492447127,31.72205438066465,38.76132930513595,15.256858006042297,34.44108761329305,9.577099697885197,24.864078549848944,15.867009063444108,12.166132930513594,1.437734138972808,9.480332326283987,25.685770392749244,37.22081570996982,19.380664652567976,36.015135951661634,54.2719033232628,15.256858006042297,20.35347432024169,75.06543806646523,1.3746827794561935,7.6254078549848945,0.6865861027190325,1.7945619335347431,18.918398791540785,0.0977945619335347,12.166132930513594,2.1812990936555887,93.02416918429003
