placar_casa,placar_visitante,data,round,stage,ano,equipe_casa,equipe_visitante,Pts_casa,3P_casa,2P_casa,LL_casa,RT_casa,RO_casa,RD_casa,AS_casa,ER_casa,IA%_casa,3PC_casa,3PT_casa,3P%_casa,2PC_casa,2PT_casa,2P%_casa,LLC_casa,LLT_casa,LL%_casa,EN_casa,BR_casa,B/E_casa,TO_casa,FC_casa,T/FC_casa,ET_casa,VI_casa,EF_casa,Pts_visitante,3P_visitante,2P_visitante,LL_visitante,RT_visitante,RO_visitante,RD_visitante,AS_visitante,ER_visitante,IA%_visitante,3PC_visitante,3PT_visitante,3P%_visitante,2PC_visitante,2PT_visitante,2P%_visitante,LLC_visitante,LLT_visitante,LL%_visitante,EN_visitante,BR_visitante,B/E_visitante,TO_visitante,FC_visitante,T/FC_visitante,ET_visitante,VI_visitante,EF_visitante
89,71,2023-11-13,5,1,2023-2024,Flamengo,Cerrado,87.01260042283303,32.86680761099366,41.10775898520085,15.739936575052853,37.429112050739974,10.393192389006341,27.035983086680762,17.95985200845666,12.378435517970402,1.5917547568710375,10.054968287526426,27.380528541226216,36.970570824524316,20.553974630021145,36.69558139534884,56.160211416490505,15.739936575052853,20.816131078224103,75.46811839323458,1.5855602536997893,7.780190274841439,0.6824524312896403,1.8986046511627896,18.799133192389007,0.10583509513742077,12.378435517970402,1.9344397463002116,101.92378435517976,77.58616161616162,28.393939393939394,37.131010101010105,12.060303030303029,38.97969696969697,11.596060606060608,27.384242424242423,15.212323232323234,14.121313131313132,1.1324242424242426,9.464848484848483,29.909191919191915,31.521111111111104,18.565959595959598,37.23232323232323,50.22535353535351,12.060303030303029,17.434646464646466,69.22575757575758,1.7974747474747474,6.656767676767675,0.48646464646464604,2.383939393939393,17.828989898989906,0.13575757575757585,14.121313131313132,2.7367676767676774,82.21252525252527
