placar_casa,placar_visitante,data,round,stage,ano,equipe_casa,equipe_visitante,Pts_casa,3P_casa,2P_casa,LL_casa,RT_casa,RO_casa,RD_casa,AS_casa,ER_casa,IA%_casa,3PC_casa,3PT_casa,3P%_casa,2PC_casa,2PT_casa,2P%_casa,LLC_casa,LLT_casa,LL%_casa,EN_casa,BR_casa,B/E_casa,TO_casa,FC_casa,T/FC_casa,ET_casa,VI_casa,EF_casa,Pts_visitante,3P_visitante,2P_visitante,LL_visitante,RT_visitante,RO_visitante,RD_visitante,AS_visitante,ER_visitante,IA%_visitante,3PC_visitante,3PT_visitante,3P%_visitante,2PC_visitante,2PT_visitante,2P%_visitante,LLC_visitante,LLT_visitante,LL%_visitante,EN_visitante,BR_visitante,B/E_visitante,TO_visitante,FC_visitante,T/FC_visitante,ET_visitante,VI_visitante,EF_visitante
91,97,2013-11-16,2,1,2013-2014,Bauru Basket,Pinheiros,81.64462809917356,35.13223140495868,41.45454545454545,14.03305785123967,31.173553719008265,9.71900826446281,21.454545454545453,14.008264462809917,10.87603305785124,1.4670247933884288,8.71900826446281,22.75206611570248,38.62561983471074,20.727272727272727,39.6198347107438,52.903636363636345,14.03305785123967,19.0,74.20801652892563,1.5041322314049588,6.537190082644628,0.685371900826446,1.7933884297520661,18.173553719008265,0.10330578512396703,10.87603305785124,1.834710743801653,89.0,85.96062992125984,33.68503937007874,40.78740157480315,16.77952755905512,29.95275590551181,7.905511811023622,22.04724409448819,15.590551181102363,12.834645669291339,1.3122047244094488,9.464566929133857,24.58267716535433,38.64677165354329,20.393700787401574,36.43307086614173,56.29291338582676,16.77952755905512,22.456692913385826,74.44448818897635,2.267716535433071,6.984251968503937,0.575511811023622,2.377952755905512,19.84251968503937,0.12527559055118112,12.834645669291339,1.9291338582677164,94.2755905511811
