placar_casa,placar_visitante,data,round,stage,ano,equipe_casa,equipe_visitante,Pts_casa,3P_casa,2P_casa,LL_casa,RT_casa,RO_casa,RD_casa,AS_casa,ER_casa,IA%_casa,3PC_casa,3PT_casa,3P%_casa,2PC_casa,2PT_casa,2P%_casa,LLC_casa,LLT_casa,LL%_casa,EN_casa,BR_casa,B/E_casa,TO_casa,FC_casa,T/FC_casa,ET_casa,VI_casa,EF_casa,Pts_visitante,3P_visitante,2P_visitante,LL_visitante,RT_visitante,RO_visitante,RD_visitante,AS_visitante,ER_visitante,IA%_visitante,3PC_visitante,3PT_visitante,3P%_visitante,2PC_visitante,2PT_visitante,2P%_visitante,LLC_visitante,LLT_visitante,LL%_visitante,EN_visitante,BR_visitante,B/E_visitante,TO_visitante,FC_visitante,T/FC_visitante,ET_visitante,VI_visitante,EF_visitante
68,66,2017-04-16,4,3,2016-2017,VipTech CMB,Vitória,76.25806451612904,27.0,33.483870967741936,15.774193548387096,36.29032258064516,11.096774193548388,25.193548387096776,14.419354838709678,13.935483870967742,1.131935483870968,9.0,26.548387096774192,33.96193548387097,16.741935483870968,36.516129032258064,46.108387096774194,15.774193548387096,21.70967741935484,72.16354838709677,1.032258064516129,7.548387096774194,0.582258064516129,2.3548387096774195,20.741935483870968,0.11870967741935481,13.935483870967742,3.0,79.6774193548387,73.79032258064517,19.93548387096774,38.806451612903224,15.048387096774194,35.645161290322584,10.483870967741936,25.161290322580644,14.419354838709678,15.048387096774194,1.0296774193548386,6.645161290322581,21.741935483870968,30.880806451612898,19.403225806451612,39.95161290322581,48.948548387096785,15.048387096774194,20.70967741935484,72.38403225806452,1.3225806451612903,9.32258064516129,0.6537096774193547,1.6290322580645162,20.983870967741936,0.08177419354838708,15.048387096774194,3.774193548387097,78.40322580645162
