placar_casa,placar_visitante,data,round,stage,ano,equipe_casa,equipe_visitante,Pts_casa,3P_casa,2P_casa,LL_casa,RT_casa,RO_casa,RD_casa,AS_casa,ER_casa,IA%_casa,3PC_casa,3PT_casa,3P%_casa,2PC_casa,2PT_casa,2P%_casa,LLC_casa,LLT_casa,LL%_casa,EN_casa,BR_casa,B/E_casa,TO_casa,FC_casa,T/FC_casa,ET_casa,VI_casa,EF_casa,Pts_visitante,3P_visitante,2P_visitante,LL_visitante,RT_visitante,RO_visitante,RD_visitante,AS_visitante,ER_visitante,IA%_visitante,3PC_visitante,3PT_visitante,3P%_visitante,2PC_visitante,2PT_visitante,2P%_visitante,LLC_visitante,LLT_visitante,LL%_visitante,EN_visitante,BR_visitante,B/E_visitante,TO_visitante,FC_visitante,T/FC_visitante,ET_visitante,VI_visitante,EF_visitante
77,80,2014-02-03,3,2,2013-2014,Macaé Basquete,Pinheiros,79.26315789473684,23.68421052631579,38.73684210526316,16.842105263157894,30.57894736842105,7.2105263157894735,23.36842105263158,14.473684210526315,12.0,1.59,7.894736842105263,21.210526315789473,37.43947368421052,19.36842105263158,37.05263157894737,52.29105263157894,16.842105263157894,21.473684210526315,79.99947368421054,0.9473684210526315,9.263157894736842,1.076842105263158,1.5263157894736843,20.94736842105263,0.07263157894736842,12.0,2.263157894736842,87.47368421052632,86.08391608391608,33.54545454545455,40.78321678321678,16.454545454545453,30.384615384615383,7.93006993006993,22.454545454545453,15.734265734265735,12.776223776223777,1.3294405594405596,9.615384615384615,24.72027972027972,39.01909090909089,20.39160839160839,36.39160839160839,56.31594405594405,16.454545454545453,21.993006993006993,74.52755244755242,2.2867132867132867,7.321678321678322,0.6079720279720279,2.5314685314685317,19.65034965034965,0.135034965034965,12.776223776223777,1.93006993006993,95.37062937062937
