placar_casa,placar_visitante,data,round,stage,ano,equipe_casa,equipe_visitante,Pts_casa,3P_casa,2P_casa,LL_casa,RT_casa,RO_casa,RD_casa,AS_casa,ER_casa,IA%_casa,3PC_casa,3PT_casa,3P%_casa,2PC_casa,2PT_casa,2P%_casa,LLC_casa,LLT_casa,LL%_casa,EN_casa,BR_casa,B/E_casa,TO_casa,FC_casa,T/FC_casa,ET_casa,VI_casa,EF_casa,Pts_visitante,3P_visitante,2P_visitante,LL_visitante,RT_visitante,RO_visitante,RD_visitante,AS_visitante,ER_visitante,IA%_visitante,3PC_visitante,3PT_visitante,3P%_visitante,2PC_visitante,2PT_visitante,2P%_visitante,LLC_visitante,LLT_visitante,LL%_visitante,EN_visitante,BR_visitante,B/E_visitante,TO_visitante,FC_visitante,T/FC_visitante,ET_visitante,VI_visitante,EF_visitante
86,75,2016-12-13,9,1,2016-2017,Brasília,Mogi,84.6,27.4,42.4,14.8,33.6,8.266666666666667,25.333333333333332,20.0,13.6,1.5886666666666664,9.133333333333333,23.466666666666665,38.77733333333333,21.2,38.06666666666667,55.75266666666666,14.8,19.533333333333335,75.37733333333334,1.8666666666666667,6.466666666666667,0.5,2.0,21.4,0.09866666666666667,13.6,2.8,97.13333333333334,78.93333333333334,26.0,37.733333333333334,15.2,36.666666666666664,10.6,26.066666666666666,16.933333333333334,12.266666666666667,1.4379999999999997,8.666666666666666,24.066666666666666,34.71733333333332,18.866666666666667,38.266666666666666,49.902,15.2,19.666666666666668,77.86866666666667,1.9333333333333333,9.733333333333333,0.86,2.2666666666666666,21.4,0.10400000000000001,12.266666666666667,2.3333333333333335,93.0
