placar_casa,placar_visitante,data,round,stage,ano,equipe_casa,equipe_visitante,Pts_casa,3P_casa,2P_casa,LL_casa,RT_casa,RO_casa,RD_casa,AS_casa,ER_casa,IA%_casa,3PC_casa,3PT_casa,3P%_casa,2PC_casa,2PT_casa,2P%_casa,LLC_casa,LLT_casa,LL%_casa,EN_casa,BR_casa,B/E_casa,TO_casa,FC_casa,T/FC_casa,ET_casa,VI_casa,EF_casa,Pts_visitante,3P_visitante,2P_visitante,LL_visitante,RT_visitante,RO_visitante,RD_visitante,AS_visitante,ER_visitante,IA%_visitante,3PC_visitante,3PT_visitante,3P%_visitante,2PC_visitante,2PT_visitante,2P%_visitante,LLC_visitante,LLT_visitante,LL%_visitante,EN_visitante,BR_visitante,B/E_visitante,TO_visitante,FC_visitante,T/FC_visitante,ET_visitante,VI_visitante,EF_visitante
97,83,2012-02-23,7,2,2011-2012,Flamengo,Joinville,92.06666666666666,29.8,48.266666666666666,14.0,31.466666666666665,6.133333333333334,25.333333333333332,17.133333333333333,11.733333333333333,1.616,9.933333333333334,22.0,43.71333333333334,24.133333333333333,38.6,62.38399999999999,14.0,18.466666666666665,74.478,1.6666666666666667,7.4,0.686,1.3333333333333333,18.866666666666667,0.078,11.733333333333333,2.6,106.66666666666667,73.8,19.6,38.13333333333333,16.066666666666666,29.066666666666666,9.533333333333333,19.533333333333335,10.733333333333333,12.266666666666667,1.026,6.533333333333333,19.666666666666668,33.693333333333335,19.066666666666666,39.86666666666667,48.16866666666666,16.066666666666666,22.4,72.98666666666668,1.2,6.933333333333334,0.6626666666666667,1.8,21.8,0.08600000000000002,12.266666666666667,2.6666666666666665,69.8
