placar_casa,placar_visitante,data,round,stage,ano,equipe_casa,equipe_visitante,Pts_casa,3P_casa,2P_casa,LL_casa,RT_casa,RO_casa,RD_casa,AS_casa,ER_casa,IA%_casa,3PC_casa,3PT_casa,3P%_casa,2PC_casa,2PT_casa,2P%_casa,LLC_casa,LLT_casa,LL%_casa,EN_casa,BR_casa,B/E_casa,TO_casa,FC_casa,T/FC_casa,ET_casa,VI_casa,EF_casa,Pts_visitante,3P_visitante,2P_visitante,LL_visitante,RT_visitante,RO_visitante,RD_visitante,AS_visitante,ER_visitante,IA%_visitante,3PC_visitante,3PT_visitante,3P%_visitante,2PC_visitante,2PT_visitante,2P%_visitante,LLC_visitante,LLT_visitante,LL%_visitante,EN_visitante,BR_visitante,B/E_visitante,TO_visitante,FC_visitante,T/FC_visitante,ET_visitante,VI_visitante,EF_visitante
90,107,2011-12-03,6,1,2011-2012,Araraquara,Paulistano,84.26666666666667,22.8,44.93333333333333,16.533333333333335,29.8,8.266666666666667,21.533333333333335,15.0,13.266666666666667,1.1646666666666665,7.6,21.333333333333332,35.45333333333333,22.466666666666665,40.266666666666666,55.778666666666666,16.533333333333335,21.666666666666668,75.80466666666666,1.6666666666666667,7.4,0.582,2.2,22.4,0.10466666666666667,13.266666666666667,2.066666666666667,88.73333333333333,84.06666666666666,23.8,45.333333333333336,14.933333333333334,30.933333333333334,10.4,20.533333333333335,13.533333333333333,14.133333333333333,1.0733333333333335,7.933333333333334,23.133333333333333,34.72133333333333,22.666666666666668,41.06666666666667,55.120666666666665,14.933333333333334,19.8,75.23266666666667,1.6,8.666666666666666,0.6513333333333334,1.8666666666666667,21.866666666666667,0.08600000000000001,14.133333333333333,2.4,86.46666666666667
