placar_casa,placar_visitante,data,round,stage,ano,equipe_casa,equipe_visitante,Pts_casa,3P_casa,2P_casa,LL_casa,RT_casa,RO_casa,RD_casa,AS_casa,ER_casa,IA%_casa,3PC_casa,3PT_casa,3P%_casa,2PC_casa,2PT_casa,2P%_casa,LLC_casa,LLT_casa,LL%_casa,EN_casa,BR_casa,B/E_casa,TO_casa,FC_casa,T/FC_casa,ET_casa,VI_casa,EF_casa,Pts_visitante,3P_visitante,2P_visitante,LL_visitante,RT_visitante,RO_visitante,RD_visitante,AS_visitante,ER_visitante,IA%_visitante,3PC_visitante,3PT_visitante,3P%_visitante,2PC_visitante,2PT_visitante,2P%_visitante,LLC_visitante,LLT_visitante,LL%_visitante,EN_visitante,BR_visitante,B/E_visitante,TO_visitante,FC_visitante,T/FC_visitante,ET_visitante,VI_visitante,EF_visitante
88,106,2012-03-17,12,2,2011-2012,Araraquara,Joinville,78.46666666666667,19.2,44.93333333333333,14.333333333333334,24.066666666666666,5.533333333333333,18.533333333333335,15.0,13.333333333333334,1.1493333333333335,6.4,18.133333333333333,35.58266666666667,22.466666666666665,42.06666666666667,53.98,14.333333333333334,18.4,76.16933333333333,1.0666666666666667,7.466666666666667,0.5713333333333334,2.066666666666667,21.733333333333334,0.09666666666666668,13.333333333333334,3.0,80.4,76.53333333333333,16.8,42.13333333333333,17.6,28.266666666666666,8.8,19.466666666666665,11.0,11.4,1.142,5.6,17.933333333333334,31.314666666666664,21.066666666666666,41.4,50.60133333333333,17.6,24.133333333333333,74.01133333333333,1.7333333333333334,7.066666666666666,0.716,1.5333333333333334,23.066666666666666,0.06866666666666667,11.4,2.8,76.4
