placar_casa,placar_visitante,data,round,stage,ano,equipe_casa,equipe_visitante,Pts_casa,3P_casa,2P_casa,LL_casa,RT_casa,RO_casa,RD_casa,AS_casa,ER_casa,IA%_casa,3PC_casa,3PT_casa,3P%_casa,2PC_casa,2PT_casa,2P%_casa,LLC_casa,LLT_casa,LL%_casa,EN_casa,BR_casa,B/E_casa,TO_casa,FC_casa,T/FC_casa,ET_casa,VI_casa,EF_casa,Pts_visitante,3P_visitante,2P_visitante,LL_visitante,RT_visitante,RO_visitante,RD_visitante,AS_visitante,ER_visitante,IA%_visitante,3PC_visitante,3PT_visitante,3P%_visitante,2PC_visitante,2PT_visitante,2P%_visitante,LLC_visitante,LLT_visitante,LL%_visitante,EN_visitante,BR_visitante,B/E_visitante,TO_visitante,FC_visitante,T/FC_visitante,ET_visitante,VI_visitante,EF_visitante
87,78,2011-12-13,1,1,2011-2012,Coop/São José Basketball,Brasília,84.93333333333334,32.0,36.0,16.933333333333334,28.533333333333335,8.2,20.333333333333332,19.533333333333335,12.466666666666667,1.616,10.666666666666666,27.533333333333335,38.853333333333346,18.0,33.2,54.442,16.933333333333334,21.133333333333333,79.436,1.2,6.933333333333334,0.5700000000000001,2.6666666666666665,18.8,0.1486666666666667,12.466666666666667,2.1333333333333333,93.86666666666666,89.0,23.4,49.2,16.4,32.46666666666667,8.866666666666667,23.6,16.333333333333332,12.4,1.4780000000000002,7.8,23.133333333333333,33.07333333333334,24.6,39.333333333333336,62.55066666666666,16.4,20.333333333333332,79.78466666666667,1.8,8.066666666666666,0.794,3.0,19.4,0.16,12.4,2.6,102.46666666666667
