placar_casa,placar_visitante,data,round,stage,ano,equipe_casa,equipe_visitante,Pts_casa,3P_casa,2P_casa,LL_casa,RT_casa,RO_casa,RD_casa,AS_casa,ER_casa,IA%_casa,3PC_casa,3PT_casa,3P%_casa,2PC_casa,2PT_casa,2P%_casa,LLC_casa,LLT_casa,LL%_casa,EN_casa,BR_casa,B/E_casa,TO_casa,FC_casa,T/FC_casa,ET_casa,VI_casa,EF_casa,Pts_visitante,3P_visitante,2P_visitante,LL_visitante,RT_visitante,RO_visitante,RD_visitante,AS_visitante,ER_visitante,IA%_visitante,3PC_visitante,3PT_visitante,3P%_visitante,2PC_visitante,2PT_visitante,2P%_visitante,LLC_visitante,LLT_visitante,LL%_visitante,EN_visitante,BR_visitante,B/E_visitante,TO_visitante,FC_visitante,T/FC_visitante,ET_visitante,VI_visitante,EF_visitante
85,70,2011-11-24,3,1,2011-2012,Bauru Basket,Joinville,87.26666666666667,28.8,43.86666666666667,14.6,29.466666666666665,9.333333333333334,20.133333333333333,14.2,10.4,1.4200000000000002,9.6,22.866666666666667,42.452666666666666,21.933333333333334,40.46666666666667,54.758666666666656,14.6,19.333333333333332,75.55799999999999,1.4666666666666666,5.866666666666666,0.62,1.8,17.733333333333334,0.09600000000000002,10.4,2.3333333333333335,91.66666666666667,76.66666666666667,25.0,36.4,15.266666666666667,31.0,9.133333333333333,21.866666666666667,12.0,13.733333333333333,0.9120000000000003,8.333333333333334,24.466666666666665,34.03133333333333,18.2,37.733333333333334,48.52666666666666,15.266666666666667,21.866666666666667,67.95466666666667,1.4666666666666666,6.933333333333334,0.5473333333333333,1.9333333333333333,19.933333333333334,0.09666666666666666,13.733333333333333,2.3333333333333335,72.53333333333333
