placar_casa,placar_visitante,data,round,stage,ano,equipe_casa,equipe_visitante,Pts_casa,3P_casa,2P_casa,LL_casa,RT_casa,RO_casa,RD_casa,AS_casa,ER_casa,IA%_casa,3PC_casa,3PT_casa,3P%_casa,2PC_casa,2PT_casa,2P%_casa,LLC_casa,LLT_casa,LL%_casa,EN_casa,BR_casa,B/E_casa,TO_casa,FC_casa,T/FC_casa,ET_casa,VI_casa,EF_casa,Pts_visitante,3P_visitante,2P_visitante,LL_visitante,RT_visitante,RO_visitante,RD_visitante,AS_visitante,ER_visitante,IA%_visitante,3PC_visitante,3PT_visitante,3P%_visitante,2PC_visitante,2PT_visitante,2P%_visitante,LLC_visitante,LLT_visitante,LL%_visitante,EN_visitante,BR_visitante,B/E_visitante,TO_visitante,FC_visitante,T/FC_visitante,ET_visitante,VI_visitante,EF_visitante
76,72,2011-12-03,6,1,2011-2012,Joinville,Espírito Santo,74.53333333333333,24.0,37.06666666666667,13.466666666666667,28.666666666666668,8.6,20.066666666666666,12.0,14.8,0.8793333333333334,8.0,24.066666666666666,33.126000000000005,18.533333333333335,37.46666666666667,50.06266666666668,13.466666666666667,19.4,69.494,1.4666666666666666,7.2,0.546,1.8666666666666667,20.2,0.09200000000000001,14.8,2.6,68.53333333333333,69.4,21.8,34.0,13.6,28.666666666666668,9.666666666666666,19.0,9.0,14.0,0.6686666666666666,7.266666666666667,22.466666666666665,31.888666666666662,17.0,35.2,48.58866666666667,13.6,20.266666666666666,68.80266666666667,1.4666666666666666,7.0,0.528,1.3333333333333333,19.333333333333332,0.07466666666666667,14.0,3.6,61.333333333333336
