placar_casa,placar_visitante,data,round,stage,ano,equipe_casa,equipe_visitante,Pts_casa,3P_casa,2P_casa,LL_casa,RT_casa,RO_casa,RD_casa,AS_casa,ER_casa,IA%_casa,3PC_casa,3PT_casa,3P%_casa,2PC_casa,2PT_casa,2P%_casa,LLC_casa,LLT_casa,LL%_casa,EN_casa,BR_casa,B/E_casa,TO_casa,FC_casa,T/FC_casa,ET_casa,VI_casa,EF_casa,Pts_visitante,3P_visitante,2P_visitante,LL_visitante,RT_visitante,RO_visitante,RD_visitante,AS_visitante,ER_visitante,IA%_visitante,3PC_visitante,3PT_visitante,3P%_visitante,2PC_visitante,2PT_visitante,2P%_visitante,LLC_visitante,LLT_visitante,LL%_visitante,EN_visitante,BR_visitante,B/E_visitante,TO_visitante,FC_visitante,T/FC_visitante,ET_visitante,VI_visitante,EF_visitante
99,91,2012-03-01,9,2,2011-2012,L. Sorocabana,Araraquara,71.22222222222223,24.0,31.11111111111111,16.11111111111111,29.88888888888889,10.444444444444445,19.444444444444443,7.888888888888889,13.88888888888889,0.5688888888888888,8.0,22.88888888888889,35.53666666666666,15.555555555555555,34.0,45.33333333333333,16.11111111111111,21.666666666666668,74.47777777777777,0.5555555555555556,7.222222222222222,0.5322222222222223,0.8888888888888888,20.22222222222222,0.04666666666666666,13.88888888888889,2.7777777777777777,65.22222222222223,77.8,19.5,44.2,14.1,24.2,5.6,18.6,14.4,13.5,1.093,6.5,18.7,33.889,22.1,42.1,52.794999999999995,14.1,18.9,74.406,0.8,6.8,0.5110000000000001,2.2,22.3,0.095,13.5,2.6,75.8
