placar_casa,placar_visitante,data,round,stage,ano,equipe_casa,equipe_visitante,Pts_casa,3P_casa,2P_casa,LL_casa,RT_casa,RO_casa,RD_casa,AS_casa,ER_casa,IA%_casa,3PC_casa,3PT_casa,3P%_casa,2PC_casa,2PT_casa,2P%_casa,LLC_casa,LLT_casa,LL%_casa,EN_casa,BR_casa,B/E_casa,TO_casa,FC_casa,T/FC_casa,ET_casa,VI_casa,EF_casa,Pts_visitante,3P_visitante,2P_visitante,LL_visitante,RT_visitante,RO_visitante,RD_visitante,AS_visitante,ER_visitante,IA%_visitante,3PC_visitante,3PT_visitante,3P%_visitante,2PC_visitante,2PT_visitante,2P%_visitante,LLC_visitante,LLT_visitante,LL%_visitante,EN_visitante,BR_visitante,B/E_visitante,TO_visitante,FC_visitante,T/FC_visitante,ET_visitante,VI_visitante,EF_visitante
85,67,2012-02-23,7,2,2011-2012,Pinheiros,Espírito Santo,88.4,26.4,45.06666666666667,16.933333333333334,29.866666666666667,8.533333333333333,21.333333333333332,16.2,12.6,1.357333333333333,8.8,22.066666666666666,39.44799999999999,22.533333333333335,39.733333333333334,56.44799999999999,16.933333333333334,22.4,74.33933333333333,2.933333333333333,8.866666666666667,0.7506666666666667,3.1333333333333333,18.2,0.17400000000000002,12.6,3.2,98.53333333333333,65.33333333333333,21.4,30.4,13.533333333333333,26.333333333333332,8.533333333333333,17.8,8.466666666666667,15.266666666666667,0.608,7.133333333333334,21.333333333333332,32.11866666666667,15.2,33.8,45.785333333333334,13.533333333333333,19.333333333333332,71.09666666666666,1.2666666666666666,6.8,0.48533333333333334,1.6666666666666667,21.666666666666668,0.07866666666666668,15.266666666666667,3.933333333333333,54.733333333333334
