placar_casa,placar_visitante,data,round,stage,ano,equipe_casa,equipe_visitante,Pts_casa,3P_casa,2P_casa,LL_casa,RT_casa,RO_casa,RD_casa,AS_casa,ER_casa,IA%_casa,3PC_casa,3PT_casa,3P%_casa,2PC_casa,2PT_casa,2P%_casa,LLC_casa,LLT_casa,LL%_casa,EN_casa,BR_casa,B/E_casa,TO_casa,FC_casa,T/FC_casa,ET_casa,VI_casa,EF_casa,Pts_visitante,3P_visitante,2P_visitante,LL_visitante,RT_visitante,RO_visitante,RD_visitante,AS_visitante,ER_visitante,IA%_visitante,3PC_visitante,3PT_visitante,3P%_visitante,2PC_visitante,2PT_visitante,2P%_visitante,LLC_visitante,LLT_visitante,LL%_visitante,EN_visitante,BR_visitante,B/E_visitante,TO_visitante,FC_visitante,T/FC_visitante,ET_visitante,VI_visitante,EF_visitante
92,86,2021-01-04,9,1,2020-2021,VipTech CMB,Mogi,75.66799999999999,30.6,33.468,11.6,38.599333333333334,12.666666666666668,25.93466666666667,17.333333333333332,14.00133333333333,1.3166666666666667,10.200000000000001,29.666,34.699333333333335,16.731999999999996,35.60066666666667,46.38066666666668,11.6,17.733999999999998,64.92200000000001,1.0666666666666667,5.865333333333333,0.43666666666666665,2.0000000000000004,20.134666666666668,0.09933333333333336,14.00133333333333,2.466666666666667,81.0,79.53333333333333,30.2,36.0,13.333333333333334,36.0,10.2,25.8,19.066666666666666,14.066666666666666,1.4860000000000004,10.066666666666666,28.0,35.994,18.0,35.93333333333333,50.39600000000001,13.333333333333334,18.133333333333333,75.07600000000001,1.2666666666666666,7.066666666666666,0.5386666666666666,2.3333333333333335,20.533333333333335,0.11933333333333333,14.066666666666666,2.3333333333333335,89.26666666666667
