placar_casa,placar_visitante,data,round,stage,ano,equipe_casa,equipe_visitante,Pts_casa,3P_casa,2P_casa,LL_casa,RT_casa,RO_casa,RD_casa,AS_casa,ER_casa,IA%_casa,3PC_casa,3PT_casa,3P%_casa,2PC_casa,2PT_casa,2P%_casa,LLC_casa,LLT_casa,LL%_casa,EN_casa,BR_casa,B/E_casa,TO_casa,FC_casa,T/FC_casa,ET_casa,VI_casa,EF_casa,Pts_visitante,3P_visitante,2P_visitante,LL_visitante,RT_visitante,RO_visitante,RD_visitante,AS_visitante,ER_visitante,IA%_visitante,3PC_visitante,3PT_visitante,3P%_visitante,2PC_visitante,2PT_visitante,2P%_visitante,LLC_visitante,LLT_visitante,LL%_visitante,EN_visitante,BR_visitante,B/E_visitante,TO_visitante,FC_visitante,T/FC_visitante,ET_visitante,VI_visitante,EF_visitante
97,77,2020-12-06,4,1,2020-2021,Minas,Cerrado,87.434,27.3,44.667,15.464999999999998,38.3,9.099,29.201,19.165999999999997,13.665000000000001,1.4,9.1,24.535000000000004,37.05200000000001,22.333000000000006,39.733,56.19599999999999,15.464999999999998,20.266999999999996,74.934,2.099,7.233,0.5290000000000001,2.1659999999999995,21.835,0.1,13.665000000000001,2.6659999999999995,103.0,72.52428571428571,23.571428571428573,35.42714285714286,13.521428571428572,35.378571428571426,11.047142857142857,24.33428571428572,14.144285714285713,12.715714285714284,1.1385714285714286,7.8585714285714285,25.191428571428577,31.192857142857147,17.715714285714288,36.33285714285715,48.762857142857136,13.521428571428572,17.95285714285714,75.58571428571429,0.9985714285714286,6.667142857142856,0.5357142857142858,1.8585714285714285,20.050000000000004,0.09428571428571429,12.715714285714284,1.95,77.47714285714287
