placar_casa,placar_visitante,data,round,stage,ano,equipe_casa,equipe_visitante,Pts_casa,3P_casa,2P_casa,LL_casa,RT_casa,RO_casa,RD_casa,AS_casa,ER_casa,IA%_casa,3PC_casa,3PT_casa,3P%_casa,2PC_casa,2PT_casa,2P%_casa,LLC_casa,LLT_casa,LL%_casa,EN_casa,BR_casa,B/E_casa,TO_casa,FC_casa,T/FC_casa,ET_casa,VI_casa,EF_casa,Pts_visitante,3P_visitante,2P_visitante,LL_visitante,RT_visitante,RO_visitante,RD_visitante,AS_visitante,ER_visitante,IA%_visitante,3PC_visitante,3PT_visitante,3P%_visitante,2PC_visitante,2PT_visitante,2P%_visitante,LLC_visitante,LLT_visitante,LL%_visitante,EN_visitante,BR_visitante,B/E_visitante,TO_visitante,FC_visitante,T/FC_visitante,ET_visitante,VI_visitante,EF_visitante
89,109,2020-12-13,5,1,2020-2021,Caxias do Sul Basquete,São Paulo,67.752,19.95,34.201,13.600999999999999,33.3,10.551,22.749000000000002,12.352,13.749,0.9009999999999998,6.652000000000001,23.299,28.386000000000003,17.099,36.300000000000004,46.997,13.600999999999999,20.598999999999997,65.238,1.049,6.3,0.46299999999999997,1.8500000000000003,21.947999999999997,0.09500000000000001,13.749,2.2,64.95,98.13499999999999,41.9,41.467,14.766000000000002,39.6,9.633,29.967000000000002,20.7,10.833,1.9449999999999998,13.967000000000002,32.433,42.797999999999995,20.733000000000004,35.666,57.947,14.766000000000002,19.464999999999996,76.463,3.8,7.664999999999999,0.758,2.9330000000000007,16.034,0.18600000000000003,10.833,2.1350000000000002,120.09900000000002
