placar_casa,placar_visitante,data,round,stage,ano,equipe_casa,equipe_visitante,Pts_casa,3P_casa,2P_casa,LL_casa,RT_casa,RO_casa,RD_casa,AS_casa,ER_casa,IA%_casa,3PC_casa,3PT_casa,3P%_casa,2PC_casa,2PT_casa,2P%_casa,LLC_casa,LLT_casa,LL%_casa,EN_casa,BR_casa,B/E_casa,TO_casa,FC_casa,T/FC_casa,ET_casa,VI_casa,EF_casa,Pts_visitante,3P_visitante,2P_visitante,LL_visitante,RT_visitante,RO_visitante,RD_visitante,AS_visitante,ER_visitante,IA%_visitante,3PC_visitante,3PT_visitante,3P%_visitante,2PC_visitante,2PT_visitante,2P%_visitante,LLC_visitante,LLT_visitante,LL%_visitante,EN_visitante,BR_visitante,B/E_visitante,TO_visitante,FC_visitante,T/FC_visitante,ET_visitante,VI_visitante,EF_visitante
64,86,2020-12-03,4,1,2020-2021,Pato Basquete,Sesi Franca,74.06666666666666,20.2,39.06666666666667,14.8,34.934,11.466666666666667,23.467333333333336,17.199333333333335,12.199333333333335,1.4400000000000002,6.734,22.133333333333333,30.50466666666667,19.533333333333335,43.00066666666666,45.04066666666667,14.8,19.866666666666667,74.548,1.0666666666666667,6.3340000000000005,0.5326666666666667,1.6673333333333338,22.2,0.07600000000000003,12.199333333333335,2.5340000000000003,78.06666666666666,88.33266666666667,32.8,39.733333333333334,15.799333333333333,34.668,8.533999999999999,26.134,19.865333333333332,12.46733333333333,1.6320000000000003,10.932666666666668,26.73466666666667,40.778,19.866666666666667,35.93266666666667,55.42133333333334,15.799333333333333,18.333333333333332,86.9413333333333,1.7986666666666664,6.801333333333333,0.5560000000000002,2.4659999999999997,18.468000000000004,0.14,12.46733333333333,1.733333333333333,105.26599999999999
