placar_casa,placar_visitante,data,round,stage,ano,equipe_casa,equipe_visitante,Pts_casa,3P_casa,2P_casa,LL_casa,RT_casa,RO_casa,RD_casa,AS_casa,ER_casa,IA%_casa,3PC_casa,3PT_casa,3P%_casa,2PC_casa,2PT_casa,2P%_casa,LLC_casa,LLT_casa,LL%_casa,EN_casa,BR_casa,B/E_casa,TO_casa,FC_casa,T/FC_casa,ET_casa,VI_casa,EF_casa,Pts_visitante,3P_visitante,2P_visitante,LL_visitante,RT_visitante,RO_visitante,RD_visitante,AS_visitante,ER_visitante,IA%_visitante,3PC_visitante,3PT_visitante,3P%_visitante,2PC_visitante,2PT_visitante,2P%_visitante,LLC_visitante,LLT_visitante,LL%_visitante,EN_visitante,BR_visitante,B/E_visitante,TO_visitante,FC_visitante,T/FC_visitante,ET_visitante,VI_visitante,EF_visitante
78,64,2020-12-30,8,1,2020-2021,São Paulo,Paulistano,93.20133333333334,37.6,40.0,15.599333333333334,37.1,8.7,28.399999999999995,18.666666666666668,10.8,1.7860000000000003,12.533333333333333,30.200000000000003,41.28533333333333,20.000000000000004,35.032666666666664,56.856,15.599333333333334,19.498666666666665,80.82333333333332,2.966666666666667,7.565333333333332,0.7333333333333332,2.7000000000000006,16.433999999999997,0.1666666666666667,10.8,2.134666666666667,111.83266666666667,80.43399999999998,28.9,38.88866666666666,12.643333333333336,40.37866666666667,12.644666666666664,27.731999999999992,17.60066666666667,13.299333333333335,1.4486666666666668,9.634666666666668,28.84466666666667,33.57933333333333,19.444666666666663,38.18933333333334,51.20533333333334,12.643333333333336,16.566000000000003,76.214,2.1113333333333335,5.998666666666666,0.47199999999999986,1.9340000000000004,18.89866666666666,0.10266666666666667,13.299333333333335,2.433333333333333,91.16666666666669
