placar_casa,placar_visitante,data,round,stage,ano,equipe_casa,equipe_visitante,Pts_casa,3P_casa,2P_casa,LL_casa,RT_casa,RO_casa,RD_casa,AS_casa,ER_casa,IA%_casa,3PC_casa,3PT_casa,3P%_casa,2PC_casa,2PT_casa,2P%_casa,LLC_casa,LLT_casa,LL%_casa,EN_casa,BR_casa,B/E_casa,TO_casa,FC_casa,T/FC_casa,ET_casa,VI_casa,EF_casa,Pts_visitante,3P_visitante,2P_visitante,LL_visitante,RT_visitante,RO_visitante,RD_visitante,AS_visitante,ER_visitante,IA%_visitante,3PC_visitante,3PT_visitante,3P%_visitante,2PC_visitante,2PT_visitante,2P%_visitante,LLC_visitante,LLT_visitante,LL%_visitante,EN_visitante,BR_visitante,B/E_visitante,TO_visitante,FC_visitante,T/FC_visitante,ET_visitante,VI_visitante,EF_visitante
94,82,2020-11-19,2,1,2020-2021,Sesi Franca,Mogi,87.09933333333333,31.9,39.13333333333333,16.066,34.54533333333334,8.078,26.467333333333332,19.788,12.211333333333332,1.6593333333333333,10.632666666666667,26.778666666666666,39.522666666666666,19.566666666666666,34.855333333333334,56.56133333333334,16.066,18.766666666666666,86.49399999999999,1.8880000000000001,6.612,0.5506666666666666,2.322,19.17866666666667,0.12666666666666668,12.211333333333332,1.589333333333333,103.98866666666666,83.16733333333332,31.0,37.934,14.233333333333333,34.46666666666667,9.499333333333334,24.967333333333336,17.6,15.466666666666667,1.1866666666666665,10.333333333333334,27.39933333333333,37.91933333333334,18.966,36.10066666666667,52.50266666666667,14.233333333333333,19.034,75.52533333333334,1.066,7.366,0.492,2.2333333333333334,20.4,0.1146666666666667,15.466666666666667,1.9006666666666665,90.36733333333332
