placar_casa,placar_visitante,data,round,stage,ano,equipe_casa,equipe_visitante,Pts_casa,3P_casa,2P_casa,LL_casa,RT_casa,RO_casa,RD_casa,AS_casa,ER_casa,IA%_casa,3PC_casa,3PT_casa,3P%_casa,2PC_casa,2PT_casa,2P%_casa,LLC_casa,LLT_casa,LL%_casa,EN_casa,BR_casa,B/E_casa,TO_casa,FC_casa,T/FC_casa,ET_casa,VI_casa,EF_casa,Pts_visitante,3P_visitante,2P_visitante,LL_visitante,RT_visitante,RO_visitante,RD_visitante,AS_visitante,ER_visitante,IA%_visitante,3PC_visitante,3PT_visitante,3P%_visitante,2PC_visitante,2PT_visitante,2P%_visitante,LLC_visitante,LLT_visitante,LL%_visitante,EN_visitante,BR_visitante,B/E_visitante,TO_visitante,FC_visitante,T/FC_visitante,ET_visitante,VI_visitante,EF_visitante
77,76,2021-01-31,1,2,2020-2021,Cerrado,Pato Basquete,76.33399999999999,24.2,39.266,12.868,38.532,11.634,26.902000000000008,16.4,14.065999999999999,1.1919999999999997,8.065999999999999,22.802000000000003,35.448,19.634000000000004,40.134,48.834,12.868,19.868000000000006,63.85700000000001,1.466,7.034000000000001,0.48600000000000004,2.1659999999999995,20.602000000000004,0.10399999999999998,14.065999999999999,2.4989999999999997,84.16600000000001,78.63499999999999,24.0,38.801,15.834000000000003,38.86399999999999,11.566999999999998,27.299999999999994,15.633999999999997,14.531999999999996,1.077,7.999,23.067,34.797999999999995,19.399,41.199,47.00600000000001,15.834000000000003,22.433,71.04899999999999,1.3,8.132000000000001,0.5710000000000001,2.466,20.565999999999995,0.12800000000000003,14.531999999999996,2.933,85.73499999999999
