placar_casa,placar_visitante,data,round,stage,ano,equipe_casa,equipe_visitante,Pts_casa,3P_casa,2P_casa,LL_casa,RT_casa,RO_casa,RD_casa,AS_casa,ER_casa,IA%_casa,3PC_casa,3PT_casa,3P%_casa,2PC_casa,2PT_casa,2P%_casa,LLC_casa,LLT_casa,LL%_casa,EN_casa,BR_casa,B/E_casa,TO_casa,FC_casa,T/FC_casa,ET_casa,VI_casa,EF_casa,Pts_visitante,3P_visitante,2P_visitante,LL_visitante,RT_visitante,RO_visitante,RD_visitante,AS_visitante,ER_visitante,IA%_visitante,3PC_visitante,3PT_visitante,3P%_visitante,2PC_visitante,2PT_visitante,2P%_visitante,LLC_visitante,LLT_visitante,LL%_visitante,EN_visitante,BR_visitante,B/E_visitante,TO_visitante,FC_visitante,T/FC_visitante,ET_visitante,VI_visitante,EF_visitante
107,61,2020-11-14,1,1,2020-2021,São Paulo,Corinthians,90.91066666666666,36.0,38.0,16.910666666666668,42.089333333333336,12.2,29.889333333333337,18.77733333333333,12.222666666666667,1.5793333333333335,12.0,32.37733333333333,36.91866666666667,19.0,33.82266666666667,56.236000000000004,16.910666666666668,22.510666666666665,75.318,2.6439999999999997,4.956,0.4073333333333334,2.444,18.133333333333333,0.13533333333333333,12.222666666666667,2.2666666666666666,106.08933333333334,80.6,28.2,37.2,15.2,35.8,10.433333333333334,25.366666666666667,16.8,11.8,1.4626666666666668,9.4,26.866666666666667,34.91266666666666,18.6,37.4,49.94466666666667,15.2,19.666666666666668,77.11266666666667,1.3333333333333333,7.333333333333333,0.6586666666666666,1.8333333333333333,22.966666666666665,0.08266666666666668,11.8,1.7333333333333334,89.76666666666667
