placar_casa,placar_visitante,data,round,stage,ano,equipe_casa,equipe_visitante,Pts_casa,3P_casa,2P_casa,LL_casa,RT_casa,RO_casa,RD_casa,AS_casa,ER_casa,IA%_casa,3PC_casa,3PT_casa,3P%_casa,2PC_casa,2PT_casa,2P%_casa,LLC_casa,LLT_casa,LL%_casa,EN_casa,BR_casa,B/E_casa,TO_casa,FC_casa,T/FC_casa,ET_casa,VI_casa,EF_casa,Pts_visitante,3P_visitante,2P_visitante,LL_visitante,RT_visitante,RO_visitante,RD_visitante,AS_visitante,ER_visitante,IA%_visitante,3PC_visitante,3PT_visitante,3P%_visitante,2PC_visitante,2PT_visitante,2P%_visitante,LLC_visitante,LLT_visitante,LL%_visitante,EN_visitante,BR_visitante,B/E_visitante,TO_visitante,FC_visitante,T/FC_visitante,ET_visitante,VI_visitante,EF_visitante
87,92,2021-01-10,9,1,2020-2021,Caxias do Sul Basquete,Mogi,72.03466666666667,21.5,36.867333333333335,13.667333333333334,34.0,10.367333333333333,23.63266666666667,13.434666666666667,14.099333333333334,0.9533333333333331,7.168000000000001,24.232666666666667,29.232666666666667,18.432666666666666,36.233333333333334,50.84066666666667,13.667333333333334,20.032666666666664,67.79733333333334,1.1326666666666667,6.2,0.4433333333333333,1.5333333333333337,22.46533333333333,0.07666666666666669,14.099333333333334,2.8,71.86666666666666,80.06666666666666,29.7,36.7,13.666666666666666,37.3,9.833333333333334,27.466666666666665,19.483333333333334,14.483333333333333,1.4726666666666668,9.9,27.766666666666666,35.66866666666667,18.35,36.18333333333333,50.900000000000006,13.666666666666666,18.216666666666665,76.49866666666667,1.0,6.616666666666666,0.48266666666666663,2.6166666666666667,20.683333333333334,0.13199999999999998,14.483333333333333,2.3666666666666667,91.35
