placar_casa,placar_visitante,data,round,stage,ano,equipe_casa,equipe_visitante,Pts_casa,3P_casa,2P_casa,LL_casa,RT_casa,RO_casa,RD_casa,AS_casa,ER_casa,IA%_casa,3PC_casa,3PT_casa,3P%_casa,2PC_casa,2PT_casa,2P%_casa,LLC_casa,LLT_casa,LL%_casa,EN_casa,BR_casa,B/E_casa,TO_casa,FC_casa,T/FC_casa,ET_casa,VI_casa,EF_casa,Pts_visitante,3P_visitante,2P_visitante,LL_visitante,RT_visitante,RO_visitante,RD_visitante,AS_visitante,ER_visitante,IA%_visitante,3PC_visitante,3PT_visitante,3P%_visitante,2PC_visitante,2PT_visitante,2P%_visitante,LLC_visitante,LLT_visitante,LL%_visitante,EN_visitante,BR_visitante,B/E_visitante,TO_visitante,FC_visitante,T/FC_visitante,ET_visitante,VI_visitante,EF_visitante
75,112,2020-11-17,2,1,2020-2021,Mogi,São Paulo,83.06733333333332,30.1,38.20066666666666,14.766666666666667,34.93333333333333,9.432666666666668,25.50066666666667,17.1,15.2,1.1713333333333331,10.033333333333333,26.79933333333333,37.57866666666667,19.099333333333334,36.333999999999996,52.549333333333344,14.766666666666667,20.034,74.03999999999999,1.066,7.366,0.49933333333333335,2.2,20.166666666666668,0.11333333333333334,15.2,1.9006666666666665,90.13399999999999,92.28866666666666,36.8,38.8,16.688666666666666,42.04466666666667,11.933333333333334,30.111333333333334,19.022,12.311333333333334,1.5839999999999999,12.266666666666667,32.355333333333334,37.75066666666667,19.4,33.644666666666666,57.815333333333335,16.688666666666666,22.088666666666665,75.85933333333331,2.822,5.311333333333334,0.4393333333333333,2.555333333333333,18.2,0.142,12.311333333333334,2.2,109.11133333333333
