placar_casa,placar_visitante,data,round,stage,ano,equipe_casa,equipe_visitante,Pts_casa,3P_casa,2P_casa,LL_casa,RT_casa,RO_casa,RD_casa,AS_casa,ER_casa,IA%_casa,3PC_casa,3PT_casa,3P%_casa,2PC_casa,2PT_casa,2P%_casa,LLC_casa,LLT_casa,LL%_casa,EN_casa,BR_casa,B/E_casa,TO_casa,FC_casa,T/FC_casa,ET_casa,VI_casa,EF_casa,Pts_visitante,3P_visitante,2P_visitante,LL_visitante,RT_visitante,RO_visitante,RD_visitante,AS_visitante,ER_visitante,IA%_visitante,3PC_visitante,3PT_visitante,3P%_visitante,2PC_visitante,2PT_visitante,2P%_visitante,LLC_visitante,LLT_visitante,LL%_visitante,EN_visitante,BR_visitante,B/E_visitante,TO_visitante,FC_visitante,T/FC_visitante,ET_visitante,VI_visitante,EF_visitante
78,63,2020-11-20,2,1,2020-2021,Flamengo,VipTech CMB,88.19933333333334,33.4,37.467333333333336,17.331999999999997,39.467333333333336,11.132666666666667,28.332666666666665,21.334000000000003,11.933333333333335,1.8546666666666667,11.133999999999997,31.2,35.93666666666666,18.732666666666663,34.26800000000001,54.713999999999984,17.331999999999997,23.39933333333333,74.58133333333333,1.3999999999999995,7.268000000000001,0.6333333333333333,2.3340000000000005,18.066666666666663,0.12666666666666665,11.933333333333335,1.7326666666666668,104.99866666666667,71.16733333333332,25.4,30.800666666666668,14.966666666666667,37.032666666666664,11.733999999999998,25.300666666666668,14.366666666666667,15.06733333333333,1.0606666666666666,8.467333333333334,26.965999999999998,31.627999999999993,15.39933333333333,35.6,43.07266666666667,14.966666666666667,21.167333333333335,70.13733333333333,0.5666666666666667,6.532666666666667,0.478,2.199333333333333,21.60066666666667,0.10600000000000002,15.06733333333333,2.5,71.33333333333333
