placar_casa,placar_visitante,data,round,stage,ano,equipe_casa,equipe_visitante,Pts_casa,3P_casa,2P_casa,LL_casa,RT_casa,RO_casa,RD_casa,AS_casa,ER_casa,IA%_casa,3PC_casa,3PT_casa,3P%_casa,2PC_casa,2PT_casa,2P%_casa,LLC_casa,LLT_casa,LL%_casa,EN_casa,BR_casa,B/E_casa,TO_casa,FC_casa,T/FC_casa,ET_casa,VI_casa,EF_casa,Pts_visitante,3P_visitante,2P_visitante,LL_visitante,RT_visitante,RO_visitante,RD_visitante,AS_visitante,ER_visitante,IA%_visitante,3PC_visitante,3PT_visitante,3P%_visitante,2PC_visitante,2PT_visitante,2P%_visitante,LLC_visitante,LLT_visitante,LL%_visitante,EN_visitante,BR_visitante,B/E_visitante,TO_visitante,FC_visitante,T/FC_visitante,ET_visitante,VI_visitante,EF_visitante
93,62,2020-12-05,4,1,2020-2021,Flamengo,Sesi Franca,90.73299999999999,37.65,35.70100000000001,17.381999999999998,42.567,11.183,31.383,22.351,12.666,1.765,12.551,33.75,37.523999999999994,17.849,31.868000000000002,56.15200000000001,17.381999999999998,22.433,77.462,1.216,7.768000000000001,0.617,2.3009999999999997,15.684000000000001,0.14500000000000002,12.666,1.8829999999999998,112.78200000000001,87.7,30.6,40.7,16.4,36.20100000000001,10.251000000000001,25.95,19.398999999999994,12.901,1.536,10.2,26.201000000000004,38.575,20.35,37.748999999999995,54.266999999999996,16.4,19.05,87.42,2.0489999999999995,6.801,0.544,2.249,18.701000000000004,0.125,12.901,1.549,103.39900000000003
