placar_casa,placar_visitante,data,round,stage,ano,equipe_casa,equipe_visitante,Pts_casa,3P_casa,2P_casa,LL_casa,RT_casa,RO_casa,RD_casa,AS_casa,ER_casa,IA%_casa,3PC_casa,3PT_casa,3P%_casa,2PC_casa,2PT_casa,2P%_casa,LLC_casa,LLT_casa,LL%_casa,EN_casa,BR_casa,B/E_casa,TO_casa,FC_casa,T/FC_casa,ET_casa,VI_casa,EF_casa,Pts_visitante,3P_visitante,2P_visitante,LL_visitante,RT_visitante,RO_visitante,RD_visitante,AS_visitante,ER_visitante,IA%_visitante,3PC_visitante,3PT_visitante,3P%_visitante,2PC_visitante,2PT_visitante,2P%_visitante,LLC_visitante,LLT_visitante,LL%_visitante,EN_visitante,BR_visitante,B/E_visitante,TO_visitante,FC_visitante,T/FC_visitante,ET_visitante,VI_visitante,EF_visitante
75,68,2020-12-12,5,1,2020-2021,Paulistano,Pato Basquete,78.46733333333331,28.066666666666666,37.687999999999995,12.71066666666667,40.334666666666664,12.689333333333334,27.643333333333327,17.734,13.110666666666669,1.4793333333333332,9.356666666666666,29.067333333333334,32.54666666666667,18.845333333333333,36.666666666666664,51.664666666666676,12.71066666666667,16.51066666666667,76.78666666666666,2.4673333333333334,5.576666666666666,0.44199999999999995,1.8226666666666669,18.976666666666663,0.09666666666666666,13.110666666666669,2.3333333333333335,89.48866666666667,72.66666666666667,19.0,38.666666666666664,15.0,35.778000000000006,11.222666666666665,24.556666666666672,15.57666666666667,12.776666666666666,1.2386666666666668,6.3340000000000005,21.466666666666665,29.124666666666673,19.333333333333332,42.934,44.62733333333334,15.0,20.6,72.44666666666667,0.9106666666666666,7.178,0.574,1.7779999999999996,21.556,0.08933333333333335,12.776666666666666,2.934,75.86666666666666
