placar_casa,placar_visitante,data,round,stage,ano,equipe_casa,equipe_visitante,Pts_casa,3P_casa,2P_casa,LL_casa,RT_casa,RO_casa,RD_casa,AS_casa,ER_casa,IA%_casa,3PC_casa,3PT_casa,3P%_casa,2PC_casa,2PT_casa,2P%_casa,LLC_casa,LLT_casa,LL%_casa,EN_casa,BR_casa,B/E_casa,TO_casa,FC_casa,T/FC_casa,ET_casa,VI_casa,EF_casa,Pts_visitante,3P_visitante,2P_visitante,LL_visitante,RT_visitante,RO_visitante,RD_visitante,AS_visitante,ER_visitante,IA%_visitante,3PC_visitante,3PT_visitante,3P%_visitante,2PC_visitante,2PT_visitante,2P%_visitante,LLC_visitante,LLT_visitante,LL%_visitante,EN_visitante,BR_visitante,B/E_visitante,TO_visitante,FC_visitante,T/FC_visitante,ET_visitante,VI_visitante,EF_visitante
85,77,2020-12-07,5,1,2020-2021,Pinheiros,Pato Basquete,76.66666666666667,25.2,40.132666666666665,11.334,34.467333333333336,10.800666666666666,23.666666666666668,17.601333333333336,14.667333333333337,1.2773333333333339,8.400666666666668,22.732666666666663,37.18066666666666,20.067333333333337,41.2,49.25066666666666,11.334,16.4,69.914,1.4659999999999997,6.267333333333334,0.4433333333333334,1.6013333333333335,20.60133333333334,0.07666666666666666,14.667333333333337,1.8666666666666667,81.40000000000002,73.13333333333334,18.2,40.4,14.533333333333333,34.26733333333333,11.066666666666666,23.20066666666667,15.866000000000003,11.866000000000003,1.3653333333333333,6.067333333333334,20.866666666666667,28.84866666666667,20.2,44.06733333333333,45.318000000000005,14.533333333333333,20.2,71.26133333333334,1.0,7.000666666666667,0.6046666666666666,1.2673333333333332,22.066666666666666,0.058666666666666686,11.866000000000003,2.600666666666667,75.33333333333333
