placar_casa,placar_visitante,data,round,stage,ano,equipe_casa,equipe_visitante,Pts_casa,3P_casa,2P_casa,LL_casa,RT_casa,RO_casa,RD_casa,AS_casa,ER_casa,IA%_casa,3PC_casa,3PT_casa,3P%_casa,2PC_casa,2PT_casa,2P%_casa,LLC_casa,LLT_casa,LL%_casa,EN_casa,BR_casa,B/E_casa,TO_casa,FC_casa,T/FC_casa,ET_casa,VI_casa,EF_casa,Pts_visitante,3P_visitante,2P_visitante,LL_visitante,RT_visitante,RO_visitante,RD_visitante,AS_visitante,ER_visitante,IA%_visitante,3PC_visitante,3PT_visitante,3P%_visitante,2PC_visitante,2PT_visitante,2P%_visitante,LLC_visitante,LLT_visitante,LL%_visitante,EN_visitante,BR_visitante,B/E_visitante,TO_visitante,FC_visitante,T/FC_visitante,ET_visitante,VI_visitante,EF_visitante
77,81,2022-11-23,6,1,2022-2023,Fortaleza B. C. / CFO,Corinthians,71.33333333333333,19.7,41.8,9.833333333333334,40.333333333333336,11.933333333333334,28.4,13.4,13.9,0.9993333333333333,6.566666666666666,25.866666666666667,25.25333333333333,20.9,40.93333333333333,51.36600000000001,9.833333333333334,18.5,54.004000000000005,1.6,7.866666666666666,0.5953333333333333,2.566666666666667,20.9,0.12600000000000003,13.9,2.6333333333333333,73.6,76.33333333333333,26.6,38.666666666666664,11.066666666666666,38.6,11.333333333333334,27.266666666666666,16.533333333333335,14.466666666666667,1.1999999999999997,8.866666666666667,27.866666666666667,31.52866666666667,19.333333333333332,34.93333333333333,55.2,11.066666666666666,14.6,74.64200000000001,2.6666666666666665,5.133333333333334,0.36,2.8,18.333333333333332,0.15466666666666665,14.466666666666667,3.8666666666666667,86.8
