placar_casa,placar_visitante,data,round,stage,ano,equipe_casa,equipe_visitante,Pts_casa,3P_casa,2P_casa,LL_casa,RT_casa,RO_casa,RD_casa,AS_casa,ER_casa,IA%_casa,3PC_casa,3PT_casa,3P%_casa,2PC_casa,2PT_casa,2P%_casa,LLC_casa,LLT_casa,LL%_casa,EN_casa,BR_casa,B/E_casa,TO_casa,FC_casa,T/FC_casa,ET_casa,VI_casa,EF_casa,Pts_visitante,3P_visitante,2P_visitante,LL_visitante,RT_visitante,RO_visitante,RD_visitante,AS_visitante,ER_visitante,IA%_visitante,3PC_visitante,3PT_visitante,3P%_visitante,2PC_visitante,2PT_visitante,2P%_visitante,LLC_visitante,LLT_visitante,LL%_visitante,EN_visitante,BR_visitante,B/E_visitante,TO_visitante,FC_visitante,T/FC_visitante,ET_visitante,VI_visitante,EF_visitante
88,96,2022-11-26,6,1,2022-2023,Cerrado,BRB/Brasília,78.83333333333333,30.6,34.4,13.833333333333334,38.733333333333334,11.233333333333333,27.5,14.3,13.7,1.140666666666667,10.2,31.166666666666668,32.37066666666667,17.2,34.233333333333334,50.91,13.833333333333334,19.966666666666665,68.4,2.0,6.033333333333333,0.45733333333333337,2.8,17.566666666666666,0.15866666666666668,13.7,2.6666666666666665,82.86666666666666,76.83333333333333,29.5,35.733333333333334,11.6,36.3,8.933333333333334,27.366666666666667,14.633333333333333,13.266666666666667,1.1833333333333336,9.833333333333334,29.1,34.20533333333333,17.866666666666667,34.7,51.59733333333334,11.6,17.466666666666665,67.41533333333334,0.9333333333333333,5.566666666666666,0.4606666666666667,0.6666666666666666,19.333333333333332,0.036000000000000004,13.266666666666667,2.6333333333333333,78.76666666666667
