placar_casa,placar_visitante,data,round,stage,ano,equipe_casa,equipe_visitante,Pts_casa,3P_casa,2P_casa,LL_casa,RT_casa,RO_casa,RD_casa,AS_casa,ER_casa,IA%_casa,3PC_casa,3PT_casa,3P%_casa,2PC_casa,2PT_casa,2P%_casa,LLC_casa,LLT_casa,LL%_casa,EN_casa,BR_casa,B/E_casa,TO_casa,FC_casa,T/FC_casa,ET_casa,VI_casa,EF_casa,Pts_visitante,3P_visitante,2P_visitante,LL_visitante,RT_visitante,RO_visitante,RD_visitante,AS_visitante,ER_visitante,IA%_visitante,3PC_visitante,3PT_visitante,3P%_visitante,2PC_visitante,2PT_visitante,2P%_visitante,LLC_visitante,LLT_visitante,LL%_visitante,EN_visitante,BR_visitante,B/E_visitante,TO_visitante,FC_visitante,T/FC_visitante,ET_visitante,VI_visitante,EF_visitante
70,77,2021-04-21,1,3,2020-2021,UNIFACISA,Mogi,82.30000000000001,30.3,40.099,11.901,36.349,11.1,25.252000000000002,18.550000000000004,16.0,1.2300000000000002,10.1,26.902000000000005,37.423,20.051000000000005,39.35000000000001,50.95399999999999,11.901,15.900999999999996,74.63199999999999,1.051,7.900999999999999,0.5190000000000001,3.1,20.600000000000005,0.15200000000000005,16.0,3.0,92.10199999999999,79.998,31.2,37.398999999999994,11.399000000000001,40.397999999999996,12.3,28.101,21.101,14.899000000000001,1.436,10.4,31.6,32.451,18.701,35.3,53.090999999999994,11.399000000000001,14.702000000000002,76.904,2.298,5.7,0.3869999999999999,2.8,21.298,0.12999999999999998,14.899000000000001,2.202,93.999
