placar_casa,placar_visitante,data,round,stage,ano,equipe_casa,equipe_visitante,Pts_casa,3P_casa,2P_casa,LL_casa,RT_casa,RO_casa,RD_casa,AS_casa,ER_casa,IA%_casa,3PC_casa,3PT_casa,3P%_casa,2PC_casa,2PT_casa,2P%_casa,LLC_casa,LLT_casa,LL%_casa,EN_casa,BR_casa,B/E_casa,TO_casa,FC_casa,T/FC_casa,ET_casa,VI_casa,EF_casa,Pts_visitante,3P_visitante,2P_visitante,LL_visitante,RT_visitante,RO_visitante,RD_visitante,AS_visitante,ER_visitante,IA%_visitante,3PC_visitante,3PT_visitante,3P%_visitante,2PC_visitante,2PT_visitante,2P%_visitante,LLC_visitante,LLT_visitante,LL%_visitante,EN_visitante,BR_visitante,B/E_visitante,TO_visitante,FC_visitante,T/FC_visitante,ET_visitante,VI_visitante,EF_visitante
78,86,2021-02-27,4,2,2020-2021,VipTech CMB,Paulistano,75.66700000000002,24.4,43.068000000000005,8.202000000000002,38.397999999999996,13.132,25.266,16.6,11.167,1.512,8.134,27.601000000000006,29.31600000000001,21.531999999999993,43.967,48.852,8.202000000000002,14.499999999999996,56.14,1.3,7.534000000000001,0.6869999999999999,1.267,19.867,0.06299999999999999,11.167,2.0020000000000002,80.10000000000001,74.901,30.15,34.8,9.950999999999999,41.449,12.300999999999998,29.151,17.25,13.049000000000001,1.3569999999999998,10.049000000000001,31.949,31.8,17.4,35.051,49.818999999999996,9.950999999999999,14.05,69.694,1.9509999999999998,7.5,0.58,1.7990000000000002,16.651,0.11800000000000002,13.049000000000001,3.1990000000000003,86.2
