placar_casa,placar_visitante,data,round,stage,ano,equipe_casa,equipe_visitante,Pts_casa,3P_casa,2P_casa,LL_casa,RT_casa,RO_casa,RD_casa,AS_casa,ER_casa,IA%_casa,3PC_casa,3PT_casa,3P%_casa,2PC_casa,2PT_casa,2P%_casa,LLC_casa,LLT_casa,LL%_casa,EN_casa,BR_casa,B/E_casa,TO_casa,FC_casa,T/FC_casa,ET_casa,VI_casa,EF_casa,Pts_visitante,3P_visitante,2P_visitante,LL_visitante,RT_visitante,RO_visitante,RD_visitante,AS_visitante,ER_visitante,IA%_visitante,3PC_visitante,3PT_visitante,3P%_visitante,2PC_visitante,2PT_visitante,2P%_visitante,LLC_visitante,LLT_visitante,LL%_visitante,EN_visitante,BR_visitante,B/E_visitante,TO_visitante,FC_visitante,T/FC_visitante,ET_visitante,VI_visitante,EF_visitante
94,78,2020-12-22,7,1,2020-2021,VipTech CMB,BRB/Brasília,76.43499999999999,31.9,33.735,10.8,38.266,11.633,26.635,17.7,13.535,1.4,10.633,29.965999999999998,35.91799999999999,16.865,36.301,46.05,10.8,16.534,65.223,0.9,5.0649999999999995,0.394,1.8670000000000002,20.235000000000003,0.092,13.535,2.4,81.3,83.14285714285714,36.0,31.427142857142858,15.715714285714286,39.284285714285716,12.284285714285716,27.0,17.141428571428573,16.85857142857143,1.0442857142857143,12.001428571428571,35.712857142857146,33.57857142857143,15.715714285714284,33.715714285714284,46.612857142857145,15.715714285714286,21.85571428571429,71.62857142857143,0.5700000000000001,6.428571428571429,0.3914285714285714,1.9985714285714287,19.284285714285716,0.10285714285714284,16.85857142857143,2.4271428571428575,83.28571428571429
