placar_casa,placar_visitante,data,round,stage,ano,equipe_casa,equipe_visitante,Pts_casa,3P_casa,2P_casa,LL_casa,RT_casa,RO_casa,RD_casa,AS_casa,ER_casa,IA%_casa,3PC_casa,3PT_casa,3P%_casa,2PC_casa,2PT_casa,2P%_casa,LLC_casa,LLT_casa,LL%_casa,EN_casa,BR_casa,B/E_casa,TO_casa,FC_casa,T/FC_casa,ET_casa,VI_casa,EF_casa,Pts_visitante,3P_visitante,2P_visitante,LL_visitante,RT_visitante,RO_visitante,RD_visitante,AS_visitante,ER_visitante,IA%_visitante,3PC_visitante,3PT_visitante,3P%_visitante,2PC_visitante,2PT_visitante,2P%_visitante,LLC_visitante,LLT_visitante,LL%_visitante,EN_visitante,BR_visitante,B/E_visitante,TO_visitante,FC_visitante,T/FC_visitante,ET_visitante,VI_visitante,EF_visitante
67,87,2020-12-20,6,1,2020-2021,Cerrado,Flamengo,73.2,24.6,35.599000000000004,12.998000000000001,36.397999999999996,10.85,25.551000000000005,14.401,12.501,1.178,8.200999999999999,25.251000000000005,32.541000000000004,17.801,36.7,48.467999999999996,12.998000000000001,18.25,71.33200000000001,0.999,6.1499999999999995,0.497,1.9009999999999998,19.852000000000004,0.097,12.501,1.998,78.351,90.55466666666665,40.1,34.666666666666664,15.788,42.51133333333334,11.455333333333332,31.055333333333333,21.767333333333333,12.244666666666664,1.781333333333333,13.367333333333333,35.666666666666664,37.68866666666667,17.333333333333332,31.044666666666664,55.937333333333335,15.788,20.256000000000004,78.06466666666667,1.0766666666666667,7.178666666666667,0.5886666666666667,1.933333333333333,15.589999999999998,0.12333333333333336,12.244666666666664,2.122666666666667,111.22200000000002
