placar_casa,placar_visitante,data,round,stage,ano,equipe_casa,equipe_visitante,Pts_casa,3P_casa,2P_casa,LL_casa,RT_casa,RO_casa,RD_casa,AS_casa,ER_casa,IA%_casa,3PC_casa,3PT_casa,3P%_casa,2PC_casa,2PT_casa,2P%_casa,LLC_casa,LLT_casa,LL%_casa,EN_casa,BR_casa,B/E_casa,TO_casa,FC_casa,T/FC_casa,ET_casa,VI_casa,EF_casa,Pts_visitante,3P_visitante,2P_visitante,LL_visitante,RT_visitante,RO_visitante,RD_visitante,AS_visitante,ER_visitante,IA%_visitante,3PC_visitante,3PT_visitante,3P%_visitante,2PC_visitante,2PT_visitante,2P%_visitante,LLC_visitante,LLT_visitante,LL%_visitante,EN_visitante,BR_visitante,B/E_visitante,TO_visitante,FC_visitante,T/FC_visitante,ET_visitante,VI_visitante,EF_visitante
61,90,2021-04-22,1,3,2020-2021,Pato Basquete,Corinthians,73.732,24.6,35.334,13.800999999999998,34.132999999999996,9.666,24.468000000000007,15.366,13.468,1.549,8.199,26.231999999999992,31.131,17.665999999999997,37.867000000000004,46.6,13.800999999999998,20.167,68.419,0.968,7.601000000000001,0.608,1.668,22.398999999999994,0.073,13.468,2.633,74.432,86.09900000000002,37.2,35.898999999999994,13.0,35.651,8.748999999999999,26.898999999999994,18.9,12.899000000000001,1.532,12.4,29.098999999999997,42.51100000000001,17.951,34.151,52.45399999999999,13.0,16.851,78.93200000000002,1.7990000000000002,6.6,0.523,1.8490000000000002,18.698999999999995,0.10100000000000002,12.899000000000001,1.35,99.45
