placar_casa,placar_visitante,data,round,stage,ano,equipe_casa,equipe_visitante,Pts_casa,3P_casa,2P_casa,LL_casa,RT_casa,RO_casa,RD_casa,AS_casa,ER_casa,IA%_casa,3PC_casa,3PT_casa,3P%_casa,2PC_casa,2PT_casa,2P%_casa,LLC_casa,LLT_casa,LL%_casa,EN_casa,BR_casa,B/E_casa,TO_casa,FC_casa,T/FC_casa,ET_casa,VI_casa,EF_casa,Pts_visitante,3P_visitante,2P_visitante,LL_visitante,RT_visitante,RO_visitante,RD_visitante,AS_visitante,ER_visitante,IA%_visitante,3PC_visitante,3PT_visitante,3P%_visitante,2PC_visitante,2PT_visitante,2P%_visitante,LLC_visitante,LLT_visitante,LL%_visitante,EN_visitante,BR_visitante,B/E_visitante,TO_visitante,FC_visitante,T/FC_visitante,ET_visitante,VI_visitante,EF_visitante
92,84,2021-02-08,3,2,2020-2021,São Paulo,Bauru Basket,86.76700000000001,32.2,39.533,15.032999999999998,36.7,9.267,27.433,17.7,12.367,1.484,10.733,27.867,38.711,19.767000000000003,35.333,55.866,15.032999999999998,18.133,83.337,2.4,7.833,0.649,2.6670000000000003,16.167,0.16899999999999998,12.367,2.367,103.5,74.301,25.5,35.6,13.200999999999999,36.699,9.2,27.502000000000002,15.800999999999998,11.6,1.3649999999999998,8.498999999999999,28.101,29.759999999999998,17.8,35.50000000000001,50.81400000000001,13.200999999999999,18.598999999999997,70.703,1.002,7.2989999999999995,0.6460000000000001,2.1990000000000003,18.898999999999994,0.11700000000000002,11.6,1.6019999999999999,81.99900000000001
