placar_casa,placar_visitante,data,round,stage,ano,equipe_casa,equipe_visitante,Pts_casa,3P_casa,2P_casa,LL_casa,RT_casa,RO_casa,RD_casa,AS_casa,ER_casa,IA%_casa,3PC_casa,3PT_casa,3P%_casa,2PC_casa,2PT_casa,2P%_casa,LLC_casa,LLT_casa,LL%_casa,EN_casa,BR_casa,B/E_casa,TO_casa,FC_casa,T/FC_casa,ET_casa,VI_casa,EF_casa,Pts_visitante,3P_visitante,2P_visitante,LL_visitante,RT_visitante,RO_visitante,RD_visitante,AS_visitante,ER_visitante,IA%_visitante,3PC_visitante,3PT_visitante,3P%_visitante,2PC_visitante,2PT_visitante,2P%_visitante,LLC_visitante,LLT_visitante,LL%_visitante,EN_visitante,BR_visitante,B/E_visitante,TO_visitante,FC_visitante,T/FC_visitante,ET_visitante,VI_visitante,EF_visitante
62,69,2021-03-09,6,2,2020-2021,Mogi,Paulistano,81.19900000000001,29.7,37.3,14.199000000000002,40.599,11.001000000000001,29.601000000000006,21.151000000000003,16.748999999999995,1.27,9.901,29.301000000000005,33.666999999999994,18.65,34.651,53.878,14.199000000000002,17.551000000000005,80.60600000000001,1.999,6.449,0.388,2.8510000000000004,22.248999999999995,0.128,16.748999999999995,2.4010000000000007,96.75,76.367,31.0,34.8,10.567,39.933,11.867,28.067,17.4,12.932999999999998,1.3829999999999998,10.333,30.732999999999997,33.959999999999994,17.4,35.467,48.970000000000006,10.567,15.6,66.661,2.1670000000000003,7.6,0.5930000000000001,1.7329999999999999,17.667,0.10500000000000002,12.932999999999998,3.133,86.6
