placar_casa,placar_visitante,data,round,stage,ano,equipe_casa,equipe_visitante,Pts_casa,3P_casa,2P_casa,LL_casa,RT_casa,RO_casa,RD_casa,AS_casa,ER_casa,IA%_casa,3PC_casa,3PT_casa,3P%_casa,2PC_casa,2PT_casa,2P%_casa,LLC_casa,LLT_casa,LL%_casa,EN_casa,BR_casa,B/E_casa,TO_casa,FC_casa,T/FC_casa,ET_casa,VI_casa,EF_casa,Pts_visitante,3P_visitante,2P_visitante,LL_visitante,RT_visitante,RO_visitante,RD_visitante,AS_visitante,ER_visitante,IA%_visitante,3PC_visitante,3PT_visitante,3P%_visitante,2PC_visitante,2PT_visitante,2P%_visitante,LLC_visitante,LLT_visitante,LL%_visitante,EN_visitante,BR_visitante,B/E_visitante,TO_visitante,FC_visitante,T/FC_visitante,ET_visitante,VI_visitante,EF_visitante
73,87,2021-02-26,4,2,2020-2021,Pinheiros,UNIFACISA,72.398,25.0,37.599,9.799,38.06900000000001,10.8,27.266000000000002,17.932000000000002,14.032,1.3010000000000002,8.333,27.199999999999996,30.454999999999995,18.801000000000005,41.433,45.11,9.799,14.3,68.084,1.167,7.5680000000000005,0.546,2.168,18.935000000000006,0.11599999999999999,14.032,1.568,78.09900000000002,80.41799999999999,26.5,42.9,11.018,34.099000000000004,8.581999999999999,25.517000000000003,18.333,13.200999999999999,1.499,8.834,24.366000000000003,36.770999999999994,21.45,40.734,52.61900000000001,11.018,15.401,70.482,0.8160000000000001,8.118,0.687,1.85,21.282999999999998,0.09200000000000001,13.200999999999999,2.4839999999999995,90.41799999999999
