placar_casa,placar_visitante,data,round,stage,ano,equipe_casa,equipe_visitante,Pts_casa,3P_casa,2P_casa,LL_casa,RT_casa,RO_casa,RD_casa,AS_casa,ER_casa,IA%_casa,3PC_casa,3PT_casa,3P%_casa,2PC_casa,2PT_casa,2P%_casa,LLC_casa,LLT_casa,LL%_casa,EN_casa,BR_casa,B/E_casa,TO_casa,FC_casa,T/FC_casa,ET_casa,VI_casa,EF_casa,Pts_visitante,3P_visitante,2P_visitante,LL_visitante,RT_visitante,RO_visitante,RD_visitante,AS_visitante,ER_visitante,IA%_visitante,3PC_visitante,3PT_visitante,3P%_visitante,2PC_visitante,2PT_visitante,2P%_visitante,LLC_visitante,LLT_visitante,LL%_visitante,EN_visitante,BR_visitante,B/E_visitante,TO_visitante,FC_visitante,T/FC_visitante,ET_visitante,VI_visitante,EF_visitante
98,76,2022-12-20,10,1,2022-2023,Sesi Franca,Cerrado,86.33333333333333,34.4,36.266666666666666,15.666666666666666,42.46666666666667,10.266666666666667,32.2,17.466666666666665,12.333333333333334,1.5426666666666666,11.466666666666667,29.933333333333334,38.54133333333334,18.133333333333333,33.0,54.972,15.666666666666666,21.4,73.38733333333332,1.6,5.2,0.4726666666666667,2.2,15.933333333333334,0.14133333333333334,12.333333333333334,2.1333333333333333,102.26666666666667,82.2,36.4,32.13333333333333,13.666666666666666,37.6,10.933333333333334,26.666666666666668,15.133333333333333,15.466666666666667,1.0206666666666666,12.133333333333333,34.8,34.62733333333334,16.066666666666666,31.4,51.74933333333333,13.666666666666666,19.666666666666668,68.84666666666666,1.8666666666666667,6.8,0.45000000000000007,2.2666666666666666,17.4,0.1326666666666667,15.466666666666667,3.2,84.53333333333333
