placar_casa,placar_visitante,data,round,stage,ano,equipe_casa,equipe_visitante,Pts_casa,3P_casa,2P_casa,LL_casa,RT_casa,RO_casa,RD_casa,AS_casa,ER_casa,IA%_casa,3PC_casa,3PT_casa,3P%_casa,2PC_casa,2PT_casa,2P%_casa,LLC_casa,LLT_casa,LL%_casa,EN_casa,BR_casa,B/E_casa,TO_casa,FC_casa,T/FC_casa,ET_casa,VI_casa,EF_casa,Pts_visitante,3P_visitante,2P_visitante,LL_visitante,RT_visitante,RO_visitante,RD_visitante,AS_visitante,ER_visitante,IA%_visitante,3PC_visitante,3PT_visitante,3P%_visitante,2PC_visitante,2PT_visitante,2P%_visitante,LLC_visitante,LLT_visitante,LL%_visitante,EN_visitante,BR_visitante,B/E_visitante,TO_visitante,FC_visitante,T/FC_visitante,ET_visitante,VI_visitante,EF_visitante
70,86,2022-11-23,6,1,2022-2023,Caxias do Sul Basquete,São Paulo,70.06666666666666,26.0,33.86666666666667,10.2,33.86666666666667,8.866666666666667,25.0,13.466666666666667,13.466666666666667,1.0533333333333335,8.666666666666666,27.4,31.86333333333333,16.933333333333334,34.333333333333336,48.92,10.2,14.733333333333333,68.494,0.3333333333333333,7.133333333333334,0.5486666666666667,1.8666666666666667,19.533333333333335,0.10200000000000001,13.466666666666667,2.2,72.26666666666667,82.33333333333333,31.0,38.666666666666664,12.666666666666666,35.86666666666667,7.6,28.266666666666666,16.4,11.866666666666667,1.4533333333333331,10.333333333333334,29.6,34.82066666666666,19.333333333333332,33.6,57.83,12.666666666666666,17.466666666666665,72.84,1.0,6.933333333333334,0.6046666666666667,2.0,18.666666666666668,0.12400000000000004,11.866666666666667,1.4666666666666666,93.33333333333333
