placar_casa,placar_visitante,data,round,stage,ano,equipe_casa,equipe_visitante,Pts_casa,3P_casa,2P_casa,LL_casa,RT_casa,RO_casa,RD_casa,AS_casa,ER_casa,IA%_casa,3PC_casa,3PT_casa,3P%_casa,2PC_casa,2PT_casa,2P%_casa,LLC_casa,LLT_casa,LL%_casa,EN_casa,BR_casa,B/E_casa,TO_casa,FC_casa,T/FC_casa,ET_casa,VI_casa,EF_casa,Pts_visitante,3P_visitante,2P_visitante,LL_visitante,RT_visitante,RO_visitante,RD_visitante,AS_visitante,ER_visitante,IA%_visitante,3PC_visitante,3PT_visitante,3P%_visitante,2PC_visitante,2PT_visitante,2P%_visitante,LLC_visitante,LLT_visitante,LL%_visitante,EN_visitante,BR_visitante,B/E_visitante,TO_visitante,FC_visitante,T/FC_visitante,ET_visitante,VI_visitante,EF_visitante
76,69,2022-10-24,3,1,2022-2023,Paulistano,Pato Basquete,73.75533333333333,22.466666666666665,39.244666666666674,12.044666666666668,36.44466666666667,12.088666666666665,24.35533333333333,15.244666666666667,10.911333333333335,1.6866666666666665,7.488666666666666,23.978,31.298000000000002,19.622,40.91133333333334,48.812666666666665,12.044666666666668,15.866666666666667,74.382,1.9780000000000002,6.978,0.8306666666666669,1.7333333333333334,19.578,0.08933333333333335,10.911333333333335,2.1113333333333335,81.64466666666667,73.13333333333334,26.2,34.8,12.133333333333333,35.8,10.466666666666667,25.333333333333332,12.333333333333334,13.733333333333333,0.9546666666666667,8.733333333333333,30.333333333333332,28.98933333333333,17.4,34.2,50.98533333333333,12.133333333333333,16.6,73.08333333333331,2.1333333333333333,7.266666666666667,0.5686666666666667,1.0,19.0,0.05533333333333334,13.733333333333333,3.6,72.93333333333334
