placar_casa,placar_visitante,data,round,stage,ano,equipe_casa,equipe_visitante,Pts_casa,3P_casa,2P_casa,LL_casa,RT_casa,RO_casa,RD_casa,AS_casa,ER_casa,IA%_casa,3PC_casa,3PT_casa,3P%_casa,2PC_casa,2PT_casa,2P%_casa,LLC_casa,LLT_casa,LL%_casa,EN_casa,BR_casa,B/E_casa,TO_casa,FC_casa,T/FC_casa,ET_casa,VI_casa,EF_casa,Pts_visitante,3P_visitante,2P_visitante,LL_visitante,RT_visitante,RO_visitante,RD_visitante,AS_visitante,ER_visitante,IA%_visitante,3PC_visitante,3PT_visitante,3P%_visitante,2PC_visitante,2PT_visitante,2P%_visitante,LLC_visitante,LLT_visitante,LL%_visitante,EN_visitante,BR_visitante,B/E_visitante,TO_visitante,FC_visitante,T/FC_visitante,ET_visitante,VI_visitante,EF_visitante
70,82,2022-10-20,2,1,2022-2023,Corinthians,Flamengo,75.73333333333333,29.4,36.4,9.933333333333334,39.46666666666667,12.266666666666667,27.2,16.333333333333332,14.133333333333333,1.2279999999999995,9.8,28.933333333333334,33.657333333333334,18.2,35.6,51.00933333333333,9.933333333333334,13.6,73.608,1.3333333333333333,4.8,0.34199999999999997,1.9333333333333333,18.6,0.10266666666666667,14.133333333333333,3.3333333333333335,83.93333333333334,82.2,34.8,33.6,13.8,39.43333333333333,12.566666666666666,26.866666666666667,18.9,11.333333333333334,1.7986666666666666,11.6,34.13333333333333,34.48466666666666,16.8,31.2,53.73799999999999,13.8,19.233333333333334,70.346,1.8,6.5,0.6126666666666668,1.5,17.3,0.09533333333333334,11.333333333333334,2.3333333333333335,94.83333333333333
