placar_casa,placar_visitante,data,round,stage,ano,equipe_casa,equipe_visitante,Pts_casa,3P_casa,2P_casa,LL_casa,RT_casa,RO_casa,RD_casa,AS_casa,ER_casa,IA%_casa,3PC_casa,3PT_casa,3P%_casa,2PC_casa,2PT_casa,2P%_casa,LLC_casa,LLT_casa,LL%_casa,EN_casa,BR_casa,B/E_casa,TO_casa,FC_casa,T/FC_casa,ET_casa,VI_casa,EF_casa,Pts_visitante,3P_visitante,2P_visitante,LL_visitante,RT_visitante,RO_visitante,RD_visitante,AS_visitante,ER_visitante,IA%_visitante,3PC_visitante,3PT_visitante,3P%_visitante,2PC_visitante,2PT_visitante,2P%_visitante,LLC_visitante,LLT_visitante,LL%_visitante,EN_visitante,BR_visitante,B/E_visitante,TO_visitante,FC_visitante,T/FC_visitante,ET_visitante,VI_visitante,EF_visitante
76,72,2022-11-01,4,1,2022-2023,São Paulo,Pinheiros,82.93333333333334,30.1,40.06666666666667,12.766666666666667,36.5,7.5,29.0,16.4,11.666666666666666,1.4786666666666666,10.033333333333333,29.433333333333334,33.959333333333326,20.033333333333335,33.833333333333336,59.59,12.766666666666667,17.266666666666666,74.614,1.4333333333333333,6.3,0.5633333333333332,2.433333333333333,18.466666666666665,0.14866666666666667,11.666666666666666,1.4333333333333333,95.2,82.866,30.2,39.733333333333334,12.932666666666668,40.132666666666665,12.933333333333334,27.199333333333332,17.732666666666667,12.133333333333333,1.4893333333333334,10.066,28.932666666666666,35.464666666666666,19.866666666666667,41.333333333333336,48.17333333333333,12.932666666666668,16.399333333333335,77.342,1.9326666666666668,7.465999999999999,0.6300000000000001,2.6666666666666665,16.800666666666665,0.16133333333333333,12.133333333333333,1.8673333333333333,94.93266666666666
