placar_casa,placar_visitante,data,round,stage,ano,equipe_casa,equipe_visitante,Pts_casa,3P_casa,2P_casa,LL_casa,RT_casa,RO_casa,RD_casa,AS_casa,ER_casa,IA%_casa,3PC_casa,3PT_casa,3P%_casa,2PC_casa,2PT_casa,2P%_casa,LLC_casa,LLT_casa,LL%_casa,EN_casa,BR_casa,B/E_casa,TO_casa,FC_casa,T/FC_casa,ET_casa,VI_casa,EF_casa,Pts_visitante,3P_visitante,2P_visitante,LL_visitante,RT_visitante,RO_visitante,RD_visitante,AS_visitante,ER_visitante,IA%_visitante,3PC_visitante,3PT_visitante,3P%_visitante,2PC_visitante,2PT_visitante,2P%_visitante,LLC_visitante,LLT_visitante,LL%_visitante,EN_visitante,BR_visitante,B/E_visitante,TO_visitante,FC_visitante,T/FC_visitante,ET_visitante,VI_visitante,EF_visitante
62,75,2022-10-19,2,1,2022-2023,Fortaleza B. C. / CFO,BRB/Brasília,74.66666666666667,21.7,40.956,12.010666666666667,36.910666666666664,10.722666666666667,26.189333333333334,13.622666666666667,13.866666666666667,0.994,7.233333333333333,25.122666666666667,29.04933333333333,20.47733333333333,39.28933333333334,52.40533333333334,12.010666666666667,20.689333333333334,58.70533333333332,1.444,8.466666666666667,0.6273333333333333,2.5773333333333333,19.97733333333333,0.13,13.866666666666667,3.0106666666666664,77.0,80.56666666666666,28.5,39.333333333333336,12.733333333333333,38.9,10.4,28.5,15.5,14.266666666666667,1.1346666666666667,9.5,27.3,34.751333333333335,19.666666666666668,37.1,53.289333333333346,12.733333333333333,18.666666666666668,69.85866666666666,0.8,5.833333333333333,0.4306666666666667,1.4666666666666666,19.2,0.07600000000000001,14.266666666666667,2.7666666666666666,86.83333333333333
