placar_casa,placar_visitante,data,round,stage,ano,equipe_casa,equipe_visitante,Pts_casa,3P_casa,2P_casa,LL_casa,RT_casa,RO_casa,RD_casa,AS_casa,ER_casa,IA%_casa,3PC_casa,3PT_casa,3P%_casa,2PC_casa,2PT_casa,2P%_casa,LLC_casa,LLT_casa,LL%_casa,EN_casa,BR_casa,B/E_casa,TO_casa,FC_casa,T/FC_casa,ET_casa,VI_casa,EF_casa,Pts_visitante,3P_visitante,2P_visitante,LL_visitante,RT_visitante,RO_visitante,RD_visitante,AS_visitante,ER_visitante,IA%_visitante,3PC_visitante,3PT_visitante,3P%_visitante,2PC_visitante,2PT_visitante,2P%_visitante,LLC_visitante,LLT_visitante,LL%_visitante,EN_visitante,BR_visitante,B/E_visitante,TO_visitante,FC_visitante,T/FC_visitante,ET_visitante,VI_visitante,EF_visitante
73,82,2022-12-10,8,1,2022-2023,UNIFACISA,São Paulo,77.06666666666666,28.2,38.53333333333333,10.333333333333334,35.06666666666667,9.666666666666666,25.4,14.6,13.066666666666666,1.1960000000000002,9.4,26.0,35.58933333333333,19.266666666666666,38.13333333333333,50.82000000000001,10.333333333333334,14.533333333333333,71.912,1.4,7.2,0.594,1.2666666666666666,20.866666666666667,0.061333333333333344,13.066666666666666,2.1333333333333333,82.46666666666667,83.9,32.5,38.53333333333333,12.866666666666667,36.233333333333334,8.066666666666666,28.166666666666668,16.466666666666665,11.4,1.4773333333333334,10.833333333333334,29.966666666666665,36.11866666666666,19.266666666666666,34.13333333333333,56.86333333333333,12.866666666666667,17.366666666666667,74.454,0.8666666666666667,7.033333333333333,0.622,1.6,19.2,0.08466666666666668,11.4,1.9,95.33333333333333
