placar_casa,placar_visitante,data,round,stage,ano,equipe_casa,equipe_visitante,Pts_casa,3P_casa,2P_casa,LL_casa,RT_casa,RO_casa,RD_casa,AS_casa,ER_casa,IA%_casa,3PC_casa,3PT_casa,3P%_casa,2PC_casa,2PT_casa,2P%_casa,LLC_casa,LLT_casa,LL%_casa,EN_casa,BR_casa,B/E_casa,TO_casa,FC_casa,T/FC_casa,ET_casa,VI_casa,EF_casa,Pts_visitante,3P_visitante,2P_visitante,LL_visitante,RT_visitante,RO_visitante,RD_visitante,AS_visitante,ER_visitante,IA%_visitante,3PC_visitante,3PT_visitante,3P%_visitante,2PC_visitante,2PT_visitante,2P%_visitante,LLC_visitante,LLT_visitante,LL%_visitante,EN_visitante,BR_visitante,B/E_visitante,TO_visitante,FC_visitante,T/FC_visitante,ET_visitante,VI_visitante,EF_visitante
78,92,2023-03-24,7,2,2022-2023,Fortaleza B. C. / CFO,Pinheiros,75.72874999999999,27.125,33.83375,14.77125,35.4375,9.29125,26.146250000000002,11.5,12.375,0.9424999999999999,9.04125,26.583750000000002,34.415,16.916249999999998,36.3125,46.331250000000004,14.77125,22.166249999999998,67.06625,1.20875,6.02125,0.515,0.79125,20.791249999999998,0.03875,12.375,3.14625,72.77125000000001,82.79124999999999,26.0625,43.125,13.60375,41.83375,13.0,28.833750000000002,20.791249999999998,14.22875,1.6075000000000002,8.6875,25.103749999999998,34.558749999999996,21.5625,41.20875,52.22500000000001,13.60375,20.8125,66.88499999999999,2.16625,6.91625,0.52625,0.72875,20.603749999999998,0.036250000000000004,14.22875,2.79125,95.5625
