placar_casa,placar_visitante,data,round,stage,ano,equipe_casa,equipe_visitante,Pts_casa,3P_casa,2P_casa,LL_casa,RT_casa,RO_casa,RD_casa,AS_casa,ER_casa,IA%_casa,3PC_casa,3PT_casa,3P%_casa,2PC_casa,2PT_casa,2P%_casa,LLC_casa,LLT_casa,LL%_casa,EN_casa,BR_casa,B/E_casa,TO_casa,FC_casa,T/FC_casa,ET_casa,VI_casa,EF_casa,Pts_visitante,3P_visitante,2P_visitante,LL_visitante,RT_visitante,RO_visitante,RD_visitante,AS_visitante,ER_visitante,IA%_visitante,3PC_visitante,3PT_visitante,3P%_visitante,2PC_visitante,2PT_visitante,2P%_visitante,LLC_visitante,LLT_visitante,LL%_visitante,EN_visitante,BR_visitante,B/E_visitante,TO_visitante,FC_visitante,T/FC_visitante,ET_visitante,VI_visitante,EF_visitante
70,94,2022-11-05,4,1,2022-2023,Pato Basquete,Sesi Franca,72.36666666666666,24.8,35.6,11.966666666666667,36.53333333333333,10.233333333333333,26.3,12.366666666666667,14.133333333333333,0.924,8.266666666666667,30.533333333333335,27.16,17.8,34.56666666666667,51.54666666666667,11.966666666666667,17.333333333333332,69.47333333333333,1.9333333333333333,8.3,0.624,1.1,18.533333333333335,0.06000000000000001,14.133333333333333,3.8333333333333335,72.13333333333334,82.76666666666667,33.3,34.86666666666667,14.6,43.4,11.133333333333333,32.266666666666666,16.966666666666665,12.9,1.3926666666666667,11.1,31.266666666666666,35.48199999999999,17.433333333333334,33.1,52.98133333333333,14.6,20.033333333333335,73.31333333333335,1.4666666666666666,4.633333333333334,0.3899999999999999,2.6666666666666665,18.5,0.14866666666666667,12.9,1.7666666666666666,96.26666666666667
