placar_casa,placar_visitante,data,round,stage,ano,equipe_casa,equipe_visitante,Pts_casa,3P_casa,2P_casa,LL_casa,RT_casa,RO_casa,RD_casa,AS_casa,ER_casa,IA%_casa,3PC_casa,3PT_casa,3P%_casa,2PC_casa,2PT_casa,2P%_casa,LLC_casa,LLT_casa,LL%_casa,EN_casa,BR_casa,B/E_casa,TO_casa,FC_casa,T/FC_casa,ET_casa,VI_casa,EF_casa,Pts_visitante,3P_visitante,2P_visitante,LL_visitante,RT_visitante,RO_visitante,RD_visitante,AS_visitante,ER_visitante,IA%_visitante,3PC_visitante,3PT_visitante,3P%_visitante,2PC_visitante,2PT_visitante,2P%_visitante,LLC_visitante,LLT_visitante,LL%_visitante,EN_visitante,BR_visitante,B/E_visitante,TO_visitante,FC_visitante,T/FC_visitante,ET_visitante,VI_visitante,EF_visitante
81,75,2022-11-05,4,1,2022-2023,Minas,União Corinthians,77.8,27.0,37.333333333333336,13.466666666666667,36.06666666666667,9.866666666666667,26.2,16.266666666666666,14.333333333333334,1.1773333333333333,9.0,25.933333333333334,34.76933333333333,18.666666666666668,35.53333333333333,52.724000000000004,13.466666666666667,16.933333333333334,79.12933333333335,2.533333333333333,6.533333333333333,0.482,2.4,18.266666666666666,0.1386666666666667,14.333333333333334,3.533333333333333,87.46666666666667,73.75600000000001,29.433333333333334,34.044,10.277333333333335,36.266666666666666,9.989333333333331,26.27733333333333,15.8,12.7,1.3199999999999998,9.810666666666668,30.422666666666668,31.98733333333333,17.022666666666666,36.944,46.306666666666665,10.277333333333335,15.044000000000002,69.91266666666665,1.2,6.3,0.522,2.1666666666666665,21.333333333333332,0.10066666666666668,12.7,1.6773333333333331,76.28933333333335
