placar_casa,placar_visitante,data,round,stage,ano,equipe_casa,equipe_visitante,Pts_casa,3P_casa,2P_casa,LL_casa,RT_casa,RO_casa,RD_casa,AS_casa,ER_casa,IA%_casa,3PC_casa,3PT_casa,3P%_casa,2PC_casa,2PT_casa,2P%_casa,LLC_casa,LLT_casa,LL%_casa,EN_casa,BR_casa,B/E_casa,TO_casa,FC_casa,T/FC_casa,ET_casa,VI_casa,EF_casa,Pts_visitante,3P_visitante,2P_visitante,LL_visitante,RT_visitante,RO_visitante,RD_visitante,AS_visitante,ER_visitante,IA%_visitante,3PC_visitante,3PT_visitante,3P%_visitante,2PC_visitante,2PT_visitante,2P%_visitante,LLC_visitante,LLT_visitante,LL%_visitante,EN_visitante,BR_visitante,B/E_visitante,TO_visitante,FC_visitante,T/FC_visitante,ET_visitante,VI_visitante,EF_visitante
68,71,2022-10-24,3,1,2022-2023,BRB/Brasília,Pinheiros,79.8,28.4,39.2,12.2,38.6,9.866666666666667,28.733333333333334,15.333333333333334,13.666666666666666,1.1626666666666667,9.466666666666667,27.4,34.52133333333333,19.6,36.86666666666667,53.47333333333334,12.2,18.0,69.34666666666666,0.8666666666666667,5.666666666666667,0.4366666666666667,1.3333333333333333,19.266666666666666,0.06933333333333333,13.666666666666666,2.466666666666667,86.06666666666666,83.93266666666666,30.4,40.53333333333333,12.999333333333334,38.39933333333333,12.066666666666666,26.332666666666665,18.13266666666667,12.466666666666667,1.4913333333333332,10.132666666666667,27.932666666666663,36.775333333333336,20.266666666666666,40.93333333333333,49.632,12.999333333333334,16.599333333333334,77.03333333333335,1.9993333333333334,7.599333333333333,0.6233333333333334,2.8,16.334,0.17200000000000001,12.466666666666667,1.7339999999999998,96.33266666666668
