placar_casa,placar_visitante,data,round,stage,ano,equipe_casa,equipe_visitante,Pts_casa,3P_casa,2P_casa,LL_casa,RT_casa,RO_casa,RD_casa,AS_casa,ER_casa,IA%_casa,3PC_casa,3PT_casa,3P%_casa,2PC_casa,2PT_casa,2P%_casa,LLC_casa,LLT_casa,LL%_casa,EN_casa,BR_casa,B/E_casa,TO_casa,FC_casa,T/FC_casa,ET_casa,VI_casa,EF_casa,Pts_visitante,3P_visitante,2P_visitante,LL_visitante,RT_visitante,RO_visitante,RD_visitante,AS_visitante,ER_visitante,IA%_visitante,3PC_visitante,3PT_visitante,3P%_visitante,2PC_visitante,2PT_visitante,2P%_visitante,LLC_visitante,LLT_visitante,LL%_visitante,EN_visitante,BR_visitante,B/E_visitante,TO_visitante,FC_visitante,T/FC_visitante,ET_visitante,VI_visitante,EF_visitante
62,76,2022-11-17,5,1,2022-2023,Paulistano,Pinheiros,72.33333333333333,22.4,37.6,12.333333333333334,37.46666666666667,11.933333333333334,25.533333333333335,15.6,12.4,1.5193333333333332,7.466666666666667,23.933333333333334,31.59,18.8,39.666666666666664,48.414666666666655,12.333333333333334,16.266666666666666,75.74466666666667,1.5333333333333334,7.066666666666666,0.7306666666666668,1.9333333333333333,18.733333333333334,0.10533333333333333,12.4,2.0,80.73333333333333,80.73266666666667,29.2,39.86666666666667,11.666,41.39933333333333,13.466666666666667,27.932666666666666,18.13266666666667,12.333333333333334,1.4980000000000002,9.732666666666667,28.999333333333333,34.02,19.933333333333334,41.93333333333333,47.618,11.666,15.532666666666668,73.86133333333332,1.5993333333333335,7.599333333333333,0.6333333333333334,3.066666666666667,17.067333333333334,0.18333333333333332,12.333333333333334,1.934,93.466
