placar_casa,placar_visitante,data,round,stage,ano,equipe_casa,equipe_visitante,Pts_casa,3P_casa,2P_casa,LL_casa,RT_casa,RO_casa,RD_casa,AS_casa,ER_casa,IA%_casa,3PC_casa,3PT_casa,3P%_casa,2PC_casa,2PT_casa,2P%_casa,LLC_casa,LLT_casa,LL%_casa,EN_casa,BR_casa,B/E_casa,TO_casa,FC_casa,T/FC_casa,ET_casa,VI_casa,EF_casa,Pts_visitante,3P_visitante,2P_visitante,LL_visitante,RT_visitante,RO_visitante,RD_visitante,AS_visitante,ER_visitante,IA%_visitante,3PC_visitante,3PT_visitante,3P%_visitante,2PC_visitante,2PT_visitante,2P%_visitante,LLC_visitante,LLT_visitante,LL%_visitante,EN_visitante,BR_visitante,B/E_visitante,TO_visitante,FC_visitante,T/FC_visitante,ET_visitante,VI_visitante,EF_visitante
86,91,2022-12-10,8,1,2022-2023,União Corinthians,Corinthians,75.10133333333333,33.8,31.8,9.499333333333334,33.79933333333333,9.068000000000001,24.733333333333334,17.634000000000004,13.399333333333336,1.3920000000000001,11.265333333333334,32.468,34.82333333333334,15.900000000000002,33.56666666666667,47.38933333333333,9.499333333333334,12.366666666666665,76.86866666666667,1.4326666666666663,6.432666666666666,0.4886666666666668,2.1,20.39933333333333,0.10266666666666667,13.399333333333336,2.433333333333334,79.93333333333334,80.1,29.2,38.0,12.9,41.0,10.6,30.4,16.1,16.133333333333333,1.0706666666666667,9.733333333333333,29.066666666666666,32.912666666666674,19.0,32.86666666666667,57.70600000000001,12.9,17.5,73.08866666666667,3.066666666666667,6.1,0.39399999999999996,3.433333333333333,18.066666666666666,0.19333333333333333,16.133333333333333,3.966666666666667,92.8
