placar_casa,placar_visitante,data,round,stage,ano,equipe_casa,equipe_visitante,Pts_casa,3P_casa,2P_casa,LL_casa,RT_casa,RO_casa,RD_casa,AS_casa,ER_casa,IA%_casa,3PC_casa,3PT_casa,3P%_casa,2PC_casa,2PT_casa,2P%_casa,LLC_casa,LLT_casa,LL%_casa,EN_casa,BR_casa,B/E_casa,TO_casa,FC_casa,T/FC_casa,ET_casa,VI_casa,EF_casa,Pts_visitante,3P_visitante,2P_visitante,LL_visitante,RT_visitante,RO_visitante,RD_visitante,AS_visitante,ER_visitante,IA%_visitante,3PC_visitante,3PT_visitante,3P%_visitante,2PC_visitante,2PT_visitante,2P%_visitante,LLC_visitante,LLT_visitante,LL%_visitante,EN_visitante,BR_visitante,B/E_visitante,TO_visitante,FC_visitante,T/FC_visitante,ET_visitante,VI_visitante,EF_visitante
72,78,2022-11-27,7,1,2022-2023,União Corinthians,Paulistano,74.80066666666666,32.4,32.93266666666666,9.466000000000001,34.53333333333333,8.934,25.59933333333333,16.8,12.333333333333334,1.428,10.799333333333333,30.934000000000005,34.634,16.467333333333332,35.599333333333334,46.436666666666675,9.466000000000001,13.599333333333336,72.31733333333334,1.4666666666666666,6.066666666666666,0.506,1.8666666666666667,20.466666666666665,0.09000000000000002,12.333333333333334,1.9326666666666663,78.33399999999999,70.73333333333333,22.6,37.333333333333336,10.8,37.2,13.2,24.0,15.866666666666667,11.266666666666667,1.5939999999999999,7.533333333333333,25.266666666666666,30.54866666666667,18.666666666666668,40.53333333333333,46.98199999999999,10.8,14.666666666666666,72.62333333333335,1.7333333333333334,7.2,0.7846666666666666,2.4,19.066666666666666,0.12933333333333333,11.266666666666667,1.7333333333333334,78.66666666666667
