placar_casa,placar_visitante,data,round,stage,ano,equipe_casa,equipe_visitante,Pts_casa,3P_casa,2P_casa,LL_casa,RT_casa,RO_casa,RD_casa,AS_casa,ER_casa,IA%_casa,3PC_casa,3PT_casa,3P%_casa,2PC_casa,2PT_casa,2P%_casa,LLC_casa,LLT_casa,LL%_casa,EN_casa,BR_casa,B/E_casa,TO_casa,FC_casa,T/FC_casa,ET_casa,VI_casa,EF_casa,Pts_visitante,3P_visitante,2P_visitante,LL_visitante,RT_visitante,RO_visitante,RD_visitante,AS_visitante,ER_visitante,IA%_visitante,3PC_visitante,3PT_visitante,3P%_visitante,2PC_visitante,2PT_visitante,2P%_visitante,LLC_visitante,LLT_visitante,LL%_visitante,EN_visitante,BR_visitante,B/E_visitante,TO_visitante,FC_visitante,T/FC_visitante,ET_visitante,VI_visitante,EF_visitante
92,94,2022-10-24,3,1,2022-2023,Minas,Sesi Franca,75.46666666666667,26.0,35.6,13.866666666666667,36.2,10.0,26.2,15.2,14.6,1.0906666666666667,8.666666666666666,26.066666666666666,33.36533333333333,17.8,34.0,52.775999999999996,13.866666666666667,17.466666666666665,79.18800000000002,2.6,6.066666666666666,0.4433333333333333,2.3333333333333335,18.133333333333333,0.13466666666666666,14.6,3.4,83.46666666666667,82.26666666666667,32.9,35.53333333333333,13.833333333333334,43.3,10.8,32.5,16.766666666666666,12.066666666666666,1.4613333333333334,10.966666666666667,31.1,35.239333333333335,17.766666666666666,34.333333333333336,52.228,13.833333333333334,19.0,73.12933333333334,1.9333333333333333,5.2,0.4619999999999999,2.7666666666666666,19.366666666666667,0.15000000000000002,12.066666666666666,1.9,96.36666666666666
