placar_casa,placar_visitante,data,round,stage,ano,equipe_casa,equipe_visitante,Pts_casa,3P_casa,2P_casa,LL_casa,RT_casa,RO_casa,RD_casa,AS_casa,ER_casa,IA%_casa,3PC_casa,3PT_casa,3P%_casa,2PC_casa,2PT_casa,2P%_casa,LLC_casa,LLT_casa,LL%_casa,EN_casa,BR_casa,B/E_casa,TO_casa,FC_casa,T/FC_casa,ET_casa,VI_casa,EF_casa,Pts_visitante,3P_visitante,2P_visitante,LL_visitante,RT_visitante,RO_visitante,RD_visitante,AS_visitante,ER_visitante,IA%_visitante,3PC_visitante,3PT_visitante,3P%_visitante,2PC_visitante,2PT_visitante,2P%_visitante,LLC_visitante,LLT_visitante,LL%_visitante,EN_visitante,BR_visitante,B/E_visitante,TO_visitante,FC_visitante,T/FC_visitante,ET_visitante,VI_visitante,EF_visitante
83,74,2022-10-27,3,1,2022-2023,Coop/São José Basketball,Fortaleza B. C. / CFO,88.33333333333333,28.4,46.13333333333333,13.8,34.333333333333336,10.466666666666667,23.866666666666667,21.4,13.466666666666667,1.7493333333333332,9.466666666666667,26.266666666666666,36.544666666666664,23.066666666666666,41.0,56.47333333333333,13.8,18.866666666666667,72.70933333333333,0.9333333333333333,7.2,0.598,1.4666666666666666,21.4,0.07133333333333333,13.466666666666667,2.066666666666667,99.4,74.93333333333334,20.5,42.333333333333336,12.1,38.233333333333334,11.533333333333333,26.7,13.933333333333334,13.6,1.0426666666666669,6.833333333333333,24.666666666666668,27.87866666666666,21.166666666666668,40.766666666666666,52.288000000000004,12.1,21.966666666666665,55.45333333333333,1.4666666666666666,8.4,0.64,2.6,20.633333333333333,0.12533333333333335,13.6,2.7666666666666666,77.2
