placar_casa,placar_visitante,data,round,stage,ano,equipe_casa,equipe_visitante,Pts_casa,3P_casa,2P_casa,LL_casa,RT_casa,RO_casa,RD_casa,AS_casa,ER_casa,IA%_casa,3PC_casa,3PT_casa,3P%_casa,2PC_casa,2PT_casa,2P%_casa,LLC_casa,LLT_casa,LL%_casa,EN_casa,BR_casa,B/E_casa,TO_casa,FC_casa,T/FC_casa,ET_casa,VI_casa,EF_casa,Pts_visitante,3P_visitante,2P_visitante,LL_visitante,RT_visitante,RO_visitante,RD_visitante,AS_visitante,ER_visitante,IA%_visitante,3PC_visitante,3PT_visitante,3P%_visitante,2PC_visitante,2PT_visitante,2P%_visitante,LLC_visitante,LLT_visitante,LL%_visitante,EN_visitante,BR_visitante,B/E_visitante,TO_visitante,FC_visitante,T/FC_visitante,ET_visitante,VI_visitante,EF_visitante
80,93,2022-12-13,9,1,2022-2023,Cerrado,Paulistano,80.56666666666666,34.1,32.2,14.266666666666667,37.96666666666667,10.933333333333334,27.033333333333335,15.033333333333333,14.866666666666667,1.0659999999999998,11.366666666666667,32.96666666666667,34.24066666666667,16.1,32.46666666666667,50.398,14.266666666666667,20.333333333333332,69.39866666666667,1.8333333333333333,6.233333333333333,0.42733333333333334,2.433333333333333,17.7,0.1386666666666667,14.866666666666667,2.933333333333333,83.33333333333333,71.6,23.4,38.13333333333333,10.066666666666666,37.86666666666667,13.866666666666667,24.0,15.666666666666666,11.6,1.442,7.8,26.0,30.588000000000008,19.066666666666666,41.06666666666667,47.23666666666667,10.066666666666666,14.266666666666667,70.04066666666668,1.4666666666666666,7.4,0.7046666666666667,2.3333333333333335,19.2,0.126,11.6,1.5333333333333334,78.86666666666666
