placar_casa,placar_visitante,data,round,stage,ano,equipe_casa,equipe_visitante,Pts_casa,3P_casa,2P_casa,LL_casa,RT_casa,RO_casa,RD_casa,AS_casa,ER_casa,IA%_casa,3PC_casa,3PT_casa,3P%_casa,2PC_casa,2PT_casa,2P%_casa,LLC_casa,LLT_casa,LL%_casa,EN_casa,BR_casa,B/E_casa,TO_casa,FC_casa,T/FC_casa,ET_casa,VI_casa,EF_casa,Pts_visitante,3P_visitante,2P_visitante,LL_visitante,RT_visitante,RO_visitante,RD_visitante,AS_visitante,ER_visitante,IA%_visitante,3PC_visitante,3PT_visitante,3P%_visitante,2PC_visitante,2PT_visitante,2P%_visitante,LLC_visitante,LLT_visitante,LL%_visitante,EN_visitante,BR_visitante,B/E_visitante,TO_visitante,FC_visitante,T/FC_visitante,ET_visitante,VI_visitante,EF_visitante
93,91,2013-04-01,18,2,2012-2013,Pinheiros,Flamengo,86.39823008849558,33.876106194690266,41.29203539823009,17.17699115044248,30.23008849557522,8.026548672566372,22.20353982300885,15.530973451327434,13.070796460176991,1.2656637168141593,9.309734513274336,24.17699115044248,38.741238938053094,20.646017699115045,36.823008849557525,56.19026548672565,17.17699115044248,22.938053097345133,74.55088495575222,2.3451327433628317,7.185840707964601,0.5801769911504424,2.3716814159292037,19.805309734513273,0.12522123893805312,13.070796460176991,1.920353982300885,95.30088495575221,90.33884297520662,37.8099173553719,45.68595041322314,17.40495867768595,32.50413223140496,8.148760330578513,24.355371900826448,15.421487603305785,11.950413223140496,1.4627272727272724,9.082644628099173,23.31404958677686,39.10603305785124,22.84297520661157,39.52892561983471,58.04181818181817,17.40495867768595,23.0,75.73768595041322,1.7685950413223142,7.917355371900826,0.7322314049586778,1.7272727272727273,19.570247933884296,0.08991735537190083,11.950413223140496,1.512396694214876,102.45454545454545
