placar_casa,placar_visitante,data,round,stage,ano,equipe_casa,equipe_visitante,Pts_casa,3P_casa,2P_casa,LL_casa,RT_casa,RO_casa,RD_casa,AS_casa,ER_casa,IA%_casa,3PC_casa,3PT_casa,3P%_casa,2PC_casa,2PT_casa,2P%_casa,LLC_casa,LLT_casa,LL%_casa,EN_casa,BR_casa,B/E_casa,TO_casa,FC_casa,T/FC_casa,ET_casa,VI_casa,EF_casa,Pts_visitante,3P_visitante,2P_visitante,LL_visitante,RT_visitante,RO_visitante,RD_visitante,AS_visitante,ER_visitante,IA%_visitante,3PC_visitante,3PT_visitante,3P%_visitante,2PC_visitante,2PT_visitante,2P%_visitante,LLC_visitante,LLT_visitante,LL%_visitante,EN_visitante,BR_visitante,B/E_visitante,TO_visitante,FC_visitante,T/FC_visitante,ET_visitante,VI_visitante,EF_visitante
94,92,2010-01-29,13,1,2009-2010,Assis,Pinheiros,75.02777777777777,22.833333333333332,34.27777777777778,17.916666666666668,29.52777777777778,8.222222222222221,21.305555555555557,11.0,13.027777777777779,0.9727777777777781,7.611111111111111,22.47222222222222,33.933611111111105,17.13888888888889,33.333333333333336,51.47277777777777,17.916666666666668,25.333333333333332,71.05111111111111,1.5,5.944444444444445,0.48305555555555557,3.0555555555555554,20.11111111111111,0.15527777777777776,13.027777777777779,0.75,73.05555555555556,87.12820512820512,28.923076923076923,40.205128205128204,18.0,31.71794871794872,9.076923076923077,22.641025641025642,15.179487179487179,13.128205128205128,1.2171794871794874,9.64102564102564,24.53846153846154,39.81999999999999,20.102564102564102,36.94871794871795,54.513076923076916,18.0,24.102564102564102,74.95871794871796,2.7948717948717947,7.358974358974359,0.5833333333333333,2.0,18.384615384615383,0.11743589743589744,13.128205128205128,0.5128205128205128,92.41025641025641
