placar_casa,placar_visitante,data,round,stage,ano,equipe_casa,equipe_visitante,Pts_casa,3P_casa,2P_casa,LL_casa,RT_casa,RO_casa,RD_casa,AS_casa,ER_casa,IA%_casa,3PC_casa,3PT_casa,3P%_casa,2PC_casa,2PT_casa,2P%_casa,LLC_casa,LLT_casa,LL%_casa,EN_casa,BR_casa,B/E_casa,TO_casa,FC_casa,T/FC_casa,ET_casa,VI_casa,EF_casa,Pts_visitante,3P_visitante,2P_visitante,LL_visitante,RT_visitante,RO_visitante,RD_visitante,AS_visitante,ER_visitante,IA%_visitante,3PC_visitante,3PT_visitante,3P%_visitante,2PC_visitante,2PT_visitante,2P%_visitante,LLC_visitante,LLT_visitante,LL%_visitante,EN_visitante,BR_visitante,B/E_visitante,TO_visitante,FC_visitante,T/FC_visitante,ET_visitante,VI_visitante,EF_visitante
90,78,2015-04-10,1,3,2014-2015,Minas,Macaé Basquete,79.33333333333333,27.89830508474576,42.610169491525426,15.757062146892656,31.824858757062145,9.305084745762711,22.519774011299436,15.474576271186441,13.903954802259888,1.2008474576271186,6.988700564971752,20.045197740112993,34.75384180790961,21.305084745762713,40.16949152542373,53.1461581920904,15.757062146892656,20.966101694915253,75.15858757062144,1.305084745762712,7.887005649717514,0.6062146892655367,2.5084745762711864,21.175141242937855,0.12485875706214702,13.903954802259888,2.231638418079096,87.54802259887006,79.6774193548387,24.43548387096774,38.61290322580645,16.629032258064516,31.548387096774192,8.306451612903226,23.241935483870968,14.016129032258064,13.064516129032258,1.2843548387096768,8.14516129032258,21.483870967741936,37.796935483870975,19.306451612903224,37.24193548387097,51.992419354838724,16.629032258064516,21.129032258064516,79.24806451612902,1.3225806451612903,8.758064516129032,0.8035483870967745,1.467741935483871,21.70967741935484,0.06967741935483873,13.064516129032258,3.0806451612903225,86.62903225806451
