placar_casa,placar_visitante,data,round,stage,ano,equipe_casa,equipe_visitante,Pts_casa,3P_casa,2P_casa,LL_casa,RT_casa,RO_casa,RD_casa,AS_casa,ER_casa,IA%_casa,3PC_casa,3PT_casa,3P%_casa,2PC_casa,2PT_casa,2P%_casa,LLC_casa,LLT_casa,LL%_casa,EN_casa,BR_casa,B/E_casa,TO_casa,FC_casa,T/FC_casa,ET_casa,VI_casa,EF_casa,Pts_visitante,3P_visitante,2P_visitante,LL_visitante,RT_visitante,RO_visitante,RD_visitante,AS_visitante,ER_visitante,IA%_visitante,3PC_visitante,3PT_visitante,3P%_visitante,2PC_visitante,2PT_visitante,2P%_visitante,LLC_visitante,LLT_visitante,LL%_visitante,EN_visitante,BR_visitante,B/E_visitante,TO_visitante,FC_visitante,T/FC_visitante,ET_visitante,VI_visitante,EF_visitante
89,58,2023-11-02,3,1,2023-2024,UNIFACISA,Bauru Basket,80.17376811594202,29.608695652173914,38.2463768115942,12.319130434782608,36.70992753623188,10.195362318840576,26.514782608695654,16.231956521739132,12.891304347826088,1.3324637681159424,9.869420289855071,27.891449275362323,35.211159420289846,19.1231884057971,37.11594202898551,51.64050724637683,12.319130434782608,16.543623188405792,74.02688405797097,1.3405072463768117,7.202971014492754,0.5923913043478258,1.7755797101449278,20.029130434782612,0.09079710144927534,12.891304347826088,2.289927536231884,88.94942028985507,81.4804793028322,31.035947712418302,38.31801742919391,14.49239651416122,34.56204793028322,9.362854030501092,25.199455337690633,16.18082788671024,12.079607843137257,1.459716775599126,9.556601307189542,26.35834422657952,36.461067538126365,19.159106753812637,35.60786492374728,54.17570806100218,14.49239651416122,19.399782135076254,74.67566448801738,1.379193899782135,7.574074074074074,0.6755337690631802,1.7613507625272342,18.998823529411762,0.09610021786492377,12.079607843137257,2.1721568627450973,91.99884531590418
