placar_casa,placar_visitante,data,round,stage,ano,equipe_casa,equipe_visitante,Pts_casa,3P_casa,2P_casa,LL_casa,RT_casa,RO_casa,RD_casa,AS_casa,ER_casa,IA%_casa,3PC_casa,3PT_casa,3P%_casa,2PC_casa,2PT_casa,2P%_casa,LLC_casa,LLT_casa,LL%_casa,EN_casa,BR_casa,B/E_casa,TO_casa,FC_casa,T/FC_casa,ET_casa,VI_casa,EF_casa,Pts_visitante,3P_visitante,2P_visitante,LL_visitante,RT_visitante,RO_visitante,RD_visitante,AS_visitante,ER_visitante,IA%_visitante,3PC_visitante,3PT_visitante,3P%_visitante,2PC_visitante,2PT_visitante,2P%_visitante,LLC_visitante,LLT_visitante,LL%_visitante,EN_visitante,BR_visitante,B/E_visitante,TO_visitante,FC_visitante,T/FC_visitante,ET_visitante,VI_visitante,EF_visitante
95,87,2024-05-12,4,4,2023-2024,R10 Score Vasco da Gama,Bauru Basket,75.1301,25.02,35.259899999999995,14.849900000000002,35.3899,9.67,25.7199,17.6399,14.850099999999998,1.2516000000000005,8.3401,25.160100000000003,33.15780000000003,17.630100000000002,34.9799,50.762800000000006,14.849900000000002,19.930100000000003,74.83099999999999,1.13,6.9501,0.48250000000000015,1.7501,20.8,0.08629999999999997,14.850099999999998,3.17,82.74,81.50509054325953,30.875251509054326,38.47881287726359,14.336016096579478,34.57740442655936,9.348189134808855,25.229456740442657,16.442655935613683,12.128853118712275,1.4717706237424526,9.563360160965795,26.456720321931588,36.33696177062377,19.23949698189135,35.65191146881289,54.33364185110667,14.336016096579478,19.191146881287725,74.6507645875251,1.4105633802816901,7.585533199195171,0.6720120724346074,1.7785915492957756,19.116639839034203,0.09627766599597591,12.128853118712275,2.1811066398390335,92.22527162977872
