placar_casa,placar_visitante,data,round,stage,ano,equipe_casa,equipe_visitante,Pts_casa,3P_casa,2P_casa,LL_casa,RT_casa,RO_casa,RD_casa,AS_casa,ER_casa,IA%_casa,3PC_casa,3PT_casa,3P%_casa,2PC_casa,2PT_casa,2P%_casa,LLC_casa,LLT_casa,LL%_casa,EN_casa,BR_casa,B/E_casa,TO_casa,FC_casa,T/FC_casa,ET_casa,VI_casa,EF_casa,Pts_visitante,3P_visitante,2P_visitante,LL_visitante,RT_visitante,RO_visitante,RD_visitante,AS_visitante,ER_visitante,IA%_visitante,3PC_visitante,3PT_visitante,3P%_visitante,2PC_visitante,2PT_visitante,2P%_visitante,LLC_visitante,LLT_visitante,LL%_visitante,EN_visitante,BR_visitante,B/E_visitante,TO_visitante,FC_visitante,T/FC_visitante,ET_visitante,VI_visitante,EF_visitante
82,68,2024-02-16,5,2,2023-2024,Coop/São José Basketball,Caxias do Sul Basquete,80.12355113636364,27.933238636363637,40.55110795454545,14.681818181818182,34.01840909090909,9.539801136363637,24.478693181818183,17.418977272727272,13.852244318181818,1.3587215909090913,8.296875,24.07380681818182,34.55991477272726,20.275596590909092,37.87923295454545,53.71491477272729,14.681818181818182,19.509943181818183,74.60906249999996,1.0241761363636364,7.139204545454546,0.5440056818181817,2.1448863636363638,19.9659375,0.11480113636363644,13.852244318181818,2.1946306818181816,89.63920454545455,72.46497297297297,22.97027027027027,35.616324324324324,13.878540540540541,34.14848648648648,9.227027027027024,24.921459459459456,14.592054054054053,14.113513513513515,1.082756756756757,7.656864864864867,24.2567027027027,31.660648648648632,17.807999999999996,36.52713513513514,48.85421621621621,13.878540540540541,19.71356756756757,70.17443243243238,1.1997837837837841,7.689297297297296,0.5596756756756758,1.8432972972972979,21.20248648648648,0.09102702702702704,14.113513513513515,2.9891891891891893,75.47027027027028
