placar_casa,placar_visitante,data,round,stage,ano,equipe_casa,equipe_visitante,Pts_casa,3P_casa,2P_casa,LL_casa,RT_casa,RO_casa,RD_casa,AS_casa,ER_casa,IA%_casa,3PC_casa,3PT_casa,3P%_casa,2PC_casa,2PT_casa,2P%_casa,LLC_casa,LLT_casa,LL%_casa,EN_casa,BR_casa,B/E_casa,TO_casa,FC_casa,T/FC_casa,ET_casa,VI_casa,EF_casa,Pts_visitante,3P_visitante,2P_visitante,LL_visitante,RT_visitante,RO_visitante,RD_visitante,AS_visitante,ER_visitante,IA%_visitante,3PC_visitante,3PT_visitante,3P%_visitante,2PC_visitante,2PT_visitante,2P%_visitante,LLC_visitante,LLT_visitante,LL%_visitante,EN_visitante,BR_visitante,B/E_visitante,TO_visitante,FC_visitante,T/FC_visitante,ET_visitante,VI_visitante,EF_visitante
60,89,2017-01-12,15,1,2016-2017,Minas,Flamengo,78.42290748898678,26.061674008810574,42.37885462555066,15.387665198237885,32.88986784140969,9.678414096916299,23.211453744493394,15.52863436123348,14.211453744493392,1.1820704845814982,6.88546255506608,20.079295154185022,34.27321585903084,21.18942731277533,40.22907488986784,52.807709251101315,15.387665198237885,20.814977973568283,73.76361233480175,1.4140969162995596,7.973568281938326,0.6026431718061672,2.449339207048458,21.281938325991188,0.12057268722466971,14.211453744493392,2.6299559471365637,86.59911894273128,88.22932330827068,32.15413533834587,44.03007518796993,16.849624060150376,34.432330827067666,9.131578947368421,25.30075187969925,16.654135338345863,12.225563909774436,1.5179323308270676,9.11654135338346,23.853383458646615,38.341616541353375,22.015037593984964,38.890977443609025,56.788233082706746,16.849624060150376,22.12406015037594,76.05409774436086,1.7781954887218046,8.665413533834586,0.7758646616541354,1.8796992481203008,19.582706766917294,0.09984962406015038,12.225563909774436,1.8157894736842106,102.11654135338345
