placar_casa,placar_visitante,data,round,stage,ano,equipe_casa,equipe_visitante,Pts_casa,3P_casa,2P_casa,LL_casa,RT_casa,RO_casa,RD_casa,AS_casa,ER_casa,IA%_casa,3PC_casa,3PT_casa,3P%_casa,2PC_casa,2PT_casa,2P%_casa,LLC_casa,LLT_casa,LL%_casa,EN_casa,BR_casa,B/E_casa,TO_casa,FC_casa,T/FC_casa,ET_casa,VI_casa,EF_casa,Pts_visitante,3P_visitante,2P_visitante,LL_visitante,RT_visitante,RO_visitante,RD_visitante,AS_visitante,ER_visitante,IA%_visitante,3PC_visitante,3PT_visitante,3P%_visitante,2PC_visitante,2PT_visitante,2P%_visitante,LLC_visitante,LLT_visitante,LL%_visitante,EN_visitante,BR_visitante,B/E_visitante,TO_visitante,FC_visitante,T/FC_visitante,ET_visitante,VI_visitante,EF_visitante
79,67,2021-11-05,3,1,2021-2022,Minas,Pato Basquete,79.62388059701493,26.561194029850746,41.45967164179105,15.265611940298506,34.60155223880597,10.038746268656714,24.562716417910448,16.216358208955224,14.129761194029848,1.2351343283582097,7.632895522388061,22.089671641791046,34.53435820895521,20.729880597014926,39.319343283582086,52.822567164179084,15.265611940298506,20.644716417910445,73.6746567164178,1.4597014925373135,7.62689552238806,0.5734925373134321,2.3626865671641792,21.428417910447763,0.11555223880597028,14.129761194029848,2.574537313432837,88.67614925373132,72.575,21.675,37.05016666666667,13.85033333333333,35.61616666666666,10.725000000000001,24.89216666666667,15.683333333333332,14.349999999999994,1.1961666666666666,7.224833333333332,23.399666666666665,30.930333333333333,18.524833333333333,39.99183333333334,46.18733333333333,13.85033333333333,19.99183333333333,69.2085,1.1836666666666669,7.458500000000001,0.5418333333333335,1.7920000000000003,21.966333333333335,0.08366666666666664,14.349999999999994,2.9250000000000003,74.975
