placar_casa,placar_visitante,data,round,stage,ano,equipe_casa,equipe_visitante,Pts_casa,3P_casa,2P_casa,LL_casa,RT_casa,RO_casa,RD_casa,AS_casa,ER_casa,IA%_casa,3PC_casa,3PT_casa,3P%_casa,2PC_casa,2PT_casa,2P%_casa,LLC_casa,LLT_casa,LL%_casa,EN_casa,BR_casa,B/E_casa,TO_casa,FC_casa,T/FC_casa,ET_casa,VI_casa,EF_casa,Pts_visitante,3P_visitante,2P_visitante,LL_visitante,RT_visitante,RO_visitante,RD_visitante,AS_visitante,ER_visitante,IA%_visitante,3PC_visitante,3PT_visitante,3P%_visitante,2PC_visitante,2PT_visitante,2P%_visitante,LLC_visitante,LLT_visitante,LL%_visitante,EN_visitante,BR_visitante,B/E_visitante,TO_visitante,FC_visitante,T/FC_visitante,ET_visitante,VI_visitante,EF_visitante
84,68,2021-11-12,4,1,2021-2022,Bauru Basket,UNIFACISA,82.16153645833329,31.04296875,38.900989583333335,15.045625000000001,34.757734375,9.576953125000003,25.181093750000002,15.979140625,12.217500000000001,1.4352864583333316,9.404947916666666,25.765572916666667,36.751145833333375,19.45057291666667,36.134088541666664,54.28328124999999,15.045625000000001,20.169270833333332,74.69773437499998,1.3724739583333339,7.6328385416666675,0.6788020833333331,1.7825000000000006,19.0715625,0.09651041666666658,12.217500000000001,2.1511197916666656,92.73820312500004,82.28539682539682,29.285714285714285,40.507936507936506,12.49269841269841,37.1979365079365,10.578730158730155,26.619682539682547,17.88111111111111,13.3015873015873,1.41968253968254,9.761587301587298,27.325714285714287,35.73349206349206,20.253968253968257,38.84126984126984,52.24952380952383,12.49269841269841,16.69873015873015,73.8888888888889,1.452222222222222,7.206507936507938,0.5736507936507935,2.1750793650793656,20.460634920634924,0.1106349206349206,13.3015873015873,2.381111111111111,93.05587301587302
