placar_casa,placar_visitante,data,round,stage,ano,equipe_casa,equipe_visitante,Pts_casa,3P_casa,2P_casa,LL_casa,RT_casa,RO_casa,RD_casa,AS_casa,ER_casa,IA%_casa,3PC_casa,3PT_casa,3P%_casa,2PC_casa,2PT_casa,2P%_casa,LLC_casa,LLT_casa,LL%_casa,EN_casa,BR_casa,B/E_casa,TO_casa,FC_casa,T/FC_casa,ET_casa,VI_casa,EF_casa,Pts_visitante,3P_visitante,2P_visitante,LL_visitante,RT_visitante,RO_visitante,RD_visitante,AS_visitante,ER_visitante,IA%_visitante,3PC_visitante,3PT_visitante,3P%_visitante,2PC_visitante,2PT_visitante,2P%_visitante,LLC_visitante,LLT_visitante,LL%_visitante,EN_visitante,BR_visitante,B/E_visitante,TO_visitante,FC_visitante,T/FC_visitante,ET_visitante,VI_visitante,EF_visitante
76,63,2018-12-05,8,1,2018-2019,Fortaleza B. C. / CFO,Brasília,77.25703910614526,31.106145251396647,39.06150837988827,13.675977653631286,34.9777094972067,10.346368715083798,24.631340782122905,13.569888268156426,12.731787709497205,1.1956983240223469,8.1731843575419,24.59212290502793,33.534916201117305,19.530670391061452,39.13966480446928,50.03782122905028,13.675977653631286,19.139608938547486,71.28195530726256,1.4413966480446927,8.843575418994414,0.7725139664804466,2.430111731843575,20.391117318435754,0.12234636871508377,12.731787709497205,2.6759776536312847,84.01111731843575,85.63380281690141,30.285211267605632,42.11267605633803,16.214788732394368,34.38380281690141,9.285211267605634,25.098591549295776,17.066901408450704,13.53169014084507,1.4210915492957752,9.102112676056338,24.845070422535212,36.53098591549294,21.056338028169016,37.852112676056336,55.865035211267625,16.214788732394368,20.753521126760564,78.15693661971827,1.6971830985915493,7.697183098591549,0.6305633802816897,2.971830985915493,21.661971830985916,0.14651408450704223,13.53169014084507,2.0422535211267605,98.37676056338029
