placar_casa,placar_visitante,data,round,stage,ano,equipe_casa,equipe_visitante,Pts_casa,3P_casa,2P_casa,LL_casa,RT_casa,RO_casa,RD_casa,AS_casa,ER_casa,IA%_casa,3PC_casa,3PT_casa,3P%_casa,2PC_casa,2PT_casa,2P%_casa,LLC_casa,LLT_casa,LL%_casa,EN_casa,BR_casa,B/E_casa,TO_casa,FC_casa,T/FC_casa,ET_casa,VI_casa,EF_casa,Pts_visitante,3P_visitante,2P_visitante,LL_visitante,RT_visitante,RO_visitante,RD_visitante,AS_visitante,ER_visitante,IA%_visitante,3PC_visitante,3PT_visitante,3P%_visitante,2PC_visitante,2PT_visitante,2P%_visitante,LLC_visitante,LLT_visitante,LL%_visitante,EN_visitante,BR_visitante,B/E_visitante,TO_visitante,FC_visitante,T/FC_visitante,ET_visitante,VI_visitante,EF_visitante
62,66,2017-02-01,18,1,2016-2017,Minas,Fortaleza B. C. / CFO,78.26521739130435,26.02173913043478,42.21739130434783,15.360869565217392,32.87826086956522,9.660869565217391,23.217391304347824,15.517391304347827,14.265217391304347,1.1774782608695658,6.895652173913043,20.14782608695652,34.24073913043478,21.108695652173914,40.1695652173913,52.66230434782608,15.360869565217392,20.73913043478261,73.95247826086955,1.4130434782608696,8.008695652173913,0.6026086956521737,2.4478260869565216,21.295652173913044,0.12065217391304359,14.265217391304347,2.6478260869565218,86.35217391304347,77.96688741721854,32.10596026490066,39.89403973509934,13.774834437086092,34.54304635761589,10.304635761589404,24.23841059602649,13.57615894039735,12.3841059602649,1.2384105960264902,8.099337748344372,24.31788079470199,33.683642384105944,19.94701986754967,39.45695364238411,50.664635761589416,13.774834437086092,19.13907284768212,71.86390728476822,1.4370860927152318,9.185430463576159,0.8240397350993377,2.4304635761589406,20.278145695364238,0.12317880794701985,12.3841059602649,2.6026490066225167,85.60264900662251
