placar_casa,placar_visitante,data,round,stage,ano,equipe_casa,equipe_visitante,Pts_casa,3P_casa,2P_casa,LL_casa,RT_casa,RO_casa,RD_casa,AS_casa,ER_casa,IA%_casa,3PC_casa,3PT_casa,3P%_casa,2PC_casa,2PT_casa,2P%_casa,LLC_casa,LLT_casa,LL%_casa,EN_casa,BR_casa,B/E_casa,TO_casa,FC_casa,T/FC_casa,ET_casa,VI_casa,EF_casa,Pts_visitante,3P_visitante,2P_visitante,LL_visitante,RT_visitante,RO_visitante,RD_visitante,AS_visitante,ER_visitante,IA%_visitante,3PC_visitante,3PT_visitante,3P%_visitante,2PC_visitante,2PT_visitante,2P%_visitante,LLC_visitante,LLT_visitante,LL%_visitante,EN_visitante,BR_visitante,B/E_visitante,TO_visitante,FC_visitante,T/FC_visitante,ET_visitante,VI_visitante,EF_visitante
92,70,2019-02-13,6,2,2018-2019,Pinheiros,Joinville / AABJ,83.87078231292516,29.03061224489796,40.65309523809524,16.472789115646258,33.411530612244896,9.360578231292518,24.051054421768708,15.537380952380952,13.234659863945577,1.2617346938775509,8.914931972789114,24.023843537414965,37.13465986394555,20.326496598639455,38.10884353741496,53.76153061224492,16.472789115646258,21.999965986394557,74.85183673469379,1.9965986394557824,8.13265306122449,0.64969387755102,2.5747959183673474,20.14969387755102,0.13374149659863935,13.234659863945577,2.336734693877551,93.20068027210884,76.6470588235294,31.764705882352942,33.646470588235296,11.235882352941175,35.64705882352941,11.41235294117647,24.23470588235294,14.058823529411764,13.471176470588235,1.1511764705882355,10.58764705882353,29.470588235294116,35.76411764705883,16.824117647058824,35.353529411764704,47.528823529411774,11.235882352941175,16.82294117647059,66.46705882352941,1.1758823529411766,7.353529411764705,0.5882352941176471,2.4711764705882353,20.58823529411765,0.11764705882352941,13.471176470588235,2.47,79.52941176470588
