placar_casa,placar_visitante,data,round,stage,ano,equipe_casa,equipe_visitante,Pts_casa,3P_casa,2P_casa,LL_casa,RT_casa,RO_casa,RD_casa,AS_casa,ER_casa,IA%_casa,3PC_casa,3PT_casa,3P%_casa,2PC_casa,2PT_casa,2P%_casa,LLC_casa,LLT_casa,LL%_casa,EN_casa,BR_casa,B/E_casa,TO_casa,FC_casa,T/FC_casa,ET_casa,VI_casa,EF_casa,Pts_visitante,3P_visitante,2P_visitante,LL_visitante,RT_visitante,RO_visitante,RD_visitante,AS_visitante,ER_visitante,IA%_visitante,3PC_visitante,3PT_visitante,3P%_visitante,2PC_visitante,2PT_visitante,2P%_visitante,LLC_visitante,LLT_visitante,LL%_visitante,EN_visitante,BR_visitante,B/E_visitante,TO_visitante,FC_visitante,T/FC_visitante,ET_visitante,VI_visitante,EF_visitante
80,88,2023-05-31,2,6,2022-2023,São Paulo,Sesi Franca,86.30992957746479,33.0,39.30971830985915,13.999788732394368,37.60584507042254,8.985774647887322,28.61964788732394,18.000070422535213,11.774718309859157,1.628732394366198,10.999999999999996,29.985915492957748,36.5380985915493,19.65507042253521,34.30281690140845,57.43528169014086,13.999788732394368,18.584225352112675,75.48267605633802,2.063380281690141,6.739436619718311,0.5984507042253515,2.3872535211267607,17.838169014084503,0.14211267605633793,11.774718309859157,1.91556338028169,101.04225352112677,82.79030905077262,29.278145695364238,41.192030905077274,15.783576158940395,34.39741721854305,9.194326710816778,25.20309050772627,16.240618101545255,13.143509933774835,1.3777924944812372,8.604768211920527,23.662273730684326,36.11143487858718,20.596048565121414,38.15671081677706,54.38684326710816,15.783576158940395,20.93823399558499,75.43172185430464,1.971258278145696,7.615938189845475,0.6215231788079472,2.531986754966887,19.982362030905076,0.1335099337748345,13.143509933774835,2.1015452538631347,93.48339955849892
