placar_casa,placar_visitante,data,round,stage,ano,equipe_casa,equipe_visitante,Pts_casa,3P_casa,2P_casa,LL_casa,RT_casa,RO_casa,RD_casa,AS_casa,ER_casa,IA%_casa,3PC_casa,3PT_casa,3P%_casa,2PC_casa,2PT_casa,2P%_casa,LLC_casa,LLT_casa,LL%_casa,EN_casa,BR_casa,B/E_casa,TO_casa,FC_casa,T/FC_casa,ET_casa,VI_casa,EF_casa,Pts_visitante,3P_visitante,2P_visitante,LL_visitante,RT_visitante,RO_visitante,RD_visitante,AS_visitante,ER_visitante,IA%_visitante,3PC_visitante,3PT_visitante,3P%_visitante,2PC_visitante,2PT_visitante,2P%_visitante,LLC_visitante,LLT_visitante,LL%_visitante,EN_visitante,BR_visitante,B/E_visitante,TO_visitante,FC_visitante,T/FC_visitante,ET_visitante,VI_visitante,EF_visitante
77,72,2022-12-21,10,1,2022-2023,Corinthians,Bauru Basket,79.8758394160584,28.773722627737225,37.4014598540146,13.70087591240876,37.42335766423358,10.715109489051097,26.70802919708029,17.025255474452553,13.543649635036495,1.334890510948906,9.591240875912408,27.240656934306564,35.245328467153286,18.7007299270073,36.635182481751826,51.28467153284673,13.70087591240876,18.01824817518248,76.12226277372262,1.7775182481751826,6.587518248175183,0.5106569343065698,2.2845985401459856,20.474598540145987,0.11503649635036495,13.543649635036495,2.284452554744526,89.70065693430656,81.74755244755241,31.065268065268064,38.564055944055944,14.64962703962704,34.695337995337994,9.463216783216787,25.232424242424244,16.086223776223775,12.107272727272727,1.4546620046620022,9.511258741258741,26.205081585081583,36.52440559440562,19.282097902097902,35.822051282051284,54.22801864801865,14.64962703962704,19.654242424242426,74.59289044289041,1.3660372960372964,7.561794871794873,0.6759207459207456,1.7668531468531474,18.995291375291373,0.09624708624708625,12.107272727272727,2.153916083916083,92.2369230769231
