placar_casa,placar_visitante,data,round,stage,ano,equipe_casa,equipe_visitante,Pts_casa,3P_casa,2P_casa,LL_casa,RT_casa,RO_casa,RD_casa,AS_casa,ER_casa,IA%_casa,3PC_casa,3PT_casa,3P%_casa,2PC_casa,2PT_casa,2P%_casa,LLC_casa,LLT_casa,LL%_casa,EN_casa,BR_casa,B/E_casa,TO_casa,FC_casa,T/FC_casa,ET_casa,VI_casa,EF_casa,Pts_visitante,3P_visitante,2P_visitante,LL_visitante,RT_visitante,RO_visitante,RD_visitante,AS_visitante,ER_visitante,IA%_visitante,3PC_visitante,3PT_visitante,3P%_visitante,2PC_visitante,2PT_visitante,2P%_visitante,LLC_visitante,LLT_visitante,LL%_visitante,EN_visitante,BR_visitante,B/E_visitante,TO_visitante,FC_visitante,T/FC_visitante,ET_visitante,VI_visitante,EF_visitante
81,94,2017-03-22,27,1,2016-2017,Fortaleza B. C. / CFO,Flamengo,77.7625,31.95,39.3875,13.79375,34.6375,10.2625,24.375,13.66875,12.5875,1.2237500000000003,8.19375,24.50625,33.795062499999986,19.69375,39.225,50.31268750000002,13.79375,19.25,71.47675,1.4125,9.10625,0.8056875,2.4375,20.3375,0.122875,12.5875,2.65,85.025,88.04659498207886,31.892473118279568,43.89964157706093,16.835125448028673,34.727598566308245,9.222222222222221,25.50537634408602,16.795698924731184,12.290322580645162,1.5162724014336917,9.10394265232975,23.91756272401434,38.160107526881724,21.949820788530467,38.81720430107527,56.742258064516115,16.835125448028673,22.129032258064516,75.99218637992827,1.7706093189964158,8.523297491039427,0.7587096774193548,1.9103942652329748,19.57347670250896,0.10139784946236559,12.290322580645162,1.874551971326165,102.04301075268818
