placar_casa,placar_visitante,data,round,stage,ano,equipe_casa,equipe_visitante,Pts_casa,3P_casa,2P_casa,LL_casa,RT_casa,RO_casa,RD_casa,AS_casa,ER_casa,IA%_casa,3PC_casa,3PT_casa,3P%_casa,2PC_casa,2PT_casa,2P%_casa,LLC_casa,LLT_casa,LL%_casa,EN_casa,BR_casa,B/E_casa,TO_casa,FC_casa,T/FC_casa,ET_casa,VI_casa,EF_casa,Pts_visitante,3P_visitante,2P_visitante,LL_visitante,RT_visitante,RO_visitante,RD_visitante,AS_visitante,ER_visitante,IA%_visitante,3PC_visitante,3PT_visitante,3P%_visitante,2PC_visitante,2PT_visitante,2P%_visitante,LLC_visitante,LLT_visitante,LL%_visitante,EN_visitante,BR_visitante,B/E_visitante,TO_visitante,FC_visitante,T/FC_visitante,ET_visitante,VI_visitante,EF_visitante
76,75,2015-02-04,5,2,2014-2015,Coop/São José Basketball,Rio Claro,80.50526315789473,30.50526315789474,39.93684210526316,15.7,32.94210526315789,9.357894736842105,23.58421052631579,16.46842105263158,13.93157894736842,1.282157894736841,8.289473684210526,23.731578947368423,34.89373684210527,19.96842105263158,37.17894736842105,53.8555263157895,15.7,20.542105263157893,75.96447368421052,0.8315789473684211,7.126315789473685,0.5393157894736841,2.2842105263157895,19.05263157894737,0.1276315789473684,13.93157894736842,1.9736842105263157,89.52105263157895,77.55555555555556,19.666666666666668,43.44444444444444,14.444444444444445,31.333333333333332,7.888888888888889,23.444444444444443,16.833333333333332,14.38888888888889,1.2888888888888888,6.555555555555555,21.11111111111111,30.165555555555564,21.72222222222222,40.05555555555556,54.15833333333333,14.444444444444445,17.666666666666668,80.89555555555556,1.5,10.555555555555555,0.765,1.4444444444444444,17.77777777777778,0.08666666666666668,14.38888888888889,2.9444444444444446,87.22222222222223
