placar_casa,placar_visitante,data,round,stage,ano,equipe_casa,equipe_visitante,Pts_casa,3P_casa,2P_casa,LL_casa,RT_casa,RO_casa,RD_casa,AS_casa,ER_casa,IA%_casa,3PC_casa,3PT_casa,3P%_casa,2PC_casa,2PT_casa,2P%_casa,LLC_casa,LLT_casa,LL%_casa,EN_casa,BR_casa,B/E_casa,TO_casa,FC_casa,T/FC_casa,ET_casa,VI_casa,EF_casa,Pts_visitante,3P_visitante,2P_visitante,LL_visitante,RT_visitante,RO_visitante,RD_visitante,AS_visitante,ER_visitante,IA%_visitante,3PC_visitante,3PT_visitante,3P%_visitante,2PC_visitante,2PT_visitante,2P%_visitante,LLC_visitante,LLT_visitante,LL%_visitante,EN_visitante,BR_visitante,B/E_visitante,TO_visitante,FC_visitante,T/FC_visitante,ET_visitante,VI_visitante,EF_visitante
67,86,2013-04-29,1,4,2012-2013,Pinheiros,Uberlândia,86.29752066115702,33.84297520661157,41.02479338842975,16.983471074380166,30.082644628099175,7.958677685950414,22.123966942148762,15.661157024793388,12.96694214876033,1.2866942148760332,9.429752066115702,24.388429752066116,38.7985950413223,20.512396694214875,36.52066115702479,56.475206611570236,16.983471074380166,22.710743801652892,74.4980991735537,2.3140495867768593,7.049586776859504,0.5712396694214875,2.347107438016529,19.8099173553719,0.12363636363636367,12.96694214876033,1.9338842975206612,95.00826446280992,83.57377049180327,43.47540983606557,42.26229508196721,15.344262295081966,29.950819672131146,7.114754098360656,22.83606557377049,16.295081967213115,12.098360655737705,1.491803278688525,8.655737704918034,22.21311475409836,39.101639344262296,21.131147540983605,37.91803278688525,55.980327868852456,15.344262295081966,19.049180327868854,80.38196721311476,3.0491803278688523,6.131147540983607,0.5572131147540984,2.6885245901639343,19.737704918032787,0.14655737704918032,12.098360655737705,2.4098360655737703,97.26229508196721
