placar_casa,placar_visitante,data,round,stage,ano,equipe_casa,equipe_visitante,Pts_casa,3P_casa,2P_casa,LL_casa,RT_casa,RO_casa,RD_casa,AS_casa,ER_casa,IA%_casa,3PC_casa,3PT_casa,3P%_casa,2PC_casa,2PT_casa,2P%_casa,LLC_casa,LLT_casa,LL%_casa,EN_casa,BR_casa,B/E_casa,TO_casa,FC_casa,T/FC_casa,ET_casa,VI_casa,EF_casa,Pts_visitante,3P_visitante,2P_visitante,LL_visitante,RT_visitante,RO_visitante,RD_visitante,AS_visitante,ER_visitante,IA%_visitante,3PC_visitante,3PT_visitante,3P%_visitante,2PC_visitante,2PT_visitante,2P%_visitante,LLC_visitante,LLT_visitante,LL%_visitante,EN_visitante,BR_visitante,B/E_visitante,TO_visitante,FC_visitante,T/FC_visitante,ET_visitante,VI_visitante,EF_visitante
69,67,2014-04-08,2,3,2013-2014,Uberlândia,Sesi Franca,83.22330097087378,37.95145631067961,40.679611650485434,14.96116504854369,30.87378640776699,7.786407766990291,23.0873786407767,16.563106796116504,11.679611650485437,1.5827184466019422,9.194174757281553,23.0873786407767,39.907572815533975,20.339805825242717,37.04854368932039,55.134466019417495,14.96116504854369,18.95145631067961,79.25184466019417,3.0970873786407767,6.834951456310679,0.6465048543689323,2.495145631067961,19.54368932038835,0.13436893203883502,11.679611650485437,2.4563106796116503,96.54368932038835,81.24358974358974,30.923076923076923,44.243589743589745,16.134615384615383,30.641025641025642,8.929487179487179,21.71153846153846,14.955128205128204,13.301282051282051,1.2724358974358967,6.955128205128205,19.442307692307693,35.69083333333333,22.121794871794872,42.083333333333336,52.73788461538462,16.134615384615383,21.76923076923077,73.92788461538463,1.8076923076923077,8.782051282051283,0.7194230769230767,2.7435897435897436,20.583333333333332,0.14352564102564103,13.301282051282051,1.891025641025641,89.42307692307692
