placar_casa,placar_visitante,data,round,stage,ano,equipe_casa,equipe_visitante,Pts_casa,3P_casa,2P_casa,LL_casa,RT_casa,RO_casa,RD_casa,AS_casa,ER_casa,IA%_casa,3PC_casa,3PT_casa,3P%_casa,2PC_casa,2PT_casa,2P%_casa,LLC_casa,LLT_casa,LL%_casa,EN_casa,BR_casa,B/E_casa,TO_casa,FC_casa,T/FC_casa,ET_casa,VI_casa,EF_casa,Pts_visitante,3P_visitante,2P_visitante,LL_visitante,RT_visitante,RO_visitante,RD_visitante,AS_visitante,ER_visitante,IA%_visitante,3PC_visitante,3PT_visitante,3P%_visitante,2PC_visitante,2PT_visitante,2P%_visitante,LLC_visitante,LLT_visitante,LL%_visitante,EN_visitante,BR_visitante,B/E_visitante,TO_visitante,FC_visitante,T/FC_visitante,ET_visitante,VI_visitante,EF_visitante
66,71,2020-02-13,5,2,2019-2020,Minas,Paulistano,78.61476027397258,26.008561643835616,41.5479794520548,15.26027397260274,33.953835616438354,10.020513698630136,23.93321917808219,15.835582191780821,14.202020547945205,1.205410958904111,7.268904109589043,21.546232876712327,33.84945205479451,20.773938356164383,39.59417808219178,52.577294520547945,15.26027397260274,20.708904109589042,73.40931506849307,1.4743493150684932,7.833938356164384,0.5900342465753419,2.3801369863013697,21.54969178082192,0.11599315068493164,14.202020547945205,2.594109589041097,86.78770547945204,80.90473015873017,30.238095238095237,39.2804126984127,15.386222222222221,35.3608253968254,11.246603174603175,24.114317460317462,14.622253968253968,13.593619047619047,1.1866349206349203,8.746031746031745,25.32914285714286,34.9102857142857,19.64022222222222,38.25187301587302,51.64155555555552,15.386222222222221,20.88888888888889,73.44174603174604,1.7608888888888887,7.79047619047619,0.623873015873016,1.9206666666666663,21.711111111111112,0.09225396825396816,13.593619047619047,2.4285714285714284,87.60955555555554
