placar_casa,placar_visitante,data,round,stage,ano,equipe_casa,equipe_visitante,Pts_casa,3P_casa,2P_casa,LL_casa,RT_casa,RO_casa,RD_casa,AS_casa,ER_casa,IA%_casa,3PC_casa,3PT_casa,3P%_casa,2PC_casa,2PT_casa,2P%_casa,LLC_casa,LLT_casa,LL%_casa,EN_casa,BR_casa,B/E_casa,TO_casa,FC_casa,T/FC_casa,ET_casa,VI_casa,EF_casa,Pts_visitante,3P_visitante,2P_visitante,LL_visitante,RT_visitante,RO_visitante,RD_visitante,AS_visitante,ER_visitante,IA%_visitante,3PC_visitante,3PT_visitante,3P%_visitante,2PC_visitante,2PT_visitante,2P%_visitante,LLC_visitante,LLT_visitante,LL%_visitante,EN_visitante,BR_visitante,B/E_visitante,TO_visitante,FC_visitante,T/FC_visitante,ET_visitante,VI_visitante,EF_visitante
89,78,2019-05-08,2,5,2018-2019,Sesi Franca,Mogi,80.24252491694352,28.12624584717608,41.4485049833887,15.880398671096346,32.395348837209305,9.225913621262459,23.169435215946844,15.059800664451828,13.717607973421927,1.2226578073089698,7.637873754152824,21.551495016611295,35.30272425249173,20.72425249169435,39.19269102990033,53.282425249169414,15.880398671096346,21.431893687707642,73.82531561461789,1.893687707641196,8.475083056478406,0.6715946843853818,2.5913621262458473,20.714285714285715,0.1313953488372093,13.717607973421927,2.338870431893688,88.36544850498339,80.93238738738738,29.405405405405407,40.13518018018018,16.635180180180182,36.40099099099099,11.391891891891891,25.008963963963964,15.891936936936938,13.671081081081079,1.2853603603603612,8.054054054054054,22.815405405405407,35.499414414414424,20.06752252252252,39.43238738738739,51.176306306306294,16.635180180180182,22.396396396396398,74.15698198198197,1.3782882882882879,8.666666666666666,0.6866666666666664,1.8694594594594598,21.378333333333334,0.09112612612612611,13.671081081081079,2.765765765765766,91.40990990990991
