placar_casa,placar_visitante,data,round,stage,ano,equipe_casa,equipe_visitante,Pts_casa,3P_casa,2P_casa,LL_casa,RT_casa,RO_casa,RD_casa,AS_casa,ER_casa,IA%_casa,3PC_casa,3PT_casa,3P%_casa,2PC_casa,2PT_casa,2P%_casa,LLC_casa,LLT_casa,LL%_casa,EN_casa,BR_casa,B/E_casa,TO_casa,FC_casa,T/FC_casa,ET_casa,VI_casa,EF_casa,Pts_visitante,3P_visitante,2P_visitante,LL_visitante,RT_visitante,RO_visitante,RD_visitante,AS_visitante,ER_visitante,IA%_visitante,3PC_visitante,3PT_visitante,3P%_visitante,2PC_visitante,2PT_visitante,2P%_visitante,LLC_visitante,LLT_visitante,LL%_visitante,EN_visitante,BR_visitante,B/E_visitante,TO_visitante,FC_visitante,T/FC_visitante,ET_visitante,VI_visitante,EF_visitante
105,97,2010-02-07,2,2,2009-2010,Bauru Basket,Sesi Franca,79.97560975609755,26.5609756097561,39.75609756097561,13.658536585365853,30.24390243902439,9.414634146341463,20.829268292682926,13.268292682926829,10.195121951219512,1.552926829268293,8.853658536585366,23.0,38.441219512195126,19.878048780487806,38.073170731707314,52.61048780487804,13.658536585365853,19.146341463414632,72.24585365853657,1.4878048780487805,6.609756097560975,0.7534146341463415,1.975609756097561,17.26829268292683,0.12317073170731711,10.195121951219512,0.5853658536585366,84.04878048780488,83.27906976744185,23.72093023255814,42.27906976744186,17.27906976744186,29.86046511627907,8.69767441860465,21.162790697674417,15.395348837209303,12.372093023255815,1.404186046511628,7.906976744186046,22.511627906976745,35.62209302325581,21.13953488372093,41.27906976744186,51.39255813953488,17.27906976744186,22.837209302325583,75.74976744186047,0.7209302325581395,8.116279069767442,0.6976744186046511,2.255813953488372,22.0,0.11093023255813951,12.372093023255815,0.4418604651162791,86.23255813953489
