placar_casa,placar_visitante,data,round,stage,ano,equipe_casa,equipe_visitante,Pts_casa,3P_casa,2P_casa,LL_casa,RT_casa,RO_casa,RD_casa,AS_casa,ER_casa,IA%_casa,3PC_casa,3PT_casa,3P%_casa,2PC_casa,2PT_casa,2P%_casa,LLC_casa,LLT_casa,LL%_casa,EN_casa,BR_casa,B/E_casa,TO_casa,FC_casa,T/FC_casa,ET_casa,VI_casa,EF_casa,Pts_visitante,3P_visitante,2P_visitante,LL_visitante,RT_visitante,RO_visitante,RD_visitante,AS_visitante,ER_visitante,IA%_visitante,3PC_visitante,3PT_visitante,3P%_visitante,2PC_visitante,2PT_visitante,2P%_visitante,LLC_visitante,LLT_visitante,LL%_visitante,EN_visitante,BR_visitante,B/E_visitante,TO_visitante,FC_visitante,T/FC_visitante,ET_visitante,VI_visitante,EF_visitante
74,76,2014-03-08,12,2,2013-2014,Goiânia,Paulistano,76.8076923076923,22.384615384615383,38.92307692307692,15.5,31.96153846153846,8.846153846153847,23.115384615384617,14.615384615384615,13.0,1.3550000000000002,7.461538461538462,21.03846153846154,36.24076923076922,19.46153846153846,37.69230769230769,52.13500000000002,15.5,20.692307692307693,75.65038461538462,0.9615384615384616,8.423076923076923,0.7230769230769231,1.5384615384615385,22.115384615384617,0.07076923076923076,13.0,2.8461538461538463,83.34615384615384,80.39568345323741,32.611510791366904,41.194244604316545,15.654676258992806,32.0,10.309352517985612,21.690647482014388,13.302158273381295,14.287769784172662,1.030791366906475,7.848920863309353,22.41726618705036,35.521223021582735,20.597122302158272,39.489208633093526,52.31899280575539,15.654676258992806,22.194244604316548,69.75007194244607,1.5683453237410072,7.719424460431655,0.5954676258992806,2.035971223021583,22.086330935251798,0.09611510791366903,14.287769784172662,2.1654676258992804,84.22302158273381
