placar_casa,placar_visitante,data,round,stage,ano,equipe_casa,equipe_visitante,Pts_casa,3P_casa,2P_casa,LL_casa,RT_casa,RO_casa,RD_casa,AS_casa,ER_casa,IA%_casa,3PC_casa,3PT_casa,3P%_casa,2PC_casa,2PT_casa,2P%_casa,LLC_casa,LLT_casa,LL%_casa,EN_casa,BR_casa,B/E_casa,TO_casa,FC_casa,T/FC_casa,ET_casa,VI_casa,EF_casa,Pts_visitante,3P_visitante,2P_visitante,LL_visitante,RT_visitante,RO_visitante,RD_visitante,AS_visitante,ER_visitante,IA%_visitante,3PC_visitante,3PT_visitante,3P%_visitante,2PC_visitante,2PT_visitante,2P%_visitante,LLC_visitante,LLT_visitante,LL%_visitante,EN_visitante,BR_visitante,B/E_visitante,TO_visitante,FC_visitante,T/FC_visitante,ET_visitante,VI_visitante,EF_visitante
67,65,2022-01-06,11,1,2021-2022,Pinheiros,Corinthians,82.41481382978728,28.444148936170212,40.0531914893617,15.704787234042554,34.313909574468084,9.771329787234043,24.542579787234043,15.76595744680851,13.502659574468085,1.2485638297872343,8.885611702127658,24.39095744680851,36.528563829787245,20.02659574468085,38.276515957446804,52.70226063829791,15.704787234042554,21.207420212765957,73.92489361702125,1.837739361702128,7.986728723404256,0.6246808510638294,2.4708244680851053,19.97617021276596,0.12882978723404237,13.502659574468085,2.33252659574468,91.21803191489364,80.18436893203884,28.223300970873787,37.59223300970874,14.369126213592235,36.359223300970875,10.436601941747575,25.922330097087375,17.125825242718445,13.174563106796114,1.3689320388349522,9.407766990291263,26.50456310679611,35.563592233009715,18.796116504854368,37.34000000000001,50.52436893203885,14.369126213592235,18.74757281553398,76.97650485436891,1.6215533980582526,6.951359223300971,0.5495145631067964,2.1164077669902914,21.12640776699029,0.10291262135922329,13.174563106796114,1.9220388349514563,89.47563106796116
