placar_casa,placar_visitante,data,round,stage,ano,equipe_casa,equipe_visitante,Pts_casa,3P_casa,2P_casa,LL_casa,RT_casa,RO_casa,RD_casa,AS_casa,ER_casa,IA%_casa,3PC_casa,3PT_casa,3P%_casa,2PC_casa,2PT_casa,2P%_casa,LLC_casa,LLT_casa,LL%_casa,EN_casa,BR_casa,B/E_casa,TO_casa,FC_casa,T/FC_casa,ET_casa,VI_casa,EF_casa,Pts_visitante,3P_visitante,2P_visitante,LL_visitante,RT_visitante,RO_visitante,RD_visitante,AS_visitante,ER_visitante,IA%_visitante,3PC_visitante,3PT_visitante,3P%_visitante,2PC_visitante,2PT_visitante,2P%_visitante,LLC_visitante,LLT_visitante,LL%_visitante,EN_visitante,BR_visitante,B/E_visitante,TO_visitante,FC_visitante,T/FC_visitante,ET_visitante,VI_visitante,EF_visitante
83,77,2020-01-28,3,2,2019-2020,Flamengo,UNIFACISA,87.3800584795322,31.25438596491228,43.27479532163743,16.587719298245613,35.84789473684211,9.80122807017544,26.04684210526316,17.178362573099417,12.350877192982455,1.5352339181286545,9.17251461988304,24.631608187134503,37.396169590643304,21.63748538011696,38.710497076023394,56.09222222222221,16.587719298245613,21.842105263157894,75.90251461988301,1.652046783625731,8.236812865497075,0.7282748538011695,1.8597076023391805,19.64622807017544,0.09804093567251462,12.350877192982455,1.8303508771929833,101.42397660818713,82.88176470588235,29.823529411764707,40.118235294117646,12.941764705882356,37.529411764705884,10.293529411764707,27.23588235294118,18.177058823529414,11.94058823529412,1.545882352941176,9.940588235294118,29.23588235294118,33.904117647058825,20.058235294117647,37.23470588235294,53.80294117647058,12.941764705882356,17.234705882352937,74.19117647058822,1.7052941176470586,7.352941176470588,0.636470588235294,2.412352941176471,20.23588235294118,0.12352941176470589,11.94058823529412,1.9405882352941173,95.52941176470588
