placar_casa,placar_visitante,data,round,stage,ano,equipe_casa,equipe_visitante,Pts_casa,3P_casa,2P_casa,LL_casa,RT_casa,RO_casa,RD_casa,AS_casa,ER_casa,IA%_casa,3PC_casa,3PT_casa,3P%_casa,2PC_casa,2PT_casa,2P%_casa,LLC_casa,LLT_casa,LL%_casa,EN_casa,BR_casa,B/E_casa,TO_casa,FC_casa,T/FC_casa,ET_casa,VI_casa,EF_casa,Pts_visitante,3P_visitante,2P_visitante,LL_visitante,RT_visitante,RO_visitante,RD_visitante,AS_visitante,ER_visitante,IA%_visitante,3PC_visitante,3PT_visitante,3P%_visitante,2PC_visitante,2PT_visitante,2P%_visitante,LLC_visitante,LLT_visitante,LL%_visitante,EN_visitante,BR_visitante,B/E_visitante,TO_visitante,FC_visitante,T/FC_visitante,ET_visitante,VI_visitante,EF_visitante
86,91,2013-02-16,6,2,2012-2013,Flamengo,Sesi Franca,90.74774774774775,36.513513513513516,45.729729729729726,17.666666666666668,32.234234234234236,8.0,24.234234234234233,15.441441441441441,11.927927927927929,1.469099099099099,9.117117117117116,23.324324324324323,39.29594594594595,22.864864864864863,39.36036036036036,58.324324324324316,17.666666666666668,23.207207207207208,76.25153153153153,1.7747747747747749,8.027027027027026,0.7433333333333335,1.7477477477477477,19.71171171171171,0.09027027027027025,11.927927927927929,1.4594594594594594,102.73873873873873,82.96116504854369,33.75728155339806,43.80582524271845,17.07766990291262,29.514563106796118,8.271844660194175,21.24271844660194,15.25242718446602,12.902912621359222,1.349805825242718,7.359223300970874,20.281553398058254,36.533106796116506,21.902912621359224,41.74757281553398,52.7009708737864,17.07766990291262,22.776699029126213,74.95203883495145,1.4368932038834952,8.262135922330097,0.7117475728155337,2.4466019417475726,21.388349514563107,0.12339805825242718,12.902912621359222,1.7281553398058251,90.2135922330097
