placar_casa,placar_visitante,data,round,stage,ano,equipe_casa,equipe_visitante,Pts_casa,3P_casa,2P_casa,LL_casa,RT_casa,RO_casa,RD_casa,AS_casa,ER_casa,IA%_casa,3PC_casa,3PT_casa,3P%_casa,2PC_casa,2PT_casa,2P%_casa,LLC_casa,LLT_casa,LL%_casa,EN_casa,BR_casa,B/E_casa,TO_casa,FC_casa,T/FC_casa,ET_casa,VI_casa,EF_casa,Pts_visitante,3P_visitante,2P_visitante,LL_visitante,RT_visitante,RO_visitante,RD_visitante,AS_visitante,ER_visitante,IA%_visitante,3PC_visitante,3PT_visitante,3P%_visitante,2PC_visitante,2PT_visitante,2P%_visitante,LLC_visitante,LLT_visitante,LL%_visitante,EN_visitante,BR_visitante,B/E_visitante,TO_visitante,FC_visitante,T/FC_visitante,ET_visitante,VI_visitante,EF_visitante
92,85,2013-05-09,5,4,2012-2013,Uberlândia,Pinheiros,83.6923076923077,42.87692307692308,41.90769230769231,15.338461538461539,30.107692307692307,7.184615384615385,22.923076923076923,16.26153846153846,12.015384615384615,1.5023076923076926,8.815384615384616,22.4,39.44969230769231,20.953846153846154,37.90769230769231,55.5576923076923,15.338461538461539,19.107692307692307,80.29292307692307,2.953846153846154,6.061538461538461,0.554923076923077,2.646153846153846,19.553846153846155,0.14446153846153847,12.015384615384615,2.476923076923077,96.92307692307692,86.232,33.792,40.992,16.824,30.008,7.92,22.088,15.664,12.848,1.3160800000000001,9.472,24.568,38.70583999999998,20.496,36.464,56.51855999999999,16.824,22.488,74.53751999999997,2.288,6.968,0.574,2.32,19.856,0.12216000000000002,12.848,1.92,94.744
