placar_casa,placar_visitante,data,round,stage,ano,equipe_casa,equipe_visitante,Pts_casa,3P_casa,2P_casa,LL_casa,RT_casa,RO_casa,RD_casa,AS_casa,ER_casa,IA%_casa,3PC_casa,3PT_casa,3P%_casa,2PC_casa,2PT_casa,2P%_casa,LLC_casa,LLT_casa,LL%_casa,EN_casa,BR_casa,B/E_casa,TO_casa,FC_casa,T/FC_casa,ET_casa,VI_casa,EF_casa,Pts_visitante,3P_visitante,2P_visitante,LL_visitante,RT_visitante,RO_visitante,RD_visitante,AS_visitante,ER_visitante,IA%_visitante,3PC_visitante,3PT_visitante,3P%_visitante,2PC_visitante,2PT_visitante,2P%_visitante,LLC_visitante,LLT_visitante,LL%_visitante,EN_visitante,BR_visitante,B/E_visitante,TO_visitante,FC_visitante,T/FC_visitante,ET_visitante,VI_visitante,EF_visitante
68,84,2015-01-27,3,2,2014-2015,Palmeiras,Mogi,78.5,33.34090909090909,41.22727272727273,14.772727272727273,33.55681818181818,10.465909090909092,23.09090909090909,13.784090909090908,13.477272727272727,1.1492045454545459,7.5,21.761363636363637,34.74340909090908,20.613636363636363,41.13636363636363,50.40636363636365,14.772727272727273,21.125,69.38147727272725,2.1363636363636362,9.238636363636363,0.7552272727272726,1.8295454545454546,20.5,0.09113636363636363,13.477272727272727,3.0113636363636362,85.60227272727273,78.83333333333333,33.9375,39.1875,17.833333333333332,35.28125,11.364583333333334,23.916666666666668,13.864583333333334,14.635416666666666,1.0426041666666672,7.270833333333333,19.947916666666668,36.359166666666674,19.59375,40.479166666666664,48.51874999999999,17.833333333333332,23.770833333333332,74.46083333333331,1.21875,8.34375,0.6062500000000001,1.5625,22.03125,0.07489583333333331,14.635416666666666,2.9791666666666665,86.61458333333333
