placar_casa,placar_visitante,data,round,stage,ano,equipe_casa,equipe_visitante,Pts_casa,3P_casa,2P_casa,LL_casa,RT_casa,RO_casa,RD_casa,AS_casa,ER_casa,IA%_casa,3PC_casa,3PT_casa,3P%_casa,2PC_casa,2PT_casa,2P%_casa,LLC_casa,LLT_casa,LL%_casa,EN_casa,BR_casa,B/E_casa,TO_casa,FC_casa,T/FC_casa,ET_casa,VI_casa,EF_casa,Pts_visitante,3P_visitante,2P_visitante,LL_visitante,RT_visitante,RO_visitante,RD_visitante,AS_visitante,ER_visitante,IA%_visitante,3PC_visitante,3PT_visitante,3P%_visitante,2PC_visitante,2PT_visitante,2P%_visitante,LLC_visitante,LLT_visitante,LL%_visitante,EN_visitante,BR_visitante,B/E_visitante,TO_visitante,FC_visitante,T/FC_visitante,ET_visitante,VI_visitante,EF_visitante
73,59,2012-04-18,2,3,2011-2012,Uberlândia,Tijuca,84.15789473684211,24.63157894736842,44.31578947368421,15.210526315789474,29.526315789473685,7.315789473684211,22.210526315789473,15.421052631578947,11.526315789473685,1.4747368421052633,8.210526315789474,22.263157894736842,35.834736842105265,22.157894736842106,40.10526315789474,55.34894736842106,15.210526315789474,19.63157894736842,77.35157894736842,3.3684210526315788,6.842105263157895,0.6673684210526314,3.3157894736842106,18.157894736842106,0.2005263157894737,11.526315789473685,2.210526315789474,95.0,78.72222222222223,17.166666666666668,44.0,17.555555555555557,27.61111111111111,8.0,19.61111111111111,11.277777777777779,13.333333333333334,0.8772222222222221,5.722222222222222,18.166666666666668,30.858333333333334,22.0,41.05555555555556,54.11666666666667,17.555555555555557,23.5,74.56444444444445,1.0555555555555556,7.388888888888889,0.5805555555555555,1.6111111111111112,20.77777777777778,0.08555555555555557,13.333333333333334,2.4444444444444446,80.55555555555556
