placar_casa,placar_visitante,data,round,stage,ano,equipe_casa,equipe_visitante,Pts_casa,3P_casa,2P_casa,LL_casa,RT_casa,RO_casa,RD_casa,AS_casa,ER_casa,IA%_casa,3PC_casa,3PT_casa,3P%_casa,2PC_casa,2PT_casa,2P%_casa,LLC_casa,LLT_casa,LL%_casa,EN_casa,BR_casa,B/E_casa,TO_casa,FC_casa,T/FC_casa,ET_casa,VI_casa,EF_casa,Pts_visitante,3P_visitante,2P_visitante,LL_visitante,RT_visitante,RO_visitante,RD_visitante,AS_visitante,ER_visitante,IA%_visitante,3PC_visitante,3PT_visitante,3P%_visitante,2PC_visitante,2PT_visitante,2P%_visitante,LLC_visitante,LLT_visitante,LL%_visitante,EN_visitante,BR_visitante,B/E_visitante,TO_visitante,FC_visitante,T/FC_visitante,ET_visitante,VI_visitante,EF_visitante
80,84,2016-02-18,8,2,2015-2016,Pinheiros,Paulistano,84.72222222222223,30.76388888888889,40.72222222222222,16.34722222222222,32.129629629629626,8.875,23.25462962962963,15.5,13.11574074074074,1.2724074074074068,9.217592592592593,24.203703703703702,38.174444444444426,20.36111111111111,37.52777777777778,54.738009259259286,16.34722222222222,21.675925925925927,75.12958333333329,2.1435185185185186,8.13888888888889,0.6537500000000002,2.689814814814815,19.89814814814815,0.14152777777777767,13.11574074074074,2.138888888888889,94.39351851851852,80.51904761904763,29.985714285714284,41.00952380952381,15.523809523809524,33.77619047619048,10.871428571428572,22.904761904761905,13.3,13.833333333333334,1.0673809523809528,7.995238095238095,22.914285714285715,35.23057142857142,20.504761904761907,39.92857142857143,51.621476190476166,15.523809523809524,21.442857142857143,71.98814285714289,1.5333333333333334,8.452380952380953,0.6761428571428572,1.7619047619047619,21.919047619047618,0.08419047619047615,13.833333333333334,2.4523809523809526,85.73809523809524
