placar_casa,placar_visitante,data,round,stage,ano,equipe_casa,equipe_visitante,Pts_casa,3P_casa,2P_casa,LL_casa,RT_casa,RO_casa,RD_casa,AS_casa,ER_casa,IA%_casa,3PC_casa,3PT_casa,3P%_casa,2PC_casa,2PT_casa,2P%_casa,LLC_casa,LLT_casa,LL%_casa,EN_casa,BR_casa,B/E_casa,TO_casa,FC_casa,T/FC_casa,ET_casa,VI_casa,EF_casa,Pts_visitante,3P_visitante,2P_visitante,LL_visitante,RT_visitante,RO_visitante,RD_visitante,AS_visitante,ER_visitante,IA%_visitante,3PC_visitante,3PT_visitante,3P%_visitante,2PC_visitante,2PT_visitante,2P%_visitante,LLC_visitante,LLT_visitante,LL%_visitante,EN_visitante,BR_visitante,B/E_visitante,TO_visitante,FC_visitante,T/FC_visitante,ET_visitante,VI_visitante,EF_visitante
74,77,2018-10-20,1,1,2018-2019,Sesi Franca,Botafogo,79.4908088235294,27.645220588235293,41.61764705882353,15.996323529411764,32.09007352941177,9.325367647058824,22.764705882352942,14.735294117647058,13.930147058823529,1.1838970588235294,7.292279411764706,20.814338235294116,34.99466911764708,20.808823529411764,39.77205882352941,52.626580882352926,15.996323529411764,21.737132352941178,73.200919117647,1.8786764705882353,8.615808823529411,0.6748897058823528,2.6783088235294117,21.020220588235293,0.13470588235294115,13.930147058823529,2.4025735294117645,86.85477941176471,69.5,18.0,43.0,8.5,33.5,8.5,25.0,14.0,14.0,1.0,6.0,20.5,29.27,21.5,37.0,58.11,8.5,13.0,65.38,1.5,7.0,0.5,3.0,21.5,0.14,14.0,4.0,78.5
