placar_casa,placar_visitante,data,round,stage,ano,equipe_casa,equipe_visitante,Pts_casa,3P_casa,2P_casa,LL_casa,RT_casa,RO_casa,RD_casa,AS_casa,ER_casa,IA%_casa,3PC_casa,3PT_casa,3P%_casa,2PC_casa,2PT_casa,2P%_casa,LLC_casa,LLT_casa,LL%_casa,EN_casa,BR_casa,B/E_casa,TO_casa,FC_casa,T/FC_casa,ET_casa,VI_casa,EF_casa,Pts_visitante,3P_visitante,2P_visitante,LL_visitante,RT_visitante,RO_visitante,RD_visitante,AS_visitante,ER_visitante,IA%_visitante,3PC_visitante,3PT_visitante,3P%_visitante,2PC_visitante,2PT_visitante,2P%_visitante,LLC_visitante,LLT_visitante,LL%_visitante,EN_visitante,BR_visitante,B/E_visitante,TO_visitante,FC_visitante,T/FC_visitante,ET_visitante,VI_visitante,EF_visitante
83,84,2021-04-10,8,2,2020-2021,Fortaleza B. C. / CFO,VipTech CMB,77.05083003952568,29.027667984189723,39.38335968379447,13.299762845849802,35.57173913043478,10.370988142292493,25.201067193675893,13.708142292490118,12.82664031620553,1.1759683794466405,8.122569169960475,24.83786561264822,32.92509881422923,19.691739130434783,39.244980237154145,50.282608695652144,13.299762845849802,18.728656126482214,70.82687747035571,1.3979446640316207,8.491422924901185,0.7213438735177867,2.496600790513835,20.53292490118577,0.12513833992094853,12.82664031620553,2.6113438735177863,83.56909090909092,75.6888524590164,27.37704918032787,35.04967213114755,13.262622950819669,36.81918032786884,11.480819672131148,25.338852459016387,15.573770491803279,13.535737704918033,1.2314754098360656,9.125737704918034,27.47540983606558,33.28901639344261,17.524098360655742,37.45918032786886,46.73442622950819,13.262622950819669,19.360819672131147,67.28590163934426,0.9891803278688525,6.770327868852459,0.5326229508196723,1.9780327868852459,20.481311475409836,0.09918032786885239,13.535737704918033,2.57967213114754,78.91245901639344
