placar_casa,placar_visitante,data,round,stage,ano,equipe_casa,equipe_visitante,Pts_casa,3P_casa,2P_casa,LL_casa,RT_casa,RO_casa,RD_casa,AS_casa,ER_casa,IA%_casa,3PC_casa,3PT_casa,3P%_casa,2PC_casa,2PT_casa,2P%_casa,LLC_casa,LLT_casa,LL%_casa,EN_casa,BR_casa,B/E_casa,TO_casa,FC_casa,T/FC_casa,ET_casa,VI_casa,EF_casa,Pts_visitante,3P_visitante,2P_visitante,LL_visitante,RT_visitante,RO_visitante,RD_visitante,AS_visitante,ER_visitante,IA%_visitante,3PC_visitante,3PT_visitante,3P%_visitante,2PC_visitante,2PT_visitante,2P%_visitante,LLC_visitante,LLT_visitante,LL%_visitante,EN_visitante,BR_visitante,B/E_visitante,TO_visitante,FC_visitante,T/FC_visitante,ET_visitante,VI_visitante,EF_visitante
90,65,2022-04-28,1,4,2021-2022,São Paulo,Bauru Basket,86.885625,32.96875,39.6665625,14.249687500000002,38.64604166666667,9.301979166666667,29.343749999999996,18.25,11.677083333333334,1.6506249999999998,10.989687499999997,29.92697916666667,36.6234375,19.8334375,34.55197916666666,57.47072916666668,14.249687500000002,18.885104166666668,75.60125000000004,2.4479166666666665,6.541666666666668,0.5809374999999998,2.8123958333333334,16.916874999999997,0.17052083333333332,11.677083333333334,1.9271874999999998,103.15635416666667,81.93002415458933,31.094202898550726,38.66661835748792,14.79231884057971,34.69799516908213,9.449396135265703,25.248888888888892,16.082101449275363,12.171545893719808,1.4450966183574854,9.490338164251208,26.053091787439612,36.64746376811597,19.333381642512077,35.9081884057971,54.27057971014493,14.79231884057971,19.82367149758454,74.69084541062797,1.34548309178744,7.594227053140097,0.6749758454106277,1.7704830917874401,19.033768115942028,0.09603864734299512,12.171545893719808,2.1619082125603857,92.48543478260873
