placar_casa,placar_visitante,data,round,stage,ano,equipe_casa,equipe_visitante,Pts_casa,3P_casa,2P_casa,LL_casa,RT_casa,RO_casa,RD_casa,AS_casa,ER_casa,IA%_casa,3PC_casa,3PT_casa,3P%_casa,2PC_casa,2PT_casa,2P%_casa,LLC_casa,LLT_casa,LL%_casa,EN_casa,BR_casa,B/E_casa,TO_casa,FC_casa,T/FC_casa,ET_casa,VI_casa,EF_casa,Pts_visitante,3P_visitante,2P_visitante,LL_visitante,RT_visitante,RO_visitante,RD_visitante,AS_visitante,ER_visitante,IA%_visitante,3PC_visitante,3PT_visitante,3P%_visitante,2PC_visitante,2PT_visitante,2P%_visitante,LLC_visitante,LLT_visitante,LL%_visitante,EN_visitante,BR_visitante,B/E_visitante,TO_visitante,FC_visitante,T/FC_visitante,ET_visitante,VI_visitante,EF_visitante
74,64,2017-02-14,20,1,2016-2017,Bauru Basket,Pinheiros,83.2007722007722,33.05791505791506,39.05791505791506,15.277992277992277,34.003861003861005,9.683397683397683,24.320463320463322,15.536679536679536,11.776061776061775,1.4736679536679522,9.621621621621621,25.37065637065637,38.180810810810826,19.52895752895753,36.447876447876446,54.14235521235516,15.277992277992277,20.204633204633204,75.65756756756753,1.4401544401544402,7.675675675675675,0.7208494208494205,1.7297297297297298,18.312741312741313,0.09857142857142852,11.776061776061775,2.0926640926640925,93.99227799227799,84.3,29.496,41.08,16.412,33.032,9.232,23.8,15.508,13.184,1.2618399999999999,8.936,24.08,37.11727999999999,20.54,38.132,54.330400000000026,16.412,21.848,74.94187999999993,2.1,8.304,0.6613599999999995,2.644,20.044,0.13847999999999985,13.184,2.304,93.996
