placar_casa,placar_visitante,data,round,stage,ano,equipe_casa,equipe_visitante,Pts_casa,3P_casa,2P_casa,LL_casa,RT_casa,RO_casa,RD_casa,AS_casa,ER_casa,IA%_casa,3PC_casa,3PT_casa,3P%_casa,2PC_casa,2PT_casa,2P%_casa,LLC_casa,LLT_casa,LL%_casa,EN_casa,BR_casa,B/E_casa,TO_casa,FC_casa,T/FC_casa,ET_casa,VI_casa,EF_casa,Pts_visitante,3P_visitante,2P_visitante,LL_visitante,RT_visitante,RO_visitante,RD_visitante,AS_visitante,ER_visitante,IA%_visitante,3PC_visitante,3PT_visitante,3P%_visitante,2PC_visitante,2PT_visitante,2P%_visitante,LLC_visitante,LLT_visitante,LL%_visitante,EN_visitante,BR_visitante,B/E_visitante,TO_visitante,FC_visitante,T/FC_visitante,ET_visitante,VI_visitante,EF_visitante
73,68,2015-03-20,13,2,2014-2015,Rio Claro,Minas,79.07407407407408,21.22222222222222,42.666666666666664,15.185185185185185,30.59259259259259,8.185185185185185,22.40740740740741,16.85185185185185,13.88888888888889,1.3388888888888888,7.074074074074074,21.51851851851852,32.00703703703704,21.333333333333332,39.629629629629626,53.906666666666666,15.185185185185185,18.703703703703702,81.05444444444446,1.5555555555555556,10.555555555555555,0.8096296296296296,1.2962962962962963,19.185185185185187,0.072962962962963,13.88888888888889,3.0,88.22222222222223,79.41954022988506,28.06896551724138,42.666666666666664,15.735632183908047,31.896551724137932,9.350574712643677,22.54597701149425,15.477011494252874,13.948275862068966,1.1960919540229886,7.005747126436781,20.04597701149425,34.835804597701156,21.333333333333332,40.206896551724135,53.16310344827587,15.735632183908047,20.971264367816094,75.04385057471261,1.3045977011494252,7.890804597701149,0.6032758620689654,2.5172413793103448,21.17816091954023,0.1252873563218392,13.948275862068966,2.235632183908046,87.683908045977
