placar_casa,placar_visitante,data,round,stage,ano,equipe_casa,equipe_visitante,Pts_casa,3P_casa,2P_casa,LL_casa,RT_casa,RO_casa,RD_casa,AS_casa,ER_casa,IA%_casa,3PC_casa,3PT_casa,3P%_casa,2PC_casa,2PT_casa,2P%_casa,LLC_casa,LLT_casa,LL%_casa,EN_casa,BR_casa,B/E_casa,TO_casa,FC_casa,T/FC_casa,ET_casa,VI_casa,EF_casa,Pts_visitante,3P_visitante,2P_visitante,LL_visitante,RT_visitante,RO_visitante,RD_visitante,AS_visitante,ER_visitante,IA%_visitante,3PC_visitante,3PT_visitante,3P%_visitante,2PC_visitante,2PT_visitante,2P%_visitante,LLC_visitante,LLT_visitante,LL%_visitante,EN_visitante,BR_visitante,B/E_visitante,TO_visitante,FC_visitante,T/FC_visitante,ET_visitante,VI_visitante,EF_visitante
80,91,2018-12-15,9,1,2018-2019,Minas,Flamengo,78.16669291338582,25.905511811023622,41.77956692913386,15.312322834645668,33.21003937007874,9.744055118110236,23.465866141732285,15.628582677165353,14.321496062992125,1.1759448818897642,7.025000000000001,20.728346456692915,33.97826771653544,20.889724409448817,39.841220472440945,52.53842519685039,15.312322834645668,20.776889763779526,73.61618110236216,1.4212992125984254,7.940984251968505,0.5952362204724407,2.4133858267716537,21.39503937007874,0.118464566929134,14.321496062992125,2.640354330708662,85.98822834645667,87.74993333333337,31.61,43.59993333333333,16.8,35.159933333333335,9.476733333333335,25.683400000000002,17.01,12.356666666666667,1.5211333333333328,9.116666666666667,24.283366666666666,37.71326666666667,21.80006666666667,38.8033,56.39063333333333,16.8,22.036666666666665,76.14226666666667,1.73,8.399966666666666,0.7444333333333334,1.8867333333333325,19.670033333333333,0.09946666666666663,12.356666666666667,1.8632666666666675,101.65333333333334
