placar_casa,placar_visitante,data,round,stage,ano,equipe_casa,equipe_visitante,Pts_casa,3P_casa,2P_casa,LL_casa,RT_casa,RO_casa,RD_casa,AS_casa,ER_casa,IA%_casa,3PC_casa,3PT_casa,3P%_casa,2PC_casa,2PT_casa,2P%_casa,LLC_casa,LLT_casa,LL%_casa,EN_casa,BR_casa,B/E_casa,TO_casa,FC_casa,T/FC_casa,ET_casa,VI_casa,EF_casa,Pts_visitante,3P_visitante,2P_visitante,LL_visitante,RT_visitante,RO_visitante,RD_visitante,AS_visitante,ER_visitante,IA%_visitante,3PC_visitante,3PT_visitante,3P%_visitante,2PC_visitante,2PT_visitante,2P%_visitante,LLC_visitante,LLT_visitante,LL%_visitante,EN_visitante,BR_visitante,B/E_visitante,TO_visitante,FC_visitante,T/FC_visitante,ET_visitante,VI_visitante,EF_visitante
96,98,2013-12-19,11,1,2013-2014,L. Sorocabana,Goiânia,75.98484848484848,38.5,38.84848484848485,16.136363636363637,27.757575757575758,8.727272727272727,19.03030303030303,10.242424242424242,11.863636363636363,0.935,7.0,21.181818181818183,33.08590909090909,19.424242424242426,38.03030303030303,51.23363636363634,16.136363636363637,21.560606060606062,74.99030303030305,1.3484848484848484,8.181818181818182,0.7440909090909091,1.4242424242424243,20.106060606060606,0.07212121212121211,11.863636363636363,2.484848484848485,78.16666666666667,74.88888888888889,24.666666666666668,36.888888888888886,13.333333333333334,31.88888888888889,8.555555555555555,23.333333333333332,13.555555555555555,12.333333333333334,1.32,8.222222222222221,23.77777777777778,35.315555555555555,18.444444444444443,35.111111111111114,52.55555555555556,13.333333333333334,17.77777777777778,75.4388888888889,1.0,7.0,0.6144444444444445,1.2222222222222223,21.666666666666668,0.05888888888888888,12.333333333333334,3.2222222222222223,79.55555555555556
