placar_casa,placar_visitante,data,round,stage,ano,equipe_casa,equipe_visitante,Pts_casa,3P_casa,2P_casa,LL_casa,RT_casa,RO_casa,RD_casa,AS_casa,ER_casa,IA%_casa,3PC_casa,3PT_casa,3P%_casa,2PC_casa,2PT_casa,2P%_casa,LLC_casa,LLT_casa,LL%_casa,EN_casa,BR_casa,B/E_casa,TO_casa,FC_casa,T/FC_casa,ET_casa,VI_casa,EF_casa,Pts_visitante,3P_visitante,2P_visitante,LL_visitante,RT_visitante,RO_visitante,RD_visitante,AS_visitante,ER_visitante,IA%_visitante,3PC_visitante,3PT_visitante,3P%_visitante,2PC_visitante,2PT_visitante,2P%_visitante,LLC_visitante,LLT_visitante,LL%_visitante,EN_visitante,BR_visitante,B/E_visitante,TO_visitante,FC_visitante,T/FC_visitante,ET_visitante,VI_visitante,EF_visitante
71,64,2014-11-04,1,1,2014-2015,Coop/São José Basketball,Minas,80.9298245614035,31.94736842105263,39.32163742690059,15.923976608187134,32.654970760233915,9.403508771929825,23.251461988304094,16.380116959064328,13.894736842105264,1.2785964912280694,8.56140350877193,24.333333333333332,35.26760233918129,19.660818713450293,36.56140350877193,53.92052631578948,15.923976608187134,20.842105263157894,76.05210526315787,0.7953216374269005,7.017543859649122,0.5310526315789472,2.3391812865497075,19.093567251461987,0.13070175438596487,13.894736842105264,1.8771929824561404,89.6374269005848,80.10204081632654,29.040816326530614,43.61904761904762,15.789115646258503,31.17687074829932,9.149659863945578,22.027210884353742,15.374149659863946,13.877551020408163,1.196734693877551,6.8979591836734695,19.45578231292517,35.13802721088437,21.80952380952381,40.7687074829932,53.67455782312925,15.789115646258503,20.86394557823129,75.75802721088434,1.1088435374149659,7.448979591836735,0.5760544217687076,2.687074829931973,20.843537414965986,0.13537414965986402,13.877551020408163,2.074829931972789,88.19047619047619
