placar_casa,placar_visitante,data,round,stage,ano,equipe_casa,equipe_visitante,Pts_casa,3P_casa,2P_casa,LL_casa,RT_casa,RO_casa,RD_casa,AS_casa,ER_casa,IA%_casa,3PC_casa,3PT_casa,3P%_casa,2PC_casa,2PT_casa,2P%_casa,LLC_casa,LLT_casa,LL%_casa,EN_casa,BR_casa,B/E_casa,TO_casa,FC_casa,T/FC_casa,ET_casa,VI_casa,EF_casa,Pts_visitante,3P_visitante,2P_visitante,LL_visitante,RT_visitante,RO_visitante,RD_visitante,AS_visitante,ER_visitante,IA%_visitante,3PC_visitante,3PT_visitante,3P%_visitante,2PC_visitante,2PT_visitante,2P%_visitante,LLC_visitante,LLT_visitante,LL%_visitante,EN_visitante,BR_visitante,B/E_visitante,TO_visitante,FC_visitante,T/FC_visitante,ET_visitante,VI_visitante,EF_visitante
93,82,2020-03-03,7,2,2019-2020,Flamengo,Pinheiros,87.30451149425292,31.275862068965516,43.13787356321839,16.563189655172412,35.88215517241379,9.790258620689656,26.09198275862069,17.224137931034484,12.3391091954023,1.5381321839080453,9.201149425287356,24.721293103448275,37.38433908045981,21.569022988505747,38.62931034482759,56.020718390804596,16.563189655172412,21.84192528735632,75.8187068965517,1.6437068965517239,8.221264367816092,0.726551724137931,1.8649999999999993,19.637931034482758,0.09833333333333331,12.3391091954023,1.830373563218392,101.33905172413795,83.52887537993921,28.82370820668693,40.5106990881459,16.23711246200608,33.696018237082065,9.510699088145898,24.185410334346503,15.56838905775076,13.343465045592705,1.254498480243161,8.927021276595744,24.109452887537994,37.048510638297856,20.255258358662612,38.01820668693009,53.65361702127661,16.23711246200608,21.775075987841944,74.5842249240121,1.9361398176291797,8.072917933130698,0.6401519756838906,2.474164133738602,20.127689969604862,0.12838905775075976,13.343465045592705,2.3617325227963524,92.68689969604864
