placar_casa,placar_visitante,data,round,stage,ano,equipe_casa,equipe_visitante,Pts_casa,3P_casa,2P_casa,LL_casa,RT_casa,RO_casa,RD_casa,AS_casa,ER_casa,IA%_casa,3PC_casa,3PT_casa,3P%_casa,2PC_casa,2PT_casa,2P%_casa,LLC_casa,LLT_casa,LL%_casa,EN_casa,BR_casa,B/E_casa,TO_casa,FC_casa,T/FC_casa,ET_casa,VI_casa,EF_casa,Pts_visitante,3P_visitante,2P_visitante,LL_visitante,RT_visitante,RO_visitante,RD_visitante,AS_visitante,ER_visitante,IA%_visitante,3PC_visitante,3PT_visitante,3P%_visitante,2PC_visitante,2PT_visitante,2P%_visitante,LLC_visitante,LLT_visitante,LL%_visitante,EN_visitante,BR_visitante,B/E_visitante,TO_visitante,FC_visitante,T/FC_visitante,ET_visitante,VI_visitante,EF_visitante
82,64,2023-11-21,6,1,2023-2024,Coop/São José Basketball,Flamengo,80.08679640718564,28.104790419161677,40.39517964071856,14.793413173652695,33.73347305389221,9.48805389221557,24.24550898203593,17.36520958083832,13.829311377245508,1.3594011976047906,8.29940119760479,24.089760479041914,34.55721556886227,20.197634730538923,37.71254491017964,53.73634730538925,14.793413173652695,19.592814371257486,74.8537724550898,0.9760778443113772,7.12874251497006,0.5449101796407186,2.155688622754491,19.988053892215568,0.11535928143712584,13.829311377245508,2.131766467065868,89.437125748503,87.02728421052636,32.892631578947366,41.094673684210534,15.730505263157895,37.435726315789495,10.391536842105262,27.04425263157895,17.985284210526316,12.378947368421052,1.5931368421052645,10.067368421052631,27.39155789473684,36.99734736842106,20.54743157894737,36.6737052631579,56.17772631578949,15.730505263157895,20.800063157894737,75.4847157894736,1.5873052631578954,7.785326315789475,0.6826105263157892,1.8969263157894727,18.77682105263158,0.10585263157894742,12.378947368421052,1.9347157894736844,101.99357894736848
