placar_casa,placar_visitante,data,round,stage,ano,equipe_casa,equipe_visitante,Pts_casa,3P_casa,2P_casa,LL_casa,RT_casa,RO_casa,RD_casa,AS_casa,ER_casa,IA%_casa,3PC_casa,3PT_casa,3P%_casa,2PC_casa,2PT_casa,2P%_casa,LLC_casa,LLT_casa,LL%_casa,EN_casa,BR_casa,B/E_casa,TO_casa,FC_casa,T/FC_casa,ET_casa,VI_casa,EF_casa,Pts_visitante,3P_visitante,2P_visitante,LL_visitante,RT_visitante,RO_visitante,RD_visitante,AS_visitante,ER_visitante,IA%_visitante,3PC_visitante,3PT_visitante,3P%_visitante,2PC_visitante,2PT_visitante,2P%_visitante,LLC_visitante,LLT_visitante,LL%_visitante,EN_visitante,BR_visitante,B/E_visitante,TO_visitante,FC_visitante,T/FC_visitante,ET_visitante,VI_visitante,EF_visitante
69,67,2009-12-08,8,1,2009-2010,Espírito Santo,Bauru Basket,74.12121212121212,19.90909090909091,39.03030303030303,15.181818181818182,29.818181818181817,8.454545454545455,21.363636363636363,12.212121212121213,13.93939393939394,0.9966666666666667,6.636363636363637,21.03030303030303,31.385151515151517,19.515151515151516,37.27272727272727,52.873333333333335,15.181818181818182,23.303030303030305,65.4090909090909,1.2121212121212122,8.484848484848484,0.658787878787879,1.8181818181818181,21.666666666666668,0.08636363636363638,13.93939393939394,0.696969696969697,72.24242424242425,79.68571428571428,26.485714285714284,39.6,13.6,30.085714285714285,9.485714285714286,20.6,13.4,10.457142857142857,1.5334285714285716,8.82857142857143,23.4,37.426857142857145,19.8,37.57142857142857,53.058571428571426,13.6,19.114285714285714,72.05885714285712,1.457142857142857,6.428571428571429,0.7134285714285714,2.057142857142857,17.8,0.12342857142857144,10.457142857142857,0.4,83.34285714285714
