placar_casa,placar_visitante,data,round,stage,ano,equipe_casa,equipe_visitante,Pts_casa,3P_casa,2P_casa,LL_casa,RT_casa,RO_casa,RD_casa,AS_casa,ER_casa,IA%_casa,3PC_casa,3PT_casa,3P%_casa,2PC_casa,2PT_casa,2P%_casa,LLC_casa,LLT_casa,LL%_casa,EN_casa,BR_casa,B/E_casa,TO_casa,FC_casa,T/FC_casa,ET_casa,VI_casa,EF_casa,Pts_visitante,3P_visitante,2P_visitante,LL_visitante,RT_visitante,RO_visitante,RD_visitante,AS_visitante,ER_visitante,IA%_visitante,3PC_visitante,3PT_visitante,3P%_visitante,2PC_visitante,2PT_visitante,2P%_visitante,LLC_visitante,LLT_visitante,LL%_visitante,EN_visitante,BR_visitante,B/E_visitante,TO_visitante,FC_visitante,T/FC_visitante,ET_visitante,VI_visitante,EF_visitante
79,85,2012-02-25,8,2,2011-2012,Flamengo,Coop/São José Basketball,91.80555555555556,30.0,44.52777777777778,17.27777777777778,32.458333333333336,7.861111111111111,24.59722222222222,16.416666666666668,12.722222222222221,1.4180555555555554,10.0,24.958333333333332,40.16888888888889,22.26388888888889,37.833333333333336,58.864583333333336,17.27777777777778,22.944444444444443,75.66125,1.9444444444444444,8.694444444444445,0.7475000000000002,1.8333333333333333,19.694444444444443,0.09527777777777775,12.722222222222221,1.0277777777777777,102.375,79.73770491803279,26.557377049180328,37.60655737704918,15.573770491803279,30.42622950819672,9.508196721311476,20.918032786885245,15.885245901639344,13.868852459016393,1.2260655737704917,8.852459016393443,25.770491803278688,34.17836065573771,18.80327868852459,35.24590163934426,53.92245901639344,15.573770491803279,21.16393442622951,73.19688524590163,1.0491803278688525,6.901639344262295,0.5273770491803278,2.1311475409836067,20.62295081967213,0.10819672131147538,13.868852459016393,0.8688524590163934,82.45901639344262
