placar_casa,placar_visitante,data,round,stage,ano,equipe_casa,equipe_visitante,Pts_casa,3P_casa,2P_casa,LL_casa,RT_casa,RO_casa,RD_casa,AS_casa,ER_casa,IA%_casa,3PC_casa,3PT_casa,3P%_casa,2PC_casa,2PT_casa,2P%_casa,LLC_casa,LLT_casa,LL%_casa,EN_casa,BR_casa,B/E_casa,TO_casa,FC_casa,T/FC_casa,ET_casa,VI_casa,EF_casa,Pts_visitante,3P_visitante,2P_visitante,LL_visitante,RT_visitante,RO_visitante,RD_visitante,AS_visitante,ER_visitante,IA%_visitante,3PC_visitante,3PT_visitante,3P%_visitante,2PC_visitante,2PT_visitante,2P%_visitante,LLC_visitante,LLT_visitante,LL%_visitante,EN_visitante,BR_visitante,B/E_visitante,TO_visitante,FC_visitante,T/FC_visitante,ET_visitante,VI_visitante,EF_visitante
86,77,2021-02-07,2,2,2020-2021,Fortaleza B. C. / CFO,Cerrado,76.83892561983471,29.231404958677686,39.140454545454546,13.338842975206612,35.42557851239669,10.363719008264464,25.062107438016533,13.652892561983471,12.78090909090909,1.1741735537190086,8.119876033057853,24.677603305785123,33.13140495867768,19.570289256198347,39.16933884297521,50.0711983471074,13.338842975206612,18.75623966942149,70.89640495867768,1.4298347107438019,8.475165289256198,0.7233057851239669,2.458595041322315,20.55367768595041,0.12256198347107433,12.78090909090909,2.59095041322314,83.30570247933886,74.88944444444445,24.0,37.665555555555564,13.22222222222222,37.38722222222222,11.5,25.890555555555565,15.556111111111111,13.611111111111112,1.1666666666666665,8.0,23.723888888888897,33.86611111111111,18.834444444444447,38.72222222222223,48.6022222222222,13.22222222222222,19.22333333333334,68.63111111111112,1.2766666666666664,7.000555555555556,0.511111111111111,2.1111111111111107,20.39111111111112,0.10333333333333333,13.611111111111112,2.3316666666666666,81.72222222222223
