placar_casa,placar_visitante,data,round,stage,ano,equipe_casa,equipe_visitante,Pts_casa,3P_casa,2P_casa,LL_casa,RT_casa,RO_casa,RD_casa,AS_casa,ER_casa,IA%_casa,3PC_casa,3PT_casa,3P%_casa,2PC_casa,2PT_casa,2P%_casa,LLC_casa,LLT_casa,LL%_casa,EN_casa,BR_casa,B/E_casa,TO_casa,FC_casa,T/FC_casa,ET_casa,VI_casa,EF_casa,Pts_visitante,3P_visitante,2P_visitante,LL_visitante,RT_visitante,RO_visitante,RD_visitante,AS_visitante,ER_visitante,IA%_visitante,3PC_visitante,3PT_visitante,3P%_visitante,2PC_visitante,2PT_visitante,2P%_visitante,LLC_visitante,LLT_visitante,LL%_visitante,EN_visitante,BR_visitante,B/E_visitante,TO_visitante,FC_visitante,T/FC_visitante,ET_visitante,VI_visitante,EF_visitante
81,86,2013-04-07,15,2,2012-2013,Brasília,Minas,87.90322580645162,32.153225806451616,44.33870967741935,18.233870967741936,33.16129032258065,8.96774193548387,24.193548387096776,16.072580645161292,13.798387096774194,1.3148387096774192,8.443548387096774,23.870967741935484,35.269596774193545,22.169354838709676,38.04838709677419,58.343387096774215,18.233870967741936,23.282258064516128,78.5065322580645,1.564516129032258,7.604838709677419,0.6184677419354841,3.2903225806451615,22.056451612903224,0.1614516129032258,13.798387096774194,1.6370967741935485,100.70967741935483,83.93518518518519,33.52777777777778,45.24074074074074,16.52777777777778,31.37962962962963,9.268518518518519,22.11111111111111,15.944444444444445,14.25,1.2168518518518516,7.388888888888889,20.24074074074074,36.36092592592594,22.62037037037037,40.93518518518518,55.43675925925926,16.52777777777778,21.583333333333332,76.44787037037034,1.0092592592592593,6.944444444444445,0.5210185185185184,2.5833333333333335,20.40740740740741,0.13379629629629633,14.25,1.8425925925925926,92.86111111111111
