placar_casa,placar_visitante,data,round,stage,ano,equipe_casa,equipe_visitante,Pts_casa,3P_casa,2P_casa,LL_casa,RT_casa,RO_casa,RD_casa,AS_casa,ER_casa,IA%_casa,3PC_casa,3PT_casa,3P%_casa,2PC_casa,2PT_casa,2P%_casa,LLC_casa,LLT_casa,LL%_casa,EN_casa,BR_casa,B/E_casa,TO_casa,FC_casa,T/FC_casa,ET_casa,VI_casa,EF_casa,Pts_visitante,3P_visitante,2P_visitante,LL_visitante,RT_visitante,RO_visitante,RD_visitante,AS_visitante,ER_visitante,IA%_visitante,3PC_visitante,3PT_visitante,3P%_visitante,2PC_visitante,2PT_visitante,2P%_visitante,LLC_visitante,LLT_visitante,LL%_visitante,EN_visitante,BR_visitante,B/E_visitante,TO_visitante,FC_visitante,T/FC_visitante,ET_visitante,VI_visitante,EF_visitante
74,78,2013-11-14,1,1,2013-2014,Bauru Basket,Palmeiras,81.70833333333333,35.175,41.5,14.083333333333334,31.125,9.733333333333333,21.391666666666666,14.025,10.866666666666667,1.4709166666666655,8.708333333333334,22.741666666666667,38.600249999999996,20.75,39.641666666666666,52.939083333333315,14.083333333333334,19.05,74.31358333333333,1.5166666666666666,6.533333333333333,0.6862499999999997,1.8083333333333333,18.166666666666668,0.10416666666666675,10.866666666666667,1.8166666666666667,89.075,78.05882352941177,50.64705882352941,39.411764705882355,16.058823529411764,30.558823529411764,9.558823529411764,21.0,12.176470588235293,12.970588235294118,1.1061764705882355,7.529411764705882,22.58823529411765,33.25441176470588,19.705882352941178,40.6764705882353,48.62470588235295,16.058823529411764,23.61764705882353,67.23794117647058,1.911764705882353,7.764705882352941,0.6799999999999999,1.6764705882352942,21.676470588235293,0.07705882352941178,12.970588235294118,2.9411764705882355,82.23529411764706
