placar_casa,placar_visitante,data,round,stage,ano,equipe_casa,equipe_visitante,Pts_casa,3P_casa,2P_casa,LL_casa,RT_casa,RO_casa,RD_casa,AS_casa,ER_casa,IA%_casa,3PC_casa,3PT_casa,3P%_casa,2PC_casa,2PT_casa,2P%_casa,LLC_casa,LLT_casa,LL%_casa,EN_casa,BR_casa,B/E_casa,TO_casa,FC_casa,T/FC_casa,ET_casa,VI_casa,EF_casa,Pts_visitante,3P_visitante,2P_visitante,LL_visitante,RT_visitante,RO_visitante,RD_visitante,AS_visitante,ER_visitante,IA%_visitante,3PC_visitante,3PT_visitante,3P%_visitante,2PC_visitante,2PT_visitante,2P%_visitante,LLC_visitante,LLT_visitante,LL%_visitante,EN_visitante,BR_visitante,B/E_visitante,TO_visitante,FC_visitante,T/FC_visitante,ET_visitante,VI_visitante,EF_visitante
70,75,2023-12-09,8,1,2023-2024,São Paulo,R10 Score Vasco da Gama,85.46761006289309,32.45283018867924,38.959999999999994,14.05427672955975,37.21188679245283,8.968427672955974,28.243081761006287,17.746352201257864,11.681446540880506,1.6101257861635228,10.81761006289308,29.633081761006288,36.291823899371074,19.480251572327045,34.32490566037736,56.8674213836478,14.05427672955975,18.551069182389938,75.81056603773584,1.9559748427672956,6.637358490566038,0.5906918238993706,2.3499999999999996,18.111194968553455,0.13874213836477978,11.681446540880506,1.8827044025157234,99.56817610062893,74.68323943661971,24.08450704225352,35.66183098591549,14.93647887323944,35.323802816901406,9.908450704225352,25.415352112676054,16.957605633802817,14.838169014084503,1.19774647887324,8.028309859154929,24.23253521126761,33.01352112676058,17.831126760563382,36.408309859154926,49.338873239436644,14.93647887323944,20.098732394366202,74.47197183098591,0.8802816901408451,6.9649295774647895,0.48746478873239435,1.4156338028169015,20.47887323943662,0.07197183098591546,14.838169014084503,3.140845070422535,80.53521126760563
