placar_casa,placar_visitante,data,round,stage,ano,equipe_casa,equipe_visitante,Pts_casa,3P_casa,2P_casa,LL_casa,RT_casa,RO_casa,RD_casa,AS_casa,ER_casa,IA%_casa,3PC_casa,3PT_casa,3P%_casa,2PC_casa,2PT_casa,2P%_casa,LLC_casa,LLT_casa,LL%_casa,EN_casa,BR_casa,B/E_casa,TO_casa,FC_casa,T/FC_casa,ET_casa,VI_casa,EF_casa,Pts_visitante,3P_visitante,2P_visitante,LL_visitante,RT_visitante,RO_visitante,RD_visitante,AS_visitante,ER_visitante,IA%_visitante,3PC_visitante,3PT_visitante,3P%_visitante,2PC_visitante,2PT_visitante,2P%_visitante,LLC_visitante,LLT_visitante,LL%_visitante,EN_visitante,BR_visitante,B/E_visitante,TO_visitante,FC_visitante,T/FC_visitante,ET_visitante,VI_visitante,EF_visitante
80,65,2015-04-01,14,2,2014-2015,Sesi Franca,Coop/São José Basketball,80.33160621761658,29.362694300518136,43.24352331606217,15.854922279792746,31.3419689119171,9.26943005181347,22.072538860103627,14.652849740932643,13.50259067357513,1.2240414507772017,7.077720207253886,20.067357512953368,35.25569948186529,21.621761658031087,41.30051813471503,52.50808290155441,15.854922279792746,21.564766839378237,73.11036269430049,1.8860103626943006,8.979274611398964,0.7241968911917095,2.7875647668393784,20.678756476683937,0.14378238341968907,13.50259067357513,2.082901554404145,88.18652849740933,80.51256281407035,30.12060301507538,40.29145728643216,15.482412060301508,33.09045226130653,9.457286432160805,23.633165829145728,16.683417085427134,13.884422110552764,1.3030653266331647,8.246231155778894,23.57286432160804,34.954673366834186,20.14572864321608,37.55778894472362,53.823115577889475,15.482412060301508,20.241206030150753,75.99391959798993,0.8391959798994975,7.135678391959799,0.5413567839195979,2.3115577889447234,19.07035175879397,0.12929648241206027,13.884422110552764,2.0050251256281406,89.89949748743719
