placar_casa,placar_visitante,data,round,stage,ano,equipe_casa,equipe_visitante,Pts_casa,3P_casa,2P_casa,LL_casa,RT_casa,RO_casa,RD_casa,AS_casa,ER_casa,IA%_casa,3PC_casa,3PT_casa,3P%_casa,2PC_casa,2PT_casa,2P%_casa,LLC_casa,LLT_casa,LL%_casa,EN_casa,BR_casa,B/E_casa,TO_casa,FC_casa,T/FC_casa,ET_casa,VI_casa,EF_casa,Pts_visitante,3P_visitante,2P_visitante,LL_visitante,RT_visitante,RO_visitante,RD_visitante,AS_visitante,ER_visitante,IA%_visitante,3PC_visitante,3PT_visitante,3P%_visitante,2PC_visitante,2PT_visitante,2P%_visitante,LLC_visitante,LLT_visitante,LL%_visitante,EN_visitante,BR_visitante,B/E_visitante,TO_visitante,FC_visitante,T/FC_visitante,ET_visitante,VI_visitante,EF_visitante
76,53,2023-03-11,6,2,2022-2023,Caxias do Sul Basquete,Rio Claro,72.74841059602649,23.264900662251655,35.735231788079474,13.748476821192053,34.049536423841054,9.019933774834435,25.02960264900662,14.480331125827814,13.827814569536427,1.0998675496688743,7.755099337748347,24.115827814569535,32.222649006622504,17.867417218543043,36.4935761589404,49.008874172185436,13.748476821192053,19.43384105960265,70.54741721854302,1.0958278145695366,7.682185430463573,0.5689403973509933,1.7947019867549672,21.218344370860923,0.08913907284768216,13.827814569536427,2.904039735099338,76.25490066225166,77.5634,23.44,39.520133333333334,14.603266666666665,33.20993333333333,9.213399999999998,23.996533333333332,16.296599999999998,13.563400000000001,1.2870666666666666,7.8133333333333335,23.46006666666667,33.156400000000005,19.759866666666664,37.71653333333333,52.51173333333333,14.603266666666665,19.570133333333334,74.03573333333334,1.78,8.076666666666666,0.6217333333333335,1.6466666666666667,21.846666666666668,0.07826666666666668,13.563400000000001,2.91,84.66
