placar_casa,placar_visitante,data,round,stage,ano,equipe_casa,equipe_visitante,Pts_casa,3P_casa,2P_casa,LL_casa,RT_casa,RO_casa,RD_casa,AS_casa,ER_casa,IA%_casa,3PC_casa,3PT_casa,3P%_casa,2PC_casa,2PT_casa,2P%_casa,LLC_casa,LLT_casa,LL%_casa,EN_casa,BR_casa,B/E_casa,TO_casa,FC_casa,T/FC_casa,ET_casa,VI_casa,EF_casa,Pts_visitante,3P_visitante,2P_visitante,LL_visitante,RT_visitante,RO_visitante,RD_visitante,AS_visitante,ER_visitante,IA%_visitante,3PC_visitante,3PT_visitante,3P%_visitante,2PC_visitante,2PT_visitante,2P%_visitante,LLC_visitante,LLT_visitante,LL%_visitante,EN_visitante,BR_visitante,B/E_visitante,TO_visitante,FC_visitante,T/FC_visitante,ET_visitante,VI_visitante,EF_visitante
84,83,2022-12-03,7,1,2022-2023,Sesi Franca,Caxias do Sul Basquete,82.17535545023696,28.997630331753555,41.12559241706161,15.770071090047391,34.08063981042654,9.187251184834125,24.89338862559242,16.00590047393365,13.228696682464456,1.3332227488151662,8.426469194312794,23.31163507109005,35.90677725118482,20.562796208530806,38.296208530805686,54.130118483412325,15.770071090047391,20.983436018957345,75.12983412322276,1.960876777251185,7.790331753554503,0.6326303317535545,2.5355450236966823,20.030853080568722,0.13341232227488156,13.228696682464456,2.123222748815166,92.41109004739339,72.64451851851852,23.4,35.622370370370376,13.622370370370371,33.75918518518518,9.044518518518517,24.714666666666663,14.71496296296296,13.833333333333337,1.1167407407407408,7.800074074074075,24.11474074074074,32.40318518518518,17.81096296296296,36.32977777777778,49.074962962962964,13.622370370370371,19.31851851851852,70.35896296296295,1.1628148148148147,7.766814814814813,0.5758518518518518,1.762888888888889,21.36644444444444,0.08711111111111115,13.833333333333337,2.9482222222222227,76.28518518518518
