placar_casa,placar_visitante,data,round,stage,ano,equipe_casa,equipe_visitante,Pts_casa,3P_casa,2P_casa,LL_casa,RT_casa,RO_casa,RD_casa,AS_casa,ER_casa,IA%_casa,3PC_casa,3PT_casa,3P%_casa,2PC_casa,2PT_casa,2P%_casa,LLC_casa,LLT_casa,LL%_casa,EN_casa,BR_casa,B/E_casa,TO_casa,FC_casa,T/FC_casa,ET_casa,VI_casa,EF_casa,Pts_visitante,3P_visitante,2P_visitante,LL_visitante,RT_visitante,RO_visitante,RD_visitante,AS_visitante,ER_visitante,IA%_visitante,3PC_visitante,3PT_visitante,3P%_visitante,2PC_visitante,2PT_visitante,2P%_visitante,LLC_visitante,LLT_visitante,LL%_visitante,EN_visitante,BR_visitante,B/E_visitante,TO_visitante,FC_visitante,T/FC_visitante,ET_visitante,VI_visitante,EF_visitante
71,77,2014-02-06,5,2,2013-2014,Minas,Bauru Basket,80.94029850746269,29.932835820895523,44.07462686567164,16.08955223880597,31.29850746268657,9.119402985074627,22.17910447761194,15.41044776119403,13.947761194029852,1.1970149253731344,6.925373134328358,19.58955223880597,35.026194029850764,22.03731343283582,40.83582089552239,54.15328358208954,16.08955223880597,21.14179104477612,76.36022388059699,1.0820895522388059,7.276119402985074,0.5611940298507465,2.574626865671642,20.73134328358209,0.1309701492537314,13.947761194029852,1.962686567164179,89.08955223880596,81.75539568345324,34.10071942446043,40.97841726618705,14.489208633093526,31.201438848920862,9.683453237410072,21.51798561151079,14.158273381294965,10.942446043165468,1.4728776978417255,8.762589928057555,22.892086330935253,38.72086330935252,20.489208633093526,39.0,53.110935251798544,14.489208633093526,19.467625899280577,74.7402877697842,1.5827338129496402,6.877697841726619,0.7117266187050357,1.8345323741007193,18.172661870503596,0.10589928057553966,10.942446043165468,1.8129496402877698,89.53237410071942
