placar_casa,placar_visitante,data,round,stage,ano,equipe_casa,equipe_visitante,Pts_casa,3P_casa,2P_casa,LL_casa,RT_casa,RO_casa,RD_casa,AS_casa,ER_casa,IA%_casa,3PC_casa,3PT_casa,3P%_casa,2PC_casa,2PT_casa,2P%_casa,LLC_casa,LLT_casa,LL%_casa,EN_casa,BR_casa,B/E_casa,TO_casa,FC_casa,T/FC_casa,ET_casa,VI_casa,EF_casa,Pts_visitante,3P_visitante,2P_visitante,LL_visitante,RT_visitante,RO_visitante,RD_visitante,AS_visitante,ER_visitante,IA%_visitante,3PC_visitante,3PT_visitante,3P%_visitante,2PC_visitante,2PT_visitante,2P%_visitante,LLC_visitante,LLT_visitante,LL%_visitante,EN_visitante,BR_visitante,B/E_visitante,TO_visitante,FC_visitante,T/FC_visitante,ET_visitante,VI_visitante,EF_visitante
98,87,2016-12-22,12,1,2016-2017,Flamengo,Vitória,88.17045454545455,32.19318181818182,44.015151515151516,16.803030303030305,34.390151515151516,9.109848484848484,25.28030303030303,16.575757575757574,12.234848484848484,1.510189393939394,9.117424242424242,23.856060606060606,38.33859848484847,22.007575757575758,38.86742424242424,56.80276515151513,16.803030303030305,22.056818181818183,76.06124999999997,1.7878787878787878,8.670454545454545,0.7759090909090909,1.875,19.58712121212121,0.09950757575757577,12.234848484848484,1.803030303030303,101.97348484848484,72.025,18.9,38.7,14.425,35.425,11.2,24.225,13.3,14.9,0.9540000000000001,6.3,21.1,30.012999999999998,19.35,40.675,47.98475000000001,14.425,19.875,72.75574999999999,1.2,9.8,0.6877500000000001,1.75,20.15,0.09125,14.9,3.75,75.75
