placar_casa,placar_visitante,data,round,stage,ano,equipe_casa,equipe_visitante,Pts_casa,3P_casa,2P_casa,LL_casa,RT_casa,RO_casa,RD_casa,AS_casa,ER_casa,IA%_casa,3PC_casa,3PT_casa,3P%_casa,2PC_casa,2PT_casa,2P%_casa,LLC_casa,LLT_casa,LL%_casa,EN_casa,BR_casa,B/E_casa,TO_casa,FC_casa,T/FC_casa,ET_casa,VI_casa,EF_casa,Pts_visitante,3P_visitante,2P_visitante,LL_visitante,RT_visitante,RO_visitante,RD_visitante,AS_visitante,ER_visitante,IA%_visitante,3PC_visitante,3PT_visitante,3P%_visitante,2PC_visitante,2PT_visitante,2P%_visitante,LLC_visitante,LLT_visitante,LL%_visitante,EN_visitante,BR_visitante,B/E_visitante,TO_visitante,FC_visitante,T/FC_visitante,ET_visitante,VI_visitante,EF_visitante
84,80,2015-11-11,3,1,2015-2016,Macaé Basquete,Rio Claro,79.52054794520548,24.82191780821918,37.58904109589041,17.10958904109589,31.684931506849313,8.465753424657533,23.21917808219178,14.013698630136986,13.36986301369863,1.2420547945205473,8.273972602739725,22.013698630136986,37.631232876712325,18.794520547945204,36.28767123287671,52.05890410958905,17.10958904109589,21.465753424657535,80.11767123287669,1.3013698630136987,8.73972602739726,0.7780821917808219,1.452054794520548,22.315068493150687,0.06643835616438358,13.36986301369863,3.1095890410958904,86.45205479452055,78.90625,21.5625,42.4375,14.90625,30.9375,8.1875,22.75,16.875,13.625,1.346875,7.1875,21.65625,32.3965625,21.21875,39.46875,53.8478125,14.90625,18.71875,79.22468750000002,1.5,10.21875,0.79375,1.4375,19.46875,0.07843750000000001,13.625,3.0625,88.21875
