placar_casa,placar_visitante,data,round,stage,ano,equipe_casa,equipe_visitante,Pts_casa,3P_casa,2P_casa,LL_casa,RT_casa,RO_casa,RD_casa,AS_casa,ER_casa,IA%_casa,3PC_casa,3PT_casa,3P%_casa,2PC_casa,2PT_casa,2P%_casa,LLC_casa,LLT_casa,LL%_casa,EN_casa,BR_casa,B/E_casa,TO_casa,FC_casa,T/FC_casa,ET_casa,VI_casa,EF_casa,Pts_visitante,3P_visitante,2P_visitante,LL_visitante,RT_visitante,RO_visitante,RD_visitante,AS_visitante,ER_visitante,IA%_visitante,3PC_visitante,3PT_visitante,3P%_visitante,2PC_visitante,2PT_visitante,2P%_visitante,LLC_visitante,LLT_visitante,LL%_visitante,EN_visitante,BR_visitante,B/E_visitante,TO_visitante,FC_visitante,T/FC_visitante,ET_visitante,VI_visitante,EF_visitante
85,94,2013-01-15,4,1,2012-2013,Palmeiras,Pinheiros,74.41666666666667,53.0,35.333333333333336,14.583333333333334,27.083333333333332,8.833333333333334,18.25,10.916666666666666,12.166666666666666,1.0525000000000002,8.166666666666666,23.5,35.10166666666667,17.666666666666668,38.5,46.4175,14.583333333333334,21.333333333333332,67.075,1.3333333333333333,8.0,0.7208333333333333,1.4166666666666667,23.0,0.06000000000000002,12.166666666666666,3.0,76.5,86.81914893617021,30.414893617021278,41.87234042553192,17.78723404255319,30.79787234042553,8.457446808510639,22.340425531914892,15.553191489361701,13.308510638297872,1.2491489361702128,9.053191489361701,23.680851063829788,38.477234042553185,20.93617021276596,37.797872340425535,55.42797872340423,17.78723404255319,23.829787234042552,74.49074468085108,2.5,7.457446808510638,0.592659574468085,2.4680851063829787,19.76595744680851,0.13053191489361698,13.308510638297872,1.872340425531915,95.42553191489361
