placar_casa,placar_visitante,data,round,stage,ano,equipe_casa,equipe_visitante,Pts_casa,3P_casa,2P_casa,LL_casa,RT_casa,RO_casa,RD_casa,AS_casa,ER_casa,IA%_casa,3PC_casa,3PT_casa,3P%_casa,2PC_casa,2PT_casa,2P%_casa,LLC_casa,LLT_casa,LL%_casa,EN_casa,BR_casa,B/E_casa,TO_casa,FC_casa,T/FC_casa,ET_casa,VI_casa,EF_casa,Pts_visitante,3P_visitante,2P_visitante,LL_visitante,RT_visitante,RO_visitante,RD_visitante,AS_visitante,ER_visitante,IA%_visitante,3PC_visitante,3PT_visitante,3P%_visitante,2PC_visitante,2PT_visitante,2P%_visitante,LLC_visitante,LLT_visitante,LL%_visitante,EN_visitante,BR_visitante,B/E_visitante,TO_visitante,FC_visitante,T/FC_visitante,ET_visitante,VI_visitante,EF_visitante
67,58,2023-12-02,7,1,2023-2024,R10 Score Vasco da Gama,Bauru Basket,74.84072463768116,24.152173913043477,35.72449275362319,14.963623188405801,35.3259420289855,9.876811594202898,25.449130434782607,16.89840579710145,14.753768115942027,1.2013043478260874,8.050869565217392,24.224782608695655,33.11275362318842,17.862463768115944,36.47086956521739,49.35376811594205,14.963623188405801,20.137826086956526,74.47840579710144,0.8623188405797102,6.8842028985507255,0.4855072463768116,1.3479710144927537,20.463768115942027,0.06855072463768112,14.753768115942027,3.0942028985507246,80.55797101449275,81.4117521367521,31.00854700854701,38.2948076923077,14.42878205128205,34.54196581196581,9.354807692307695,25.18741452991453,16.213675213675213,12.098376068376071,1.458098290598288,9.562649572649573,26.385299145299143,36.43559829059831,19.1475,35.608269230769245,54.14194444444446,14.42878205128205,19.314102564102566,74.63946581196576,1.3868589743589743,7.569102564102565,0.6735897435897429,1.7541880341880352,18.987820512820512,0.09568376068376072,12.098376068376071,2.187350427350427,91.88809829059834
