placar_casa,placar_visitante,data,round,stage,ano,equipe_casa,equipe_visitante,Pts_casa,3P_casa,2P_casa,LL_casa,RT_casa,RO_casa,RD_casa,AS_casa,ER_casa,IA%_casa,3PC_casa,3PT_casa,3P%_casa,2PC_casa,2PT_casa,2P%_casa,LLC_casa,LLT_casa,LL%_casa,EN_casa,BR_casa,B/E_casa,TO_casa,FC_casa,T/FC_casa,ET_casa,VI_casa,EF_casa,Pts_visitante,3P_visitante,2P_visitante,LL_visitante,RT_visitante,RO_visitante,RD_visitante,AS_visitante,ER_visitante,IA%_visitante,3PC_visitante,3PT_visitante,3P%_visitante,2PC_visitante,2PT_visitante,2P%_visitante,LLC_visitante,LLT_visitante,LL%_visitante,EN_visitante,BR_visitante,B/E_visitante,TO_visitante,FC_visitante,T/FC_visitante,ET_visitante,VI_visitante,EF_visitante
86,65,2023-03-02,5,2,2022-2023,BRB/Brasília,Cerrado,76.78787500000001,26.925,36.149750000000004,13.712375,38.674875,10.649875,28.025,15.512375000000002,15.025125,1.087625,8.974875,27.78725,32.13599999999998,18.07525,36.512874999999994,49.529,13.712375,19.53725,70.29187500000003,1.1248749999999998,5.687250000000001,0.39587500000000014,1.6372499999999999,18.949875000000002,0.08824999999999997,15.025125,2.55,80.2,78.24729411764706,28.764705882352942,37.223294117647065,12.258588235294118,39.129411764705885,11.729411764705883,27.400352941176468,15.223647058823529,13.835294117647056,1.1554117647058828,9.58835294117647,29.741411764705884,32.16047058823529,18.612,37.55294117647059,49.799294117647044,12.258588235294118,17.54141176470588,69.90141176470588,1.870117647058823,6.5883529411764705,0.49035294117647016,2.4823529411764698,17.93011764705883,0.14117647058823535,13.835294117647056,2.7405882352941178,83.45929411764708
