placar_casa,placar_visitante,data,round,stage,ano,equipe_casa,equipe_visitante,Pts_casa,3P_casa,2P_casa,LL_casa,RT_casa,RO_casa,RD_casa,AS_casa,ER_casa,IA%_casa,3PC_casa,3PT_casa,3P%_casa,2PC_casa,2PT_casa,2P%_casa,LLC_casa,LLT_casa,LL%_casa,EN_casa,BR_casa,B/E_casa,TO_casa,FC_casa,T/FC_casa,ET_casa,VI_casa,EF_casa,Pts_visitante,3P_visitante,2P_visitante,LL_visitante,RT_visitante,RO_visitante,RD_visitante,AS_visitante,ER_visitante,IA%_visitante,3PC_visitante,3PT_visitante,3P%_visitante,2PC_visitante,2PT_visitante,2P%_visitante,LLC_visitante,LLT_visitante,LL%_visitante,EN_visitante,BR_visitante,B/E_visitante,TO_visitante,FC_visitante,T/FC_visitante,ET_visitante,VI_visitante,EF_visitante
83,69,2014-12-22,13,1,2014-2015,Paulistano,L. Sorocabana,80.44047619047619,31.178571428571427,40.92857142857143,15.833333333333334,32.69047619047619,10.589285714285714,22.101190476190474,13.071428571428571,13.964285714285714,1.03375,7.892857142857143,22.761904761904763,35.13797619047619,20.464285714285715,39.541666666666664,51.907500000000006,15.833333333333334,22.05952380952381,71.22517857142859,1.5416666666666667,8.113095238095237,0.6411904761904763,1.880952380952381,22.30952380952381,0.08827380952380948,13.964285714285714,2.267857142857143,84.58928571428571,76.38613861386139,32.76237623762376,38.87128712871287,16.18811881188119,28.752475247524753,9.405940594059405,19.346534653465348,11.009900990099009,12.297029702970297,0.9561386138613859,7.108910891089109,21.346534653465348,33.3810891089109,19.435643564356436,38.62376237623762,50.487029702970275,16.18811881188119,21.366336633663366,75.77930693069308,1.4356435643564356,8.910891089108912,0.7749504950495051,1.5841584158415842,21.277227722772277,0.07504950495049506,12.297029702970297,2.514851485148515,78.78217821782178
