placar_casa,placar_visitante,data,round,stage,ano,equipe_casa,equipe_visitante,Pts_casa,3P_casa,2P_casa,LL_casa,RT_casa,RO_casa,RD_casa,AS_casa,ER_casa,IA%_casa,3PC_casa,3PT_casa,3P%_casa,2PC_casa,2PT_casa,2P%_casa,LLC_casa,LLT_casa,LL%_casa,EN_casa,BR_casa,B/E_casa,TO_casa,FC_casa,T/FC_casa,ET_casa,VI_casa,EF_casa,Pts_visitante,3P_visitante,2P_visitante,LL_visitante,RT_visitante,RO_visitante,RD_visitante,AS_visitante,ER_visitante,IA%_visitante,3PC_visitante,3PT_visitante,3P%_visitante,2PC_visitante,2PT_visitante,2P%_visitante,LLC_visitante,LLT_visitante,LL%_visitante,EN_visitante,BR_visitante,B/E_visitante,TO_visitante,FC_visitante,T/FC_visitante,ET_visitante,VI_visitante,EF_visitante
67,82,2020-11-19,2,1,2020-2021,Fortaleza B. C. / CFO,Minas,76.8435652173913,29.52391304347826,39.07826086956522,13.367347826086956,35.332608695652176,10.428304347826089,24.904434782608696,13.658695652173913,12.815086956521736,1.1770434782608694,8.132608695652173,24.652130434782606,33.23295652173911,19.53913043478261,39.11082608695652,50.07704347826084,13.367347826086956,18.810913043478262,70.85121739130433,1.4413913043478264,8.478217391304346,0.7251739130434781,2.423869565217392,20.621739130434783,0.12047826086956515,12.815086956521736,2.621739130434783,83.23908695652173,78.81003333333332,25.98,41.693400000000004,15.226633333333332,34.02673333333333,9.966599999999998,24.060033333333333,15.9133,14.203266666666666,1.2081333333333344,7.296733333333335,21.600033333333332,33.885099999999994,20.8466,39.6133,52.72043333333332,15.226633333333332,20.6767,73.33559999999991,1.5033333333333334,7.8533333333333335,0.5899999999999996,2.3666666666666667,21.556733333333334,0.1152333333333335,14.203266666666666,2.5932666666666675,87.14003333333332
