placar_casa,placar_visitante,data,round,stage,ano,equipe_casa,equipe_visitante,Pts_casa,3P_casa,2P_casa,LL_casa,RT_casa,RO_casa,RD_casa,AS_casa,ER_casa,IA%_casa,3PC_casa,3PT_casa,3P%_casa,2PC_casa,2PT_casa,2P%_casa,LLC_casa,LLT_casa,LL%_casa,EN_casa,BR_casa,B/E_casa,TO_casa,FC_casa,T/FC_casa,ET_casa,VI_casa,EF_casa,Pts_visitante,3P_visitante,2P_visitante,LL_visitante,RT_visitante,RO_visitante,RD_visitante,AS_visitante,ER_visitante,IA%_visitante,3PC_visitante,3PT_visitante,3P%_visitante,2PC_visitante,2PT_visitante,2P%_visitante,LLC_visitante,LLT_visitante,LL%_visitante,EN_visitante,BR_visitante,B/E_visitante,TO_visitante,FC_visitante,T/FC_visitante,ET_visitante,VI_visitante,EF_visitante
71,84,2013-11-21,3,1,2013-2014,Palmeiras,Flamengo,77.75,49.166666666666664,38.833333333333336,16.25,30.944444444444443,9.694444444444445,21.25,12.13888888888889,12.722222222222221,1.12,7.555555555555555,22.805555555555557,33.029444444444444,19.416666666666668,40.361111111111114,48.190833333333345,16.25,23.833333333333332,67.43027777777777,1.8888888888888888,7.75,0.6913888888888888,1.6944444444444444,21.555555555555557,0.07861111111111113,12.722222222222221,2.861111111111111,81.86111111111111,90.26470588235294,36.63970588235294,45.63235294117647,17.389705882352942,32.49264705882353,8.235294117647058,24.25735294117647,15.286764705882353,11.992647058823529,1.437647058823529,9.080882352941176,23.294117647058822,39.21882352941176,22.816176470588236,39.56617647058823,57.91213235294116,17.389705882352942,22.96323529411765,75.92772058823527,1.7720588235294117,7.919117647058823,0.7258823529411764,1.6764705882352942,19.683823529411764,0.08676470588235297,11.992647058823529,1.5661764705882353,101.78676470588235
