placar_casa,placar_visitante,data,round,stage,ano,equipe_casa,equipe_visitante,Pts_casa,3P_casa,2P_casa,LL_casa,RT_casa,RO_casa,RD_casa,AS_casa,ER_casa,IA%_casa,3PC_casa,3PT_casa,3P%_casa,2PC_casa,2PT_casa,2P%_casa,LLC_casa,LLT_casa,LL%_casa,EN_casa,BR_casa,B/E_casa,TO_casa,FC_casa,T/FC_casa,ET_casa,VI_casa,EF_casa,Pts_visitante,3P_visitante,2P_visitante,LL_visitante,RT_visitante,RO_visitante,RD_visitante,AS_visitante,ER_visitante,IA%_visitante,3PC_visitante,3PT_visitante,3P%_visitante,2PC_visitante,2PT_visitante,2P%_visitante,LLC_visitante,LLT_visitante,LL%_visitante,EN_visitante,BR_visitante,B/E_visitante,TO_visitante,FC_visitante,T/FC_visitante,ET_visitante,VI_visitante,EF_visitante
65,83,2024-04-18,1,3,2023-2024,Corinthians,Paulistano,80.2370618556701,28.685567010309278,37.97938144329897,13.572268041237116,37.52056701030928,10.515309278350516,27.005103092783504,17.319329896907217,13.386546391752576,1.3873195876288664,9.561907216494847,27.422525773195872,34.84979381443297,18.989690721649485,36.49489690721649,52.21608247422676,13.572268041237116,18.13396907216495,75.14974226804127,2.005257731958763,6.314381443298969,0.4980927835051547,2.350463917525773,19.89701030927835,0.12190721649484536,13.386546391752576,2.278247422680413,90.39170103092782,79.63617021276596,28.851063829787233,39.187212765957455,14.278744680851064,36.66378723404256,11.640446808510639,25.023340425531913,15.10640425531915,13.289319148936169,1.250553191489361,8.723425531914893,25.804319148936173,34.09697872340425,19.593638297872342,38.6170425531915,51.038297872340394,14.278744680851064,19.56163829787234,72.66925531914896,1.7787872340425526,7.670170212765957,0.6279574468085108,1.9830425531914886,20.995787234042552,0.09825531914893615,13.289319148936169,2.4510425531914897,87.2554042553191
