placar_casa,placar_visitante,data,round,stage,ano,equipe_casa,equipe_visitante,Pts_casa,3P_casa,2P_casa,LL_casa,RT_casa,RO_casa,RD_casa,AS_casa,ER_casa,IA%_casa,3PC_casa,3PT_casa,3P%_casa,2PC_casa,2PT_casa,2P%_casa,LLC_casa,LLT_casa,LL%_casa,EN_casa,BR_casa,B/E_casa,TO_casa,FC_casa,T/FC_casa,ET_casa,VI_casa,EF_casa,Pts_visitante,3P_visitante,2P_visitante,LL_visitante,RT_visitante,RO_visitante,RD_visitante,AS_visitante,ER_visitante,IA%_visitante,3PC_visitante,3PT_visitante,3P%_visitante,2PC_visitante,2PT_visitante,2P%_visitante,LLC_visitante,LLT_visitante,LL%_visitante,EN_visitante,BR_visitante,B/E_visitante,TO_visitante,FC_visitante,T/FC_visitante,ET_visitante,VI_visitante,EF_visitante
78,72,2015-05-05,5,4,2014-2015,Bauru Basket,Sesi Franca,82.98963730569949,33.38860103626943,40.26943005181347,14.958549222797927,32.803108808290155,9.699481865284975,23.10362694300518,14.94300518134715,11.248704663212436,1.492487046632123,9.253886010362693,24.025906735751295,38.7180310880829,20.134715025906736,37.803108808290155,53.83455958549219,14.958549222797927,19.792746113989637,75.59088082901556,1.5803108808290156,7.507772020725389,0.744766839378238,1.839378238341969,18.04663212435233,0.10663212435233158,11.248704663212436,1.8704663212435233,93.19170984455958,79.87254901960785,29.191176470588236,42.76470588235294,15.607843137254902,31.480392156862745,9.279411764705882,22.20098039215686,14.637254901960784,13.583333333333334,1.2148529411764701,7.166666666666667,20.24019607843137,35.420245098039224,21.38235294117647,40.94607843137255,52.367843137254916,15.607843137254902,21.29901960784314,72.7648039215686,1.8970588235294117,9.004901960784315,0.7224999999999997,2.8284313725490198,20.774509803921568,0.1445588235294117,13.583333333333334,2.2058823529411766,87.77941176470588
