placar_casa,placar_visitante,data,round,stage,ano,equipe_casa,equipe_visitante,Pts_casa,3P_casa,2P_casa,LL_casa,RT_casa,RO_casa,RD_casa,AS_casa,ER_casa,IA%_casa,3PC_casa,3PT_casa,3P%_casa,2PC_casa,2PT_casa,2P%_casa,LLC_casa,LLT_casa,LL%_casa,EN_casa,BR_casa,B/E_casa,TO_casa,FC_casa,T/FC_casa,ET_casa,VI_casa,EF_casa,Pts_visitante,3P_visitante,2P_visitante,LL_visitante,RT_visitante,RO_visitante,RD_visitante,AS_visitante,ER_visitante,IA%_visitante,3PC_visitante,3PT_visitante,3P%_visitante,2PC_visitante,2PT_visitante,2P%_visitante,LLC_visitante,LLT_visitante,LL%_visitante,EN_visitante,BR_visitante,B/E_visitante,TO_visitante,FC_visitante,T/FC_visitante,ET_visitante,VI_visitante,EF_visitante
88,79,2023-01-04,12,1,2022-2023,Fortaleza B. C. / CFO,UNIFACISA,76.46874587458744,27.792079207920793,39.46534653465346,13.102310231023102,36.21442244224422,10.538085808580862,25.67673267326733,13.696369636963697,13.046105610561053,1.1482178217821777,7.967029702970298,24.927359735973596,32.245379537953774,19.73267326732673,39.51481848184818,50.027656765676554,13.102310231023102,18.835082508250828,69.51349834983495,1.386138613861386,8.26072607260726,0.6898019801980194,2.4685148514851503,20.45211221122112,0.1241914191419142,13.046105610561053,2.6699339933993405,82.23425742574258,80.19801801801802,29.486486486486488,38.666666666666664,12.045405405405406,36.783513513513505,10.369009009009005,26.414774774774777,16.44153153153153,12.963963963963964,1.3385585585585589,9.828648648648647,27.792972972972976,35.15873873873874,19.333333333333332,37.414414414414416,51.81936936936939,12.045405405405406,16.16234234234234,74.08630630630628,1.4053153153153155,7.270360360360361,0.5973873873873874,1.7930630630630633,20.000180180180184,0.0917117117117117,12.963963963963964,2.2793693693693693,89.34252252252253
