placar_casa,placar_visitante,data,round,stage,ano,equipe_casa,equipe_visitante,Pts_casa,3P_casa,2P_casa,LL_casa,RT_casa,RO_casa,RD_casa,AS_casa,ER_casa,IA%_casa,3PC_casa,3PT_casa,3P%_casa,2PC_casa,2PT_casa,2P%_casa,LLC_casa,LLT_casa,LL%_casa,EN_casa,BR_casa,B/E_casa,TO_casa,FC_casa,T/FC_casa,ET_casa,VI_casa,EF_casa,Pts_visitante,3P_visitante,2P_visitante,LL_visitante,RT_visitante,RO_visitante,RD_visitante,AS_visitante,ER_visitante,IA%_visitante,3PC_visitante,3PT_visitante,3P%_visitante,2PC_visitante,2PT_visitante,2P%_visitante,LLC_visitante,LLT_visitante,LL%_visitante,EN_visitante,BR_visitante,B/E_visitante,TO_visitante,FC_visitante,T/FC_visitante,ET_visitante,VI_visitante,EF_visitante
76,84,2020-12-21,7,1,2020-2021,Pinheiros,Minas,83.25069970845483,28.749271137026238,40.402361516034986,16.058338192419825,33.819241982507286,9.580233236151605,24.239096209912535,15.679358600583091,13.431545189504375,1.2538483965014577,8.93002915451895,24.107871720116616,37.075685131195335,20.201137026239067,38.11947521865889,53.39052478134111,16.058338192419825,21.588892128279884,74.35250728862972,1.8862390670553943,7.999970845481049,0.6309912536443147,2.4519241982507287,20.14586005830904,0.12699708454810482,13.431545189504375,2.3527988338192416,92.26819241982508,79.16944625407163,26.10097719869707,41.732931596091206,15.332182410423451,34.17270358306189,10.029250814332245,24.143355048859934,16.0357654723127,14.18231270358306,1.2176221498371347,7.3681433224755715,21.723192182410425,34.00237785016286,20.86641693811075,39.62214983713355,52.75534201954396,15.332182410423451,20.752442996742673,73.54322475570025,1.501628664495114,7.830651465798046,0.5883713355048855,2.3680456026058634,21.579902280130295,0.11508143322475586,14.18231270358306,2.595993485342021,87.73618892508142
