placar_casa,placar_visitante,data,round,stage,ano,equipe_casa,equipe_visitante,Pts_casa,3P_casa,2P_casa,LL_casa,RT_casa,RO_casa,RD_casa,AS_casa,ER_casa,IA%_casa,3PC_casa,3PT_casa,3P%_casa,2PC_casa,2PT_casa,2P%_casa,LLC_casa,LLT_casa,LL%_casa,EN_casa,BR_casa,B/E_casa,TO_casa,FC_casa,T/FC_casa,ET_casa,VI_casa,EF_casa,Pts_visitante,3P_visitante,2P_visitante,LL_visitante,RT_visitante,RO_visitante,RD_visitante,AS_visitante,ER_visitante,IA%_visitante,3PC_visitante,3PT_visitante,3P%_visitante,2PC_visitante,2PT_visitante,2P%_visitante,LLC_visitante,LLT_visitante,LL%_visitante,EN_visitante,BR_visitante,B/E_visitante,TO_visitante,FC_visitante,T/FC_visitante,ET_visitante,VI_visitante,EF_visitante
87,92,2021-01-10,9,1,2020-2021,Caxias do Sul Basquete,Mogi,72.14410958904111,22.41780821917808,34.75356164383562,14.972739726027394,32.95890410958904,9.185068493150684,23.773835616438355,13.952328767123284,14.499863013698633,1.0102739726027394,7.472876712328769,23.5272602739726,31.693972602739716,17.37657534246575,36.13013698630137,48.28630136986304,14.972739726027394,21.11630136986301,70.82931506849316,1.3286301369863014,8.698630136986301,0.6158904109589041,1.5205479452054795,22.575068493150678,0.07164383561643838,14.499863013698633,3.328767123287671,73.82191780821918,81.13068181818178,29.46590909090909,39.570151515151515,16.503825757575758,36.40159090909091,11.134431818181817,25.267045454545453,16.171439393939394,13.71867424242424,1.2953409090909092,8.352272727272727,23.509507575757578,35.672234848484855,19.784962121212118,38.891098484848484,51.12390151515146,16.503825757575758,22.09378787878788,74.66454545454543,1.316174242424242,8.406212121212121,0.6607196969696967,1.9479924242424247,21.190303030303028,0.09602272727272726,13.71867424242424,2.6553409090909086,91.49340909090907
