placar_casa,placar_visitante,data,round,stage,ano,equipe_casa,equipe_visitante,Pts_casa,3P_casa,2P_casa,LL_casa,RT_casa,RO_casa,RD_casa,AS_casa,ER_casa,IA%_casa,3PC_casa,3PT_casa,3P%_casa,2PC_casa,2PT_casa,2P%_casa,LLC_casa,LLT_casa,LL%_casa,EN_casa,BR_casa,B/E_casa,TO_casa,FC_casa,T/FC_casa,ET_casa,VI_casa,EF_casa,Pts_visitante,3P_visitante,2P_visitante,LL_visitante,RT_visitante,RO_visitante,RD_visitante,AS_visitante,ER_visitante,IA%_visitante,3PC_visitante,3PT_visitante,3P%_visitante,2PC_visitante,2PT_visitante,2P%_visitante,LLC_visitante,LLT_visitante,LL%_visitante,EN_visitante,BR_visitante,B/E_visitante,TO_visitante,FC_visitante,T/FC_visitante,ET_visitante,VI_visitante,EF_visitante
79,90,2021-03-15,7,2,2020-2021,UNIFACISA,São Paulo,82.71134615384615,29.25,40.923269230769236,12.539230769230766,37.211153846153834,10.191346153846151,27.019807692307698,18.01923076923077,12.903846153846152,1.4680769230769235,9.749423076923076,27.46173076923077,35.558461538461536,20.461346153846154,38.67288461538462,52.97923076923078,12.539230769230766,16.692499999999995,74.28019230769232,1.480576923076923,7.1732692307692325,0.5882692307692307,2.2698076923076926,20.307884615384616,0.11596153846153844,12.903846153846152,2.1923076923076925,94.36557692307693,89.36576923076925,34.90384615384615,39.46134615384615,14.99942307692308,40.461923076923085,10.519038461538461,29.942307692307683,18.96153846153846,11.923076923076925,1.6596153846153843,11.63480769230769,31.038269230769234,37.623461538461534,19.730961538461536,34.9228846153846,56.584807692307706,14.99942307692308,19.634038461538466,76.87750000000003,2.6923076923076916,6.3461538461538485,0.5513461538461537,2.8075,16.75038461538461,0.17269230769230767,11.923076923076925,1.8848076923076924,106.76942307692308
