placar_casa,placar_visitante,data,round,stage,ano,equipe_casa,equipe_visitante,Pts_casa,3P_casa,2P_casa,LL_casa,RT_casa,RO_casa,RD_casa,AS_casa,ER_casa,IA%_casa,3PC_casa,3PT_casa,3P%_casa,2PC_casa,2PT_casa,2P%_casa,LLC_casa,LLT_casa,LL%_casa,EN_casa,BR_casa,B/E_casa,TO_casa,FC_casa,T/FC_casa,ET_casa,VI_casa,EF_casa,Pts_visitante,3P_visitante,2P_visitante,LL_visitante,RT_visitante,RO_visitante,RD_visitante,AS_visitante,ER_visitante,IA%_visitante,3PC_visitante,3PT_visitante,3P%_visitante,2PC_visitante,2PT_visitante,2P%_visitante,LLC_visitante,LLT_visitante,LL%_visitante,EN_visitante,BR_visitante,B/E_visitante,TO_visitante,FC_visitante,T/FC_visitante,ET_visitante,VI_visitante,EF_visitante
68,65,2011-11-21,2,1,2011-2012,Coop/São José Basketball,Minas,78.17647058823529,26.647058823529413,37.13725490196079,14.392156862745098,29.980392156862745,9.745098039215685,20.235294117647058,15.196078431372548,13.901960784313726,1.1635294117647061,8.882352941176471,26.03921568627451,34.02313725490197,18.568627450980394,35.13725490196079,53.55156862745098,14.392156862745098,20.352941176470587,70.80529411764705,1.0784313725490196,6.96078431372549,0.5276470588235294,1.8235294117647058,21.0,0.08921568627450978,13.901960784313726,0.6470588235294118,78.54901960784314,86.87931034482759,23.586206896551722,47.10344827586207,16.189655172413794,33.706896551724135,9.517241379310345,24.189655172413794,18.224137931034484,14.758620689655173,1.323620689655172,7.862068965517241,21.189655172413794,37.10500000000001,23.551724137931036,41.275862068965516,57.163103448275855,16.189655172413794,21.775862068965516,74.17482758620687,1.103448275862069,6.793103448275862,0.4836206896551724,2.7241379310344827,19.413793103448278,0.14879310344827584,14.758620689655173,0.9482758620689655,96.93103448275862
