placar_casa,placar_visitante,data,round,stage,ano,equipe_casa,equipe_visitante,Pts_casa,3P_casa,2P_casa,LL_casa,RT_casa,RO_casa,RD_casa,AS_casa,ER_casa,IA%_casa,3PC_casa,3PT_casa,3P%_casa,2PC_casa,2PT_casa,2P%_casa,LLC_casa,LLT_casa,LL%_casa,EN_casa,BR_casa,B/E_casa,TO_casa,FC_casa,T/FC_casa,ET_casa,VI_casa,EF_casa,Pts_visitante,3P_visitante,2P_visitante,LL_visitante,RT_visitante,RO_visitante,RD_visitante,AS_visitante,ER_visitante,IA%_visitante,3PC_visitante,3PT_visitante,3P%_visitante,2PC_visitante,2PT_visitante,2P%_visitante,LLC_visitante,LLT_visitante,LL%_visitante,EN_visitante,BR_visitante,B/E_visitante,TO_visitante,FC_visitante,T/FC_visitante,ET_visitante,VI_visitante,EF_visitante
72,69,2018-11-07,4,1,2018-2019,Joinville / AABJ,Fortaleza B. C. / CFO,71.0,29.5,27.998333333333335,13.501666666666665,36.166666666666664,11.168333333333331,24.998333333333335,14.666666666666666,15.668333333333335,0.9433333333333334,9.831666666666667,27.0,36.47666666666667,14.001666666666665,31.668333333333333,44.71,13.501666666666665,20.49833333333333,66.17,1.3316666666666668,7.501666666666666,0.4983333333333333,1.1683333333333332,17.0,0.065,15.668333333333335,2.831666666666667,72.83333333333333,77.45148571428571,31.354285714285716,39.08577142857143,13.748571428571429,34.82291428571429,10.285714285714286,24.537200000000002,13.611485714285715,12.617085714285713,1.2079428571428574,8.205714285714286,24.668514285714284,33.587257142857126,19.5428,39.12571428571429,50.090342857142865,13.748571428571429,19.20565714285714,71.42017142857144,1.4400571428571427,8.88,0.7805714285714282,2.417085714285714,20.388628571428573,0.12182857142857141,12.617085714285713,2.611428571428571,84.24565714285714
