placar_casa,placar_visitante,data,round,stage,ano,equipe_casa,equipe_visitante,Pts_casa,3P_casa,2P_casa,LL_casa,RT_casa,RO_casa,RD_casa,AS_casa,ER_casa,IA%_casa,3PC_casa,3PT_casa,3P%_casa,2PC_casa,2PT_casa,2P%_casa,LLC_casa,LLT_casa,LL%_casa,EN_casa,BR_casa,B/E_casa,TO_casa,FC_casa,T/FC_casa,ET_casa,VI_casa,EF_casa,Pts_visitante,3P_visitante,2P_visitante,LL_visitante,RT_visitante,RO_visitante,RD_visitante,AS_visitante,ER_visitante,IA%_visitante,3PC_visitante,3PT_visitante,3P%_visitante,2PC_visitante,2PT_visitante,2P%_visitante,LLC_visitante,LLT_visitante,LL%_visitante,EN_visitante,BR_visitante,B/E_visitante,TO_visitante,FC_visitante,T/FC_visitante,ET_visitante,VI_visitante,EF_visitante
76,78,2019-11-22,6,1,2019-2020,Paulistano,Fortaleza B. C. / CFO,81.0229180327869,30.127868852459017,39.4688524590164,15.55734426229508,35.24586885245902,11.224622950819672,24.021344262295084,14.55249180327869,13.691770491803277,1.16855737704918,8.665573770491804,24.957409836065576,35.05685245901638,19.7344262295082,38.44429508196721,51.63803278688522,15.55734426229508,21.07049180327869,73.66370491803279,1.7147868852459016,7.872131147540983,0.628327868852459,1.9246229508196717,21.7655737704918,0.092295081967213,13.691770491803277,2.4344262295081966,87.76232786885244,77.04352657004831,30.115942028985508,39.03386473429952,13.58937198067633,35.27541062801932,10.497584541062801,24.777826086956523,13.584589371980677,12.801884057971014,1.1840096618357492,8.140096618357488,24.623140096618357,33.31719806763283,19.51685990338164,39.17391304347826,49.946763285024126,13.58937198067633,19.062753623188406,71.05999999999999,1.43,8.623188405797102,0.7439613526570046,2.4202415458937194,20.54111111111111,0.1210628019323671,12.801884057971014,2.6956521739130435,83.49753623188404
