placar_casa,placar_visitante,data,round,stage,ano,equipe_casa,equipe_visitante,Pts_casa,3P_casa,2P_casa,LL_casa,RT_casa,RO_casa,RD_casa,AS_casa,ER_casa,IA%_casa,3PC_casa,3PT_casa,3P%_casa,2PC_casa,2PT_casa,2P%_casa,LLC_casa,LLT_casa,LL%_casa,EN_casa,BR_casa,B/E_casa,TO_casa,FC_casa,T/FC_casa,ET_casa,VI_casa,EF_casa,Pts_visitante,3P_visitante,2P_visitante,LL_visitante,RT_visitante,RO_visitante,RD_visitante,AS_visitante,ER_visitante,IA%_visitante,3PC_visitante,3PT_visitante,3P%_visitante,2PC_visitante,2PT_visitante,2P%_visitante,LLC_visitante,LLT_visitante,LL%_visitante,EN_visitante,BR_visitante,B/E_visitante,TO_visitante,FC_visitante,T/FC_visitante,ET_visitante,VI_visitante,EF_visitante
66,78,2021-04-28,1,4,2020-2021,Bauru Basket,Paulistano,82.30859042553188,31.1968085106383,38.92015957446809,15.079840425531916,34.686090425531916,9.609175531914897,25.077234042553194,15.984015957446807,12.218138297872342,1.4361436170212754,9.436170212765957,25.744627659574466,36.902180851063875,19.460159574468086,36.18880319148936,54.232606382978695,15.079840425531916,20.242021276595743,74.54470744680849,1.3830585106382984,7.688856382978724,0.6841223404255317,1.773882978723405,19.09037234042553,0.09593085106382968,12.218138297872342,2.162313829787233,92.85098404255324,80.60116809116808,30.188034188034187,39.02561253561254,14.977179487179487,35.98290598290598,11.424586894586897,24.558404558404558,14.980113960113961,13.566866096866095,1.2108831908831905,8.866125356125357,25.88891737891738,34.66119658119656,19.512849002849002,38.05418803418804,51.55236467236461,14.977179487179487,20.393133903133904,73.16156695156695,1.7778632478632472,7.717891737891737,0.6153276353276356,1.9060113960113956,21.33330484330484,0.09304843304843294,13.566866096866095,2.4501139601139603,87.80914529914529
