placar_casa,placar_visitante,data,round,stage,ano,equipe_casa,equipe_visitante,Pts_casa,3P_casa,2P_casa,LL_casa,RT_casa,RO_casa,RD_casa,AS_casa,ER_casa,IA%_casa,3PC_casa,3PT_casa,3P%_casa,2PC_casa,2PT_casa,2P%_casa,LLC_casa,LLT_casa,LL%_casa,EN_casa,BR_casa,B/E_casa,TO_casa,FC_casa,T/FC_casa,ET_casa,VI_casa,EF_casa,Pts_visitante,3P_visitante,2P_visitante,LL_visitante,RT_visitante,RO_visitante,RD_visitante,AS_visitante,ER_visitante,IA%_visitante,3PC_visitante,3PT_visitante,3P%_visitante,2PC_visitante,2PT_visitante,2P%_visitante,LLC_visitante,LLT_visitante,LL%_visitante,EN_visitante,BR_visitante,B/E_visitante,TO_visitante,FC_visitante,T/FC_visitante,ET_visitante,VI_visitante,EF_visitante
70,66,2021-04-05,7,2,2020-2021,Paulistano,BRB/Brasília,80.61674351585013,30.211815561959654,39.02590778097983,15.010057636887607,35.83861671469741,11.358876080691644,24.479827089337174,14.913602305475505,13.554668587896252,1.2084726224783857,8.860259365994237,25.81126801152738,34.728242074927934,19.51299711815562,38.04760806916427,51.56371757925065,15.010057636887607,20.40487031700288,73.28178674351585,1.7853890489913538,7.688703170028817,0.6143227665706054,1.9092507204610947,21.368847262247836,0.0931700288184437,13.554668587896252,2.4567435158501443,87.71328530259365,77.84869565217392,29.73913043478261,34.12913043478262,13.977826086956522,37.26,10.369565217391305,26.891739130434782,16.0,15.69608695652174,1.0673913043478258,9.913043478260871,30.65130434782609,32.181739130434785,17.066521739130437,34.91434782608695,48.77913043478262,13.977826086956522,19.13,73.19565217391305,0.5869565217391305,6.369130434782609,0.4191304347826087,1.3247826086956518,18.869565217391305,0.07130434782608697,15.69608695652174,2.2821739130434784,79.36956521739131
