placar_casa,placar_visitante,data,round,stage,ano,equipe_casa,equipe_visitante,Pts_casa,3P_casa,2P_casa,LL_casa,RT_casa,RO_casa,RD_casa,AS_casa,ER_casa,IA%_casa,3PC_casa,3PT_casa,3P%_casa,2PC_casa,2PT_casa,2P%_casa,LLC_casa,LLT_casa,LL%_casa,EN_casa,BR_casa,B/E_casa,TO_casa,FC_casa,T/FC_casa,ET_casa,VI_casa,EF_casa,Pts_visitante,3P_visitante,2P_visitante,LL_visitante,RT_visitante,RO_visitante,RD_visitante,AS_visitante,ER_visitante,IA%_visitante,3PC_visitante,3PT_visitante,3P%_visitante,2PC_visitante,2PT_visitante,2P%_visitante,LLC_visitante,LLT_visitante,LL%_visitante,EN_visitante,BR_visitante,B/E_visitante,TO_visitante,FC_visitante,T/FC_visitante,ET_visitante,VI_visitante,EF_visitante
95,91,2014-11-27,8,1,2014-2015,Macaé Basquete,Pinheiros,79.39473684210526,25.18421052631579,38.0,16.210526315789473,30.57894736842105,7.105263157894737,23.473684210526315,14.394736842105264,13.105263157894736,1.3326315789473684,8.394736842105264,22.05263157894737,38.08736842105263,19.0,35.71052631578947,53.41315789473685,16.210526315789473,20.789473684210527,78.87763157894737,1.2894736842105263,9.18421052631579,0.8702631578947371,1.6578947368421053,21.973684210526315,0.07631578947368423,13.105263157894736,2.6842105263157894,87.15789473684211,85.38922155688623,32.5688622754491,40.44311377245509,16.40119760479042,30.832335329341316,8.191616766467066,22.64071856287425,15.74251497005988,12.934131736526947,1.3129341317365273,9.51497005988024,24.868263473053894,38.449281437125734,20.221556886227546,36.221556886227546,56.1359880239521,16.40119760479042,21.82634730538922,74.92161676646704,2.305389221556886,7.874251497005988,0.6437125748502994,2.55688622754491,19.568862275449103,0.13730538922155683,12.934131736526947,2.0,95.02395209580838
