placar_casa,placar_visitante,data,round,stage,ano,equipe_casa,equipe_visitante,Pts_casa,3P_casa,2P_casa,LL_casa,RT_casa,RO_casa,RD_casa,AS_casa,ER_casa,IA%_casa,3PC_casa,3PT_casa,3P%_casa,2PC_casa,2PT_casa,2P%_casa,LLC_casa,LLT_casa,LL%_casa,EN_casa,BR_casa,B/E_casa,TO_casa,FC_casa,T/FC_casa,ET_casa,VI_casa,EF_casa,Pts_visitante,3P_visitante,2P_visitante,LL_visitante,RT_visitante,RO_visitante,RD_visitante,AS_visitante,ER_visitante,IA%_visitante,3PC_visitante,3PT_visitante,3P%_visitante,2PC_visitante,2PT_visitante,2P%_visitante,LLC_visitante,LLT_visitante,LL%_visitante,EN_visitante,BR_visitante,B/E_visitante,TO_visitante,FC_visitante,T/FC_visitante,ET_visitante,VI_visitante,EF_visitante
86,78,2017-02-22,22,1,2016-2017,Pinheiros,Brasília,84.19444444444444,29.416666666666668,40.976190476190474,16.46825396825397,33.01587301587302,9.23015873015873,23.785714285714285,15.507936507936508,13.166666666666666,1.2637301587301586,8.916666666666666,24.03174603174603,37.111428571428554,20.488095238095237,38.12698412698413,54.19682539682542,16.46825396825397,21.9484126984127,74.88567460317452,2.0912698412698414,8.297619047619047,0.6617857142857138,2.630952380952381,20.047619047619047,0.13777777777777764,13.166666666666666,2.2896825396825395,93.79761904761905,86.17110266159696,30.59315589353612,42.555133079847906,16.23954372623574,34.346007604562736,9.1787072243346,25.167300380228138,17.0,13.429657794676807,1.4327756653992398,9.125475285171103,24.825095057034222,36.637794676806074,21.277566539923953,37.851711026615966,56.46148288973388,16.23954372623574,20.70722433460076,78.40555133079843,1.7376425855513309,7.768060836501901,0.6435361216730036,3.049429657794677,21.58555133079848,0.15110266159695818,13.429657794676807,2.026615969581749,99.49809885931559
