placar_casa,placar_visitante,data,round,stage,ano,equipe_casa,equipe_visitante,Pts_casa,3P_casa,2P_casa,LL_casa,RT_casa,RO_casa,RD_casa,AS_casa,ER_casa,IA%_casa,3PC_casa,3PT_casa,3P%_casa,2PC_casa,2PT_casa,2P%_casa,LLC_casa,LLT_casa,LL%_casa,EN_casa,BR_casa,B/E_casa,TO_casa,FC_casa,T/FC_casa,ET_casa,VI_casa,EF_casa,Pts_visitante,3P_visitante,2P_visitante,LL_visitante,RT_visitante,RO_visitante,RD_visitante,AS_visitante,ER_visitante,IA%_visitante,3PC_visitante,3PT_visitante,3P%_visitante,2PC_visitante,2PT_visitante,2P%_visitante,LLC_visitante,LLT_visitante,LL%_visitante,EN_visitante,BR_visitante,B/E_visitante,TO_visitante,FC_visitante,T/FC_visitante,ET_visitante,VI_visitante,EF_visitante
81,90,2016-01-14,2,2,2015-2016,Coop/São José Basketball,Fortaleza B. C. / CFO,80.08482142857143,29.383928571428573,40.142857142857146,15.339285714285714,33.05357142857143,9.34375,23.709821428571427,16.517857142857142,13.866071428571429,1.2931249999999996,8.200892857142858,23.397321428571427,35.056875000000005,20.071428571428573,37.611607142857146,53.53857142857146,15.339285714285714,20.098214285714285,75.76705357142853,0.8392857142857143,7.133928571428571,0.541473214285714,2.294642857142857,19.25,0.12678571428571425,13.866071428571429,2.111607142857143,89.09821428571429,77.95762711864407,33.07627118644068,41.25423728813559,13.61864406779661,33.53389830508475,9.974576271186441,23.559322033898304,13.40677966101695,12.35593220338983,1.2516101694915258,7.694915254237288,23.25423728813559,33.65389830508474,20.627118644067796,40.33050847457627,51.33932203389832,13.61864406779661,18.838983050847457,72.16330508474577,1.423728813559322,9.161016949152541,0.8372033898305081,2.4661016949152543,20.26271186440678,0.12644067796610167,12.35593220338983,2.635593220338983,85.44915254237289
