placar_casa,placar_visitante,data,round,stage,ano,equipe_casa,equipe_visitante,Pts_casa,3P_casa,2P_casa,LL_casa,RT_casa,RO_casa,RD_casa,AS_casa,ER_casa,IA%_casa,3PC_casa,3PT_casa,3P%_casa,2PC_casa,2PT_casa,2P%_casa,LLC_casa,LLT_casa,LL%_casa,EN_casa,BR_casa,B/E_casa,TO_casa,FC_casa,T/FC_casa,ET_casa,VI_casa,EF_casa,Pts_visitante,3P_visitante,2P_visitante,LL_visitante,RT_visitante,RO_visitante,RD_visitante,AS_visitante,ER_visitante,IA%_visitante,3PC_visitante,3PT_visitante,3P%_visitante,2PC_visitante,2PT_visitante,2P%_visitante,LLC_visitante,LLT_visitante,LL%_visitante,EN_visitante,BR_visitante,B/E_visitante,TO_visitante,FC_visitante,T/FC_visitante,ET_visitante,VI_visitante,EF_visitante
73,93,2013-03-04,1,2,2012-2013,Joinville,Pinheiros,79.10909090909091,33.13636363636363,40.18181818181818,16.29090909090909,32.16818181818182,10.077272727272728,22.09090909090909,13.6,13.85909090909091,1.0934545454545455,7.545454545454546,22.513636363636362,33.077818181818174,20.09090909090909,40.33181818181818,49.879090909090905,16.29090909090909,22.854545454545455,71.37290909090909,1.6045454545454545,8.040909090909091,0.6401818181818181,2.477272727272727,21.086363636363636,0.12590909090909086,13.85909090909091,2.1454545454545455,83.88181818181818,86.31428571428572,32.94285714285714,41.2952380952381,17.247619047619047,30.333333333333332,8.152380952380952,22.18095238095238,15.495238095238095,13.17142857142857,1.2552380952380953,9.257142857142858,24.095238095238095,38.64990476190476,20.64761904761905,37.06666666666667,55.83171428571427,17.247619047619047,23.142857142857142,74.2534285714286,2.380952380952381,7.3238095238095235,0.5883809523809523,2.4,19.733333333333334,0.12761904761904763,13.17142857142857,1.9333333333333333,95.12380952380953
