placar_casa,placar_visitante,data,round,stage,ano,equipe_casa,equipe_visitante,Pts_casa,3P_casa,2P_casa,LL_casa,RT_casa,RO_casa,RD_casa,AS_casa,ER_casa,IA%_casa,3PC_casa,3PT_casa,3P%_casa,2PC_casa,2PT_casa,2P%_casa,LLC_casa,LLT_casa,LL%_casa,EN_casa,BR_casa,B/E_casa,TO_casa,FC_casa,T/FC_casa,ET_casa,VI_casa,EF_casa,Pts_visitante,3P_visitante,2P_visitante,LL_visitante,RT_visitante,RO_visitante,RD_visitante,AS_visitante,ER_visitante,IA%_visitante,3PC_visitante,3PT_visitante,3P%_visitante,2PC_visitante,2PT_visitante,2P%_visitante,LLC_visitante,LLT_visitante,LL%_visitante,EN_visitante,BR_visitante,B/E_visitante,TO_visitante,FC_visitante,T/FC_visitante,ET_visitante,VI_visitante,EF_visitante
72,74,2016-04-04,1,3,2015-2016,Vitória,Mogi,71.75,18.107142857142858,39.0,14.642857142857142,34.964285714285715,11.714285714285714,23.25,12.25,15.357142857142858,0.8439285714285715,6.035714285714286,20.392857142857142,29.783214285714287,19.5,41.535714285714285,47.35607142857144,14.642857142857142,20.071428571428573,72.82071428571427,1.2142857142857142,11.071428571428571,0.7632142857142857,1.7857142857142858,19.75,0.09464285714285714,15.357142857142858,3.8214285714285716,74.57142857142857,80.45578231292517,30.26530612244898,40.6530612244898,17.45578231292517,35.61224489795919,11.598639455782314,24.01360544217687,14.564625850340136,14.231292517006803,1.1263945578231296,7.448979591836735,21.020408163265305,35.65795918367347,20.3265306122449,40.44897959183673,50.46292517006801,17.45578231292517,23.408163265306122,74.18537414965985,1.346938775510204,9.16326530612245,0.7012925170068027,1.748299319727891,22.05442176870748,0.08346938775510206,14.231292517006803,2.979591836734694,89.51700680272108
