placar_casa,placar_visitante,data,round,stage,ano,equipe_casa,equipe_visitante,Pts_casa,3P_casa,2P_casa,LL_casa,RT_casa,RO_casa,RD_casa,AS_casa,ER_casa,IA%_casa,3PC_casa,3PT_casa,3P%_casa,2PC_casa,2PT_casa,2P%_casa,LLC_casa,LLT_casa,LL%_casa,EN_casa,BR_casa,B/E_casa,TO_casa,FC_casa,T/FC_casa,ET_casa,VI_casa,EF_casa,Pts_visitante,3P_visitante,2P_visitante,LL_visitante,RT_visitante,RO_visitante,RD_visitante,AS_visitante,ER_visitante,IA%_visitante,3PC_visitante,3PT_visitante,3P%_visitante,2PC_visitante,2PT_visitante,2P%_visitante,LLC_visitante,LLT_visitante,LL%_visitante,EN_visitante,BR_visitante,B/E_visitante,TO_visitante,FC_visitante,T/FC_visitante,ET_visitante,VI_visitante,EF_visitante
76,68,2009-04-15,7,2,2008-2009,Sesi Franca,Assis,84.36842105263158,20.842105263157894,46.0,17.526315789473685,30.789473684210527,9.421052631578947,21.36842105263158,16.36842105263158,13.0,1.3278947368421052,6.947368421052632,20.789473684210527,34.74526315789473,23.0,44.526315789473685,52.03631578947368,17.526315789473685,23.63157894736842,73.9042105263158,1.0526315789473684,9.210526315789474,0.7447368421052631,2.210526315789474,22.105263157894736,0.1126315789473684,13.0,0.0,88.47368421052632,77.88888888888889,23.333333333333332,34.888888888888886,19.666666666666668,28.444444444444443,8.166666666666666,20.27777777777778,12.11111111111111,12.555555555555555,1.1366666666666667,7.777777777777778,22.38888888888889,34.96611111111112,17.444444444444443,32.5,53.586666666666666,19.666666666666668,27.0,73.94388888888888,1.2777777777777777,6.666666666666667,0.5783333333333334,3.0555555555555554,20.555555555555557,0.1522222222222222,12.555555555555555,0.0,78.61111111111111
