placar_casa,placar_visitante,data,round,stage,ano,equipe_casa,equipe_visitante,Pts_casa,3P_casa,2P_casa,LL_casa,RT_casa,RO_casa,RD_casa,AS_casa,ER_casa,IA%_casa,3PC_casa,3PT_casa,3P%_casa,2PC_casa,2PT_casa,2P%_casa,LLC_casa,LLT_casa,LL%_casa,EN_casa,BR_casa,B/E_casa,TO_casa,FC_casa,T/FC_casa,ET_casa,VI_casa,EF_casa,Pts_visitante,3P_visitante,2P_visitante,LL_visitante,RT_visitante,RO_visitante,RD_visitante,AS_visitante,ER_visitante,IA%_visitante,3PC_visitante,3PT_visitante,3P%_visitante,2PC_visitante,2PT_visitante,2P%_visitante,LLC_visitante,LLT_visitante,LL%_visitante,EN_visitante,BR_visitante,B/E_visitante,TO_visitante,FC_visitante,T/FC_visitante,ET_visitante,VI_visitante,EF_visitante
91,85,2010-01-19,3,1,2009-2010,Minas,Araraquara,86.92682926829268,24.0,46.19512195121951,16.73170731707317,34.02439024390244,9.536585365853659,24.48780487804878,17.341463414634145,15.048780487804878,1.2539024390243902,8.0,21.51219512195122,37.282682926829274,23.097560975609756,40.36585365853659,57.45756097560974,16.73170731707317,22.878048780487806,73.29682926829267,1.170731707317073,6.853658536585366,0.4856097560975611,2.8048780487804876,18.609756097560975,0.15658536585365856,15.048780487804878,0.2926829268292683,95.97560975609755,74.71428571428571,24.257142857142856,37.02857142857143,13.428571428571429,28.771428571428572,7.6,21.17142857142857,15.314285714285715,15.857142857142858,1.0405714285714287,8.085714285714285,24.771428571428572,32.66142857142857,18.514285714285716,35.65714285714286,52.35057142857143,13.428571428571429,18.428571428571427,72.67571428571429,2.2285714285714286,8.085714285714285,0.5422857142857145,3.657142857142857,21.457142857142856,0.1834285714285714,15.857142857142858,0.34285714285714286,75.85714285714286
