placar_casa,placar_visitante,data,round,stage,ano,equipe_casa,equipe_visitante,Pts_casa,3P_casa,2P_casa,LL_casa,RT_casa,RO_casa,RD_casa,AS_casa,ER_casa,IA%_casa,3PC_casa,3PT_casa,3P%_casa,2PC_casa,2PT_casa,2P%_casa,LLC_casa,LLT_casa,LL%_casa,EN_casa,BR_casa,B/E_casa,TO_casa,FC_casa,T/FC_casa,ET_casa,VI_casa,EF_casa,Pts_visitante,3P_visitante,2P_visitante,LL_visitante,RT_visitante,RO_visitante,RD_visitante,AS_visitante,ER_visitante,IA%_visitante,3PC_visitante,3PT_visitante,3P%_visitante,2PC_visitante,2PT_visitante,2P%_visitante,LLC_visitante,LLT_visitante,LL%_visitante,EN_visitante,BR_visitante,B/E_visitante,TO_visitante,FC_visitante,T/FC_visitante,ET_visitante,VI_visitante,EF_visitante
92,81,2022-11-03,4,1,2022-2023,União Corinthians,Cerrado,74.37264705882353,26.147058823529413,36.50970588235294,11.715588235294117,37.029411764705884,10.460882352941177,26.568529411764708,14.970588235294118,12.882352941176471,1.2373529411764705,8.715588235294117,28.872647058823528,30.041470588235292,18.255,39.03911764705882,47.05117647058824,11.715588235294117,17.156764705882352,68.75558823529413,1.7352941176470589,7.970588235294118,0.6382352941176469,2.3529411764705883,20.91176470588235,0.11617647058823528,12.882352941176471,1.9802941176470588,77.4314705882353,76.51545454545455,25.59090909090909,38.787424242424244,12.13621212121212,39.60590909090909,11.909242424242423,27.697575757575756,14.878939393939394,13.378939393939394,1.1771212121212125,8.530454545454546,27.773181818181822,30.966666666666654,19.394393939393943,39.48500000000001,49.31984848484848,12.13621212121212,17.303484848484853,70.3687878787879,1.8628787878787878,6.818333333333333,0.5230303030303027,2.666515151515151,18.682575757575762,0.14393939393939403,13.378939393939394,2.514545454545454,82.60651515151517
