placar_casa,placar_visitante,data,round,stage,ano,equipe_casa,equipe_visitante,Pts_casa,3P_casa,2P_casa,LL_casa,RT_casa,RO_casa,RD_casa,AS_casa,ER_casa,IA%_casa,3PC_casa,3PT_casa,3P%_casa,2PC_casa,2PT_casa,2P%_casa,LLC_casa,LLT_casa,LL%_casa,EN_casa,BR_casa,B/E_casa,TO_casa,FC_casa,T/FC_casa,ET_casa,VI_casa,EF_casa,Pts_visitante,3P_visitante,2P_visitante,LL_visitante,RT_visitante,RO_visitante,RD_visitante,AS_visitante,ER_visitante,IA%_visitante,3PC_visitante,3PT_visitante,3P%_visitante,2PC_visitante,2PT_visitante,2P%_visitante,LLC_visitante,LLT_visitante,LL%_visitante,EN_visitante,BR_visitante,B/E_visitante,TO_visitante,FC_visitante,T/FC_visitante,ET_visitante,VI_visitante,EF_visitante
82,79,2014-11-12,3,1,2014-2015,Flamengo,Sesi Franca,88.92090395480226,34.932203389830505,44.0225988700565,17.1864406779661,33.463276836158194,8.824858757062147,24.638418079096045,15.627118644067796,12.288135593220339,1.4220338983050844,9.23728813559322,23.971751412429377,38.766271186440676,22.01129943502825,38.59887005649718,57.289378531073424,17.1864406779661,22.694915254237287,75.76790960451976,1.8587570621468927,8.186440677966102,0.7292090395480227,1.7005649717514124,19.73446327683616,0.08858757062146895,12.288135593220339,1.655367231638418,100.8361581920904,81.04790419161677,30.50299401197605,44.02395209580838,15.916167664670658,30.92814371257485,9.04191616766467,21.88622754491018,14.886227544910179,13.269461077844312,1.26502994011976,7.0359281437125745,19.694610778443113,35.66640718562874,22.01197604790419,41.94011976047904,52.66161676646706,15.916167664670658,21.58682634730539,73.38892215568863,1.8023952095808384,8.81437125748503,0.7238323353293412,2.81437125748503,20.59880239520958,0.14658682634730538,13.269461077844312,1.8622754491017963,89.24550898203593
