placar_casa,placar_visitante,data,round,stage,ano,equipe_casa,equipe_visitante,Pts_casa,3P_casa,2P_casa,LL_casa,RT_casa,RO_casa,RD_casa,AS_casa,ER_casa,IA%_casa,3PC_casa,3PT_casa,3P%_casa,2PC_casa,2PT_casa,2P%_casa,LLC_casa,LLT_casa,LL%_casa,EN_casa,BR_casa,B/E_casa,TO_casa,FC_casa,T/FC_casa,ET_casa,VI_casa,EF_casa,Pts_visitante,3P_visitante,2P_visitante,LL_visitante,RT_visitante,RO_visitante,RD_visitante,AS_visitante,ER_visitante,IA%_visitante,3PC_visitante,3PT_visitante,3P%_visitante,2PC_visitante,2PT_visitante,2P%_visitante,LLC_visitante,LLT_visitante,LL%_visitante,EN_visitante,BR_visitante,B/E_visitante,TO_visitante,FC_visitante,T/FC_visitante,ET_visitante,VI_visitante,EF_visitante
73,74,2013-01-19,16,1,2012-2013,Pinheiros,Bauru Basket,86.79166666666667,30.90625,41.75,17.791666666666668,30.75,8.40625,22.34375,15.53125,13.34375,1.2428125,9.083333333333334,23.614583333333332,38.73729166666666,20.875,37.65625,55.484166666666646,17.791666666666668,23.84375,74.45822916666668,2.46875,7.395833333333333,0.5865625,2.46875,19.854166666666668,0.12999999999999998,13.34375,1.8958333333333333,95.53125,82.03296703296704,31.813186813186814,41.05494505494506,14.604395604395604,31.065934065934066,10.153846153846153,20.912087912087912,13.45054945054945,10.68131868131868,1.4473626373626374,8.791208791208792,22.912087912087912,38.716373626373624,20.52747252747253,39.637362637362635,52.27384615384616,14.604395604395604,19.736263736263737,74.44967032967033,1.4615384615384615,6.5054945054945055,0.7043956043956044,1.8681318681318682,18.087912087912088,0.10802197802197808,10.68131868131868,1.7142857142857142,88.24175824175825
