placar_casa,placar_visitante,data,round,stage,ano,equipe_casa,equipe_visitante,Pts_casa,3P_casa,2P_casa,LL_casa,RT_casa,RO_casa,RD_casa,AS_casa,ER_casa,IA%_casa,3PC_casa,3PT_casa,3P%_casa,2PC_casa,2PT_casa,2P%_casa,LLC_casa,LLT_casa,LL%_casa,EN_casa,BR_casa,B/E_casa,TO_casa,FC_casa,T/FC_casa,ET_casa,VI_casa,EF_casa,Pts_visitante,3P_visitante,2P_visitante,LL_visitante,RT_visitante,RO_visitante,RD_visitante,AS_visitante,ER_visitante,IA%_visitante,3PC_visitante,3PT_visitante,3P%_visitante,2PC_visitante,2PT_visitante,2P%_visitante,LLC_visitante,LLT_visitante,LL%_visitante,EN_visitante,BR_visitante,B/E_visitante,TO_visitante,FC_visitante,T/FC_visitante,ET_visitante,VI_visitante,EF_visitante
95,72,2010-02-28,4,2,2009-2010,Flamengo,Londrina,91.67307692307692,29.884615384615383,43.30769230769231,18.48076923076923,33.01923076923077,8.538461538461538,24.48076923076923,16.01923076923077,12.923076923076923,1.354423076923077,9.961538461538462,25.76923076923077,39.15173076923077,21.653846153846153,37.59615384615385,57.79153846153846,18.48076923076923,24.576923076923077,76.09153846153846,1.9615384615384615,9.0,0.7667307692307694,2.0,19.78846153846154,0.10192307692307692,12.923076923076923,0.38461538461538464,100.8076923076923,76.46153846153847,22.846153846153847,35.69230769230769,17.923076923076923,30.615384615384617,11.307692307692308,19.307692307692307,12.461538461538462,15.153846153846153,0.8869230769230767,7.615384615384615,26.0,28.883076923076924,17.846153846153847,36.30769230769231,49.44615384615384,17.923076923076923,24.846153846153847,72.12461538461538,0.6153846153846154,6.923076923076923,0.4815384615384616,3.0,20.23076923076923,0.16,15.153846153846153,2.230769230769231,70.53846153846153
