placar_casa,placar_visitante,data,round,stage,ano,equipe_casa,equipe_visitante,Pts_casa,3P_casa,2P_casa,LL_casa,RT_casa,RO_casa,RD_casa,AS_casa,ER_casa,IA%_casa,3PC_casa,3PT_casa,3P%_casa,2PC_casa,2PT_casa,2P%_casa,LLC_casa,LLT_casa,LL%_casa,EN_casa,BR_casa,B/E_casa,TO_casa,FC_casa,T/FC_casa,ET_casa,VI_casa,EF_casa,Pts_visitante,3P_visitante,2P_visitante,LL_visitante,RT_visitante,RO_visitante,RD_visitante,AS_visitante,ER_visitante,IA%_visitante,3PC_visitante,3PT_visitante,3P%_visitante,2PC_visitante,2PT_visitante,2P%_visitante,LLC_visitante,LLT_visitante,LL%_visitante,EN_visitante,BR_visitante,B/E_visitante,TO_visitante,FC_visitante,T/FC_visitante,ET_visitante,VI_visitante,EF_visitante
83,82,2019-12-21,10,1,2019-2020,Minas,Corinthians,78.39088028169012,26.012323943661972,41.49299295774648,15.205985915492958,33.79408450704226,9.998204225352112,23.795774647887324,15.793978873239436,14.249964788732393,1.195105633802818,7.230704225352114,21.464788732394368,33.816478873239426,20.74644366197183,39.58274647887324,52.53010563380282,15.205985915492958,20.649647887323944,73.39588028169007,1.4436971830985916,7.8539084507042265,0.5894718309859149,2.382042253521127,21.507077464788733,0.11630281690140858,14.249964788732393,2.600281690140846,86.39440140845069,80.54466666666667,23.433333333333334,41.51111111111112,15.600222222222222,36.21111111111111,10.644222222222222,25.566888888888883,17.554888888888893,13.844222222222223,1.3535555555555556,7.81111111111111,22.333111111111112,35.075555555555546,20.755555555555556,41.055555555555564,50.830222222222226,15.600222222222222,20.577555555555556,75.75799999999997,2.122666666666667,7.5777777777777775,0.5700000000000001,2.1555555555555554,22.656,0.09711111111111112,13.844222222222223,1.855111111111111,90.25555555555556
