placar_casa,placar_visitante,data,round,stage,ano,equipe_casa,equipe_visitante,Pts_casa,3P_casa,2P_casa,LL_casa,RT_casa,RO_casa,RD_casa,AS_casa,ER_casa,IA%_casa,3PC_casa,3PT_casa,3P%_casa,2PC_casa,2PT_casa,2P%_casa,LLC_casa,LLT_casa,LL%_casa,EN_casa,BR_casa,B/E_casa,TO_casa,FC_casa,T/FC_casa,ET_casa,VI_casa,EF_casa,Pts_visitante,3P_visitante,2P_visitante,LL_visitante,RT_visitante,RO_visitante,RD_visitante,AS_visitante,ER_visitante,IA%_visitante,3PC_visitante,3PT_visitante,3P%_visitante,2PC_visitante,2PT_visitante,2P%_visitante,LLC_visitante,LLT_visitante,LL%_visitante,EN_visitante,BR_visitante,B/E_visitante,TO_visitante,FC_visitante,T/FC_visitante,ET_visitante,VI_visitante,EF_visitante
88,101,2023-01-11,1,2,2022-2023,BRB/Brasília,UNIFACISA,76.68959459459461,26.7972972972973,36.22945945945946,13.662027027027028,38.85121621621622,10.668783783783784,28.18243243243243,15.344459459459463,15.03391891891892,1.079189189189189,8.932297297297298,27.783513513513515,31.958378378378367,18.115135135135134,36.453108108108104,49.718783783783785,13.662027027027028,19.49972972972973,70.16932432432436,1.0674324324324325,5.614594594594595,0.3910810810810812,1.6754054054054053,19.05391891891892,0.09013513513513512,15.03391891891892,2.4932432432432434,80.11486486486487,80.24761061946903,29.495575221238937,38.72566371681416,12.026902654867257,36.84929203539822,10.424424778761058,26.425132743362834,16.3629203539823,12.955752212389381,1.3318584070796464,9.831681415929202,27.876283185840713,35.08106194690265,19.36283185840708,37.49557522123894,51.78716814159294,12.026902654867257,16.124070796460174,74.16566371681414,1.406991150442478,7.283274336283187,0.598141592920354,1.7878761061946906,20.026725663716817,0.09132743362831859,12.955752212389381,2.274424778761062,89.28336283185841
