placar_casa,placar_visitante,data,round,stage,ano,equipe_casa,equipe_visitante,Pts_casa,3P_casa,2P_casa,LL_casa,RT_casa,RO_casa,RD_casa,AS_casa,ER_casa,IA%_casa,3PC_casa,3PT_casa,3P%_casa,2PC_casa,2PT_casa,2P%_casa,LLC_casa,LLT_casa,LL%_casa,EN_casa,BR_casa,B/E_casa,TO_casa,FC_casa,T/FC_casa,ET_casa,VI_casa,EF_casa,Pts_visitante,3P_visitante,2P_visitante,LL_visitante,RT_visitante,RO_visitante,RD_visitante,AS_visitante,ER_visitante,IA%_visitante,3PC_visitante,3PT_visitante,3P%_visitante,2PC_visitante,2PT_visitante,2P%_visitante,LLC_visitante,LLT_visitante,LL%_visitante,EN_visitante,BR_visitante,B/E_visitante,TO_visitante,FC_visitante,T/FC_visitante,ET_visitante,VI_visitante,EF_visitante
86,90,2022-04-08,10,2,2021-2022,Cerrado,BRB/Brasília,76.18677966101696,24.915254237288135,39.287627118644075,11.982881355932202,39.64389830508474,12.017118644067796,27.62779661016949,15.03406779661017,13.152711864406779,1.2010169491525429,8.305254237288135,27.322542372881358,30.751016949152532,19.644576271186445,40.10186440677966,49.03542372881356,11.982881355932202,16.949661016949157,71.00457627118644,1.7957627118644066,6.762881355932203,0.5254237288135593,2.5930508474576266,18.780508474576273,0.13932203389830514,13.152711864406779,2.4569491525423723,82.62762711864409,75.94396226415095,26.150943396226417,35.509056603773594,14.282830188679245,39.37716981132076,10.980943396226415,28.39622641509434,14.858301886792455,15.302075471698114,1.0279245283018863,8.716792452830187,27.56566037735849,31.225660377358487,17.755094339622644,36.46283018867924,48.817547169811334,14.282830188679245,20.03735849056604,71.24584905660377,0.7545283018867923,5.75433962264151,0.3907547169811322,1.8581132075471696,18.99981132075472,0.10056603773584906,15.302075471698114,2.452830188679245,79.17924528301887
