placar_casa,placar_visitante,data,round,stage,ano,equipe_casa,equipe_visitante,Pts_casa,3P_casa,2P_casa,LL_casa,RT_casa,RO_casa,RD_casa,AS_casa,ER_casa,IA%_casa,3PC_casa,3PT_casa,3P%_casa,2PC_casa,2PT_casa,2P%_casa,LLC_casa,LLT_casa,LL%_casa,EN_casa,BR_casa,B/E_casa,TO_casa,FC_casa,T/FC_casa,ET_casa,VI_casa,EF_casa,Pts_visitante,3P_visitante,2P_visitante,LL_visitante,RT_visitante,RO_visitante,RD_visitante,AS_visitante,ER_visitante,IA%_visitante,3PC_visitante,3PT_visitante,3P%_visitante,2PC_visitante,2PT_visitante,2P%_visitante,LLC_visitante,LLT_visitante,LL%_visitante,EN_visitante,BR_visitante,B/E_visitante,TO_visitante,FC_visitante,T/FC_visitante,ET_visitante,VI_visitante,EF_visitante
81,72,2016-12-03,8,1,2016-2017,Flamengo,Paulistano,88.15,32.215384615384615,44.05384615384615,16.796153846153846,34.30769230769231,9.107692307692307,25.2,16.523076923076925,12.192307692307692,1.5129615384615385,9.1,23.8,38.345769230769214,22.026923076923076,38.90769230769231,56.79680769230768,16.796153846153846,22.046153846153846,76.08623076923075,1.7961538461538462,8.680769230769231,0.7798076923076924,1.876923076923077,19.6,0.0993846153846154,12.192307692307692,1.7807692307692307,101.91538461538461,80.62280701754386,29.68421052631579,40.833333333333336,15.631578947368421,34.05701754385965,11.008771929824562,23.04824561403509,13.62280701754386,13.776315789473685,1.0971491228070178,8.052631578947368,23.153508771929825,35.06508771929824,20.416666666666668,39.81140350877193,51.56850877192981,15.631578947368421,21.31578947368421,73.02438596491231,1.5526315789473684,8.421052631578947,0.6764035087719298,1.7675438596491229,21.763157894736842,0.08508771929824559,13.776315789473685,2.486842105263158,86.39912280701755
