placar_casa,placar_visitante,data,round,stage,ano,equipe_casa,equipe_visitante,Pts_casa,3P_casa,2P_casa,LL_casa,RT_casa,RO_casa,RD_casa,AS_casa,ER_casa,IA%_casa,3PC_casa,3PT_casa,3P%_casa,2PC_casa,2PT_casa,2P%_casa,LLC_casa,LLT_casa,LL%_casa,EN_casa,BR_casa,B/E_casa,TO_casa,FC_casa,T/FC_casa,ET_casa,VI_casa,EF_casa,Pts_visitante,3P_visitante,2P_visitante,LL_visitante,RT_visitante,RO_visitante,RD_visitante,AS_visitante,ER_visitante,IA%_visitante,3PC_visitante,3PT_visitante,3P%_visitante,2PC_visitante,2PT_visitante,2P%_visitante,LLC_visitante,LLT_visitante,LL%_visitante,EN_visitante,BR_visitante,B/E_visitante,TO_visitante,FC_visitante,T/FC_visitante,ET_visitante,VI_visitante,EF_visitante
68,96,2022-11-18,5,1,2022-2023,Pato Basquete,Corinthians,72.8061224489796,24.214285714285715,35.796020408163265,12.79612244897959,35.734387755102034,10.571428571428571,25.16357142857143,14.591836734693878,14.020408163265301,1.1174489795918368,8.071326530612243,25.601836734693872,31.46163265306123,17.89785714285714,38.285816326530615,46.82295918367347,12.79612244897959,18.693979591836733,68.45908163265305,1.3675510204081633,7.540918367346939,0.5604081632653063,1.6838775510204083,21.11204081632653,0.081734693877551,14.020408163265301,3.020408163265306,74.51020408163265,79.58453846153846,28.476923076923075,37.41538461538462,13.69246153846154,37.06923076923077,10.77669230769231,26.292307692307688,17.099692307692308,13.330615384615383,1.3559230769230777,9.492307692307692,26.961307692307688,35.269461538461535,18.70769230769231,36.954,50.779461538461554,13.69246153846154,17.953846153846154,76.39653846153847,1.7001538461538461,6.630692307692308,0.5200000000000004,2.223,20.700153846153846,0.10999999999999997,13.330615384615383,2.207461538461539,89.24607692307693
