placar_casa,placar_visitante,data,round,stage,ano,equipe_casa,equipe_visitante,Pts_casa,3P_casa,2P_casa,LL_casa,RT_casa,RO_casa,RD_casa,AS_casa,ER_casa,IA%_casa,3PC_casa,3PT_casa,3P%_casa,2PC_casa,2PT_casa,2P%_casa,LLC_casa,LLT_casa,LL%_casa,EN_casa,BR_casa,B/E_casa,TO_casa,FC_casa,T/FC_casa,ET_casa,VI_casa,EF_casa,Pts_visitante,3P_visitante,2P_visitante,LL_visitante,RT_visitante,RO_visitante,RD_visitante,AS_visitante,ER_visitante,IA%_visitante,3PC_visitante,3PT_visitante,3P%_visitante,2PC_visitante,2PT_visitante,2P%_visitante,LLC_visitante,LLT_visitante,LL%_visitante,EN_visitante,BR_visitante,B/E_visitante,TO_visitante,FC_visitante,T/FC_visitante,ET_visitante,VI_visitante,EF_visitante
80,69,2012-05-03,3,4,2011-2012,Pinheiros,Joinville,86.89189189189189,26.7972972972973,42.62162162162162,17.472972972972972,30.77027027027027,8.635135135135135,22.135135135135137,15.31081081081081,13.013513513513514,1.2521621621621624,8.932432432432432,23.2027027027027,38.69945945945946,21.31081081081081,38.33783783783784,55.562702702702694,17.472972972972972,23.5,74.22972972972975,2.7162162162162162,7.581081081081081,0.6114864864864864,2.4864864864864864,18.986486486486488,0.13621621621621618,13.013513513513514,1.6081081081081081,94.3108108108108,81.24096385542168,25.08433734939759,39.71084337349398,16.44578313253012,32.31927710843374,9.740963855421686,22.57831325301205,14.168674698795181,13.210843373493976,1.179879518072289,8.36144578313253,23.548192771084338,35.4212048192771,19.85542168674699,39.126506024096386,50.76060240963856,16.44578313253012,22.951807228915662,71.61481927710842,1.608433734939759,7.753012048192771,0.6469879518072289,2.1987951807228914,20.77710843373494,0.11481927710843366,13.210843373493976,1.5783132530120483,85.50602409638554
