placar_casa,placar_visitante,data,round,stage,ano,equipe_casa,equipe_visitante,Pts_casa,3P_casa,2P_casa,LL_casa,RT_casa,RO_casa,RD_casa,AS_casa,ER_casa,IA%_casa,3PC_casa,3PT_casa,3P%_casa,2PC_casa,2PT_casa,2P%_casa,LLC_casa,LLT_casa,LL%_casa,EN_casa,BR_casa,B/E_casa,TO_casa,FC_casa,T/FC_casa,ET_casa,VI_casa,EF_casa,Pts_visitante,3P_visitante,2P_visitante,LL_visitante,RT_visitante,RO_visitante,RD_visitante,AS_visitante,ER_visitante,IA%_visitante,3PC_visitante,3PT_visitante,3P%_visitante,2PC_visitante,2PT_visitante,2P%_visitante,LLC_visitante,LLT_visitante,LL%_visitante,EN_visitante,BR_visitante,B/E_visitante,TO_visitante,FC_visitante,T/FC_visitante,ET_visitante,VI_visitante,EF_visitante
67,73,2019-03-01,8,2,2018-2019,Botafogo,Flamengo,73.9,22.95,39.5,11.45,35.05,10.95,24.1,16.7,14.4,1.2220000000000002,7.65,22.4,34.5775,19.75,38.6,51.24649999999999,11.45,16.4,70.263,1.65,7.2,0.5005000000000001,1.85,22.8,0.08350000000000002,14.4,2.9,81.6,87.72720779220782,31.392857142857142,43.72071428571429,16.76298701298701,35.37331168831169,9.577987012987014,25.79551948051948,17.042207792207794,12.353896103896103,1.523084415584415,9.081168831168831,24.276006493506493,37.58717532467533,21.860454545454548,38.90256493506494,56.399837662337646,16.76298701298701,21.983766233766232,76.15724025974026,1.724025974025974,8.334383116883116,0.7390259740259741,1.8831818181818174,19.672110389610392,0.09928571428571424,12.353896103896103,1.84409090909091,101.72727272727273
