placar_casa,placar_visitante,data,round,stage,ano,equipe_casa,equipe_visitante,Pts_casa,3P_casa,2P_casa,LL_casa,RT_casa,RO_casa,RD_casa,AS_casa,ER_casa,IA%_casa,3PC_casa,3PT_casa,3P%_casa,2PC_casa,2PT_casa,2P%_casa,LLC_casa,LLT_casa,LL%_casa,EN_casa,BR_casa,B/E_casa,TO_casa,FC_casa,T/FC_casa,ET_casa,VI_casa,EF_casa,Pts_visitante,3P_visitante,2P_visitante,LL_visitante,RT_visitante,RO_visitante,RD_visitante,AS_visitante,ER_visitante,IA%_visitante,3PC_visitante,3PT_visitante,3P%_visitante,2PC_visitante,2PT_visitante,2P%_visitante,LLC_visitante,LLT_visitante,LL%_visitante,EN_visitante,BR_visitante,B/E_visitante,TO_visitante,FC_visitante,T/FC_visitante,ET_visitante,VI_visitante,EF_visitante
93,84,2015-12-15,11,1,2015-2016,Mogi,L. Sorocabana,80.86666666666666,21.8,43.6,15.466666666666667,38.06666666666667,12.666666666666666,25.4,15.2,13.266666666666667,1.2293333333333332,7.266666666666667,23.066666666666666,31.933333333333334,21.8,40.93333333333333,54.15333333333333,15.466666666666667,21.466666666666665,72.57,1.6,10.066666666666666,0.8066666666666666,2.466666666666667,22.2,0.11800000000000001,13.266666666666667,3.3333333333333335,92.33333333333333,75.33333333333333,19.6,42.13333333333333,13.6,35.666666666666664,15.066666666666666,20.6,12.333333333333334,13.733333333333333,1.0693333333333332,6.533333333333333,20.333333333333332,32.05200000000001,21.066666666666666,45.53333333333333,46.58533333333333,13.6,17.533333333333335,75.78999999999999,1.0,11.266666666666667,1.018,1.7333333333333334,22.266666666666666,0.08466666666666667,13.733333333333333,3.3333333333333335,80.4
