placar_casa,placar_visitante,data,round,stage,ano,equipe_casa,equipe_visitante,Pts_casa,3P_casa,2P_casa,LL_casa,RT_casa,RO_casa,RD_casa,AS_casa,ER_casa,IA%_casa,3PC_casa,3PT_casa,3P%_casa,2PC_casa,2PT_casa,2P%_casa,LLC_casa,LLT_casa,LL%_casa,EN_casa,BR_casa,B/E_casa,TO_casa,FC_casa,T/FC_casa,ET_casa,VI_casa,EF_casa,Pts_visitante,3P_visitante,2P_visitante,LL_visitante,RT_visitante,RO_visitante,RD_visitante,AS_visitante,ER_visitante,IA%_visitante,3PC_visitante,3PT_visitante,3P%_visitante,2PC_visitante,2PT_visitante,2P%_visitante,LLC_visitante,LLT_visitante,LL%_visitante,EN_visitante,BR_visitante,B/E_visitante,TO_visitante,FC_visitante,T/FC_visitante,ET_visitante,VI_visitante,EF_visitante
84,75,2015-12-17,12,1,2015-2016,Paulistano,Mogi,80.93333333333334,27.2,41.2,12.533333333333333,37.666666666666664,11.8,25.866666666666667,14.133333333333333,13.8,1.1573333333333333,9.066666666666666,23.8,37.69266666666667,20.6,40.733333333333334,51.026666666666664,12.533333333333333,16.8,74.32199999999999,1.6,10.133333333333333,0.81,1.0666666666666667,19.666666666666668,0.05933333333333333,13.8,3.7333333333333334,91.0,81.0,22.6,42.8,15.6,37.333333333333336,12.533333333333333,24.8,15.866666666666667,13.8,1.2339999999999998,7.533333333333333,23.466666666666665,32.43333333333334,21.4,40.46666666666667,53.867333333333335,15.6,21.533333333333335,72.932,1.6666666666666667,10.066666666666666,0.7833333333333333,2.3333333333333335,22.0,0.11266666666666669,13.8,3.533333333333333,91.8
