placar_casa,placar_visitante,data,round,stage,ano,equipe_casa,equipe_visitante,Pts_casa,3P_casa,2P_casa,LL_casa,RT_casa,RO_casa,RD_casa,AS_casa,ER_casa,IA%_casa,3PC_casa,3PT_casa,3P%_casa,2PC_casa,2PT_casa,2P%_casa,LLC_casa,LLT_casa,LL%_casa,EN_casa,BR_casa,B/E_casa,TO_casa,FC_casa,T/FC_casa,ET_casa,VI_casa,EF_casa,Pts_visitante,3P_visitante,2P_visitante,LL_visitante,RT_visitante,RO_visitante,RD_visitante,AS_visitante,ER_visitante,IA%_visitante,3PC_visitante,3PT_visitante,3P%_visitante,2PC_visitante,2PT_visitante,2P%_visitante,LLC_visitante,LLT_visitante,LL%_visitante,EN_visitante,BR_visitante,B/E_visitante,TO_visitante,FC_visitante,T/FC_visitante,ET_visitante,VI_visitante,EF_visitante
67,65,2015-12-15,11,1,2015-2016,Caxias do Sul Basquete,Rio Claro,65.2,18.6,31.4,15.2,32.4,9.3,23.1,12.6,15.3,0.9240000000000002,6.2,23.0,28.101999999999997,15.7,36.1,43.749,15.2,21.5,70.143,0.9,12.6,0.9199999999999999,1.2,22.6,0.048,15.3,3.2,65.2,77.73333333333333,25.0,39.46666666666667,13.266666666666667,31.466666666666665,8.133333333333333,23.333333333333332,17.2,15.533333333333333,1.1446666666666667,8.333333333333334,22.933333333333334,36.080000000000005,19.733333333333334,35.733333333333334,55.330000000000005,13.266666666666667,18.733333333333334,69.99733333333333,2.3333333333333335,10.266666666666667,0.6713333333333333,2.4,21.866666666666667,0.11066666666666666,15.533333333333333,4.133333333333334,87.46666666666667
