placar_casa,placar_visitante,data,round,stage,ano,equipe_casa,equipe_visitante,Pts_casa,3P_casa,2P_casa,LL_casa,RT_casa,RO_casa,RD_casa,AS_casa,ER_casa,IA%_casa,3PC_casa,3PT_casa,3P%_casa,2PC_casa,2PT_casa,2P%_casa,LLC_casa,LLT_casa,LL%_casa,EN_casa,BR_casa,B/E_casa,TO_casa,FC_casa,T/FC_casa,ET_casa,VI_casa,EF_casa,Pts_visitante,3P_visitante,2P_visitante,LL_visitante,RT_visitante,RO_visitante,RD_visitante,AS_visitante,ER_visitante,IA%_visitante,3PC_visitante,3PT_visitante,3P%_visitante,2PC_visitante,2PT_visitante,2P%_visitante,LLC_visitante,LLT_visitante,LL%_visitante,EN_visitante,BR_visitante,B/E_visitante,TO_visitante,FC_visitante,T/FC_visitante,ET_visitante,VI_visitante,EF_visitante
79,78,2014-11-25,7,1,2014-2015,Brasília,Coop/São José Basketball,84.0,29.2,39.333333333333336,15.466666666666667,35.266666666666666,9.133333333333333,26.133333333333333,16.8,10.8,1.7259999999999998,9.733333333333333,27.866666666666667,34.90200000000001,19.666666666666668,36.93333333333333,53.63933333333333,15.466666666666667,19.333333333333332,79.25933333333334,2.0,8.8,0.936,2.8666666666666667,21.466666666666665,0.14800000000000002,10.8,2.066666666666667,97.66666666666667,76.2,22.2,38.8,15.2,40.4,11.0,29.4,14.8,14.066666666666666,1.0833333333333333,7.4,21.6,33.30733333333333,19.4,38.6,50.18133333333334,15.2,20.333333333333332,72.922,0.4,7.066666666666666,0.5186666666666667,2.0,18.4,0.11533333333333333,14.066666666666666,2.8,87.86666666666666
