placar_casa,placar_visitante,data,round,stage,ano,equipe_casa,equipe_visitante,Pts_casa,3P_casa,2P_casa,LL_casa,RT_casa,RO_casa,RD_casa,AS_casa,ER_casa,IA%_casa,3PC_casa,3PT_casa,3P%_casa,2PC_casa,2PT_casa,2P%_casa,LLC_casa,LLT_casa,LL%_casa,EN_casa,BR_casa,B/E_casa,TO_casa,FC_casa,T/FC_casa,ET_casa,VI_casa,EF_casa,Pts_visitante,3P_visitante,2P_visitante,LL_visitante,RT_visitante,RO_visitante,RD_visitante,AS_visitante,ER_visitante,IA%_visitante,3PC_visitante,3PT_visitante,3P%_visitante,2PC_visitante,2PT_visitante,2P%_visitante,LLC_visitante,LLT_visitante,LL%_visitante,EN_visitante,BR_visitante,B/E_visitante,TO_visitante,FC_visitante,T/FC_visitante,ET_visitante,VI_visitante,EF_visitante
62,83,2014-11-28,8,1,2014-2015,Paulistano,Minas,81.66666666666667,24.2,41.333333333333336,16.133333333333333,36.733333333333334,13.266666666666667,23.466666666666665,11.0,11.066666666666666,1.094,8.066666666666666,25.0,32.732,20.666666666666668,41.06666666666667,50.60933333333334,16.133333333333333,21.0,77.54533333333332,1.6666666666666667,9.133333333333333,0.9093333333333334,0.8,24.066666666666666,0.03533333333333333,11.066666666666666,2.3333333333333335,86.06666666666666,71.4,18.2,39.06666666666667,14.133333333333333,33.266666666666666,10.666666666666666,22.6,15.0,15.4,1.0286666666666668,6.066666666666666,19.533333333333335,32.06333333333334,19.533333333333335,39.333333333333336,49.916000000000004,14.133333333333333,19.333333333333332,72.116,1.5333333333333334,9.8,0.6453333333333333,3.3333333333333335,22.733333333333334,0.15466666666666667,15.4,3.933333333333333,78.93333333333334
