placar_casa,placar_visitante,data,round,stage,ano,equipe_casa,equipe_visitante,Pts_casa,3P_casa,2P_casa,LL_casa,RT_casa,RO_casa,RD_casa,AS_casa,ER_casa,IA%_casa,3PC_casa,3PT_casa,3P%_casa,2PC_casa,2PT_casa,2P%_casa,LLC_casa,LLT_casa,LL%_casa,EN_casa,BR_casa,B/E_casa,TO_casa,FC_casa,T/FC_casa,ET_casa,VI_casa,EF_casa,Pts_visitante,3P_visitante,2P_visitante,LL_visitante,RT_visitante,RO_visitante,RD_visitante,AS_visitante,ER_visitante,IA%_visitante,3PC_visitante,3PT_visitante,3P%_visitante,2PC_visitante,2PT_visitante,2P%_visitante,LLC_visitante,LLT_visitante,LL%_visitante,EN_visitante,BR_visitante,B/E_visitante,TO_visitante,FC_visitante,T/FC_visitante,ET_visitante,VI_visitante,EF_visitante
82,71,2014-11-21,6,1,2014-2015,Limeira,Coop/São José Basketball,81.53333333333333,24.4,39.733333333333334,17.4,28.666666666666668,7.866666666666666,20.8,16.133333333333333,11.2,1.8633333333333335,8.133333333333333,19.466666666666665,41.623999999999995,19.866666666666667,36.4,54.68266666666666,17.4,21.866666666666667,80.70866666666666,1.1333333333333333,8.6,0.9786666666666667,2.0,22.8,0.08666666666666667,11.2,2.533333333333333,93.4,76.06666666666666,22.4,38.93333333333333,14.733333333333333,40.06666666666667,11.266666666666667,28.8,15.066666666666666,14.466666666666667,1.0806666666666669,7.466666666666667,21.933333333333334,33.046,19.466666666666665,38.666666666666664,50.27666666666667,14.733333333333333,20.0,72.204,0.4,7.4,0.5253333333333333,1.8666666666666667,18.666666666666668,0.10866666666666666,14.466666666666667,3.1333333333333333,87.06666666666666
