placar_casa,placar_visitante,data,round,stage,ano,equipe_casa,equipe_visitante,Pts_casa,3P_casa,2P_casa,LL_casa,RT_casa,RO_casa,RD_casa,AS_casa,ER_casa,IA%_casa,3PC_casa,3PT_casa,3P%_casa,2PC_casa,2PT_casa,2P%_casa,LLC_casa,LLT_casa,LL%_casa,EN_casa,BR_casa,B/E_casa,TO_casa,FC_casa,T/FC_casa,ET_casa,VI_casa,EF_casa,Pts_visitante,3P_visitante,2P_visitante,LL_visitante,RT_visitante,RO_visitante,RD_visitante,AS_visitante,ER_visitante,IA%_visitante,3PC_visitante,3PT_visitante,3P%_visitante,2PC_visitante,2PT_visitante,2P%_visitante,LLC_visitante,LLT_visitante,LL%_visitante,EN_visitante,BR_visitante,B/E_visitante,TO_visitante,FC_visitante,T/FC_visitante,ET_visitante,VI_visitante,EF_visitante
76,88,2014-12-11,10,1,2014-2015,Uberlândia,Bauru Basket,74.73333333333333,27.4,33.06666666666667,14.266666666666667,32.93333333333333,9.733333333333333,23.2,13.733333333333333,12.866666666666667,1.148,9.133333333333333,26.666666666666668,32.961333333333336,16.533333333333335,33.8,48.66333333333333,14.266666666666667,18.866666666666667,75.53666666666666,1.7333333333333334,9.933333333333334,0.8513333333333333,2.0,20.6,0.10133333333333333,12.866666666666667,2.6,81.06666666666666,82.26666666666667,27.8,38.13333333333333,16.333333333333332,37.13333333333333,10.8,26.333333333333332,15.8,13.066666666666666,1.2786666666666666,9.266666666666667,26.0,35.35333333333333,19.066666666666666,35.13333333333333,54.812000000000005,16.333333333333332,21.2,76.05199999999999,1.5333333333333334,9.933333333333334,0.7900000000000001,1.3333333333333333,17.4,0.08466666666666668,13.066666666666666,2.3333333333333335,95.73333333333333
