placar_casa,placar_visitante,data,round,stage,ano,equipe_casa,equipe_visitante,Pts_casa,3P_casa,2P_casa,LL_casa,RT_casa,RO_casa,RD_casa,AS_casa,ER_casa,IA%_casa,3PC_casa,3PT_casa,3P%_casa,2PC_casa,2PT_casa,2P%_casa,LLC_casa,LLT_casa,LL%_casa,EN_casa,BR_casa,B/E_casa,TO_casa,FC_casa,T/FC_casa,ET_casa,VI_casa,EF_casa,Pts_visitante,3P_visitante,2P_visitante,LL_visitante,RT_visitante,RO_visitante,RD_visitante,AS_visitante,ER_visitante,IA%_visitante,3PC_visitante,3PT_visitante,3P%_visitante,2PC_visitante,2PT_visitante,2P%_visitante,LLC_visitante,LLT_visitante,LL%_visitante,EN_visitante,BR_visitante,B/E_visitante,TO_visitante,FC_visitante,T/FC_visitante,ET_visitante,VI_visitante,EF_visitante
58,69,2017-01-16,9,1,2016-2017,Macaé Basquete,R10 Score Vasco da Gama,73.26666666666667,23.8,36.53333333333333,12.933333333333334,33.266666666666666,11.066666666666666,22.2,16.666666666666668,14.0,1.27,7.933333333333334,23.733333333333334,33.162666666666674,18.266666666666666,39.0,47.345333333333336,12.933333333333334,16.933333333333334,76.87933333333334,0.7333333333333333,6.4,0.49133333333333334,1.6,21.6,0.08200000000000002,14.0,3.466666666666667,76.66666666666667,74.41666666666667,23.0,35.333333333333336,16.083333333333332,32.666666666666664,8.583333333333334,24.083333333333332,15.25,14.416666666666666,1.1166666666666665,7.666666666666667,22.916666666666668,32.419999999999995,17.666666666666668,34.5,51.7725,16.083333333333332,20.5,77.53499999999998,1.1666666666666667,6.833333333333333,0.4975,1.4166666666666667,19.5,0.08166666666666668,14.416666666666666,4.166666666666667,79.66666666666667
