placar_casa,placar_visitante,data,round,stage,ano,equipe_casa,equipe_visitante,Pts_casa,3P_casa,2P_casa,LL_casa,RT_casa,RO_casa,RD_casa,AS_casa,ER_casa,IA%_casa,3PC_casa,3PT_casa,3P%_casa,2PC_casa,2PT_casa,2P%_casa,LLC_casa,LLT_casa,LL%_casa,EN_casa,BR_casa,B/E_casa,TO_casa,FC_casa,T/FC_casa,ET_casa,VI_casa,EF_casa,Pts_visitante,3P_visitante,2P_visitante,LL_visitante,RT_visitante,RO_visitante,RD_visitante,AS_visitante,ER_visitante,IA%_visitante,3PC_visitante,3PT_visitante,3P%_visitante,2PC_visitante,2PT_visitante,2P%_visitante,LLC_visitante,LLT_visitante,LL%_visitante,EN_visitante,BR_visitante,B/E_visitante,TO_visitante,FC_visitante,T/FC_visitante,ET_visitante,VI_visitante,EF_visitante
95,83,2016-11-25,6,1,2016-2017,Pinheiros,Sesi Franca,81.0,23.8,40.0,17.2,37.53333333333333,11.333333333333334,26.2,14.4,12.133333333333333,1.2339999999999998,7.933333333333334,24.733333333333334,32.208666666666666,20.0,40.666666666666664,49.15,17.2,23.2,75.26,1.5333333333333334,9.133333333333333,0.7706666666666667,1.8,21.266666666666666,0.09000000000000002,12.133333333333333,3.2666666666666666,88.26666666666667,78.06666666666666,21.0,38.53333333333333,18.533333333333335,32.13333333333333,8.8,23.333333333333332,14.333333333333334,16.666666666666668,0.9373333333333334,7.0,21.2,33.81,19.266666666666666,35.733333333333334,54.41266666666666,18.533333333333335,23.666666666666668,77.60333333333334,1.6666666666666667,8.133333333333333,0.504,2.6666666666666665,20.466666666666665,0.13333333333333333,16.666666666666668,4.0,82.86666666666666
