placar_casa,placar_visitante,data,round,stage,ano,equipe_casa,equipe_visitante,Pts_casa,3P_casa,2P_casa,LL_casa,RT_casa,RO_casa,RD_casa,AS_casa,ER_casa,IA%_casa,3PC_casa,3PT_casa,3P%_casa,2PC_casa,2PT_casa,2P%_casa,LLC_casa,LLT_casa,LL%_casa,EN_casa,BR_casa,B/E_casa,TO_casa,FC_casa,T/FC_casa,ET_casa,VI_casa,EF_casa,Pts_visitante,3P_visitante,2P_visitante,LL_visitante,RT_visitante,RO_visitante,RD_visitante,AS_visitante,ER_visitante,IA%_visitante,3PC_visitante,3PT_visitante,3P%_visitante,2PC_visitante,2PT_visitante,2P%_visitante,LLC_visitante,LLT_visitante,LL%_visitante,EN_visitante,BR_visitante,B/E_visitante,TO_visitante,FC_visitante,T/FC_visitante,ET_visitante,VI_visitante,EF_visitante
71,92,2017-01-07,13,1,2016-2017,L. Sorocabana,Paulistano,73.86666666666666,23.4,37.86666666666667,12.6,33.86666666666667,12.066666666666666,21.8,14.666666666666666,16.133333333333333,0.962,7.8,23.2,33.220666666666666,18.933333333333334,38.93333333333333,48.467999999999996,12.6,17.133333333333333,75.28266666666667,1.8666666666666667,8.933333333333334,0.6,1.7333333333333334,23.266666666666666,0.07733333333333332,16.133333333333333,4.933333333333334,77.0,83.66666666666667,28.0,38.666666666666664,17.0,37.4,12.933333333333334,24.466666666666665,17.4,13.466666666666667,1.4086666666666665,9.333333333333334,27.4,33.866,19.333333333333332,38.266666666666666,50.727333333333334,17.0,20.8,81.67866666666666,1.6666666666666667,7.8,0.6366666666666667,1.8,20.333333333333332,0.09400000000000001,13.466666666666667,2.7333333333333334,93.8
