placar_casa,placar_visitante,data,round,stage,ano,equipe_casa,equipe_visitante,Pts_casa,3P_casa,2P_casa,LL_casa,RT_casa,RO_casa,RD_casa,AS_casa,ER_casa,IA%_casa,3PC_casa,3PT_casa,3P%_casa,2PC_casa,2PT_casa,2P%_casa,LLC_casa,LLT_casa,LL%_casa,EN_casa,BR_casa,B/E_casa,TO_casa,FC_casa,T/FC_casa,ET_casa,VI_casa,EF_casa,Pts_visitante,3P_visitante,2P_visitante,LL_visitante,RT_visitante,RO_visitante,RD_visitante,AS_visitante,ER_visitante,IA%_visitante,3PC_visitante,3PT_visitante,3P%_visitante,2PC_visitante,2PT_visitante,2P%_visitante,LLC_visitante,LLT_visitante,LL%_visitante,EN_visitante,BR_visitante,B/E_visitante,TO_visitante,FC_visitante,T/FC_visitante,ET_visitante,VI_visitante,EF_visitante
60,90,2017-01-25,16,1,2016-2017,L. Sorocabana,Mogi,72.73333333333333,24.8,35.6,12.333333333333334,34.8,12.0,22.8,14.533333333333333,16.8,0.8866666666666667,8.266666666666667,24.266666666666666,34.34666666666667,17.8,37.6,47.52933333333333,12.333333333333334,15.866666666666667,78.46266666666666,1.4666666666666666,7.666666666666667,0.46199999999999997,1.8,22.733333333333334,0.08600000000000002,16.8,5.866666666666666,75.4,80.2,32.2,34.4,13.6,33.733333333333334,9.2,24.533333333333335,20.0,13.266666666666667,1.5680000000000003,10.733333333333333,28.8,36.998666666666665,17.2,33.266666666666666,52.360666666666674,13.6,18.0,75.72133333333333,1.2,9.866666666666667,0.7713333333333334,1.4666666666666666,19.466666666666665,0.07666666666666669,13.266666666666667,2.6666666666666665,93.46666666666667
