placar_casa,placar_visitante,data,round,stage,ano,equipe_casa,equipe_visitante,Pts_casa,3P_casa,2P_casa,LL_casa,RT_casa,RO_casa,RD_casa,AS_casa,ER_casa,IA%_casa,3PC_casa,3PT_casa,3P%_casa,2PC_casa,2PT_casa,2P%_casa,LLC_casa,LLT_casa,LL%_casa,EN_casa,BR_casa,B/E_casa,TO_casa,FC_casa,T/FC_casa,ET_casa,VI_casa,EF_casa,Pts_visitante,3P_visitante,2P_visitante,LL_visitante,RT_visitante,RO_visitante,RD_visitante,AS_visitante,ER_visitante,IA%_visitante,3PC_visitante,3PT_visitante,3P%_visitante,2PC_visitante,2PT_visitante,2P%_visitante,LLC_visitante,LLT_visitante,LL%_visitante,EN_visitante,BR_visitante,B/E_visitante,TO_visitante,FC_visitante,T/FC_visitante,ET_visitante,VI_visitante,EF_visitante
92,79,2017-01-07,13,1,2016-2017,Brasília,Minas,81.86666666666666,27.2,41.46666666666667,13.2,36.93333333333333,9.466666666666667,27.466666666666665,20.066666666666666,13.8,1.579333333333333,9.066666666666666,24.4,36.312,20.733333333333334,38.4,53.986,13.2,17.333333333333332,75.68266666666666,1.2666666666666666,5.2,0.38799999999999996,2.2,19.666666666666668,0.11599999999999998,13.8,3.1333333333333333,95.33333333333333,76.46666666666667,21.8,41.46666666666667,13.2,38.0,11.8,26.2,15.8,15.8,1.0160000000000002,7.266666666666667,22.6,32.55466666666667,20.733333333333334,40.266666666666666,51.467999999999996,13.2,19.2,69.566,1.8666666666666667,7.533333333333333,0.48800000000000004,1.9333333333333333,22.133333333333333,0.08800000000000002,15.8,4.8,83.06666666666666
