placar_casa,placar_visitante,data,round,stage,ano,equipe_casa,equipe_visitante,Pts_casa,3P_casa,2P_casa,LL_casa,RT_casa,RO_casa,RD_casa,AS_casa,ER_casa,IA%_casa,3PC_casa,3PT_casa,3P%_casa,2PC_casa,2PT_casa,2P%_casa,LLC_casa,LLT_casa,LL%_casa,EN_casa,BR_casa,B/E_casa,TO_casa,FC_casa,T/FC_casa,ET_casa,VI_casa,EF_casa,Pts_visitante,3P_visitante,2P_visitante,LL_visitante,RT_visitante,RO_visitante,RD_visitante,AS_visitante,ER_visitante,IA%_visitante,3PC_visitante,3PT_visitante,3P%_visitante,2PC_visitante,2PT_visitante,2P%_visitante,LLC_visitante,LLT_visitante,LL%_visitante,EN_visitante,BR_visitante,B/E_visitante,TO_visitante,FC_visitante,T/FC_visitante,ET_visitante,VI_visitante,EF_visitante
73,100,2020-11-19,2,1,2020-2021,Pinheiros,São Paulo,82.13333333333334,27.2,42.666000000000004,12.267333333333331,34.644666666666666,10.244666666666665,24.4,18.24533333333334,14.378000000000002,1.3860000000000001,9.067333333333332,23.065999999999995,39.42933333333333,21.334000000000003,39.68933333333334,54.282666666666664,12.267333333333331,17.8,70.15466666666666,1.3553333333333333,6.511333333333334,0.47400000000000003,1.312,20.645333333333337,0.06333333333333334,14.378000000000002,1.422666666666667,90.51066666666667,93.24466666666667,37.13333333333333,39.378,16.733333333333334,41.53333333333333,11.822000000000001,29.711333333333336,18.866666666666667,12.422,1.545333333333333,12.377999999999998,32.222,38.25866666666666,19.688666666666666,33.93333333333333,58.19133333333335,16.733333333333334,21.955333333333332,76.55799999999998,2.8666666666666667,5.622,0.4653333333333334,2.622,18.333333333333332,0.14533333333333334,12.422,2.178,110.08866666666667
