placar_casa,placar_visitante,data,round,stage,ano,equipe_casa,equipe_visitante,Pts_casa,3P_casa,2P_casa,LL_casa,RT_casa,RO_casa,RD_casa,AS_casa,ER_casa,IA%_casa,3PC_casa,3PT_casa,3P%_casa,2PC_casa,2PT_casa,2P%_casa,LLC_casa,LLT_casa,LL%_casa,EN_casa,BR_casa,B/E_casa,TO_casa,FC_casa,T/FC_casa,ET_casa,VI_casa,EF_casa,Pts_visitante,3P_visitante,2P_visitante,LL_visitante,RT_visitante,RO_visitante,RD_visitante,AS_visitante,ER_visitante,IA%_visitante,3PC_visitante,3PT_visitante,3P%_visitante,2PC_visitante,2PT_visitante,2P%_visitante,LLC_visitante,LLT_visitante,LL%_visitante,EN_visitante,BR_visitante,B/E_visitante,TO_visitante,FC_visitante,T/FC_visitante,ET_visitante,VI_visitante,EF_visitante
108,99,2020-11-21,2,1,2020-2021,Minas,UNIFACISA,87.66666666666667,25.9,45.60066666666666,16.166000000000004,37.7,9.066,28.634000000000004,18.8,13.232666666666669,1.507333333333333,8.633333333333333,24.067333333333337,35.754000000000005,22.79933333333333,40.099333333333334,56.64000000000001,16.166000000000004,21.767333333333337,73.09066666666666,2.199333333333333,7.899333333333333,0.6079999999999999,1.9666666666666666,22.40066666666667,0.09133333333333334,13.232666666666669,2.6333333333333333,102.46666666666667,82.77733333333332,29.533333333333335,39.289333333333325,13.955999999999998,37.666666666666664,10.444,27.22266666666667,18.356,13.177333333333335,1.5133333333333332,9.844000000000001,27.666666666666668,35.442,19.644,37.889333333333326,52.17399999999999,13.955999999999998,18.156000000000002,76.57933333333334,2.0439999999999996,6.533333333333333,0.5313333333333335,2.4893333333333336,19.756000000000004,0.13,13.177333333333335,2.2,94.37733333333333
