placar_casa,placar_visitante,data,round,stage,ano,equipe_casa,equipe_visitante,Pts_casa,3P_casa,2P_casa,LL_casa,RT_casa,RO_casa,RD_casa,AS_casa,ER_casa,IA%_casa,3PC_casa,3PT_casa,3P%_casa,2PC_casa,2PT_casa,2P%_casa,LLC_casa,LLT_casa,LL%_casa,EN_casa,BR_casa,B/E_casa,TO_casa,FC_casa,T/FC_casa,ET_casa,VI_casa,EF_casa,Pts_visitante,3P_visitante,2P_visitante,LL_visitante,RT_visitante,RO_visitante,RD_visitante,AS_visitante,ER_visitante,IA%_visitante,3PC_visitante,3PT_visitante,3P%_visitante,2PC_visitante,2PT_visitante,2P%_visitante,LLC_visitante,LLT_visitante,LL%_visitante,EN_visitante,BR_visitante,B/E_visitante,TO_visitante,FC_visitante,T/FC_visitante,ET_visitante,VI_visitante,EF_visitante
75,88,2020-12-15,6,1,2020-2021,VipTech CMB,Bauru Basket,68.801,28.8,29.201,10.8,37.699,11.901,25.801,15.6,14.700999999999999,1.09,9.601,29.899,32.443,14.599,33.4,43.435,10.8,17.101,62.908,0.7,5.199,0.36299999999999993,2.1990000000000003,20.301,0.11100000000000002,14.700999999999999,2.6,69.4,79.79999999999998,27.3,38.398999999999994,14.098000000000003,35.59799999999999,10.502,25.102000000000004,16.299,11.802000000000001,1.4120000000000001,9.102,25.398999999999994,35.778999999999996,19.201000000000004,37.898999999999994,50.901999999999994,14.098000000000003,18.200000000000003,77.40599999999998,1.5,9.001000000000001,0.7649999999999999,1.1,19.398999999999994,0.06200000000000001,11.802000000000001,2.3,90.89900000000002
