placar_casa,placar_visitante,data,round,stage,ano,equipe_casa,equipe_visitante,Pts_casa,3P_casa,2P_casa,LL_casa,RT_casa,RO_casa,RD_casa,AS_casa,ER_casa,IA%_casa,3PC_casa,3PT_casa,3P%_casa,2PC_casa,2PT_casa,2P%_casa,LLC_casa,LLT_casa,LL%_casa,EN_casa,BR_casa,B/E_casa,TO_casa,FC_casa,T/FC_casa,ET_casa,VI_casa,EF_casa,Pts_visitante,3P_visitante,2P_visitante,LL_visitante,RT_visitante,RO_visitante,RD_visitante,AS_visitante,ER_visitante,IA%_visitante,3PC_visitante,3PT_visitante,3P%_visitante,2PC_visitante,2PT_visitante,2P%_visitante,LLC_visitante,LLT_visitante,LL%_visitante,EN_visitante,BR_visitante,B/E_visitante,TO_visitante,FC_visitante,T/FC_visitante,ET_visitante,VI_visitante,EF_visitante
78,63,2020-11-20,2,1,2020-2021,Flamengo,VipTech CMB,87.599,34.35,36.001000000000005,17.247999999999998,39.601,10.149,29.449,22.001000000000005,12.5,1.7609999999999997,11.451,31.25,37.04,17.998999999999995,32.752,55.045,17.247999999999998,23.349,73.958,1.3,7.151999999999999,0.574,2.101,16.9,0.124,12.5,1.8490000000000002,105.298,67.951,26.1,28.801000000000005,13.05,36.54899999999999,12.601,23.951000000000004,14.65,14.300999999999998,1.057,8.701,28.248999999999995,31.308000000000003,14.399000000000001,34.0,42.42400000000001,13.05,19.550999999999995,66.21300000000001,0.55,5.398999999999999,0.40800000000000003,2.1990000000000003,21.601000000000006,0.10800000000000001,14.300999999999998,2.25,66.8
