placar_casa,placar_visitante,data,round,stage,ano,equipe_casa,equipe_visitante,Pts_casa,3P_casa,2P_casa,LL_casa,RT_casa,RO_casa,RD_casa,AS_casa,ER_casa,IA%_casa,3PC_casa,3PT_casa,3P%_casa,2PC_casa,2PT_casa,2P%_casa,LLC_casa,LLT_casa,LL%_casa,EN_casa,BR_casa,B/E_casa,TO_casa,FC_casa,T/FC_casa,ET_casa,VI_casa,EF_casa,Pts_visitante,3P_visitante,2P_visitante,LL_visitante,RT_visitante,RO_visitante,RD_visitante,AS_visitante,ER_visitante,IA%_visitante,3PC_visitante,3PT_visitante,3P%_visitante,2PC_visitante,2PT_visitante,2P%_visitante,LLC_visitante,LLT_visitante,LL%_visitante,EN_visitante,BR_visitante,B/E_visitante,TO_visitante,FC_visitante,T/FC_visitante,ET_visitante,VI_visitante,EF_visitante
90,93,2020-12-13,5,1,2020-2021,Sesi Franca,BRB/Brasília,87.05533333333332,30.266666666666666,41.0,15.788666666666666,37.345333333333336,9.633999999999999,27.711333333333336,19.75466666666666,12.767333333333333,1.5833333333333333,10.088666666666665,26.178666666666672,38.28066666666667,20.5,37.866,54.42533333333334,15.788666666666666,18.533333333333335,86.11066666666666,1.721333333333333,6.545333333333334,0.5313333333333335,2.566,18.37866666666667,0.14533333333333331,12.767333333333333,1.5439999999999998,104.29933333333332,80.875,33.75,28.9975,18.1275,38.4975,12.9975,25.5,14.9975,16.6275,0.9325,11.2525,35.6225,31.5475,14.5025,31.7525,45.737500000000004,18.1275,24.1225,75.295,0.9975,6.25,0.385,2.1225,18.7475,0.11249999999999999,16.6275,3.2475,78.5
