placar_casa,placar_visitante,data,round,stage,ano,equipe_casa,equipe_visitante,Pts_casa,3P_casa,2P_casa,LL_casa,RT_casa,RO_casa,RD_casa,AS_casa,ER_casa,IA%_casa,3PC_casa,3PT_casa,3P%_casa,2PC_casa,2PT_casa,2P%_casa,LLC_casa,LLT_casa,LL%_casa,EN_casa,BR_casa,B/E_casa,TO_casa,FC_casa,T/FC_casa,ET_casa,VI_casa,EF_casa,Pts_visitante,3P_visitante,2P_visitante,LL_visitante,RT_visitante,RO_visitante,RD_visitante,AS_visitante,ER_visitante,IA%_visitante,3PC_visitante,3PT_visitante,3P%_visitante,2PC_visitante,2PT_visitante,2P%_visitante,LLC_visitante,LLT_visitante,LL%_visitante,EN_visitante,BR_visitante,B/E_visitante,TO_visitante,FC_visitante,T/FC_visitante,ET_visitante,VI_visitante,EF_visitante
75,88,2020-12-15,6,1,2020-2021,VipTech CMB,Bauru Basket,67.20066666666666,27.0,28.40066666666667,11.8,37.066,11.867333333333333,25.20066666666667,14.133333333333333,14.734,1.0193333333333332,9.000666666666666,28.465999999999998,31.861333333333334,14.199333333333334,33.733333333333334,42.05466666666667,11.8,18.467333333333332,63.36266666666668,0.6666666666666666,5.732666666666666,0.4146666666666667,1.999333333333333,21.267333333333337,0.0986666666666667,14.734,2.3333333333333335,65.73333333333333,80.06666666666668,25.0,39.99933333333334,15.065333333333339,35.331999999999994,10.067999999999996,25.268000000000008,15.665999999999997,11.867999999999997,1.3433333333333337,8.334666666666667,24.532666666666664,33.885999999999996,20.00066666666667,38.79933333333334,51.89600000000001,15.065333333333339,19.8,76.27466666666666,1.4,8.067333333333334,0.6839999999999999,1.3333333333333333,20.266,0.06866666666666668,11.867999999999997,2.066666666666667,88.86599999999999
