placar_casa,placar_visitante,data,round,stage,ano,equipe_casa,equipe_visitante,Pts_casa,3P_casa,2P_casa,LL_casa,RT_casa,RO_casa,RD_casa,AS_casa,ER_casa,IA%_casa,3PC_casa,3PT_casa,3P%_casa,2PC_casa,2PT_casa,2P%_casa,LLC_casa,LLT_casa,LL%_casa,EN_casa,BR_casa,B/E_casa,TO_casa,FC_casa,T/FC_casa,ET_casa,VI_casa,EF_casa,Pts_visitante,3P_visitante,2P_visitante,LL_visitante,RT_visitante,RO_visitante,RD_visitante,AS_visitante,ER_visitante,IA%_visitante,3PC_visitante,3PT_visitante,3P%_visitante,2PC_visitante,2PT_visitante,2P%_visitante,LLC_visitante,LLT_visitante,LL%_visitante,EN_visitante,BR_visitante,B/E_visitante,TO_visitante,FC_visitante,T/FC_visitante,ET_visitante,VI_visitante,EF_visitante
79,66,2020-12-05,4,1,2020-2021,VipTech CMB,Pinheiros,68.20066666666666,26.2,29.40066666666667,12.6,36.166000000000004,11.467333333333332,24.70066666666667,14.1,14.367333333333331,1.0939999999999999,8.734,26.865999999999996,32.71133333333333,14.69933333333333,35.06666666666667,41.85466666666667,12.6,18.434,68.28066666666668,0.6,5.999333333333333,0.4680000000000001,2.066,21.267333333333337,0.10133333333333334,14.367333333333331,2.433333333333333,67.83333333333333,79.73333333333333,26.0,41.99933333333333,11.734,34.70066666666666,10.96733333333333,23.733333333333334,17.70133333333334,14.967333333333336,1.268666666666667,8.667333333333334,22.665999999999997,38.49866666666666,21.00066666666667,41.73333333333334,50.75066666666666,11.734,16.766666666666666,70.91800000000002,1.4326666666666663,6.500666666666667,0.44800000000000006,1.434666666666667,20.968000000000007,0.06733333333333333,14.967333333333336,1.8,85.33333333333334
