placar_casa,placar_visitante,data,round,stage,ano,equipe_casa,equipe_visitante,Pts_casa,3P_casa,2P_casa,LL_casa,RT_casa,RO_casa,RD_casa,AS_casa,ER_casa,IA%_casa,3PC_casa,3PT_casa,3P%_casa,2PC_casa,2PT_casa,2P%_casa,LLC_casa,LLT_casa,LL%_casa,EN_casa,BR_casa,B/E_casa,TO_casa,FC_casa,T/FC_casa,ET_casa,VI_casa,EF_casa,Pts_visitante,3P_visitante,2P_visitante,LL_visitante,RT_visitante,RO_visitante,RD_visitante,AS_visitante,ER_visitante,IA%_visitante,3PC_visitante,3PT_visitante,3P%_visitante,2PC_visitante,2PT_visitante,2P%_visitante,LLC_visitante,LLT_visitante,LL%_visitante,EN_visitante,BR_visitante,B/E_visitante,TO_visitante,FC_visitante,T/FC_visitante,ET_visitante,VI_visitante,EF_visitante
79,72,2020-12-11,5,1,2020-2021,Pinheiros,Caxias do Sul Basquete,77.68866666666666,25.7,40.266,11.722666666666667,34.734,10.922666666666666,23.811333333333334,17.868000000000002,14.645333333333335,1.296666666666667,8.567333333333332,23.065999999999995,37.336,20.134000000000004,41.022000000000006,49.61999999999999,11.722666666666667,17.055333333333333,69.21666666666667,1.3659999999999997,6.356,0.45000000000000007,1.7233333333333334,20.834666666666674,0.082,14.645333333333335,1.8666666666666667,83.0,70.53466666666665,20.0,34.534,16.000666666666664,33.93333333333333,9.667333333333334,24.266,13.067999999999996,14.999333333333336,0.8913333333333332,6.668000000000001,21.665999999999997,31.348000000000003,17.266,36.0,48.19933333333332,16.000666666666664,22.99933333333333,69.236,1.066,7.466666666666667,0.4886666666666668,1.7333333333333334,23.19866666666666,0.08466666666666668,14.999333333333336,2.7333333333333334,71.0
