placar_casa,placar_visitante,data,round,stage,ano,equipe_casa,equipe_visitante,Pts_casa,3P_casa,2P_casa,LL_casa,RT_casa,RO_casa,RD_casa,AS_casa,ER_casa,IA%_casa,3PC_casa,3PT_casa,3P%_casa,2PC_casa,2PT_casa,2P%_casa,LLC_casa,LLT_casa,LL%_casa,EN_casa,BR_casa,B/E_casa,TO_casa,FC_casa,T/FC_casa,ET_casa,VI_casa,EF_casa,Pts_visitante,3P_visitante,2P_visitante,LL_visitante,RT_visitante,RO_visitante,RD_visitante,AS_visitante,ER_visitante,IA%_visitante,3PC_visitante,3PT_visitante,3P%_visitante,2PC_visitante,2PT_visitante,2P%_visitante,LLC_visitante,LLT_visitante,LL%_visitante,EN_visitante,BR_visitante,B/E_visitante,TO_visitante,FC_visitante,T/FC_visitante,ET_visitante,VI_visitante,EF_visitante
74,86,2021-04-08,9,2,2020-2021,VipTech CMB,Corinthians,77.899,28.7,38.601,10.600999999999999,34.699,9.734,24.964999999999996,18.299,13.566999999999998,1.395,9.565999999999999,27.401,34.862,19.299,38.301,50.495000000000005,10.600999999999999,16.901,61.24499999999999,0.735,6.1,0.4699999999999999,1.466,20.734,0.07200000000000001,13.566999999999998,1.8350000000000002,81.76500000000001,86.299,38.1,34.998999999999995,13.2,35.401,8.498999999999999,26.898999999999994,19.3,12.599,1.623,12.7,29.598999999999997,42.824000000000005,17.501000000000005,34.001000000000005,51.340999999999994,13.2,17.201000000000004,78.68700000000001,1.499,7.0,0.587,1.8989999999999996,18.698999999999995,0.10400000000000002,12.599,1.0,99.9
