placar_casa,placar_visitante,data,round,stage,ano,equipe_casa,equipe_visitante,Pts_casa,3P_casa,2P_casa,LL_casa,RT_casa,RO_casa,RD_casa,AS_casa,ER_casa,IA%_casa,3PC_casa,3PT_casa,3P%_casa,2PC_casa,2PT_casa,2P%_casa,LLC_casa,LLT_casa,LL%_casa,EN_casa,BR_casa,B/E_casa,TO_casa,FC_casa,T/FC_casa,ET_casa,VI_casa,EF_casa,Pts_visitante,3P_visitante,2P_visitante,LL_visitante,RT_visitante,RO_visitante,RD_visitante,AS_visitante,ER_visitante,IA%_visitante,3PC_visitante,3PT_visitante,3P%_visitante,2PC_visitante,2PT_visitante,2P%_visitante,LLC_visitante,LLT_visitante,LL%_visitante,EN_visitante,BR_visitante,B/E_visitante,TO_visitante,FC_visitante,T/FC_visitante,ET_visitante,VI_visitante,EF_visitante
77,92,2021-01-08,9,1,2020-2021,Pato Basquete,Caxias do Sul Basquete,75.28933333333335,21.133333333333333,39.15599999999999,15.0,36.17733333333333,11.533999999999999,24.645333333333333,14.554666666666662,12.976,1.1313333333333333,7.044666666666667,22.756000000000004,30.782666666666668,19.577333333333332,42.51133333333334,45.732,15.0,21.510666666666665,69.99666666666667,0.822,7.910666666666667,0.6233333333333333,2.022666666666667,21.778000000000002,0.10066666666666668,12.976,2.7779999999999996,77.82266666666668,71.40133333333333,20.6,36.534,14.267333333333333,33.733333333333334,10.133999999999999,23.599333333333334,13.334666666666667,14.066,0.9499999999999997,6.868,23.732666666666667,28.848666666666666,18.266000000000002,35.666666666666664,51.282000000000004,14.267333333333333,20.465999999999998,68.97933333333334,1.066,6.066666666666666,0.4353333333333333,1.6666666666666672,22.46533333333333,0.08266666666666668,14.066,2.8666666666666663,71.66666666666667
