placar_casa,placar_visitante,data,round,stage,ano,equipe_casa,equipe_visitante,Pts_casa,3P_casa,2P_casa,LL_casa,RT_casa,RO_casa,RD_casa,AS_casa,ER_casa,IA%_casa,3PC_casa,3PT_casa,3P%_casa,2PC_casa,2PT_casa,2P%_casa,LLC_casa,LLT_casa,LL%_casa,EN_casa,BR_casa,B/E_casa,TO_casa,FC_casa,T/FC_casa,ET_casa,VI_casa,EF_casa,Pts_visitante,3P_visitante,2P_visitante,LL_visitante,RT_visitante,RO_visitante,RD_visitante,AS_visitante,ER_visitante,IA%_visitante,3PC_visitante,3PT_visitante,3P%_visitante,2PC_visitante,2PT_visitante,2P%_visitante,LLC_visitante,LLT_visitante,LL%_visitante,EN_visitante,BR_visitante,B/E_visitante,TO_visitante,FC_visitante,T/FC_visitante,ET_visitante,VI_visitante,EF_visitante
63,94,2020-12-04,4,1,2020-2021,Caxias do Sul Basquete,Minas,68.268,17.9,34.001000000000005,16.366999999999997,33.9,10.101,23.798999999999996,12.468,14.199000000000002,0.9149999999999998,5.968000000000001,21.299,27.76,16.999000000000002,34.465999999999994,49.605,16.366999999999997,22.933,70.344,0.833,7.066,0.49700000000000005,2.2659999999999996,22.031999999999993,0.11199999999999999,14.199000000000002,2.934,70.4,89.967,27.3,46.934000000000005,15.732,38.0,8.799,29.201000000000004,20.133,14.232,1.4060000000000001,9.1,24.368000000000002,37.26800000000001,23.466,40.366,57.855999999999995,15.732,20.833999999999996,74.276,2.2990000000000004,7.965999999999999,0.551,2.133,22.268,0.097,14.232,2.633,106.7
