placar_casa,placar_visitante,data,round,stage,ano,equipe_casa,equipe_visitante,Pts_casa,3P_casa,2P_casa,LL_casa,RT_casa,RO_casa,RD_casa,AS_casa,ER_casa,IA%_casa,3PC_casa,3PT_casa,3P%_casa,2PC_casa,2PT_casa,2P%_casa,LLC_casa,LLT_casa,LL%_casa,EN_casa,BR_casa,B/E_casa,TO_casa,FC_casa,T/FC_casa,ET_casa,VI_casa,EF_casa,Pts_visitante,3P_visitante,2P_visitante,LL_visitante,RT_visitante,RO_visitante,RD_visitante,AS_visitante,ER_visitante,IA%_visitante,3PC_visitante,3PT_visitante,3P%_visitante,2PC_visitante,2PT_visitante,2P%_visitante,LLC_visitante,LLT_visitante,LL%_visitante,EN_visitante,BR_visitante,B/E_visitante,TO_visitante,FC_visitante,T/FC_visitante,ET_visitante,VI_visitante,EF_visitante
77,74,2021-01-26,1,2,2020-2021,Flamengo,Fortaleza B. C. / CFO,88.59933333333335,37.8,35.733333333333334,15.066,44.333333333333336,12.533333333333333,31.8,20.800666666666665,11.8,1.824,12.600666666666665,36.46666666666667,34.18933333333334,17.866666666666667,31.599999999999998,56.69199999999999,15.066,20.067333333333334,75.62266666666666,1.1320000000000001,7.000666666666666,0.5926666666666667,1.733333333333333,16.00133333333333,0.1106666666666667,11.8,1.8006666666666666,108.06666666666666,77.6,25.0,40.266,12.334,36.998666666666665,9.068000000000001,27.93466666666667,14.466000000000001,12.333333333333334,1.1753333333333333,8.334,25.266666666666662,32.74266666666666,20.134000000000004,39.99933333333333,50.21933333333334,12.334,17.2,71.27799999999999,1.4006666666666665,7.8,0.6346666666666666,3.1986666666666665,19.99933333333333,0.16133333333333336,12.333333333333334,2.534666666666667,86.06600000000002
