placar_casa,placar_visitante,data,round,stage,ano,equipe_casa,equipe_visitante,Pts_casa,3P_casa,2P_casa,LL_casa,RT_casa,RO_casa,RD_casa,AS_casa,ER_casa,IA%_casa,3PC_casa,3PT_casa,3P%_casa,2PC_casa,2PT_casa,2P%_casa,LLC_casa,LLT_casa,LL%_casa,EN_casa,BR_casa,B/E_casa,TO_casa,FC_casa,T/FC_casa,ET_casa,VI_casa,EF_casa,Pts_visitante,3P_visitante,2P_visitante,LL_visitante,RT_visitante,RO_visitante,RD_visitante,AS_visitante,ER_visitante,IA%_visitante,3PC_visitante,3PT_visitante,3P%_visitante,2PC_visitante,2PT_visitante,2P%_visitante,LLC_visitante,LLT_visitante,LL%_visitante,EN_visitante,BR_visitante,B/E_visitante,TO_visitante,FC_visitante,T/FC_visitante,ET_visitante,VI_visitante,EF_visitante
75,85,2021-01-05,9,1,2020-2021,Bauru Basket,Minas,82.1,30.0,38.79899999999999,13.298000000000002,35.598,8.902,26.702000000000005,17.499000000000002,11.501999999999999,1.5490000000000002,10.001999999999999,27.699,36.025,19.401,34.799,55.955999999999996,13.298000000000002,17.2,77.27799999999999,1.4,8.501,0.752,1.1,19.799,0.056999999999999995,11.501999999999999,2.4,96.299,91.301,32.4,40.065999999999995,18.832,39.9,11.733,28.167,20.499000000000002,14.032,1.4940000000000002,10.8,26.868000000000002,40.422999999999995,20.034,37.834,52.604,18.832,22.566,82.933,1.333,6.934,0.49899999999999994,2.399,21.868000000000002,0.11200000000000002,14.032,2.7990000000000004,109.4
