placar_casa,placar_visitante,data,round,stage,ano,equipe_casa,equipe_visitante,Pts_casa,3P_casa,2P_casa,LL_casa,RT_casa,RO_casa,RD_casa,AS_casa,ER_casa,IA%_casa,3PC_casa,3PT_casa,3P%_casa,2PC_casa,2PT_casa,2P%_casa,LLC_casa,LLT_casa,LL%_casa,EN_casa,BR_casa,B/E_casa,TO_casa,FC_casa,T/FC_casa,ET_casa,VI_casa,EF_casa,Pts_visitante,3P_visitante,2P_visitante,LL_visitante,RT_visitante,RO_visitante,RD_visitante,AS_visitante,ER_visitante,IA%_visitante,3PC_visitante,3PT_visitante,3P%_visitante,2PC_visitante,2PT_visitante,2P%_visitante,LLC_visitante,LLT_visitante,LL%_visitante,EN_visitante,BR_visitante,B/E_visitante,TO_visitante,FC_visitante,T/FC_visitante,ET_visitante,VI_visitante,EF_visitante
86,90,2021-01-08,9,1,2020-2021,BRB/Brasília,Mogi,82.83333333333333,34.833333333333336,32.66555555555556,15.334444444444443,37.88777777777778,11.554444444444446,26.333333333333332,17.221111111111114,16.39,1.0855555555555556,11.612222222222222,34.05444444444444,34.121111111111105,16.334444444444443,33.89,48.394444444444446,15.334444444444443,21.443333333333335,70.94222222222223,0.49888888888888894,6.555555555555555,0.41444444444444445,1.721111111111111,19.332222222222224,0.08888888888888886,16.39,2.276666666666667,83.72222222222223,79.6,29.6,36.6,13.4,36.733333333333334,9.8,26.933333333333334,19.366666666666667,14.433333333333334,1.4686666666666668,9.866666666666667,27.533333333333335,35.83,18.3,36.43333333333333,50.452000000000005,13.4,18.166666666666668,75.28133333333332,1.0,6.7,0.49066666666666664,2.5,20.766666666666666,0.126,14.433333333333334,2.4,89.9
