placar_casa,placar_visitante,data,round,stage,ano,equipe_casa,equipe_visitante,Pts_casa,3P_casa,2P_casa,LL_casa,RT_casa,RO_casa,RD_casa,AS_casa,ER_casa,IA%_casa,3PC_casa,3PT_casa,3P%_casa,2PC_casa,2PT_casa,2P%_casa,LLC_casa,LLT_casa,LL%_casa,EN_casa,BR_casa,B/E_casa,TO_casa,FC_casa,T/FC_casa,ET_casa,VI_casa,EF_casa,Pts_visitante,3P_visitante,2P_visitante,LL_visitante,RT_visitante,RO_visitante,RD_visitante,AS_visitante,ER_visitante,IA%_visitante,3PC_visitante,3PT_visitante,3P%_visitante,2PC_visitante,2PT_visitante,2P%_visitante,LLC_visitante,LLT_visitante,LL%_visitante,EN_visitante,BR_visitante,B/E_visitante,TO_visitante,FC_visitante,T/FC_visitante,ET_visitante,VI_visitante,EF_visitante
86,79,2013-01-19,16,1,2012-2013,Suzano,Tijuca,73.85714285714286,58.5,39.0,13.0,26.857142857142858,9.142857142857142,17.714285714285715,10.642857142857142,17.214285714285715,0.6357142857142858,7.285714285714286,22.285714285714285,32.551428571428566,19.5,39.0,50.424285714285716,13.0,19.642857142857142,66.04214285714285,0.5,7.285714285714286,0.45428571428571424,2.2857142857142856,19.0,0.12428571428571429,17.214285714285715,3.142857142857143,72.35714285714286,68.2,51.6,37.06666666666667,14.933333333333334,26.733333333333334,7.333333333333333,19.4,10.0,11.6,0.9613333333333334,5.4,18.333333333333332,28.381999999999998,18.533333333333335,39.46666666666667,47.163333333333334,14.933333333333334,20.4,72.126,0.7333333333333333,6.2,0.6246666666666667,1.7333333333333334,19.333333333333332,0.096,11.6,3.1333333333333333,70.53333333333333
