placar_casa,placar_visitante,data,round,stage,ano,equipe_casa,equipe_visitante,Pts_casa,3P_casa,2P_casa,LL_casa,RT_casa,RO_casa,RD_casa,AS_casa,ER_casa,IA%_casa,3PC_casa,3PT_casa,3P%_casa,2PC_casa,2PT_casa,2P%_casa,LLC_casa,LLT_casa,LL%_casa,EN_casa,BR_casa,B/E_casa,TO_casa,FC_casa,T/FC_casa,ET_casa,VI_casa,EF_casa,Pts_visitante,3P_visitante,2P_visitante,LL_visitante,RT_visitante,RO_visitante,RD_visitante,AS_visitante,ER_visitante,IA%_visitante,3PC_visitante,3PT_visitante,3P%_visitante,2PC_visitante,2PT_visitante,2P%_visitante,LLC_visitante,LLT_visitante,LL%_visitante,EN_visitante,BR_visitante,B/E_visitante,TO_visitante,FC_visitante,T/FC_visitante,ET_visitante,VI_visitante,EF_visitante
74,63,2012-12-01,4,1,2012-2013,L. Sorocabana,Uberlândia,74.53333333333333,29.2,36.93333333333333,17.0,28.866666666666667,8.2,20.666666666666668,10.4,12.533333333333333,0.9646666666666667,6.866666666666666,23.0,30.43133333333333,18.466666666666665,36.06666666666667,50.698666666666675,17.0,22.666666666666668,74.92533333333334,1.5333333333333334,6.933333333333334,0.6126666666666666,1.2,18.866666666666667,0.06733333333333333,12.533333333333333,2.6666666666666665,78.33333333333333,80.93333333333334,28.4,38.93333333333333,17.2,29.733333333333334,7.266666666666667,22.466666666666665,13.8,11.466666666666667,1.3306666666666664,8.266666666666667,20.6,39.602000000000004,19.466666666666665,37.13333333333333,52.53333333333333,17.2,21.2,82.01333333333334,2.8,6.133333333333334,0.5953333333333334,3.2,20.2,0.16666666666666666,11.466666666666667,2.466666666666667,94.8
