placar_casa,placar_visitante,data,round,stage,ano,equipe_casa,equipe_visitante,Pts_casa,3P_casa,2P_casa,LL_casa,RT_casa,RO_casa,RD_casa,AS_casa,ER_casa,IA%_casa,3PC_casa,3PT_casa,3P%_casa,2PC_casa,2PT_casa,2P%_casa,LLC_casa,LLT_casa,LL%_casa,EN_casa,BR_casa,B/E_casa,TO_casa,FC_casa,T/FC_casa,ET_casa,VI_casa,EF_casa,Pts_visitante,3P_visitante,2P_visitante,LL_visitante,RT_visitante,RO_visitante,RD_visitante,AS_visitante,ER_visitante,IA%_visitante,3PC_visitante,3PT_visitante,3P%_visitante,2PC_visitante,2PT_visitante,2P%_visitante,LLC_visitante,LLT_visitante,LL%_visitante,EN_visitante,BR_visitante,B/E_visitante,TO_visitante,FC_visitante,T/FC_visitante,ET_visitante,VI_visitante,EF_visitante
88,86,2013-01-10,13,1,2012-2013,Uberlândia,Minas,80.73333333333333,52.0,40.0,14.733333333333333,30.8,6.933333333333334,23.866666666666667,16.666666666666668,12.8,1.3426666666666665,8.666666666666666,22.4,38.986000000000004,20.0,35.6,56.588,14.733333333333333,17.6,82.942,3.0,5.4,0.45,1.9333333333333333,19.733333333333334,0.10400000000000001,12.8,3.066666666666667,96.46666666666667,81.33333333333333,47.8,42.266666666666666,16.666666666666668,26.266666666666666,7.866666666666666,18.4,13.333333333333334,12.266666666666667,1.1926666666666665,7.466666666666667,20.333333333333332,36.346000000000004,21.133333333333333,39.13333333333333,54.344,16.666666666666668,21.266666666666666,77.99133333333332,0.9333333333333333,7.4,0.6479999999999999,2.2,22.066666666666666,0.10400000000000001,12.266666666666667,2.8,90.2
