placar_casa,placar_visitante,data,round,stage,ano,equipe_casa,equipe_visitante,Pts_casa,3P_casa,2P_casa,LL_casa,RT_casa,RO_casa,RD_casa,AS_casa,ER_casa,IA%_casa,3PC_casa,3PT_casa,3P%_casa,2PC_casa,2PT_casa,2P%_casa,LLC_casa,LLT_casa,LL%_casa,EN_casa,BR_casa,B/E_casa,TO_casa,FC_casa,T/FC_casa,ET_casa,VI_casa,EF_casa,Pts_visitante,3P_visitante,2P_visitante,LL_visitante,RT_visitante,RO_visitante,RD_visitante,AS_visitante,ER_visitante,IA%_visitante,3PC_visitante,3PT_visitante,3P%_visitante,2PC_visitante,2PT_visitante,2P%_visitante,LLC_visitante,LLT_visitante,LL%_visitante,EN_visitante,BR_visitante,B/E_visitante,TO_visitante,FC_visitante,T/FC_visitante,ET_visitante,VI_visitante,EF_visitante
98,101,2011-12-10,8,1,2011-2012,Coop/São José Basketball,Flamengo,84.6,32.0,36.0,16.6,28.933333333333334,8.266666666666667,20.666666666666668,19.8,12.733333333333333,1.6073333333333337,10.666666666666666,27.666666666666668,38.60133333333333,18.0,32.733333333333334,55.13533333333333,16.6,21.066666666666666,78.252,1.4,6.933333333333334,0.5646666666666668,2.466666666666667,18.933333333333334,0.13866666666666666,12.733333333333333,1.9333333333333333,93.8,89.73333333333333,30.6,45.6,13.533333333333333,31.266666666666666,6.333333333333333,24.933333333333334,16.4,12.4,1.5073333333333332,10.2,23.133333333333333,42.5,22.8,37.4,60.785999999999994,13.533333333333333,17.866666666666667,74.57733333333333,2.2,8.066666666666666,0.7140000000000001,1.1333333333333333,19.933333333333334,0.06133333333333334,12.4,2.7333333333333334,102.33333333333333
