placar_casa,placar_visitante,data,round,stage,ano,equipe_casa,equipe_visitante,Pts_casa,3P_casa,2P_casa,LL_casa,RT_casa,RO_casa,RD_casa,AS_casa,ER_casa,IA%_casa,3PC_casa,3PT_casa,3P%_casa,2PC_casa,2PT_casa,2P%_casa,LLC_casa,LLT_casa,LL%_casa,EN_casa,BR_casa,B/E_casa,TO_casa,FC_casa,T/FC_casa,ET_casa,VI_casa,EF_casa,Pts_visitante,3P_visitante,2P_visitante,LL_visitante,RT_visitante,RO_visitante,RD_visitante,AS_visitante,ER_visitante,IA%_visitante,3PC_visitante,3PT_visitante,3P%_visitante,2PC_visitante,2PT_visitante,2P%_visitante,LLC_visitante,LLT_visitante,LL%_visitante,EN_visitante,BR_visitante,B/E_visitante,TO_visitante,FC_visitante,T/FC_visitante,ET_visitante,VI_visitante,EF_visitante
96,93,2011-12-08,7,1,2011-2012,Minas,Limeira,80.2,19.4,47.86666666666667,12.933333333333334,32.0,9.533333333333333,22.466666666666665,17.2,13.6,1.3139999999999998,6.466666666666667,18.933333333333334,33.544666666666664,23.933333333333334,42.86666666666667,55.744,12.933333333333334,17.0,75.96533333333333,0.9333333333333333,6.8,0.506,3.066666666666667,20.2,0.162,13.6,2.533333333333333,90.2,84.33333333333333,27.0,40.53333333333333,16.8,28.133333333333333,6.933333333333334,21.2,16.6,12.733333333333333,1.3446666666666667,9.0,25.533333333333335,36.54333333333333,20.266666666666666,36.4,55.971333333333334,16.8,21.533333333333335,78.78933333333333,2.2,9.733333333333333,0.8413333333333334,3.533333333333333,20.0,0.184,12.733333333333333,0.6666666666666666,92.2
