placar_casa,placar_visitante,data,round,stage,ano,equipe_casa,equipe_visitante,Pts_casa,3P_casa,2P_casa,LL_casa,RT_casa,RO_casa,RD_casa,AS_casa,ER_casa,IA%_casa,3PC_casa,3PT_casa,3P%_casa,2PC_casa,2PT_casa,2P%_casa,LLC_casa,LLT_casa,LL%_casa,EN_casa,BR_casa,B/E_casa,TO_casa,FC_casa,T/FC_casa,ET_casa,VI_casa,EF_casa,Pts_visitante,3P_visitante,2P_visitante,LL_visitante,RT_visitante,RO_visitante,RD_visitante,AS_visitante,ER_visitante,IA%_visitante,3PC_visitante,3PT_visitante,3P%_visitante,2PC_visitante,2PT_visitante,2P%_visitante,LLC_visitante,LLT_visitante,LL%_visitante,EN_visitante,BR_visitante,B/E_visitante,TO_visitante,FC_visitante,T/FC_visitante,ET_visitante,VI_visitante,EF_visitante
91,67,2012-03-13,12,2,2011-2012,Pinheiros,Bauru Basket,89.46666666666667,26.0,47.2,16.266666666666666,29.6,7.933333333333334,21.666666666666668,16.8,12.066666666666666,1.5346666666666668,8.666666666666666,21.666666666666668,39.338,23.6,39.6,59.441333333333326,16.266666666666666,22.533333333333335,71.01466666666667,3.2666666666666666,8.8,0.7786666666666666,3.2666666666666666,18.466666666666665,0.17800000000000002,12.066666666666666,2.933333333333333,103.4,83.0,23.0,44.13333333333333,15.866666666666667,33.53333333333333,11.8,21.733333333333334,13.2,10.266666666666667,1.5166666666666668,7.666666666666667,22.333333333333332,35.096000000000004,22.066666666666666,42.333333333333336,52.744,15.866666666666667,20.2,78.39933333333335,2.0,6.2,0.7020000000000001,2.2,18.0,0.11800000000000004,10.266666666666667,2.7333333333333334,91.26666666666667
