placar_casa,placar_visitante,data,round,stage,ano,equipe_casa,equipe_visitante,Pts_casa,3P_casa,2P_casa,LL_casa,RT_casa,RO_casa,RD_casa,AS_casa,ER_casa,IA%_casa,3PC_casa,3PT_casa,3P%_casa,2PC_casa,2PT_casa,2P%_casa,LLC_casa,LLT_casa,LL%_casa,EN_casa,BR_casa,B/E_casa,TO_casa,FC_casa,T/FC_casa,ET_casa,VI_casa,EF_casa,Pts_visitante,3P_visitante,2P_visitante,LL_visitante,RT_visitante,RO_visitante,RD_visitante,AS_visitante,ER_visitante,IA%_visitante,3PC_visitante,3PT_visitante,3P%_visitante,2PC_visitante,2PT_visitante,2P%_visitante,LLC_visitante,LLT_visitante,LL%_visitante,EN_visitante,BR_visitante,B/E_visitante,TO_visitante,FC_visitante,T/FC_visitante,ET_visitante,VI_visitante,EF_visitante
109,68,2021-02-25,4,2,2020-2021,Sesi Franca,Pato Basquete,84.09900000000002,28.2,40.6,15.299000000000001,31.301000000000005,5.6,25.701000000000004,17.700999999999997,13.401,1.321,9.399,23.498999999999995,39.635000000000005,20.3,37.901,54.47800000000001,15.299000000000001,18.6,82.225,1.2,6.1,0.44899999999999995,2.2010000000000005,19.298999999999996,0.11200000000000002,13.401,1.599,92.99900000000001,75.30100000000002,24.3,36.599999999999994,14.401,37.29699999999999,10.9,26.400000000000006,14.103,14.200999999999999,0.9999999999999998,8.099,21.798999999999996,36.968,18.3,40.900000000000006,44.87400000000001,14.401,20.801000000000005,68.604,1.6019999999999999,7.8,0.559,1.7009999999999998,20.898,0.083,14.200999999999999,2.7989999999999995,79.30100000000002
