placar_casa,placar_visitante,data,round,stage,ano,equipe_casa,equipe_visitante,Pts_casa,3P_casa,2P_casa,LL_casa,RT_casa,RO_casa,RD_casa,AS_casa,ER_casa,IA%_casa,3PC_casa,3PT_casa,3P%_casa,2PC_casa,2PT_casa,2P%_casa,LLC_casa,LLT_casa,LL%_casa,EN_casa,BR_casa,B/E_casa,TO_casa,FC_casa,T/FC_casa,ET_casa,VI_casa,EF_casa,Pts_visitante,3P_visitante,2P_visitante,LL_visitante,RT_visitante,RO_visitante,RD_visitante,AS_visitante,ER_visitante,IA%_visitante,3PC_visitante,3PT_visitante,3P%_visitante,2PC_visitante,2PT_visitante,2P%_visitante,LLC_visitante,LLT_visitante,LL%_visitante,EN_visitante,BR_visitante,B/E_visitante,TO_visitante,FC_visitante,T/FC_visitante,ET_visitante,VI_visitante,EF_visitante
64,82,2021-04-22,1,3,2020-2021,Fortaleza B. C. / CFO,Sesi Franca,84.301,27.3,44.6,12.401,41.599,12.001000000000001,29.601000000000006,15.899000000000001,13.299000000000001,1.322,9.1,30.5,29.307,22.3,40.3,55.75600000000001,12.401,18.401,67.76,0.599,7.801,0.6389999999999999,3.4989999999999997,19.401000000000003,0.19199999999999998,13.299000000000001,3.1989999999999994,94.4,90.33399999999997,24.4,49.998999999999995,15.932000000000002,36.968,7.501,29.467000000000002,19.368000000000006,11.067,1.779,8.132,21.631999999999994,37.765,25.001000000000005,43.965999999999994,56.97500000000001,15.932000000000002,20.5,77.72000000000001,3.0,8.5,0.767,2.1680000000000006,18.834000000000003,0.11599999999999999,11.067,1.233,109.232
