placar_casa,placar_visitante,data,round,stage,ano,equipe_casa,equipe_visitante,Pts_casa,3P_casa,2P_casa,LL_casa,RT_casa,RO_casa,RD_casa,AS_casa,ER_casa,IA%_casa,3PC_casa,3PT_casa,3P%_casa,2PC_casa,2PT_casa,2P%_casa,LLC_casa,LLT_casa,LL%_casa,EN_casa,BR_casa,B/E_casa,TO_casa,FC_casa,T/FC_casa,ET_casa,VI_casa,EF_casa,Pts_visitante,3P_visitante,2P_visitante,LL_visitante,RT_visitante,RO_visitante,RD_visitante,AS_visitante,ER_visitante,IA%_visitante,3PC_visitante,3PT_visitante,3P%_visitante,2PC_visitante,2PT_visitante,2P%_visitante,LLC_visitante,LLT_visitante,LL%_visitante,EN_visitante,BR_visitante,B/E_visitante,TO_visitante,FC_visitante,T/FC_visitante,ET_visitante,VI_visitante,EF_visitante
86,82,2021-02-09,3,2,2020-2021,Pato Basquete,VipTech CMB,79.30199999999999,24.3,38.801,16.201000000000004,39.36399999999999,11.733,27.633,15.467999999999998,14.365999999999996,1.077,8.099,23.199999999999996,35.019,19.399,41.199,47.00600000000001,16.201000000000004,22.800000000000004,71.51899999999998,1.467,7.965999999999999,0.5650000000000002,2.066,20.931999999999995,0.10499999999999998,14.365999999999996,2.8000000000000007,86.30199999999999,77.002,25.8,41.001,10.201,39.898999999999994,14.097999999999999,25.801,16.301,11.7,1.484,8.6,28.8,29.805000000000007,20.499000000000002,42.699999999999996,47.566,10.201,16.999000000000002,59.674,1.399,6.8,0.612,1.101,19.301,0.05500000000000001,11.7,1.8009999999999997,80.201
