placar_casa,placar_visitante,data,round,stage,ano,equipe_casa,equipe_visitante,Pts_casa,3P_casa,2P_casa,LL_casa,RT_casa,RO_casa,RD_casa,AS_casa,ER_casa,IA%_casa,3PC_casa,3PT_casa,3P%_casa,2PC_casa,2PT_casa,2P%_casa,LLC_casa,LLT_casa,LL%_casa,EN_casa,BR_casa,B/E_casa,TO_casa,FC_casa,T/FC_casa,ET_casa,VI_casa,EF_casa,Pts_visitante,3P_visitante,2P_visitante,LL_visitante,RT_visitante,RO_visitante,RD_visitante,AS_visitante,ER_visitante,IA%_visitante,3PC_visitante,3PT_visitante,3P%_visitante,2PC_visitante,2PT_visitante,2P%_visitante,LLC_visitante,LLT_visitante,LL%_visitante,EN_visitante,BR_visitante,B/E_visitante,TO_visitante,FC_visitante,T/FC_visitante,ET_visitante,VI_visitante,EF_visitante
74,80,2020-12-16,6,1,2020-2021,Mogi,Minas,81.35600000000001,30.9,37.22266666666667,13.233333333333333,34.9,9.977333333333332,24.922666666666668,18.8,14.033333333333333,1.4733333333333334,10.3,28.010666666666665,36.92466666666667,18.610666666666663,36.42266666666667,51.07200000000001,13.233333333333333,17.656000000000002,76.40333333333334,1.244,7.277333333333333,0.55,2.2,20.633333333333333,0.10933333333333335,14.033333333333333,2.1226666666666665,90.55600000000001,89.00066666666667,27.4,45.73333333333334,15.86533333333333,38.53333333333333,9.932666666666668,28.60066666666667,19.665999999999997,13.79866666666667,1.4899999999999995,9.133333333333333,24.80133333333334,36.90933333333334,22.866666666666667,40.533333333333324,56.237333333333346,15.86533333333333,20.733333333333334,75.06666666666666,1.999333333333333,7.933333333333334,0.5773333333333334,2.199333333333333,22.068000000000005,0.10133333333333333,13.79866666666667,2.6659999999999995,105.33333333333333
