placar_casa,placar_visitante,data,round,stage,ano,equipe_casa,equipe_visitante,Pts_casa,3P_casa,2P_casa,LL_casa,RT_casa,RO_casa,RD_casa,AS_casa,ER_casa,IA%_casa,3PC_casa,3PT_casa,3P%_casa,2PC_casa,2PT_casa,2P%_casa,LLC_casa,LLT_casa,LL%_casa,EN_casa,BR_casa,B/E_casa,TO_casa,FC_casa,T/FC_casa,ET_casa,VI_casa,EF_casa,Pts_visitante,3P_visitante,2P_visitante,LL_visitante,RT_visitante,RO_visitante,RD_visitante,AS_visitante,ER_visitante,IA%_visitante,3PC_visitante,3PT_visitante,3P%_visitante,2PC_visitante,2PT_visitante,2P%_visitante,LLC_visitante,LLT_visitante,LL%_visitante,EN_visitante,BR_visitante,B/E_visitante,TO_visitante,FC_visitante,T/FC_visitante,ET_visitante,VI_visitante,EF_visitante
91,70,2021-02-12,3,2,2020-2021,Minas,VipTech CMB,87.33200000000002,32.5,37.931999999999995,16.9,40.065999999999995,10.4,29.665999999999997,20.034000000000002,13.1,1.5970000000000002,10.834,25.268000000000008,42.955,18.968,36.831999999999994,51.367000000000004,16.9,20.331999999999994,83.06900000000002,1.166,5.566,0.4370000000000001,2.1670000000000003,20.698999999999995,0.10700000000000001,13.1,2.1,106.33399999999999,78.735,25.8,43.068,9.868,39.532,13.798000000000002,25.733999999999998,17.133999999999997,10.967,1.592,8.6,27.867,30.626000000000012,21.532,44.166999999999994,48.612,9.868,16.166,60.25,1.366,7.0,0.649,1.201,19.601,0.059,10.967,1.8679999999999999,84.434
