placar_casa,placar_visitante,data,round,stage,ano,equipe_casa,equipe_visitante,Pts_casa,3P_casa,2P_casa,LL_casa,RT_casa,RO_casa,RD_casa,AS_casa,ER_casa,IA%_casa,3PC_casa,3PT_casa,3P%_casa,2PC_casa,2PT_casa,2P%_casa,LLC_casa,LLT_casa,LL%_casa,EN_casa,BR_casa,B/E_casa,TO_casa,FC_casa,T/FC_casa,ET_casa,VI_casa,EF_casa,Pts_visitante,3P_visitante,2P_visitante,LL_visitante,RT_visitante,RO_visitante,RD_visitante,AS_visitante,ER_visitante,IA%_visitante,3PC_visitante,3PT_visitante,3P%_visitante,2PC_visitante,2PT_visitante,2P%_visitante,LLC_visitante,LLT_visitante,LL%_visitante,EN_visitante,BR_visitante,B/E_visitante,TO_visitante,FC_visitante,T/FC_visitante,ET_visitante,VI_visitante,EF_visitante
89,88,2021-03-11,6,2,2020-2021,Pato Basquete,Pinheiros,73.86699999999999,24.4,35.866,13.600999999999999,36.830999999999996,10.6,26.234,15.269,13.235000000000003,1.415,8.133,24.264999999999997,34.296,17.934,40.134,44.584,13.600999999999999,18.835,71.902,1.8679999999999999,7.134,0.568,1.467,21.131999999999998,0.07300000000000001,13.235000000000003,2.7329999999999997,77.767,72.398,24.0,37.599,10.799,39.30300000000001,11.2,28.100000000000005,17.298000000000005,13.998,1.2590000000000001,7.999,27.2,29.154999999999994,18.801,41.899,44.925,10.799,15.7,69.02600000000001,1.501,7.802000000000001,0.5599999999999999,2.2020000000000004,17.901000000000003,0.12799999999999997,13.998,1.6019999999999999,77.799
