placar_casa,placar_visitante,data,round,stage,ano,equipe_casa,equipe_visitante,Pts_casa,3P_casa,2P_casa,LL_casa,RT_casa,RO_casa,RD_casa,AS_casa,ER_casa,IA%_casa,3PC_casa,3PT_casa,3P%_casa,2PC_casa,2PT_casa,2P%_casa,LLC_casa,LLT_casa,LL%_casa,EN_casa,BR_casa,B/E_casa,TO_casa,FC_casa,T/FC_casa,ET_casa,VI_casa,EF_casa,Pts_visitante,3P_visitante,2P_visitante,LL_visitante,RT_visitante,RO_visitante,RD_visitante,AS_visitante,ER_visitante,IA%_visitante,3PC_visitante,3PT_visitante,3P%_visitante,2PC_visitante,2PT_visitante,2P%_visitante,LLC_visitante,LLT_visitante,LL%_visitante,EN_visitante,BR_visitante,B/E_visitante,TO_visitante,FC_visitante,T/FC_visitante,ET_visitante,VI_visitante,EF_visitante
67,83,2021-02-14,3,2,2020-2021,Pato Basquete,Minas,78.56800000000001,24.3,38.666999999999994,15.600999999999999,38.56399999999999,11.333,27.233000000000004,14.935999999999998,14.234,1.0509999999999997,8.099,22.865999999999996,35.61500000000001,19.333000000000006,41.333000000000006,46.698000000000015,15.600999999999999,22.534000000000002,69.075,1.535,8.1,0.5770000000000002,1.734,21.597999999999995,0.081,14.234,2.6659999999999995,83.968,87.465,32.3,38.66499999999999,16.5,40.483,9.85,30.633,20.216999999999995,13.65,1.544,10.767,24.68500000000001,43.626999999999995,19.335,37.21499999999999,51.763,16.5,19.714999999999996,83.64000000000001,0.983,5.333,0.403,2.2840000000000003,20.849,0.11200000000000002,13.65,2.1,107.11699999999999
