placar_casa,placar_visitante,data,round,stage,ano,equipe_casa,equipe_visitante,Pts_casa,3P_casa,2P_casa,LL_casa,RT_casa,RO_casa,RD_casa,AS_casa,ER_casa,IA%_casa,3PC_casa,3PT_casa,3P%_casa,2PC_casa,2PT_casa,2P%_casa,LLC_casa,LLT_casa,LL%_casa,EN_casa,BR_casa,B/E_casa,TO_casa,FC_casa,T/FC_casa,ET_casa,VI_casa,EF_casa,Pts_visitante,3P_visitante,2P_visitante,LL_visitante,RT_visitante,RO_visitante,RD_visitante,AS_visitante,ER_visitante,IA%_visitante,3PC_visitante,3PT_visitante,3P%_visitante,2PC_visitante,2PT_visitante,2P%_visitante,LLC_visitante,LLT_visitante,LL%_visitante,EN_visitante,BR_visitante,B/E_visitante,TO_visitante,FC_visitante,T/FC_visitante,ET_visitante,VI_visitante,EF_visitante
93,81,2021-04-04,8,2,2020-2021,Sesi Franca,Cerrado,90.466,25.0,48.533,16.932000000000002,35.568,6.9670000000000005,28.601,18.768,11.600999999999999,1.661,8.332,21.832,38.36299999999999,24.267000000000003,42.034,57.44100000000001,16.932000000000002,21.5,78.812,2.8,8.3,0.7209999999999999,2.168,18.766000000000002,0.11599999999999999,11.600999999999999,1.299,107.832,77.26799999999999,25.5,39.13099999999999,12.633,39.301,11.999,27.302000000000003,14.666999999999998,13.733,1.1039999999999999,8.499,24.733999999999998,34.43,19.569000000000006,42.866,45.660000000000004,12.633,17.002,75.495,1.431,8.666,0.6320000000000001,2.6979999999999995,18.502000000000002,0.142,13.733,2.8649999999999998,84.96799999999999
