placar_casa,placar_visitante,data,round,stage,ano,equipe_casa,equipe_visitante,Pts_casa,3P_casa,2P_casa,LL_casa,RT_casa,RO_casa,RD_casa,AS_casa,ER_casa,IA%_casa,3PC_casa,3PT_casa,3P%_casa,2PC_casa,2PT_casa,2P%_casa,LLC_casa,LLT_casa,LL%_casa,EN_casa,BR_casa,B/E_casa,TO_casa,FC_casa,T/FC_casa,ET_casa,VI_casa,EF_casa,Pts_visitante,3P_visitante,2P_visitante,LL_visitante,RT_visitante,RO_visitante,RD_visitante,AS_visitante,ER_visitante,IA%_visitante,3PC_visitante,3PT_visitante,3P%_visitante,2PC_visitante,2PT_visitante,2P%_visitante,LLC_visitante,LLT_visitante,LL%_visitante,EN_visitante,BR_visitante,B/E_visitante,TO_visitante,FC_visitante,T/FC_visitante,ET_visitante,VI_visitante,EF_visitante
74,64,2021-01-30,1,2,2020-2021,Corinthians,Bauru Basket,79.449,28.05,36.20100000000001,15.200999999999999,37.398999999999994,9.599,27.8,15.449000000000002,12.7,1.238,9.35,27.998999999999995,33.358999999999995,18.099,34.501000000000005,52.66199999999999,15.200999999999999,19.25,78.741,1.151,5.848999999999999,0.4739999999999999,1.9,20.651,0.095,12.7,1.549,88.24900000000001,77.968,28.3,36.333,13.334,35.898999999999994,8.6,27.302000000000003,16.500999999999998,11.467,1.455,9.433,29.234,31.933,18.167,34.132999999999996,53.788,13.334,18.398999999999994,72.46200000000002,1.202,7.366,0.6609999999999999,1.9659999999999997,18.998999999999995,0.10400000000000001,11.467,1.8350000000000002,87.399
