placar_casa,placar_visitante,data,round,stage,ano,equipe_casa,equipe_visitante,Pts_casa,3P_casa,2P_casa,LL_casa,RT_casa,RO_casa,RD_casa,AS_casa,ER_casa,IA%_casa,3PC_casa,3PT_casa,3P%_casa,2PC_casa,2PT_casa,2P%_casa,LLC_casa,LLT_casa,LL%_casa,EN_casa,BR_casa,B/E_casa,TO_casa,FC_casa,T/FC_casa,ET_casa,VI_casa,EF_casa,Pts_visitante,3P_visitante,2P_visitante,LL_visitante,RT_visitante,RO_visitante,RD_visitante,AS_visitante,ER_visitante,IA%_visitante,3PC_visitante,3PT_visitante,3P%_visitante,2PC_visitante,2PT_visitante,2P%_visitante,LLC_visitante,LLT_visitante,LL%_visitante,EN_visitante,BR_visitante,B/E_visitante,TO_visitante,FC_visitante,T/FC_visitante,ET_visitante,VI_visitante,EF_visitante
94,96,2021-02-09,3,2,2020-2021,Minas,Flamengo,88.26600000000002,32.7,37.73199999999999,17.833,40.199,11.0,29.198999999999995,20.034000000000002,12.932999999999998,1.613,10.901,25.968000000000007,42.135,18.868000000000002,36.666,51.35,17.833,21.431999999999995,83.03500000000001,1.199,5.965999999999999,0.46699999999999997,2.133,20.766,0.10500000000000001,12.932999999999998,2.2329999999999997,107.201,87.366,38.1,35.866,13.4,42.3,12.2,30.1,21.601000000000006,11.934000000000001,1.8940000000000001,12.699,35.8,34.99100000000001,17.934,30.865,58.185,13.4,18.434999999999995,73.15200000000002,1.165,6.401000000000001,0.539,1.267,17.032999999999998,0.076,11.934000000000001,2.033,105.93300000000002
