placar_casa,placar_visitante,data,round,stage,ano,equipe_casa,equipe_visitante,Pts_casa,3P_casa,2P_casa,LL_casa,RT_casa,RO_casa,RD_casa,AS_casa,ER_casa,IA%_casa,3PC_casa,3PT_casa,3P%_casa,2PC_casa,2PT_casa,2P%_casa,LLC_casa,LLT_casa,LL%_casa,EN_casa,BR_casa,B/E_casa,TO_casa,FC_casa,T/FC_casa,ET_casa,VI_casa,EF_casa,Pts_visitante,3P_visitante,2P_visitante,LL_visitante,RT_visitante,RO_visitante,RD_visitante,AS_visitante,ER_visitante,IA%_visitante,3PC_visitante,3PT_visitante,3P%_visitante,2PC_visitante,2PT_visitante,2P%_visitante,LLC_visitante,LLT_visitante,LL%_visitante,EN_visitante,BR_visitante,B/E_visitante,TO_visitante,FC_visitante,T/FC_visitante,ET_visitante,VI_visitante,EF_visitante
85,88,2020-12-14,6,1,2020-2021,Fortaleza B. C. / CFO,Mogi,76.06666666666666,24.4,39.19933333333334,12.467333333333336,34.843333333333334,8.401333333333334,26.44600000000001,14.666,12.666666666666664,1.1673333333333331,8.134,24.221999999999998,33.334666666666664,19.60066666666667,38.821333333333335,50.370000000000005,12.467333333333336,17.64466666666667,70.82333333333332,1.3339999999999999,7.022,0.5560000000000002,2.798666666666666,21.42133333333333,0.13,12.666666666666664,2.223333333333334,82.24399999999999,81.534,30.6,38.00066666666667,12.933333333333334,35.0,9.999333333333334,25.000666666666667,18.4,13.8,1.4673333333333332,10.2,28.066,36.48933333333333,18.999333333333333,36.800666666666665,51.61866666666666,12.933333333333334,17.400666666666666,75.818,1.2660000000000002,7.199333333333334,0.5513333333333333,2.2666666666666666,20.466666666666665,0.11400000000000003,13.8,1.934,90.46733333333333
