placar_casa,placar_visitante,data,round,stage,ano,equipe_casa,equipe_visitante,Pts_casa,3P_casa,2P_casa,LL_casa,RT_casa,RO_casa,RD_casa,AS_casa,ER_casa,IA%_casa,3PC_casa,3PT_casa,3P%_casa,2PC_casa,2PT_casa,2P%_casa,LLC_casa,LLT_casa,LL%_casa,EN_casa,BR_casa,B/E_casa,TO_casa,FC_casa,T/FC_casa,ET_casa,VI_casa,EF_casa,Pts_visitante,3P_visitante,2P_visitante,LL_visitante,RT_visitante,RO_visitante,RD_visitante,AS_visitante,ER_visitante,IA%_visitante,3PC_visitante,3PT_visitante,3P%_visitante,2PC_visitante,2PT_visitante,2P%_visitante,LLC_visitante,LLT_visitante,LL%_visitante,EN_visitante,BR_visitante,B/E_visitante,TO_visitante,FC_visitante,T/FC_visitante,ET_visitante,VI_visitante,EF_visitante
68,46,2021-01-09,9,1,2020-2021,Paulistano,Pinheiros,77.72333333333334,29.733333333333334,36.86666666666667,11.12133333333333,41.14466666666667,12.889333333333331,28.254666666666665,17.200666666666667,12.743333333333336,1.4626666666666668,9.912000000000003,30.47733333333333,32.60799999999999,18.43333333333333,37.35666666666667,49.49533333333332,11.12133333333333,14.666,75.68133333333331,1.7226666666666668,6.198666666666666,0.49933333333333324,1.8780000000000001,17.95466666666666,0.10733333333333334,12.743333333333336,2.4106666666666663,88.36666666666666,75.26600000000002,25.866666666666667,37.244,12.155333333333335,37.26733333333333,11.2,26.067333333333337,17.823333333333334,15.401333333333332,1.2033333333333331,8.622666666666667,24.644,35.19200000000001,18.622666666666667,40.687999999999995,46.09266666666667,12.155333333333335,17.532666666666664,68.58999999999999,0.5993333333333334,6.866666666666666,0.4586666666666667,2.0226666666666664,20.223333333333336,0.10066666666666668,15.401333333333332,2.2886666666666664,80.378
