placar_casa,placar_visitante,data,round,stage,ano,equipe_casa,equipe_visitante,Pts_casa,3P_casa,2P_casa,LL_casa,RT_casa,RO_casa,RD_casa,AS_casa,ER_casa,IA%_casa,3PC_casa,3PT_casa,3P%_casa,2PC_casa,2PT_casa,2P%_casa,LLC_casa,LLT_casa,LL%_casa,EN_casa,BR_casa,B/E_casa,TO_casa,FC_casa,T/FC_casa,ET_casa,VI_casa,EF_casa,Pts_visitante,3P_visitante,2P_visitante,LL_visitante,RT_visitante,RO_visitante,RD_visitante,AS_visitante,ER_visitante,IA%_visitante,3PC_visitante,3PT_visitante,3P%_visitante,2PC_visitante,2PT_visitante,2P%_visitante,LLC_visitante,LLT_visitante,LL%_visitante,EN_visitante,BR_visitante,B/E_visitante,TO_visitante,FC_visitante,T/FC_visitante,ET_visitante,VI_visitante,EF_visitante
77,65,2020-12-21,7,1,2020-2021,São Paulo,UNIFACISA,96.468,39.8,40.93333333333333,15.732666666666669,39.333333333333336,9.866666666666667,29.466666666666665,19.666666666666668,10.866666666666665,1.8493333333333333,13.26666666666667,31.8,41.63866666666667,20.466666666666672,35.33266666666667,57.843333333333334,15.732666666666669,19.931999999999995,79.91933333333333,3.6,7.465333333333333,0.7260000000000001,2.8,17.134,0.1673333333333333,10.866666666666665,2.068,117.26600000000002,85.79866666666668,29.6,43.2,13.000666666666666,38.99933333333333,11.265333333333333,27.734,16.93333333333333,12.266666666666664,1.4473333333333334,9.865333333333332,28.266666666666666,34.696,21.6,40.13333333333333,54.08133333333332,13.000666666666666,16.86733333333333,76.60200000000002,1.2666666666666666,6.532666666666667,0.5333333333333334,2.0680000000000005,20.800666666666668,0.10333333333333336,12.266666666666664,1.9340000000000004,97.26600000000002
