placar_casa,placar_visitante,data,round,stage,ano,equipe_casa,equipe_visitante,Pts_casa,3P_casa,2P_casa,LL_casa,RT_casa,RO_casa,RD_casa,AS_casa,ER_casa,IA%_casa,3PC_casa,3PT_casa,3P%_casa,2PC_casa,2PT_casa,2P%_casa,LLC_casa,LLT_casa,LL%_casa,EN_casa,BR_casa,B/E_casa,TO_casa,FC_casa,T/FC_casa,ET_casa,VI_casa,EF_casa,Pts_visitante,3P_visitante,2P_visitante,LL_visitante,RT_visitante,RO_visitante,RD_visitante,AS_visitante,ER_visitante,IA%_visitante,3PC_visitante,3PT_visitante,3P%_visitante,2PC_visitante,2PT_visitante,2P%_visitante,LLC_visitante,LLT_visitante,LL%_visitante,EN_visitante,BR_visitante,B/E_visitante,TO_visitante,FC_visitante,T/FC_visitante,ET_visitante,VI_visitante,EF_visitante
79,68,2020-12-28,8,1,2020-2021,Bauru Basket,São Paulo,81.03333333333335,26.4,39.99933333333333,14.632000000000005,34.99866666666666,9.834666666666665,25.168000000000006,15.899333333333335,11.734666666666664,1.3873333333333338,8.801333333333334,25.49933333333333,34.508,20.00066666666667,38.066,53.01533333333335,14.632000000000005,19.16666666666667,76.356,1.3666666666666667,8.200666666666667,0.706,1.3,20.266,0.0666666666666667,11.734666666666664,2.1,90.39933333333332,94.93466666666667,39.4,40.266666666666666,15.266000000000002,38.266666666666666,9.266666666666667,29.0,19.6,10.866666666666667,1.844,13.133333333333335,31.0,42.28533333333333,20.133333333333336,34.93266666666667,57.366666666666674,15.266000000000002,19.131999999999998,80.32333333333332,3.3333333333333335,7.331999999999999,0.7146666666666666,2.733333333333334,16.400666666666663,0.17000000000000004,10.866666666666667,2.2013333333333334,115.46600000000002
