placar_casa,placar_visitante,data,round,stage,ano,equipe_casa,equipe_visitante,Pts_casa,3P_casa,2P_casa,LL_casa,RT_casa,RO_casa,RD_casa,AS_casa,ER_casa,IA%_casa,3PC_casa,3PT_casa,3P%_casa,2PC_casa,2PT_casa,2P%_casa,LLC_casa,LLT_casa,LL%_casa,EN_casa,BR_casa,B/E_casa,TO_casa,FC_casa,T/FC_casa,ET_casa,VI_casa,EF_casa,Pts_visitante,3P_visitante,2P_visitante,LL_visitante,RT_visitante,RO_visitante,RD_visitante,AS_visitante,ER_visitante,IA%_visitante,3PC_visitante,3PT_visitante,3P%_visitante,2PC_visitante,2PT_visitante,2P%_visitante,LLC_visitante,LLT_visitante,LL%_visitante,EN_visitante,BR_visitante,B/E_visitante,TO_visitante,FC_visitante,T/FC_visitante,ET_visitante,VI_visitante,EF_visitante
65,67,2014-01-16,17,1,2013-2014,Goiânia,Limeira,76.78571428571429,24.0,38.714285714285715,14.071428571428571,31.428571428571427,7.714285714285714,23.714285714285715,14.642857142857142,13.214285714285714,1.2914285714285716,8.0,21.928571428571427,37.54857142857143,19.357142857142858,36.285714285714285,53.70142857142857,14.071428571428571,18.357142857142858,77.02,1.0,7.785714285714286,0.6457142857142858,1.4285714285714286,22.571428571428573,0.06499999999999999,13.214285714285714,3.142857142857143,83.71428571428571,76.53333333333333,24.4,39.2,12.933333333333334,32.2,8.133333333333333,24.066666666666666,15.866666666666667,11.066666666666666,1.5346666666666664,8.133333333333333,20.533333333333335,40.36533333333333,19.6,37.733333333333334,52.25599999999999,12.933333333333334,17.666666666666668,73.78999999999999,0.9333333333333333,8.866666666666667,0.8646666666666666,2.2666666666666666,21.066666666666666,0.10866666666666669,11.066666666666666,2.0,89.4
