placar_casa,placar_visitante,data,round,stage,ano,equipe_casa,equipe_visitante,Pts_casa,3P_casa,2P_casa,LL_casa,RT_casa,RO_casa,RD_casa,AS_casa,ER_casa,IA%_casa,3PC_casa,3PT_casa,3P%_casa,2PC_casa,2PT_casa,2P%_casa,LLC_casa,LLT_casa,LL%_casa,EN_casa,BR_casa,B/E_casa,TO_casa,FC_casa,T/FC_casa,ET_casa,VI_casa,EF_casa,Pts_visitante,3P_visitante,2P_visitante,LL_visitante,RT_visitante,RO_visitante,RD_visitante,AS_visitante,ER_visitante,IA%_visitante,3PC_visitante,3PT_visitante,3P%_visitante,2PC_visitante,2PT_visitante,2P%_visitante,LLC_visitante,LLT_visitante,LL%_visitante,EN_visitante,BR_visitante,B/E_visitante,TO_visitante,FC_visitante,T/FC_visitante,ET_visitante,VI_visitante,EF_visitante
90,86,2013-12-19,11,1,2013-2014,Bauru Basket,Macaé Basquete,76.73333333333333,24.4,39.06666666666667,13.266666666666667,31.933333333333334,9.133333333333333,22.8,14.666666666666666,13.133333333333333,1.254,8.133333333333333,22.4,37.02933333333335,19.533333333333335,36.06666666666667,54.97933333333334,13.266666666666667,18.933333333333334,69.61600000000001,1.6,7.2,0.5926666666666666,1.4,18.533333333333335,0.08533333333333334,13.133333333333333,2.4,82.33333333333333,80.0,22.666666666666668,41.333333333333336,16.0,32.22222222222222,9.11111111111111,23.11111111111111,13.88888888888889,10.555555555555555,1.99,7.555555555555555,22.333333333333332,33.91666666666666,20.666666666666668,40.0,51.55888888888889,16.0,20.77777777777778,80.14000000000003,0.5555555555555556,10.11111111111111,1.4566666666666668,1.1111111111111112,20.444444444444443,0.054444444444444434,10.555555555555555,1.1111111111111112,87.88888888888889
