placar_casa,placar_visitante,data,round,stage,ano,equipe_casa,equipe_visitante,Pts_casa,3P_casa,2P_casa,LL_casa,RT_casa,RO_casa,RD_casa,AS_casa,ER_casa,IA%_casa,3PC_casa,3PT_casa,3P%_casa,2PC_casa,2PT_casa,2P%_casa,LLC_casa,LLT_casa,LL%_casa,EN_casa,BR_casa,B/E_casa,TO_casa,FC_casa,T/FC_casa,ET_casa,VI_casa,EF_casa,Pts_visitante,3P_visitante,2P_visitante,LL_visitante,RT_visitante,RO_visitante,RD_visitante,AS_visitante,ER_visitante,IA%_visitante,3PC_visitante,3PT_visitante,3P%_visitante,2PC_visitante,2PT_visitante,2P%_visitante,LLC_visitante,LLT_visitante,LL%_visitante,EN_visitante,BR_visitante,B/E_visitante,TO_visitante,FC_visitante,T/FC_visitante,ET_visitante,VI_visitante,EF_visitante
96,87,2013-12-07,8,1,2013-2014,Pinheiros,Sesi Franca,84.33333333333333,34.2,36.93333333333333,13.2,29.6,7.066666666666666,22.533333333333335,16.333333333333332,10.933333333333334,1.7213333333333334,11.4,28.4,40.17600000000001,18.466666666666665,33.13333333333333,57.53333333333334,13.2,18.8,70.24733333333333,1.6666666666666667,6.866666666666666,0.6966666666666668,3.1333333333333333,19.4,0.16933333333333336,10.933333333333334,2.066666666666667,92.06666666666666,72.66666666666667,16.8,40.8,15.066666666666666,30.266666666666666,8.733333333333333,21.533333333333335,13.6,13.6,1.1433333333333333,5.6,16.733333333333334,32.57066666666667,20.4,41.6,49.11866666666667,15.066666666666666,20.733333333333334,73.17800000000001,1.6666666666666667,8.733333333333333,0.6906666666666667,2.8666666666666667,19.733333333333334,0.15600000000000003,13.6,2.2,76.53333333333333
