placar_casa,placar_visitante,data,round,stage,ano,equipe_casa,equipe_visitante,Pts_casa,3P_casa,2P_casa,LL_casa,RT_casa,RO_casa,RD_casa,AS_casa,ER_casa,IA%_casa,3PC_casa,3PT_casa,3P%_casa,2PC_casa,2PT_casa,2P%_casa,LLC_casa,LLT_casa,LL%_casa,EN_casa,BR_casa,B/E_casa,TO_casa,FC_casa,T/FC_casa,ET_casa,VI_casa,EF_casa,Pts_visitante,3P_visitante,2P_visitante,LL_visitante,RT_visitante,RO_visitante,RD_visitante,AS_visitante,ER_visitante,IA%_visitante,3PC_visitante,3PT_visitante,3P%_visitante,2PC_visitante,2PT_visitante,2P%_visitante,LLC_visitante,LLT_visitante,LL%_visitante,EN_visitante,BR_visitante,B/E_visitante,TO_visitante,FC_visitante,T/FC_visitante,ET_visitante,VI_visitante,EF_visitante
73,90,2020-12-12,5,1,2020-2021,Bauru Basket,Flamengo,79.72200000000002,24.266666666666666,40.24400000000001,15.210000000000004,35.843333333333334,10.189999999999998,25.656666666666673,15.132666666666664,12.323333333333329,1.2786666666666668,8.09,23.944,33.69,20.122666666666667,39.23266666666667,51.58466666666668,15.210000000000004,20.111333333333334,75.84733333333334,1.388666666666667,8.134,0.6686666666666666,1.3333333333333333,20.343999999999998,0.06866666666666668,12.323333333333329,2.1,87.97733333333332,88.97666666666666,38.4,34.31133333333334,16.265333333333334,42.333999999999996,11.266,31.066,21.734,12.289333333333332,1.7699999999999996,12.800666666666666,34.06666666666667,37.745999999999995,17.15533333333333,31.645333333333333,54.362,16.265333333333334,21.08866666666667,77.28933333333333,1.1773333333333331,7.201333333333334,0.5873333333333334,2.044666666666666,15.68933333333333,0.12933333333333336,12.289333333333332,2.0220000000000002,109.42133333333335
