placar_casa,placar_visitante,data,round,stage,ano,equipe_casa,equipe_visitante,Pts_casa,3P_casa,2P_casa,LL_casa,RT_casa,RO_casa,RD_casa,AS_casa,ER_casa,IA%_casa,3PC_casa,3PT_casa,3P%_casa,2PC_casa,2PT_casa,2P%_casa,LLC_casa,LLT_casa,LL%_casa,EN_casa,BR_casa,B/E_casa,TO_casa,FC_casa,T/FC_casa,ET_casa,VI_casa,EF_casa,Pts_visitante,3P_visitante,2P_visitante,LL_visitante,RT_visitante,RO_visitante,RD_visitante,AS_visitante,ER_visitante,IA%_visitante,3PC_visitante,3PT_visitante,3P%_visitante,2PC_visitante,2PT_visitante,2P%_visitante,LLC_visitante,LLT_visitante,LL%_visitante,EN_visitante,BR_visitante,B/E_visitante,TO_visitante,FC_visitante,T/FC_visitante,ET_visitante,VI_visitante,EF_visitante
80,76,2020-12-22,7,1,2020-2021,Flamengo,Caxias do Sul Basquete,91.59933333333333,40.8,35.333333333333336,15.466000000000001,42.666666666666664,11.6,31.066666666666666,22.000666666666667,12.199999999999998,1.8099999999999996,13.600666666666665,36.53333333333333,37.46933333333334,17.666666666666668,30.866666666666664,57.302,15.466000000000001,19.800666666666665,78.10000000000001,1.0653333333333335,7.3340000000000005,0.6053333333333334,1.8666666666666663,15.534666666666663,0.11933333333333337,12.199999999999998,2.200666666666667,112.80000000000001,71.40133333333333,19.8,36.934,14.66733333333333,33.13333333333333,9.867333333333333,23.266000000000002,13.267999999999999,14.066,0.9446666666666664,6.601333333333334,22.866,28.87066666666666,18.466,35.53333333333333,52.08466666666666,14.66733333333333,20.532666666666664,70.94,1.066,6.133333333333334,0.44066666666666665,1.7333333333333338,22.131999999999998,0.08666666666666668,14.066,2.733333333333333,72.4
