placar_casa,placar_visitante,data,round,stage,ano,equipe_casa,equipe_visitante,Pts_casa,3P_casa,2P_casa,LL_casa,RT_casa,RO_casa,RD_casa,AS_casa,ER_casa,IA%_casa,3PC_casa,3PT_casa,3P%_casa,2PC_casa,2PT_casa,2P%_casa,LLC_casa,LLT_casa,LL%_casa,EN_casa,BR_casa,B/E_casa,TO_casa,FC_casa,T/FC_casa,ET_casa,VI_casa,EF_casa,Pts_visitante,3P_visitante,2P_visitante,LL_visitante,RT_visitante,RO_visitante,RD_visitante,AS_visitante,ER_visitante,IA%_visitante,3PC_visitante,3PT_visitante,3P%_visitante,2PC_visitante,2PT_visitante,2P%_visitante,LLC_visitante,LLT_visitante,LL%_visitante,EN_visitante,BR_visitante,B/E_visitante,TO_visitante,FC_visitante,T/FC_visitante,ET_visitante,VI_visitante,EF_visitante
89,82,2020-12-23,7,1,2020-2021,Minas,Sesi Franca,90.634,28.8,44.53333333333334,17.298666666666666,38.63333333333333,10.199333333333334,28.434000000000005,20.09933333333333,13.898666666666667,1.4586666666666666,9.6,25.568,37.495333333333335,22.26666666666667,39.53333333333333,55.940000000000005,17.298666666666666,21.899999999999995,77.90799999999999,2.0326666666666666,7.566666666666666,0.5400000000000001,2.099333333333333,22.201333333333334,0.09600000000000003,13.898666666666667,2.6659999999999995,107.3,86.86666666666666,30.7,40.0,16.166666666666668,37.60066666666667,10.067333333333332,27.533333333333335,20.832666666666668,13.267333333333333,1.597333333333333,10.233333333333333,27.20066666666667,37.31933333333334,20.0,37.632666666666665,53.5,16.166666666666668,19.533333333333335,83.82866666666668,1.7326666666666668,6.667333333333334,0.5166666666666668,2.5326666666666666,19.467333333333332,0.13399999999999998,13.267333333333333,1.4326666666666668,103.26600000000002
