placar_casa,placar_visitante,data,round,stage,ano,equipe_casa,equipe_visitante,Pts_casa,3P_casa,2P_casa,LL_casa,RT_casa,RO_casa,RD_casa,AS_casa,ER_casa,IA%_casa,3PC_casa,3PT_casa,3P%_casa,2PC_casa,2PT_casa,2P%_casa,LLC_casa,LLT_casa,LL%_casa,EN_casa,BR_casa,B/E_casa,TO_casa,FC_casa,T/FC_casa,ET_casa,VI_casa,EF_casa,Pts_visitante,3P_visitante,2P_visitante,LL_visitante,RT_visitante,RO_visitante,RD_visitante,AS_visitante,ER_visitante,IA%_visitante,3PC_visitante,3PT_visitante,3P%_visitante,2PC_visitante,2PT_visitante,2P%_visitante,LLC_visitante,LLT_visitante,LL%_visitante,EN_visitante,BR_visitante,B/E_visitante,TO_visitante,FC_visitante,T/FC_visitante,ET_visitante,VI_visitante,EF_visitante
87,56,2020-12-28,7,1,2020-2021,Flamengo,Mogi,91.43266666666666,40.1,35.46666666666667,15.866000000000001,42.93333333333333,12.133333333333333,30.8,22.167333333333332,11.999999999999998,1.8693333333333333,13.367333333333333,36.53333333333333,36.664666666666676,17.733333333333334,31.066666666666663,57.18866666666666,15.866000000000001,20.534,77.18266666666666,1.1320000000000001,7.134,0.596,1.7666666666666662,15.534666666666663,0.11333333333333337,11.999999999999998,2.1673333333333336,112.26666666666668,81.17800000000001,31.2,36.44466666666667,13.533333333333333,34.8,9.955333333333332,24.84466666666667,19.2,14.266666666666667,1.4793333333333336,10.4,27.955333333333332,37.36000000000001,18.221999999999998,36.04466666666667,50.52533333333334,13.533333333333333,17.911333333333335,76.98866666666666,1.222,7.355333333333333,0.5486666666666665,2.1333333333333333,20.8,0.10466666666666669,14.266666666666667,2.3113333333333332,90.64466666666667
