placar_casa,placar_visitante,data,round,stage,ano,equipe_casa,equipe_visitante,Pts_casa,3P_casa,2P_casa,LL_casa,RT_casa,RO_casa,RD_casa,AS_casa,ER_casa,IA%_casa,3PC_casa,3PT_casa,3P%_casa,2PC_casa,2PT_casa,2P%_casa,LLC_casa,LLT_casa,LL%_casa,EN_casa,BR_casa,B/E_casa,TO_casa,FC_casa,T/FC_casa,ET_casa,VI_casa,EF_casa,Pts_visitante,3P_visitante,2P_visitante,LL_visitante,RT_visitante,RO_visitante,RD_visitante,AS_visitante,ER_visitante,IA%_visitante,3PC_visitante,3PT_visitante,3P%_visitante,2PC_visitante,2PT_visitante,2P%_visitante,LLC_visitante,LLT_visitante,LL%_visitante,EN_visitante,BR_visitante,B/E_visitante,TO_visitante,FC_visitante,T/FC_visitante,ET_visitante,VI_visitante,EF_visitante
76,75,2023-11-25,6,1,2023-2024,UNIFACISA,Corinthians,79.83333333333333,29.5,36.333333333333336,14.0,35.56666666666667,9.666666666666666,25.9,15.5,11.766666666666667,1.4153333333333333,9.833333333333334,28.566666666666666,34.284,18.166666666666668,34.06666666666667,53.08533333333334,14.0,18.766666666666666,73.48733333333332,1.2,6.933333333333334,0.5986666666666666,1.8,19.833333333333332,0.096,11.766666666666667,2.3,88.46666666666667,77.26666666666667,23.9,39.266666666666666,14.1,38.06666666666667,10.666666666666666,27.4,15.933333333333334,13.266666666666667,1.2713333333333334,7.966666666666667,27.566666666666666,28.776,19.633333333333333,36.2,54.447999999999986,14.1,19.466666666666665,72.97266666666665,2.3666666666666667,5.966666666666667,0.4806666666666668,2.7333333333333334,18.7,0.14733333333333337,13.266666666666667,2.7,85.16666666666667
