placar_casa,placar_visitante,data,round,stage,ano,equipe_casa,equipe_visitante,Pts_casa,3P_casa,2P_casa,LL_casa,RT_casa,RO_casa,RD_casa,AS_casa,ER_casa,IA%_casa,3PC_casa,3PT_casa,3P%_casa,2PC_casa,2PT_casa,2P%_casa,LLC_casa,LLT_casa,LL%_casa,EN_casa,BR_casa,B/E_casa,TO_casa,FC_casa,T/FC_casa,ET_casa,VI_casa,EF_casa,Pts_visitante,3P_visitante,2P_visitante,LL_visitante,RT_visitante,RO_visitante,RD_visitante,AS_visitante,ER_visitante,IA%_visitante,3PC_visitante,3PT_visitante,3P%_visitante,2PC_visitante,2PT_visitante,2P%_visitante,LLC_visitante,LLT_visitante,LL%_visitante,EN_visitante,BR_visitante,B/E_visitante,TO_visitante,FC_visitante,T/FC_visitante,ET_visitante,VI_visitante,EF_visitante
68,72,2023-11-09,4,1,2023-2024,Pinheiros,Paulistano,80.06666666666666,24.8,41.333333333333336,13.933333333333334,42.53333333333333,13.4,29.133333333333333,18.0,15.933333333333334,1.212,8.266666666666667,24.533333333333335,33.55466666666666,20.666666666666668,41.2,50.416666666666664,13.933333333333334,19.8,71.29133333333333,1.6666666666666667,7.2,0.49666666666666665,1.8,21.066666666666666,0.08466666666666667,15.933333333333334,2.6,91.0,79.03333333333333,24.6,41.2,13.233333333333333,41.53333333333333,14.633333333333333,26.9,15.2,13.133333333333333,1.2519999999999998,8.2,25.966666666666665,31.07466666666667,20.6,40.46666666666667,51.124,13.233333333333333,18.366666666666667,71.616,1.8,7.233333333333333,0.612,2.7333333333333334,20.566666666666666,0.1326666666666667,13.133333333333333,2.466666666666667,89.83333333333333
