placar_casa,placar_visitante,data,round,stage,ano,equipe_casa,equipe_visitante,Pts_casa,3P_casa,2P_casa,LL_casa,RT_casa,RO_casa,RD_casa,AS_casa,ER_casa,IA%_casa,3PC_casa,3PT_casa,3P%_casa,2PC_casa,2PT_casa,2P%_casa,LLC_casa,LLT_casa,LL%_casa,EN_casa,BR_casa,B/E_casa,TO_casa,FC_casa,T/FC_casa,ET_casa,VI_casa,EF_casa,Pts_visitante,3P_visitante,2P_visitante,LL_visitante,RT_visitante,RO_visitante,RD_visitante,AS_visitante,ER_visitante,IA%_visitante,3PC_visitante,3PT_visitante,3P%_visitante,2PC_visitante,2PT_visitante,2P%_visitante,LLC_visitante,LLT_visitante,LL%_visitante,EN_visitante,BR_visitante,B/E_visitante,TO_visitante,FC_visitante,T/FC_visitante,ET_visitante,VI_visitante,EF_visitante
51,63,2023-11-28,7,1,2023-2024,União Corinthians,Paulistano,75.08866666666667,27.4,33.378,14.311333333333334,36.11133333333334,8.0,28.111333333333334,15.644666666666668,14.378000000000002,1.1119999999999999,9.133333333333333,27.6,33.72199999999999,16.688666666666666,33.888666666666666,49.084666666666664,14.311333333333334,19.488666666666667,71.952,1.0,5.8,0.40266666666666656,1.9333333333333333,21.178,0.09266666666666669,14.378000000000002,2.3333333333333335,79.35533333333333,74.13333333333334,21.8,40.266666666666666,12.066666666666666,40.333333333333336,14.733333333333333,25.6,14.533333333333333,12.533333333333333,1.2726666666666668,7.266666666666667,24.933333333333334,28.869333333333334,20.133333333333333,42.0,47.95466666666667,12.066666666666666,17.266666666666666,69.63066666666668,1.4666666666666666,7.933333333333334,0.696,2.8666666666666667,20.133333333333333,0.1406666666666667,12.533333333333333,2.2666666666666666,82.53333333333333
