placar_casa,placar_visitante,data,round,stage,ano,equipe_casa,equipe_visitante,Pts_casa,3P_casa,2P_casa,LL_casa,RT_casa,RO_casa,RD_casa,AS_casa,ER_casa,IA%_casa,3PC_casa,3PT_casa,3P%_casa,2PC_casa,2PT_casa,2P%_casa,LLC_casa,LLT_casa,LL%_casa,EN_casa,BR_casa,B/E_casa,TO_casa,FC_casa,T/FC_casa,ET_casa,VI_casa,EF_casa,Pts_visitante,3P_visitante,2P_visitante,LL_visitante,RT_visitante,RO_visitante,RD_visitante,AS_visitante,ER_visitante,IA%_visitante,3PC_visitante,3PT_visitante,3P%_visitante,2PC_visitante,2PT_visitante,2P%_visitante,LLC_visitante,LLT_visitante,LL%_visitante,EN_visitante,BR_visitante,B/E_visitante,TO_visitante,FC_visitante,T/FC_visitante,ET_visitante,VI_visitante,EF_visitante
91,71,2023-12-20,10,1,2023-2024,Minas,BRB/Brasília,84.06666666666666,33.0,37.46666666666667,13.6,37.333333333333336,10.666666666666666,26.666666666666668,20.6,12.2,1.7533333333333336,11.0,28.866666666666667,37.50600000000001,18.733333333333334,34.333333333333336,54.53666666666667,13.6,18.533333333333335,72.61333333333332,1.2666666666666666,5.533333333333333,0.4526666666666667,2.466666666666667,19.266666666666666,0.13133333333333336,12.2,2.8,99.4,71.66666666666667,25.7,33.19933333333333,12.767333333333331,32.467333333333336,9.366000000000001,23.09933333333333,12.433999999999997,13.5,0.9539999999999996,8.566666666666666,26.10066666666667,32.82333333333334,16.60066666666667,37.766666666666666,44.12133333333332,12.767333333333331,18.634000000000004,67.772,0.9,7.6659999999999995,0.5866666666666668,1.2,20.233333333333334,0.05933333333333334,13.5,3.0673333333333335,67.36733333333332
