placar_casa,placar_visitante,data,round,stage,ano,equipe_casa,equipe_visitante,Pts_casa,3P_casa,2P_casa,LL_casa,RT_casa,RO_casa,RD_casa,AS_casa,ER_casa,IA%_casa,3PC_casa,3PT_casa,3P%_casa,2PC_casa,2PT_casa,2P%_casa,LLC_casa,LLT_casa,LL%_casa,EN_casa,BR_casa,B/E_casa,TO_casa,FC_casa,T/FC_casa,ET_casa,VI_casa,EF_casa,Pts_visitante,3P_visitante,2P_visitante,LL_visitante,RT_visitante,RO_visitante,RD_visitante,AS_visitante,ER_visitante,IA%_visitante,3PC_visitante,3PT_visitante,3P%_visitante,2PC_visitante,2PT_visitante,2P%_visitante,LLC_visitante,LLT_visitante,LL%_visitante,EN_visitante,BR_visitante,B/E_visitante,TO_visitante,FC_visitante,T/FC_visitante,ET_visitante,VI_visitante,EF_visitante
71,62,2023-10-26,2,1,2023-2024,R10 Score Vasco da Gama,Pato Basquete,75.83333333333333,21.6,39.0,15.233333333333333,38.03333333333333,12.566666666666666,25.466666666666665,17.933333333333334,14.9,1.2346666666666666,7.2,24.866666666666667,29.113999999999997,19.5,40.766666666666666,48.068000000000005,15.233333333333333,20.666666666666668,73.92866666666667,0.5,6.6,0.4706666666666666,0.6333333333333333,19.366666666666667,0.035333333333333335,14.9,1.7,79.63333333333334,77.16666666666667,25.1,40.2,11.866666666666667,37.46666666666667,11.533333333333333,25.933333333333334,15.466666666666667,13.3,1.3046666666666666,8.366666666666667,27.8,29.678666666666672,20.1,36.93333333333333,54.16066666666666,11.866666666666667,16.533333333333335,71.27266666666667,0.6333333333333333,7.4,0.5986666666666667,1.6666666666666667,20.333333333333332,0.08000000000000003,13.3,3.3,84.93333333333334
