placar_casa,placar_visitante,data,round,stage,ano,equipe_casa,equipe_visitante,Pts_casa,3P_casa,2P_casa,LL_casa,RT_casa,RO_casa,RD_casa,AS_casa,ER_casa,IA%_casa,3PC_casa,3PT_casa,3P%_casa,2PC_casa,2PT_casa,2P%_casa,LLC_casa,LLT_casa,LL%_casa,EN_casa,BR_casa,B/E_casa,TO_casa,FC_casa,T/FC_casa,ET_casa,VI_casa,EF_casa,Pts_visitante,3P_visitante,2P_visitante,LL_visitante,RT_visitante,RO_visitante,RD_visitante,AS_visitante,ER_visitante,IA%_visitante,3PC_visitante,3PT_visitante,3P%_visitante,2PC_visitante,2PT_visitante,2P%_visitante,LLC_visitante,LLT_visitante,LL%_visitante,EN_visitante,BR_visitante,B/E_visitante,TO_visitante,FC_visitante,T/FC_visitante,ET_visitante,VI_visitante,EF_visitante
81,78,2023-11-14,5,1,2023-2024,Corinthians,São Paulo,76.86666666666666,24.6,38.13333333333333,14.133333333333333,38.46666666666667,10.666666666666666,27.8,15.933333333333334,14.333333333333334,1.2053333333333331,8.2,28.066666666666666,29.149333333333338,19.066666666666666,34.733333333333334,54.84466666666667,14.133333333333333,20.333333333333332,70.73866666666666,2.533333333333333,5.733333333333333,0.44200000000000006,3.4,20.0,0.16999999999999998,14.333333333333334,2.533333333333333,84.33333333333333,80.53333333333333,32.2,34.266666666666666,14.066666666666666,33.2,8.333333333333334,24.866666666666667,16.6,11.133333333333333,1.668,10.733333333333333,29.066666666666666,35.94200000000001,17.133333333333333,33.4,51.98933333333332,14.066666666666666,18.0,76.74933333333334,1.0666666666666667,6.8,0.652,1.0666666666666667,22.4,0.05000000000000002,11.133333333333333,1.1333333333333333,88.53333333333333
