placar_casa,placar_visitante,data,round,stage,ano,equipe_casa,equipe_visitante,Pts_casa,3P_casa,2P_casa,LL_casa,RT_casa,RO_casa,RD_casa,AS_casa,ER_casa,IA%_casa,3PC_casa,3PT_casa,3P%_casa,2PC_casa,2PT_casa,2P%_casa,LLC_casa,LLT_casa,LL%_casa,EN_casa,BR_casa,B/E_casa,TO_casa,FC_casa,T/FC_casa,ET_casa,VI_casa,EF_casa,Pts_visitante,3P_visitante,2P_visitante,LL_visitante,RT_visitante,RO_visitante,RD_visitante,AS_visitante,ER_visitante,IA%_visitante,3PC_visitante,3PT_visitante,3P%_visitante,2PC_visitante,2PT_visitante,2P%_visitante,LLC_visitante,LLT_visitante,LL%_visitante,EN_visitante,BR_visitante,B/E_visitante,TO_visitante,FC_visitante,T/FC_visitante,ET_visitante,VI_visitante,EF_visitante
78,77,2023-12-04,8,1,2023-2024,São Paulo,Botafogo,79.2,27.6,37.46666666666667,14.133333333333333,34.0,8.666666666666666,25.333333333333332,15.8,10.8,1.4846666666666666,9.2,26.6,33.92066666666666,18.733333333333334,35.2,53.316666666666656,14.133333333333333,17.866666666666667,78.18933333333332,1.2,5.8,0.5306666666666667,1.7333333333333334,20.4,0.09733333333333336,10.8,1.4666666666666666,88.13333333333334,75.8,25.4,37.333333333333336,13.066666666666666,35.53333333333333,11.133333333333333,24.4,15.933333333333334,15.533333333333333,1.0946666666666667,8.466666666666667,27.733333333333334,30.552666666666664,18.666666666666668,35.666666666666664,52.48199999999999,13.066666666666666,18.666666666666668,71.02133333333332,0.5333333333333333,6.8,0.4753333333333333,1.8,20.6,0.09133333333333335,15.533333333333333,3.6,78.46666666666667
