placar_casa,placar_visitante,data,round,stage,ano,equipe_casa,equipe_visitante,Pts_casa,3P_casa,2P_casa,LL_casa,RT_casa,RO_casa,RD_casa,AS_casa,ER_casa,IA%_casa,3PC_casa,3PT_casa,3P%_casa,2PC_casa,2PT_casa,2P%_casa,LLC_casa,LLT_casa,LL%_casa,EN_casa,BR_casa,B/E_casa,TO_casa,FC_casa,T/FC_casa,ET_casa,VI_casa,EF_casa,Pts_visitante,3P_visitante,2P_visitante,LL_visitante,RT_visitante,RO_visitante,RD_visitante,AS_visitante,ER_visitante,IA%_visitante,3PC_visitante,3PT_visitante,3P%_visitante,2PC_visitante,2PT_visitante,2P%_visitante,LLC_visitante,LLT_visitante,LL%_visitante,EN_visitante,BR_visitante,B/E_visitante,TO_visitante,FC_visitante,T/FC_visitante,ET_visitante,VI_visitante,EF_visitante
71,79,2023-11-17,5,1,2023-2024,Corinthians,Paulistano,76.93333333333334,24.5,38.4,14.033333333333333,38.2,10.633333333333333,27.566666666666666,15.966666666666667,14.066666666666666,1.2286666666666666,8.166666666666666,27.833333333333332,29.268000000000004,19.2,35.2,54.57466666666666,14.033333333333333,19.866666666666667,71.53400000000002,2.5,5.833333333333333,0.4546666666666667,3.1333333333333333,19.433333333333334,0.162,14.066666666666666,2.566666666666667,84.5,76.6,23.7,40.06666666666667,12.833333333333334,41.1,14.8,26.3,14.666666666666666,13.133333333333333,1.214,7.9,25.933333333333334,29.866000000000003,20.033333333333335,40.36666666666667,49.80933333333334,12.833333333333334,18.0,71.016,1.7333333333333334,7.5,0.6313333333333333,2.5,20.4,0.1226666666666667,13.133333333333333,2.466666666666667,85.7
