placar_casa,placar_visitante,data,round,stage,ano,equipe_casa,equipe_visitante,Pts_casa,3P_casa,2P_casa,LL_casa,RT_casa,RO_casa,RD_casa,AS_casa,ER_casa,IA%_casa,3PC_casa,3PT_casa,3P%_casa,2PC_casa,2PT_casa,2P%_casa,LLC_casa,LLT_casa,LL%_casa,EN_casa,BR_casa,B/E_casa,TO_casa,FC_casa,T/FC_casa,ET_casa,VI_casa,EF_casa,Pts_visitante,3P_visitante,2P_visitante,LL_visitante,RT_visitante,RO_visitante,RD_visitante,AS_visitante,ER_visitante,IA%_visitante,3PC_visitante,3PT_visitante,3P%_visitante,2PC_visitante,2PT_visitante,2P%_visitante,LLC_visitante,LLT_visitante,LL%_visitante,EN_visitante,BR_visitante,B/E_visitante,TO_visitante,FC_visitante,T/FC_visitante,ET_visitante,VI_visitante,EF_visitante
74,70,2023-11-11,4,1,2023-2024,Bauru Basket,Pinheiros,78.66666666666667,30.9,35.6,12.166666666666666,32.333333333333336,8.933333333333334,23.4,17.033333333333335,11.733333333333333,1.4666666666666661,10.3,28.166666666666668,36.102,17.8,35.13333333333333,50.656666666666666,12.166666666666666,15.5,76.01666666666668,1.4666666666666666,8.4,0.7333333333333331,1.4,18.7,0.07933333333333333,11.733333333333333,2.8666666666666667,87.56666666666666,79.53333333333333,26.0,39.93333333333333,13.6,41.8,12.9,28.9,17.7,16.0,1.1813333333333336,8.666666666666666,25.033333333333335,34.48066666666667,19.966666666666665,39.766666666666666,50.45133333333333,13.6,19.866666666666667,68.94466666666668,1.5,6.966666666666667,0.4753333333333334,1.8666666666666667,20.9,0.08933333333333332,16.0,2.466666666666667,89.43333333333334
