placar_casa,placar_visitante,data,round,stage,ano,equipe_casa,equipe_visitante,Pts_casa,3P_casa,2P_casa,LL_casa,RT_casa,RO_casa,RD_casa,AS_casa,ER_casa,IA%_casa,3PC_casa,3PT_casa,3P%_casa,2PC_casa,2PT_casa,2P%_casa,LLC_casa,LLT_casa,LL%_casa,EN_casa,BR_casa,B/E_casa,TO_casa,FC_casa,T/FC_casa,ET_casa,VI_casa,EF_casa,Pts_visitante,3P_visitante,2P_visitante,LL_visitante,RT_visitante,RO_visitante,RD_visitante,AS_visitante,ER_visitante,IA%_visitante,3PC_visitante,3PT_visitante,3P%_visitante,2PC_visitante,2PT_visitante,2P%_visitante,LLC_visitante,LLT_visitante,LL%_visitante,EN_visitante,BR_visitante,B/E_visitante,TO_visitante,FC_visitante,T/FC_visitante,ET_visitante,VI_visitante,EF_visitante
79,95,2023-11-25,6,1,2023-2024,Mogi,R10 Score Vasco da Gama,77.78933333333335,32.56666666666667,33.82266666666667,11.4,35.38933333333333,8.522666666666668,26.866666666666667,19.4,17.477333333333334,1.1119999999999999,10.855999999999998,28.27733333333333,38.70133333333333,16.910666666666668,31.4,53.662000000000006,11.4,15.656000000000002,70.92533333333333,1.8106666666666664,5.756,0.32800000000000007,2.433333333333333,20.266666666666666,0.13200000000000003,17.477333333333334,2.6106666666666665,87.12266666666667,72.13399999999999,22.2,36.132666666666665,13.799333333333335,38.466,10.8,27.665999999999997,19.39933333333333,16.10066666666667,1.2466666666666666,7.400666666666667,25.534000000000002,28.948666666666664,18.067333333333334,36.166000000000004,50.49199999999999,13.799333333333335,20.00066666666667,69.43333333333334,1.2333333333333334,6.200666666666667,0.38266666666666665,1.7339999999999998,21.033333333333335,0.07733333333333334,16.10066666666667,2.6333333333333333,79.33333333333333
