placar_casa,placar_visitante,data,round,stage,ano,equipe_casa,equipe_visitante,Pts_casa,3P_casa,2P_casa,LL_casa,RT_casa,RO_casa,RD_casa,AS_casa,ER_casa,IA%_casa,3PC_casa,3PT_casa,3P%_casa,2PC_casa,2PT_casa,2P%_casa,LLC_casa,LLT_casa,LL%_casa,EN_casa,BR_casa,B/E_casa,TO_casa,FC_casa,T/FC_casa,ET_casa,VI_casa,EF_casa,Pts_visitante,3P_visitante,2P_visitante,LL_visitante,RT_visitante,RO_visitante,RD_visitante,AS_visitante,ER_visitante,IA%_visitante,3PC_visitante,3PT_visitante,3P%_visitante,2PC_visitante,2PT_visitante,2P%_visitante,LLC_visitante,LLT_visitante,LL%_visitante,EN_visitante,BR_visitante,B/E_visitante,TO_visitante,FC_visitante,T/FC_visitante,ET_visitante,VI_visitante,EF_visitante
78,77,2013-01-12,14,1,2012-2013,Sesi Franca,Minas,80.73333333333333,65.8,50.666666666666664,14.066666666666666,32.13333333333333,8.866666666666667,23.266666666666666,16.466666666666665,14.933333333333334,1.3246666666666667,5.333333333333333,15.466666666666667,35.254,25.333333333333332,45.6,55.582666666666675,14.066666666666666,21.133333333333333,66.82066666666667,3.7333333333333334,9.4,0.7386666666666668,3.4,18.866666666666667,0.18800000000000003,14.933333333333334,3.0,99.8,81.13333333333334,50.6,41.733333333333334,16.6,26.066666666666666,7.733333333333333,18.333333333333332,13.466666666666667,12.133333333333333,1.231333333333333,7.6,20.466666666666665,36.80066666666667,20.866666666666667,38.53333333333333,54.49266666666666,16.6,21.133333333333333,78.20533333333333,0.8666666666666667,7.533333333333333,0.6746666666666666,2.066666666666667,22.0,0.098,12.133333333333333,2.8,90.4
