placar_casa,placar_visitante,data,round,stage,ano,equipe_casa,equipe_visitante,Pts_casa,3P_casa,2P_casa,LL_casa,RT_casa,RO_casa,RD_casa,AS_casa,ER_casa,IA%_casa,3PC_casa,3PT_casa,3P%_casa,2PC_casa,2PT_casa,2P%_casa,LLC_casa,LLT_casa,LL%_casa,EN_casa,BR_casa,B/E_casa,TO_casa,FC_casa,T/FC_casa,ET_casa,VI_casa,EF_casa,Pts_visitante,3P_visitante,2P_visitante,LL_visitante,RT_visitante,RO_visitante,RD_visitante,AS_visitante,ER_visitante,IA%_visitante,3PC_visitante,3PT_visitante,3P%_visitante,2PC_visitante,2PT_visitante,2P%_visitante,LLC_visitante,LLT_visitante,LL%_visitante,EN_visitante,BR_visitante,B/E_visitante,TO_visitante,FC_visitante,T/FC_visitante,ET_visitante,VI_visitante,EF_visitante
93,73,2013-01-10,13,1,2012-2013,L. Sorocabana,Palmeiras,71.73333333333333,47.0,40.266666666666666,15.466666666666667,27.0,7.333333333333333,19.666666666666668,9.2,11.133333333333333,0.8933333333333332,5.333333333333333,19.266666666666666,28.891333333333332,20.133333333333333,38.333333333333336,52.568,15.466666666666667,21.466666666666665,72.28733333333334,1.6666666666666667,7.533333333333333,0.7386666666666666,1.6,19.0,0.07999999999999999,11.133333333333333,2.533333333333333,76.33333333333333,75.3,53.7,35.8,14.3,27.9,9.0,18.9,10.7,12.0,1.0750000000000002,8.4,23.9,35.739999999999995,17.9,39.8,45.369,14.3,21.0,66.776,1.5,8.3,0.762,1.5,23.2,0.06200000000000001,12.0,3.0,77.3
