placar_casa,placar_visitante,data,round,stage,ano,equipe_casa,equipe_visitante,Pts_casa,3P_casa,2P_casa,LL_casa,RT_casa,RO_casa,RD_casa,AS_casa,ER_casa,IA%_casa,3PC_casa,3PT_casa,3P%_casa,2PC_casa,2PT_casa,2P%_casa,LLC_casa,LLT_casa,LL%_casa,EN_casa,BR_casa,B/E_casa,TO_casa,FC_casa,T/FC_casa,ET_casa,VI_casa,EF_casa,Pts_visitante,3P_visitante,2P_visitante,LL_visitante,RT_visitante,RO_visitante,RD_visitante,AS_visitante,ER_visitante,IA%_visitante,3PC_visitante,3PT_visitante,3P%_visitante,2PC_visitante,2PT_visitante,2P%_visitante,LLC_visitante,LLT_visitante,LL%_visitante,EN_visitante,BR_visitante,B/E_visitante,TO_visitante,FC_visitante,T/FC_visitante,ET_visitante,VI_visitante,EF_visitante
66,92,2023-12-04,8,1,2023-2024,BRB/Brasília,Coop/São José Basketball,71.46666666666667,25.4,31.733333333333334,14.333333333333334,34.266666666666666,9.466666666666667,24.8,14.133333333333333,14.8,1.0053333333333332,8.466666666666667,26.066666666666666,32.334666666666664,15.866666666666667,36.06666666666667,44.15733333333334,14.333333333333334,20.333333333333332,69.43733333333333,1.3333333333333333,6.866666666666666,0.49666666666666676,1.2,20.8,0.05733333333333333,14.8,3.2666666666666666,69.33333333333333,80.8,28.066666666666666,40.0,12.733333333333333,38.35533333333333,9.933333333333334,28.422,19.15533333333333,14.866666666666667,1.3246666666666669,9.355333333333332,26.422,35.42066666666666,20.0,36.8,54.413333333333334,12.733333333333333,18.022,70.68333333333334,1.5333333333333334,7.355333333333333,0.49666666666666665,1.8886666666666665,19.866666666666667,0.0986666666666667,14.866666666666667,2.6666666666666665,93.53333333333333
