placar_casa,placar_visitante,data,round,stage,ano,equipe_casa,equipe_visitante,Pts_casa,3P_casa,2P_casa,LL_casa,RT_casa,RO_casa,RD_casa,AS_casa,ER_casa,IA%_casa,3PC_casa,3PT_casa,3P%_casa,2PC_casa,2PT_casa,2P%_casa,LLC_casa,LLT_casa,LL%_casa,EN_casa,BR_casa,B/E_casa,TO_casa,FC_casa,T/FC_casa,ET_casa,VI_casa,EF_casa,Pts_visitante,3P_visitante,2P_visitante,LL_visitante,RT_visitante,RO_visitante,RD_visitante,AS_visitante,ER_visitante,IA%_visitante,3PC_visitante,3PT_visitante,3P%_visitante,2PC_visitante,2PT_visitante,2P%_visitante,LLC_visitante,LLT_visitante,LL%_visitante,EN_visitante,BR_visitante,B/E_visitante,TO_visitante,FC_visitante,T/FC_visitante,ET_visitante,VI_visitante,EF_visitante
75,69,2023-12-07,8,1,2023-2024,Pinheiros,Mogi,78.4,27.0,39.2,12.2,39.86666666666667,12.866666666666667,27.0,17.0,14.066666666666666,1.2946666666666666,9.0,26.333333333333332,33.93333333333332,19.6,38.53333333333333,51.26266666666666,12.2,18.333333333333332,66.43266666666668,1.3333333333333333,6.0,0.4533333333333334,1.5333333333333334,19.466666666666665,0.07666666666666669,14.066666666666666,2.1333333333333333,86.33333333333333,76.06733333333332,32.1,32.334,11.633333333333333,33.50066666666667,8.500666666666667,25.0,18.966666666666665,15.866000000000003,1.1926666666666668,10.700666666666667,27.665999999999997,38.92933333333333,16.166000000000004,29.833333333333332,54.09,11.633333333333333,16.300666666666668,70.76333333333334,1.1326666666666667,5.900666666666667,0.3673333333333334,1.8666666666666667,20.666666666666668,0.10133333333333336,15.866000000000003,2.9326666666666665,85.134
