placar_casa,placar_visitante,data,round,stage,ano,equipe_casa,equipe_visitante,Pts_casa,3P_casa,2P_casa,LL_casa,RT_casa,RO_casa,RD_casa,AS_casa,ER_casa,IA%_casa,3PC_casa,3PT_casa,3P%_casa,2PC_casa,2PT_casa,2P%_casa,LLC_casa,LLT_casa,LL%_casa,EN_casa,BR_casa,B/E_casa,TO_casa,FC_casa,T/FC_casa,ET_casa,VI_casa,EF_casa,Pts_visitante,3P_visitante,2P_visitante,LL_visitante,RT_visitante,RO_visitante,RD_visitante,AS_visitante,ER_visitante,IA%_visitante,3PC_visitante,3PT_visitante,3P%_visitante,2PC_visitante,2PT_visitante,2P%_visitante,LLC_visitante,LLT_visitante,LL%_visitante,EN_visitante,BR_visitante,B/E_visitante,TO_visitante,FC_visitante,T/FC_visitante,ET_visitante,VI_visitante,EF_visitante
81,73,2019-01-14,2,2,2018-2019,Pinheiros,Flamengo,81.134,32.2,36.26733333333333,12.666666666666666,34.466,10.800666666666666,23.667333333333332,14.666,12.132666666666667,1.35,10.732666666666667,29.534,36.32533333333333,18.13266666666667,35.2,52.027333333333345,12.666666666666666,16.799333333333333,75.54933333333334,1.0666666666666667,7.733333333333333,0.7053333333333334,1.866,18.334,0.10133333333333333,12.132666666666667,2.3333333333333335,87.66666666666667,81.33200000000001,26.6,40.932,13.8,42.26533333333334,13.601333333333333,28.668000000000003,19.66666666666667,12.933333333333334,1.59,8.866666666666667,28.40066666666667,32.14133333333333,20.468000000000004,39.99933333333333,51.602,13.8,17.8,77.21533333333333,1.2666666666666666,7.266,0.6060000000000001,1.4013333333333333,19.667333333333335,0.07133333333333333,12.933333333333334,1.665333333333333,95.86666666666666
