placar_casa,placar_visitante,data,round,stage,ano,equipe_casa,equipe_visitante,Pts_casa,3P_casa,2P_casa,LL_casa,RT_casa,RO_casa,RD_casa,AS_casa,ER_casa,IA%_casa,3PC_casa,3PT_casa,3P%_casa,2PC_casa,2PT_casa,2P%_casa,LLC_casa,LLT_casa,LL%_casa,EN_casa,BR_casa,B/E_casa,TO_casa,FC_casa,T/FC_casa,ET_casa,VI_casa,EF_casa,Pts_visitante,3P_visitante,2P_visitante,LL_visitante,RT_visitante,RO_visitante,RD_visitante,AS_visitante,ER_visitante,IA%_visitante,3PC_visitante,3PT_visitante,3P%_visitante,2PC_visitante,2PT_visitante,2P%_visitante,LLC_visitante,LLT_visitante,LL%_visitante,EN_visitante,BR_visitante,B/E_visitante,TO_visitante,FC_visitante,T/FC_visitante,ET_visitante,VI_visitante,EF_visitante
97,82,2019-01-08,1,2,2018-2019,Corinthians,Minas,76.5,20.3,39.333,16.867,38.1,11.533,26.567,17.032999999999998,15.233,1.166,6.767,22.833,29.594,19.667,40.833,48.74,16.867,21.532999999999998,78.66799999999999,2.1,7.1,0.465,1.467,23.467000000000002,0.06200000000000001,15.233,2.1,82.86699999999999,78.00099999999999,27.4,35.934000000000005,14.666999999999998,36.33500000000001,10.366,25.967000000000002,16.299000000000003,12.899000000000001,1.2930000000000001,9.135000000000002,26.1,34.77400000000001,17.966,37.233,48.35600000000001,14.666999999999998,20.667,70.902,1.734,7.934,0.6379999999999999,1.8,19.201000000000004,0.095,12.899000000000001,1.2650000000000001,84.934
