placar_casa,placar_visitante,data,round,stage,ano,equipe_casa,equipe_visitante,Pts_casa,3P_casa,2P_casa,LL_casa,RT_casa,RO_casa,RD_casa,AS_casa,ER_casa,IA%_casa,3PC_casa,3PT_casa,3P%_casa,2PC_casa,2PT_casa,2P%_casa,LLC_casa,LLT_casa,LL%_casa,EN_casa,BR_casa,B/E_casa,TO_casa,FC_casa,T/FC_casa,ET_casa,VI_casa,EF_casa,Pts_visitante,3P_visitante,2P_visitante,LL_visitante,RT_visitante,RO_visitante,RD_visitante,AS_visitante,ER_visitante,IA%_visitante,3PC_visitante,3PT_visitante,3P%_visitante,2PC_visitante,2PT_visitante,2P%_visitante,LLC_visitante,LLT_visitante,LL%_visitante,EN_visitante,BR_visitante,B/E_visitante,TO_visitante,FC_visitante,T/FC_visitante,ET_visitante,VI_visitante,EF_visitante
65,64,2019-01-21,3,2,2018-2019,Mogi,Minas,86.3,24.0,46.0,16.3,39.400999999999996,10.199000000000002,29.199,20.000999999999998,12.699000000000002,1.6670000000000003,7.9990000000000006,22.101,36.61,23.0,41.0,55.89300000000001,16.3,23.000999999999998,70.609,1.299,6.899000000000001,0.5560000000000002,3.3009999999999997,19.499000000000002,0.169,12.699000000000002,1.8990000000000002,104.101,79.301,26.1,36.4,16.801,37.20100000000001,12.0,25.201,18.099,14.399000000000001,1.3050000000000002,8.701,25.7,33.954,18.2,37.398999999999994,48.626000000000005,16.801,24.000999999999998,70.03399999999999,2.0,8.1,0.5900000000000001,1.7,20.401,0.081,14.399000000000001,1.7990000000000002,86.2
