placar_casa,placar_visitante,data,round,stage,ano,equipe_casa,equipe_visitante,Pts_casa,3P_casa,2P_casa,LL_casa,RT_casa,RO_casa,RD_casa,AS_casa,ER_casa,IA%_casa,3PC_casa,3PT_casa,3P%_casa,2PC_casa,2PT_casa,2P%_casa,LLC_casa,LLT_casa,LL%_casa,EN_casa,BR_casa,B/E_casa,TO_casa,FC_casa,T/FC_casa,ET_casa,VI_casa,EF_casa,Pts_visitante,3P_visitante,2P_visitante,LL_visitante,RT_visitante,RO_visitante,RD_visitante,AS_visitante,ER_visitante,IA%_visitante,3PC_visitante,3PT_visitante,3P%_visitante,2PC_visitante,2PT_visitante,2P%_visitante,LLC_visitante,LLT_visitante,LL%_visitante,EN_visitante,BR_visitante,B/E_visitante,TO_visitante,FC_visitante,T/FC_visitante,ET_visitante,VI_visitante,EF_visitante
91,79,2018-12-04,8,1,2018-2019,Pinheiros,Sesi Franca,80.86733333333333,28.6,36.934,15.333333333333334,33.33266666666666,9.400666666666666,23.934000000000005,14.666,12.466000000000001,1.2166666666666666,9.532666666666668,26.40066666666667,35.99733333333334,18.466,35.93333333333333,51.904,15.333333333333334,20.466,75.05733333333335,1.1333333333333333,7.733333333333333,0.6199999999999999,2.4659999999999997,19.067333333333334,0.12533333333333335,12.466000000000001,2.4,87.06666666666666,86.4,33.0,38.666666666666664,14.733333333333333,33.53333333333333,8.266666666666667,25.266666666666666,17.4,11.866666666666667,1.5353333333333332,11.0,28.733333333333334,37.748,19.333333333333332,32.333333333333336,60.19666666666665,14.733333333333333,18.0,81.10133333333333,2.1333333333333333,6.0,0.5173333333333333,1.6666666666666667,20.266666666666666,0.09066666666666667,11.866666666666667,1.5333333333333334,99.0
