placar_casa,placar_visitante,data,round,stage,ano,equipe_casa,equipe_visitante,Pts_casa,3P_casa,2P_casa,LL_casa,RT_casa,RO_casa,RD_casa,AS_casa,ER_casa,IA%_casa,3PC_casa,3PT_casa,3P%_casa,2PC_casa,2PT_casa,2P%_casa,LLC_casa,LLT_casa,LL%_casa,EN_casa,BR_casa,B/E_casa,TO_casa,FC_casa,T/FC_casa,ET_casa,VI_casa,EF_casa,Pts_visitante,3P_visitante,2P_visitante,LL_visitante,RT_visitante,RO_visitante,RD_visitante,AS_visitante,ER_visitante,IA%_visitante,3PC_visitante,3PT_visitante,3P%_visitante,2PC_visitante,2PT_visitante,2P%_visitante,LLC_visitante,LLT_visitante,LL%_visitante,EN_visitante,BR_visitante,B/E_visitante,TO_visitante,FC_visitante,T/FC_visitante,ET_visitante,VI_visitante,EF_visitante
92,74,2014-01-16,17,1,2013-2014,Palmeiras,Coop/São José Basketball,77.46666666666667,20.8,41.733333333333334,14.933333333333334,36.266666666666666,12.466666666666667,23.8,13.466666666666667,13.266666666666667,1.1333333333333333,6.933333333333334,22.4,31.427999999999997,20.866666666666667,40.93333333333333,51.699333333333335,14.933333333333334,21.666666666666668,69.384,2.4,9.533333333333333,0.8066666666666665,2.533333333333333,20.4,0.12666666666666665,13.266666666666667,3.8,83.73333333333333,81.33333333333333,25.2,41.6,14.533333333333333,36.733333333333334,10.666666666666666,26.066666666666666,15.533333333333333,14.0,1.1453333333333333,8.4,23.6,36.74133333333334,20.8,39.86666666666667,52.24666666666667,14.533333333333333,18.533333333333335,79.26866666666666,0.7333333333333333,8.0,0.5846666666666667,2.3333333333333335,14.133333333333333,0.1766666666666667,14.0,2.933333333333333,91.66666666666667
