placar_casa,placar_visitante,data,round,stage,ano,equipe_casa,equipe_visitante,Pts_casa,3P_casa,2P_casa,LL_casa,RT_casa,RO_casa,RD_casa,AS_casa,ER_casa,IA%_casa,3PC_casa,3PT_casa,3P%_casa,2PC_casa,2PT_casa,2P%_casa,LLC_casa,LLT_casa,LL%_casa,EN_casa,BR_casa,B/E_casa,TO_casa,FC_casa,T/FC_casa,ET_casa,VI_casa,EF_casa,Pts_visitante,3P_visitante,2P_visitante,LL_visitante,RT_visitante,RO_visitante,RD_visitante,AS_visitante,ER_visitante,IA%_visitante,3PC_visitante,3PT_visitante,3P%_visitante,2PC_visitante,2PT_visitante,2P%_visitante,LLC_visitante,LLT_visitante,LL%_visitante,EN_visitante,BR_visitante,B/E_visitante,TO_visitante,FC_visitante,T/FC_visitante,ET_visitante,VI_visitante,EF_visitante
54,71,2013-12-21,12,1,2013-2014,Coop/São José Basketball,Fortaleza B. C. / CFO,84.33333333333333,24.4,41.06666666666667,18.866666666666667,35.2,10.466666666666667,24.733333333333334,15.8,14.933333333333334,1.0973333333333335,8.133333333333333,22.8,36.653999999999996,20.533333333333335,38.8,52.834666666666664,18.866666666666667,23.4,80.37533333333333,0.6666666666666666,7.866666666666666,0.5606666666666665,2.2,16.6,0.13866666666666666,14.933333333333334,3.533333333333333,93.0,77.4,19.6,45.6,12.2,30.066666666666666,9.2,20.866666666666667,13.133333333333333,11.466666666666667,1.3999999999999997,6.533333333333333,20.0,33.00466666666667,22.8,43.46666666666667,52.818666666666665,12.2,16.6,72.68466666666667,1.9333333333333333,9.733333333333333,0.9933333333333335,1.8,21.8,0.082,11.466666666666667,2.933333333333333,82.13333333333334
