placar_casa,placar_visitante,data,round,stage,ano,equipe_casa,equipe_visitante,Pts_casa,3P_casa,2P_casa,LL_casa,RT_casa,RO_casa,RD_casa,AS_casa,ER_casa,IA%_casa,3PC_casa,3PT_casa,3P%_casa,2PC_casa,2PT_casa,2P%_casa,LLC_casa,LLT_casa,LL%_casa,EN_casa,BR_casa,B/E_casa,TO_casa,FC_casa,T/FC_casa,ET_casa,VI_casa,EF_casa,Pts_visitante,3P_visitante,2P_visitante,LL_visitante,RT_visitante,RO_visitante,RD_visitante,AS_visitante,ER_visitante,IA%_visitante,3PC_visitante,3PT_visitante,3P%_visitante,2PC_visitante,2PT_visitante,2P%_visitante,LLC_visitante,LLT_visitante,LL%_visitante,EN_visitante,BR_visitante,B/E_visitante,TO_visitante,FC_visitante,T/FC_visitante,ET_visitante,VI_visitante,EF_visitante
74,84,2022-12-06,8,1,2022-2023,Coop/São José Basketball,Flamengo,84.4,29.8,42.53333333333333,12.066666666666666,35.93333333333333,9.666666666666666,26.266666666666666,21.666666666666668,13.0,1.7420000000000002,9.933333333333334,29.133333333333333,34.13000000000001,21.266666666666666,37.2,57.15066666666667,12.066666666666666,16.0,74.75133333333333,1.0,6.466666666666667,0.5133333333333333,2.3333333333333335,18.533333333333335,0.13066666666666665,13.0,2.066666666666667,98.73333333333333,79.26666666666667,32.8,35.2,11.266666666666667,43.4,13.066666666666666,30.333333333333332,19.133333333333333,12.533333333333333,1.5933333333333333,10.933333333333334,35.13333333333333,31.23933333333333,17.6,31.666666666666668,55.79399999999999,11.266666666666667,16.733333333333334,67.95333333333335,1.6666666666666667,6.333333333333333,0.5246666666666667,1.9333333333333333,16.4,0.12066666666666666,12.533333333333333,2.2666666666666666,93.8
