placar_casa,placar_visitante,data,round,stage,ano,equipe_casa,equipe_visitante,Pts_casa,3P_casa,2P_casa,LL_casa,RT_casa,RO_casa,RD_casa,AS_casa,ER_casa,IA%_casa,3PC_casa,3PT_casa,3P%_casa,2PC_casa,2PT_casa,2P%_casa,LLC_casa,LLT_casa,LL%_casa,EN_casa,BR_casa,B/E_casa,TO_casa,FC_casa,T/FC_casa,ET_casa,VI_casa,EF_casa,Pts_visitante,3P_visitante,2P_visitante,LL_visitante,RT_visitante,RO_visitante,RD_visitante,AS_visitante,ER_visitante,IA%_visitante,3PC_visitante,3PT_visitante,3P%_visitante,2PC_visitante,2PT_visitante,2P%_visitante,LLC_visitante,LLT_visitante,LL%_visitante,EN_visitante,BR_visitante,B/E_visitante,TO_visitante,FC_visitante,T/FC_visitante,ET_visitante,VI_visitante,EF_visitante
66,91,2022-12-20,10,1,2022-2023,São Paulo,Flamengo,86.26666666666667,34.6,38.13333333333333,13.533333333333333,36.333333333333336,8.466666666666667,27.866666666666667,17.0,12.0,1.4653333333333334,11.533333333333333,30.866666666666667,37.36933333333333,19.066666666666666,34.2,56.117333333333335,13.533333333333333,17.8,75.79866666666666,0.6,7.333333333333333,0.6206666666666668,1.4666666666666666,20.666666666666668,0.068,12.0,1.8,97.66666666666667,79.6,34.0,34.266666666666666,11.333333333333334,43.93333333333333,12.866666666666667,31.066666666666666,19.066666666666666,12.4,1.61,11.333333333333334,35.6,31.983999999999998,17.133333333333333,31.066666666666666,55.342,11.333333333333334,16.733333333333334,68.398,1.5333333333333334,6.133333333333334,0.5146666666666667,1.9333333333333333,16.4,0.12066666666666666,12.4,2.3333333333333335,94.66666666666667
