placar_casa,placar_visitante,data,round,stage,ano,equipe_casa,equipe_visitante,Pts_casa,3P_casa,2P_casa,LL_casa,RT_casa,RO_casa,RD_casa,AS_casa,ER_casa,IA%_casa,3PC_casa,3PT_casa,3P%_casa,2PC_casa,2PT_casa,2P%_casa,LLC_casa,LLT_casa,LL%_casa,EN_casa,BR_casa,B/E_casa,TO_casa,FC_casa,T/FC_casa,ET_casa,VI_casa,EF_casa,Pts_visitante,3P_visitante,2P_visitante,LL_visitante,RT_visitante,RO_visitante,RD_visitante,AS_visitante,ER_visitante,IA%_visitante,3PC_visitante,3PT_visitante,3P%_visitante,2PC_visitante,2PT_visitante,2P%_visitante,LLC_visitante,LLT_visitante,LL%_visitante,EN_visitante,BR_visitante,B/E_visitante,TO_visitante,FC_visitante,T/FC_visitante,ET_visitante,VI_visitante,EF_visitante
76,79,2021-12-20,9,1,2021-2022,Mogi,Bauru Basket,78.06666666666666,24.6,39.6,13.866666666666667,39.86666666666667,11.133333333333333,28.733333333333334,19.2,15.066666666666666,1.3086666666666666,8.2,26.933333333333334,30.581333333333337,19.8,38.2,51.914,13.866666666666667,17.4,79.46066666666664,2.7333333333333334,6.533333333333333,0.44866666666666677,2.7333333333333334,20.733333333333334,0.13066666666666665,15.066666666666666,2.2666666666666666,90.66666666666667,75.93333333333334,26.0,37.733333333333334,12.2,35.93333333333333,8.2,27.733333333333334,17.2,12.2,1.5046666666666668,8.666666666666666,27.733333333333334,31.167333333333335,18.866666666666667,32.666666666666664,57.694,12.2,16.0,77.31333333333333,0.7333333333333333,5.933333333333334,0.502,2.3333333333333335,18.4,0.13000000000000003,12.2,1.9333333333333333,88.46666666666667
