placar_casa,placar_visitante,data,round,stage,ano,equipe_casa,equipe_visitante,Pts_casa,3P_casa,2P_casa,LL_casa,RT_casa,RO_casa,RD_casa,AS_casa,ER_casa,IA%_casa,3PC_casa,3PT_casa,3P%_casa,2PC_casa,2PT_casa,2P%_casa,LLC_casa,LLT_casa,LL%_casa,EN_casa,BR_casa,B/E_casa,TO_casa,FC_casa,T/FC_casa,ET_casa,VI_casa,EF_casa,Pts_visitante,3P_visitante,2P_visitante,LL_visitante,RT_visitante,RO_visitante,RD_visitante,AS_visitante,ER_visitante,IA%_visitante,3PC_visitante,3PT_visitante,3P%_visitante,2PC_visitante,2PT_visitante,2P%_visitante,LLC_visitante,LLT_visitante,LL%_visitante,EN_visitante,BR_visitante,B/E_visitante,TO_visitante,FC_visitante,T/FC_visitante,ET_visitante,VI_visitante,EF_visitante
104,99,2021-11-17,5,1,2021-2022,UNIFACISA,União Corinthians,80.02199999999999,30.533333333333335,37.466,12.022666666666668,37.132666666666665,11.978000000000002,25.15666666666667,17.84466666666667,14.733333333333333,1.2886666666666666,10.178,27.290000000000003,37.035333333333334,18.733999999999998,38.44466666666667,48.99133333333334,12.022666666666668,16.267333333333333,72.84666666666666,1.2893333333333332,7.356,0.526,2.0,20.244666666666667,0.10266666666666668,14.733333333333333,3.1113333333333335,88.55666666666666,69.5,26.0,35.666666666666664,7.833333333333333,36.0,9.5,26.5,13.166666666666666,13.5,0.9899999999999999,8.666666666666666,31.166666666666668,27.820000000000004,17.833333333333332,39.833333333333336,45.56666666666666,7.833333333333333,13.0,59.89000000000001,2.1666666666666665,11.833333333333334,0.8766666666666666,2.8333333333333335,21.833333333333332,0.13,13.5,2.6666666666666665,70.16666666666667
