placar_casa,placar_visitante,data,round,stage,ano,equipe_casa,equipe_visitante,Pts_casa,3P_casa,2P_casa,LL_casa,RT_casa,RO_casa,RD_casa,AS_casa,ER_casa,IA%_casa,3PC_casa,3PT_casa,3P%_casa,2PC_casa,2PT_casa,2P%_casa,LLC_casa,LLT_casa,LL%_casa,EN_casa,BR_casa,B/E_casa,TO_casa,FC_casa,T/FC_casa,ET_casa,VI_casa,EF_casa,Pts_visitante,3P_visitante,2P_visitante,LL_visitante,RT_visitante,RO_visitante,RD_visitante,AS_visitante,ER_visitante,IA%_visitante,3PC_visitante,3PT_visitante,3P%_visitante,2PC_visitante,2PT_visitante,2P%_visitante,LLC_visitante,LLT_visitante,LL%_visitante,EN_visitante,BR_visitante,B/E_visitante,TO_visitante,FC_visitante,T/FC_visitante,ET_visitante,VI_visitante,EF_visitante
60,79,2022-01-09,11,1,2021-2022,BRB/Brasília,UNIFACISA,68.46733333333331,19.6,34.00066666666667,14.866666666666667,40.734,10.232666666666667,30.49933333333333,12.699333333333335,15.4,0.8946666666666664,6.532666666666667,22.633333333333333,28.600666666666665,16.99933333333333,37.266666666666666,45.917333333333325,14.866666666666667,21.09933333333333,70.81733333333334,0.9326666666666666,4.266,0.294,2.6673333333333336,18.232666666666663,0.15000000000000002,15.4,2.434,70.83333333333333,78.86666666666666,29.7,36.733333333333334,12.433333333333334,37.2,11.933333333333334,25.266666666666666,16.233333333333334,11.6,1.4213333333333336,9.9,29.333333333333332,33.21133333333333,18.366666666666667,36.6,50.808666666666674,12.433333333333334,16.6,73.77266666666668,1.7,7.2,0.6313333333333334,0.7666666666666667,20.033333333333335,0.03933333333333333,11.6,2.2333333333333334,86.83333333333333
