placar_casa,placar_visitante,data,round,stage,ano,equipe_casa,equipe_visitante,Pts_casa,3P_casa,2P_casa,LL_casa,RT_casa,RO_casa,RD_casa,AS_casa,ER_casa,IA%_casa,3PC_casa,3PT_casa,3P%_casa,2PC_casa,2PT_casa,2P%_casa,LLC_casa,LLT_casa,LL%_casa,EN_casa,BR_casa,B/E_casa,TO_casa,FC_casa,T/FC_casa,ET_casa,VI_casa,EF_casa,Pts_visitante,3P_visitante,2P_visitante,LL_visitante,RT_visitante,RO_visitante,RD_visitante,AS_visitante,ER_visitante,IA%_visitante,3PC_visitante,3PT_visitante,3P%_visitante,2PC_visitante,2PT_visitante,2P%_visitante,LLC_visitante,LLT_visitante,LL%_visitante,EN_visitante,BR_visitante,B/E_visitante,TO_visitante,FC_visitante,T/FC_visitante,ET_visitante,VI_visitante,EF_visitante
74,59,2021-11-10,4,1,2021-2022,Bauru Basket,Fortaleza B. C. / CFO,79.93333333333334,24.2,41.599333333333334,14.133999999999999,38.4,8.800666666666666,29.599333333333334,17.267333333333333,13.667333333333334,1.34,8.066666666666666,26.066,31.186000000000003,20.800666666666665,35.666000000000004,58.51733333333334,14.133999999999999,19.86733333333333,72.53666666666666,1.5993333333333335,6.733333333333333,0.5053333333333332,2.332666666666667,19.334,0.11999999999999998,13.667333333333334,2.3333333333333335,92.39933333333333,77.56733333333334,25.6,40.13333333333333,11.834,40.29933333333334,11.434,28.867333333333338,14.166,13.099333333333334,1.1700000000000002,8.533333333333333,30.266666666666666,27.8,20.066666666666666,39.1,50.89200000000001,11.834,17.067333333333334,70.636,0.5993333333333334,7.400666666666667,0.608,2.8659999999999997,19.034000000000002,0.1593333333333333,13.099333333333334,3.1326666666666663,83.2
