placar_casa,placar_visitante,data,round,stage,ano,equipe_casa,equipe_visitante,Pts_casa,3P_casa,2P_casa,LL_casa,RT_casa,RO_casa,RD_casa,AS_casa,ER_casa,IA%_casa,3PC_casa,3PT_casa,3P%_casa,2PC_casa,2PT_casa,2P%_casa,LLC_casa,LLT_casa,LL%_casa,EN_casa,BR_casa,B/E_casa,TO_casa,FC_casa,T/FC_casa,ET_casa,VI_casa,EF_casa,Pts_visitante,3P_visitante,2P_visitante,LL_visitante,RT_visitante,RO_visitante,RD_visitante,AS_visitante,ER_visitante,IA%_visitante,3PC_visitante,3PT_visitante,3P%_visitante,2PC_visitante,2PT_visitante,2P%_visitante,LLC_visitante,LLT_visitante,LL%_visitante,EN_visitante,BR_visitante,B/E_visitante,TO_visitante,FC_visitante,T/FC_visitante,ET_visitante,VI_visitante,EF_visitante
99,63,2021-11-20,5,1,2021-2022,Flamengo,Minas,88.8,36.2,38.13333333333333,14.466666666666667,42.666666666666664,12.066666666666666,30.6,19.6,12.8,1.9846666666666664,12.066666666666666,33.4,35.73733333333334,19.066666666666666,33.8,56.29466666666666,14.466666666666667,19.466666666666665,74.39133333333332,1.1333333333333333,6.866666666666666,0.6300000000000001,1.9333333333333333,17.333333333333332,0.11999999999999998,12.8,2.2666666666666666,106.0,84.93333333333334,33.4,37.06666666666667,14.466666666666667,40.333333333333336,10.733333333333333,29.6,17.866666666666667,13.833333333333334,1.4133333333333333,11.133333333333333,28.566666666666666,38.97533333333333,18.533333333333335,33.9,55.03266666666668,14.466666666666667,19.766666666666666,74.798,1.3333333333333333,6.166666666666667,0.46066666666666667,1.9333333333333333,17.9,0.11666666666666667,13.833333333333334,2.8,99.3
