placar_casa,placar_visitante,data,round,stage,ano,equipe_casa,equipe_visitante,Pts_casa,3P_casa,2P_casa,LL_casa,RT_casa,RO_casa,RD_casa,AS_casa,ER_casa,IA%_casa,3PC_casa,3PT_casa,3P%_casa,2PC_casa,2PT_casa,2P%_casa,LLC_casa,LLT_casa,LL%_casa,EN_casa,BR_casa,B/E_casa,TO_casa,FC_casa,T/FC_casa,ET_casa,VI_casa,EF_casa,Pts_visitante,3P_visitante,2P_visitante,LL_visitante,RT_visitante,RO_visitante,RD_visitante,AS_visitante,ER_visitante,IA%_visitante,3PC_visitante,3PT_visitante,3P%_visitante,2PC_visitante,2PT_visitante,2P%_visitante,LLC_visitante,LLT_visitante,LL%_visitante,EN_visitante,BR_visitante,B/E_visitante,TO_visitante,FC_visitante,T/FC_visitante,ET_visitante,VI_visitante,EF_visitante
86,70,2021-11-18,5,1,2021-2022,São Paulo,Pinheiros,81.96666666666667,29.9,40.86666666666667,11.2,37.233333333333334,8.966666666666667,28.266666666666666,17.066666666666666,10.933333333333334,1.7000000000000002,9.966666666666667,29.366666666666667,33.28066666666667,20.433333333333334,35.6,57.662,11.2,15.1,73.53466666666667,2.0,5.9,0.5586666666666668,2.8666666666666667,15.7,0.18466666666666667,10.933333333333334,2.466666666666667,95.63333333333334,71.4,23.4,36.0,12.0,40.26733333333333,12.333333333333334,27.934,16.999333333333333,14.332666666666666,1.2113333333333332,7.799333333333334,27.8,27.927999999999997,18.0,40.199333333333335,44.704,12.0,17.4,68.94733333333333,1.934,8.067333333333332,0.5693333333333334,2.8006666666666664,18.066,0.15333333333333335,14.332666666666666,2.0006666666666666,77.6
