placar_casa,placar_visitante,data,round,stage,ano,equipe_casa,equipe_visitante,Pts_casa,3P_casa,2P_casa,LL_casa,RT_casa,RO_casa,RD_casa,AS_casa,ER_casa,IA%_casa,3PC_casa,3PT_casa,3P%_casa,2PC_casa,2PT_casa,2P%_casa,LLC_casa,LLT_casa,LL%_casa,EN_casa,BR_casa,B/E_casa,TO_casa,FC_casa,T/FC_casa,ET_casa,VI_casa,EF_casa,Pts_visitante,3P_visitante,2P_visitante,LL_visitante,RT_visitante,RO_visitante,RD_visitante,AS_visitante,ER_visitante,IA%_visitante,3PC_visitante,3PT_visitante,3P%_visitante,2PC_visitante,2PT_visitante,2P%_visitante,LLC_visitante,LLT_visitante,LL%_visitante,EN_visitante,BR_visitante,B/E_visitante,TO_visitante,FC_visitante,T/FC_visitante,ET_visitante,VI_visitante,EF_visitante
98,104,2020-12-20,6,1,2020-2021,BRB/Brasília,Pato Basquete,82.66666666666667,35.5,30.831666666666667,16.335,38.998333333333335,12.248333333333335,26.75,16.665000000000003,16.50166666666667,1.0433333333333332,11.834999999999999,35.748333333333335,33.071666666666665,15.418333333333331,33.41833333333333,46.165,16.335,22.248333333333335,73.31,0.665,6.416666666666667,0.39999999999999997,1.9983333333333333,18.915,0.10499999999999998,16.50166666666667,2.4983333333333335,82.41666666666667,73.06666666666666,19.2,39.46666666666667,14.4,35.93333333333333,11.200666666666665,24.734666666666673,15.665333333333335,12.731999999999998,1.2466666666666668,6.400666666666667,21.6,29.21533333333334,19.733333333333334,43.20066666666666,45.374,14.4,19.8,72.37266666666667,0.9326666666666666,7.266666666666667,0.5806666666666666,1.8666666666666667,20.867333333333338,0.09866666666666668,12.731999999999998,2.8673333333333337,77.0
