placar_casa,placar_visitante,data,round,stage,ano,equipe_casa,equipe_visitante,Pts_casa,3P_casa,2P_casa,LL_casa,RT_casa,RO_casa,RD_casa,AS_casa,ER_casa,IA%_casa,3PC_casa,3PT_casa,3P%_casa,2PC_casa,2PT_casa,2P%_casa,LLC_casa,LLT_casa,LL%_casa,EN_casa,BR_casa,B/E_casa,TO_casa,FC_casa,T/FC_casa,ET_casa,VI_casa,EF_casa,Pts_visitante,3P_visitante,2P_visitante,LL_visitante,RT_visitante,RO_visitante,RD_visitante,AS_visitante,ER_visitante,IA%_visitante,3PC_visitante,3PT_visitante,3P%_visitante,2PC_visitante,2PT_visitante,2P%_visitante,LLC_visitante,LLT_visitante,LL%_visitante,EN_visitante,BR_visitante,B/E_visitante,TO_visitante,FC_visitante,T/FC_visitante,ET_visitante,VI_visitante,EF_visitante
83,76,2011-12-17,10,1,2011-2012,Uberlândia,Joinville,88.11111111111111,25.333333333333332,48.0,14.777777777777779,27.333333333333332,5.666666666666667,21.666666666666668,17.333333333333332,10.777777777777779,1.6622222222222223,8.444444444444445,22.22222222222222,37.33888888888889,24.0,42.111111111111114,57.406666666666666,14.777777777777779,17.77777777777778,81.97666666666667,4.444444444444445,7.444444444444445,0.7488888888888889,2.7777777777777777,18.11111111111111,0.17666666666666667,10.777777777777779,2.0,97.33333333333333,72.2,19.2,37.2,15.8,27.2,9.1,18.1,10.1,12.3,0.9629999999999999,6.4,19.5,33.842,18.6,39.1,48.001999999999995,15.8,22.2,74.234,1.4,7.7,0.6940000000000001,1.8,23.6,0.079,12.3,2.9,66.7
