placar_casa,placar_visitante,data,round,stage,ano,equipe_casa,equipe_visitante,Pts_casa,3P_casa,2P_casa,LL_casa,RT_casa,RO_casa,RD_casa,AS_casa,ER_casa,IA%_casa,3PC_casa,3PT_casa,3P%_casa,2PC_casa,2PT_casa,2P%_casa,LLC_casa,LLT_casa,LL%_casa,EN_casa,BR_casa,B/E_casa,TO_casa,FC_casa,T/FC_casa,ET_casa,VI_casa,EF_casa,Pts_visitante,3P_visitante,2P_visitante,LL_visitante,RT_visitante,RO_visitante,RD_visitante,AS_visitante,ER_visitante,IA%_visitante,3PC_visitante,3PT_visitante,3P%_visitante,2PC_visitante,2PT_visitante,2P%_visitante,LLC_visitante,LLT_visitante,LL%_visitante,EN_visitante,BR_visitante,B/E_visitante,TO_visitante,FC_visitante,T/FC_visitante,ET_visitante,VI_visitante,EF_visitante
69,75,2012-03-01,9,2,2011-2012,Minas,Paulistano,78.4,19.2,44.53333333333333,14.666666666666666,29.4,9.6,19.8,14.333333333333334,13.666666666666666,1.0859999999999999,6.4,18.666666666666668,33.95666666666667,22.266666666666666,41.733333333333334,53.67999999999999,14.666666666666666,19.066666666666666,77.98133333333334,0.9333333333333333,6.933333333333334,0.5186666666666667,2.533333333333333,21.266666666666666,0.12200000000000001,13.666666666666666,2.8666666666666667,83.0,88.53333333333333,25.4,46.0,17.133333333333333,30.533333333333335,9.0,21.533333333333335,13.666666666666666,13.666666666666666,1.1340000000000003,8.466666666666667,21.866666666666667,38.162000000000006,23.0,40.333333333333336,57.14333333333334,17.133333333333333,21.933333333333334,74.95200000000001,1.7333333333333334,8.133333333333333,0.6559999999999999,1.9333333333333333,22.333333333333332,0.09333333333333334,13.666666666666666,3.066666666666667,94.6
