placar_casa,placar_visitante,data,round,stage,ano,equipe_casa,equipe_visitante,Pts_casa,3P_casa,2P_casa,LL_casa,RT_casa,RO_casa,RD_casa,AS_casa,ER_casa,IA%_casa,3PC_casa,3PT_casa,3P%_casa,2PC_casa,2PT_casa,2P%_casa,LLC_casa,LLT_casa,LL%_casa,EN_casa,BR_casa,B/E_casa,TO_casa,FC_casa,T/FC_casa,ET_casa,VI_casa,EF_casa,Pts_visitante,3P_visitante,2P_visitante,LL_visitante,RT_visitante,RO_visitante,RD_visitante,AS_visitante,ER_visitante,IA%_visitante,3PC_visitante,3PT_visitante,3P%_visitante,2PC_visitante,2PT_visitante,2P%_visitante,LLC_visitante,LLT_visitante,LL%_visitante,EN_visitante,BR_visitante,B/E_visitante,TO_visitante,FC_visitante,T/FC_visitante,ET_visitante,VI_visitante,EF_visitante
97,90,2011-12-17,10,1,2011-2012,Pinheiros,Minas,86.06666666666666,26.6,41.86666666666667,17.6,30.8,9.0,21.8,15.066666666666666,12.533333333333333,1.2480000000000002,8.866666666666667,23.533333333333335,38.00733333333333,20.933333333333334,38.86666666666667,53.75,17.6,22.666666666666668,76.924,2.6666666666666665,8.333333333333334,0.6886666666666666,2.933333333333333,18.533333333333335,0.16,12.533333333333333,3.2,93.0,78.46666666666667,18.6,45.6,14.266666666666667,28.866666666666667,8.533333333333333,20.333333333333332,14.666666666666666,12.6,1.2206666666666668,6.2,18.333333333333332,33.098,22.8,41.266666666666666,55.294000000000004,14.266666666666667,18.666666666666668,77.32999999999998,1.0,6.933333333333334,0.5473333333333332,3.0,20.6,0.1553333333333333,12.6,2.466666666666667,84.33333333333333
