placar_casa,placar_visitante,data,round,stage,ano,equipe_casa,equipe_visitante,Pts_casa,3P_casa,2P_casa,LL_casa,RT_casa,RO_casa,RD_casa,AS_casa,ER_casa,IA%_casa,3PC_casa,3PT_casa,3P%_casa,2PC_casa,2PT_casa,2P%_casa,LLC_casa,LLT_casa,LL%_casa,EN_casa,BR_casa,B/E_casa,TO_casa,FC_casa,T/FC_casa,ET_casa,VI_casa,EF_casa,Pts_visitante,3P_visitante,2P_visitante,LL_visitante,RT_visitante,RO_visitante,RD_visitante,AS_visitante,ER_visitante,IA%_visitante,3PC_visitante,3PT_visitante,3P%_visitante,2PC_visitante,2PT_visitante,2P%_visitante,LLC_visitante,LLT_visitante,LL%_visitante,EN_visitante,BR_visitante,B/E_visitante,TO_visitante,FC_visitante,T/FC_visitante,ET_visitante,VI_visitante,EF_visitante
49,60,2021-11-06,3,1,2021-2022,BRB/Brasília,Bauru Basket,74.14533333333334,27.2,34.48799999999999,12.454666666666666,38.922,10.144666666666668,28.778000000000002,14.911333333333335,15.5,1.012,9.066,27.965999999999998,32.541333333333334,17.245333333333335,36.57866666666667,47.49733333333332,12.454666666666666,16.456,75.83199999999998,0.578,6.255333333333334,0.41600000000000004,1.2546666666666666,18.978,0.068,15.5,2.2439999999999998,77.75600000000001,81.2,25.7,41.666000000000004,13.834,37.9,9.033999999999999,28.866,17.400666666666666,13.567333333333332,1.368666666666667,8.566666666666666,26.366,32.63666666666667,20.834,35.89933333333333,58.26466666666668,13.834,19.500666666666667,72.40866666666668,1.6660000000000001,7.033333333333333,0.5419999999999999,2.0993333333333335,19.800666666666665,0.106,13.567333333333332,2.3666666666666667,93.53266666666667
