placar_casa,placar_visitante,data,round,stage,ano,equipe_casa,equipe_visitante,Pts_casa,3P_casa,2P_casa,LL_casa,RT_casa,RO_casa,RD_casa,AS_casa,ER_casa,IA%_casa,3PC_casa,3PT_casa,3P%_casa,2PC_casa,2PT_casa,2P%_casa,LLC_casa,LLT_casa,LL%_casa,EN_casa,BR_casa,B/E_casa,TO_casa,FC_casa,T/FC_casa,ET_casa,VI_casa,EF_casa,Pts_visitante,3P_visitante,2P_visitante,LL_visitante,RT_visitante,RO_visitante,RD_visitante,AS_visitante,ER_visitante,IA%_visitante,3PC_visitante,3PT_visitante,3P%_visitante,2PC_visitante,2PT_visitante,2P%_visitante,LLC_visitante,LLT_visitante,LL%_visitante,EN_visitante,BR_visitante,B/E_visitante,TO_visitante,FC_visitante,T/FC_visitante,ET_visitante,VI_visitante,EF_visitante
74,68,2021-12-30,10,1,2021-2022,União Corinthians,Pato Basquete,73.15384615384616,25.96153846153846,36.76923076923077,10.423076923076923,36.69230769230769,9.884615384615385,26.807692307692307,14.26923076923077,13.923076923076923,1.1099999999999997,8.653846153846153,29.76923076923077,28.899230769230766,18.384615384615383,38.26923076923077,48.63923076923077,10.423076923076923,15.538461538461538,66.57153846153845,2.1538461538461537,9.692307692307692,0.72,2.576923076923077,19.423076923076923,0.13461538461538464,13.923076923076923,2.4615384615384617,76.34615384615384,71.1,26.0,34.46666666666667,10.633333333333333,37.733333333333334,10.4,27.333333333333332,13.5,14.233333333333333,0.9879999999999999,8.666666666666666,26.533333333333335,32.37466666666666,17.233333333333334,37.333333333333336,46.495333333333335,10.633333333333333,18.033333333333335,58.95533333333334,1.5,7.566666666666666,0.5640000000000001,1.4333333333333333,20.9,0.06999999999999999,14.233333333333333,2.2,71.73333333333333
