placar_casa,placar_visitante,data,round,stage,ano,equipe_casa,equipe_visitante,Pts_casa,3P_casa,2P_casa,LL_casa,RT_casa,RO_casa,RD_casa,AS_casa,ER_casa,IA%_casa,3PC_casa,3PT_casa,3P%_casa,2PC_casa,2PT_casa,2P%_casa,LLC_casa,LLT_casa,LL%_casa,EN_casa,BR_casa,B/E_casa,TO_casa,FC_casa,T/FC_casa,ET_casa,VI_casa,EF_casa,Pts_visitante,3P_visitante,2P_visitante,LL_visitante,RT_visitante,RO_visitante,RD_visitante,AS_visitante,ER_visitante,IA%_visitante,3PC_visitante,3PT_visitante,3P%_visitante,2PC_visitante,2PT_visitante,2P%_visitante,LLC_visitante,LLT_visitante,LL%_visitante,EN_visitante,BR_visitante,B/E_visitante,TO_visitante,FC_visitante,T/FC_visitante,ET_visitante,VI_visitante,EF_visitante
94,85,2021-11-17,5,1,2021-2022,Fortaleza B. C. / CFO,Caxias do Sul Basquete,75.334,24.5,39.13333333333333,11.700666666666667,39.566,11.300666666666666,28.267333333333337,13.866000000000001,13.599333333333334,1.0740000000000003,8.166666666666666,29.633333333333333,27.177999999999997,19.566666666666666,38.6,50.25666666666666,11.700666666666667,16.800666666666665,70.82266666666666,0.5326666666666667,7.267333333333334,0.5626666666666666,2.699333333333333,19.233999999999998,0.14533333333333331,13.599333333333334,3.2326666666666664,79.53333333333333,74.622,24.066666666666666,38.578,11.978000000000002,36.022,9.888666666666666,26.133333333333333,16.733333333333334,12.978000000000002,1.3313333333333335,8.022,23.444666666666667,34.47933333333334,19.288666666666664,36.978,51.82133333333333,11.978000000000002,17.733333333333334,67.17266666666666,1.022,6.466666666666667,0.504,1.6666666666666667,20.911333333333335,0.08000000000000002,12.978000000000002,2.4,83.66666666666667
