placar_casa,placar_visitante,data,round,stage,ano,equipe_casa,equipe_visitante,Pts_casa,3P_casa,2P_casa,LL_casa,RT_casa,RO_casa,RD_casa,AS_casa,ER_casa,IA%_casa,3PC_casa,3PT_casa,3P%_casa,2PC_casa,2PT_casa,2P%_casa,LLC_casa,LLT_casa,LL%_casa,EN_casa,BR_casa,B/E_casa,TO_casa,FC_casa,T/FC_casa,ET_casa,VI_casa,EF_casa,Pts_visitante,3P_visitante,2P_visitante,LL_visitante,RT_visitante,RO_visitante,RD_visitante,AS_visitante,ER_visitante,IA%_visitante,3PC_visitante,3PT_visitante,3P%_visitante,2PC_visitante,2PT_visitante,2P%_visitante,LLC_visitante,LLT_visitante,LL%_visitante,EN_visitante,BR_visitante,B/E_visitante,TO_visitante,FC_visitante,T/FC_visitante,ET_visitante,VI_visitante,EF_visitante
85,66,2021-10-29,2,1,2021-2022,São Paulo,BRB/Brasília,84.7,31.6,40.8,12.3,38.733333333333334,10.133333333333333,28.6,16.3,10.433333333333334,1.716,10.533333333333333,30.166666666666668,34.12266666666667,20.4,36.93333333333333,55.26266666666667,12.3,16.2,75.594,2.1,6.933333333333334,0.686,3.2,15.2,0.2166666666666667,10.433333333333334,2.3,99.36666666666666,74.33466666666666,27.4,33.998666666666665,12.932,37.199333333333335,9.334,27.86733333333333,15.067333333333332,15.2,1.0506666666666669,9.132666666666667,29.065999999999995,31.272,17.00133333333333,34.80133333333333,48.57799999999999,12.932,17.466666666666665,74.46266666666666,0.6006666666666667,6.266000000000001,0.4233333333333333,1.1320000000000001,18.534,0.06333333333333334,15.2,2.2,76.53333333333333
