placar_casa,placar_visitante,data,round,stage,ano,equipe_casa,equipe_visitante,Pts_casa,3P_casa,2P_casa,LL_casa,RT_casa,RO_casa,RD_casa,AS_casa,ER_casa,IA%_casa,3PC_casa,3PT_casa,3P%_casa,2PC_casa,2PT_casa,2P%_casa,LLC_casa,LLT_casa,LL%_casa,EN_casa,BR_casa,B/E_casa,TO_casa,FC_casa,T/FC_casa,ET_casa,VI_casa,EF_casa,Pts_visitante,3P_visitante,2P_visitante,LL_visitante,RT_visitante,RO_visitante,RD_visitante,AS_visitante,ER_visitante,IA%_visitante,3PC_visitante,3PT_visitante,3P%_visitante,2PC_visitante,2PT_visitante,2P%_visitante,LLC_visitante,LLT_visitante,LL%_visitante,EN_visitante,BR_visitante,B/E_visitante,TO_visitante,FC_visitante,T/FC_visitante,ET_visitante,VI_visitante,EF_visitante
73,80,2021-10-28,2,1,2021-2022,Pato Basquete,Corinthians,73.77666666666667,24.2,36.53333333333333,13.045333333333332,35.687999999999995,10.488666666666667,25.201333333333334,15.311333333333335,14.246000000000004,1.3546666666666667,8.065999999999999,24.953999999999997,32.394,18.266666666666662,39.333999999999996,46.27066666666666,13.045333333333332,19.312,67.08866666666667,1.2013333333333334,7.645333333333334,0.5679999999999998,1.6900000000000002,22.42133333333333,0.07533333333333332,14.246000000000004,2.6439999999999997,75.64333333333335,84.46600000000002,36.2,35.33266666666667,12.933333333333334,36.06733333333333,9.466000000000001,26.59933333333333,18.866666666666667,12.132666666666667,1.6266666666666665,12.066666666666666,30.199333333333332,40.137333333333345,17.667333333333335,34.800666666666665,50.774,12.933333333333334,17.067333333333337,76.86466666666666,1.3993333333333335,7.0,0.5999999999999999,1.8659999999999997,18.79933333333333,0.10133333333333336,12.132666666666667,1.4666666666666666,96.73333333333333
