placar_casa,placar_visitante,data,round,stage,ano,equipe_casa,equipe_visitante,Pts_casa,3P_casa,2P_casa,LL_casa,RT_casa,RO_casa,RD_casa,AS_casa,ER_casa,IA%_casa,3PC_casa,3PT_casa,3P%_casa,2PC_casa,2PT_casa,2P%_casa,LLC_casa,LLT_casa,LL%_casa,EN_casa,BR_casa,B/E_casa,TO_casa,FC_casa,T/FC_casa,ET_casa,VI_casa,EF_casa,Pts_visitante,3P_visitante,2P_visitante,LL_visitante,RT_visitante,RO_visitante,RD_visitante,AS_visitante,ER_visitante,IA%_visitante,3PC_visitante,3PT_visitante,3P%_visitante,2PC_visitante,2PT_visitante,2P%_visitante,LLC_visitante,LLT_visitante,LL%_visitante,EN_visitante,BR_visitante,B/E_visitante,TO_visitante,FC_visitante,T/FC_visitante,ET_visitante,VI_visitante,EF_visitante
74,63,2021-11-01,3,1,2021-2022,Rio Claro,União Corinthians,83.73333333333333,26.4,39.60066666666667,17.732666666666667,36.0,9.400666666666666,26.599333333333334,18.666666666666668,12.533333333333333,1.5813333333333335,8.800666666666666,24.600666666666665,36.015333333333324,19.799333333333333,37.93266666666667,52.44666666666667,17.732666666666667,22.800666666666665,77.63866666666667,2.0660000000000003,5.332666666666666,0.45266666666666666,1.2673333333333332,23.466666666666665,0.05666666666666667,12.533333333333333,2.533333333333333,93.46733333333333,67.5,22.5,39.0,6.0,34.0,8.0,26.0,12.5,15.0,0.83,7.5,28.5,26.32,19.5,39.5,49.37,6.0,12.5,48.0,1.5,10.5,0.7,3.0,22.0,0.14,15.0,3.0,65.0
