placar_casa,placar_visitante,data,round,stage,ano,equipe_casa,equipe_visitante,Pts_casa,3P_casa,2P_casa,LL_casa,RT_casa,RO_casa,RD_casa,AS_casa,ER_casa,IA%_casa,3PC_casa,3PT_casa,3P%_casa,2PC_casa,2PT_casa,2P%_casa,LLC_casa,LLT_casa,LL%_casa,EN_casa,BR_casa,B/E_casa,TO_casa,FC_casa,T/FC_casa,ET_casa,VI_casa,EF_casa,Pts_visitante,3P_visitante,2P_visitante,LL_visitante,RT_visitante,RO_visitante,RD_visitante,AS_visitante,ER_visitante,IA%_visitante,3PC_visitante,3PT_visitante,3P%_visitante,2PC_visitante,2PT_visitante,2P%_visitante,LLC_visitante,LLT_visitante,LL%_visitante,EN_visitante,BR_visitante,B/E_visitante,TO_visitante,FC_visitante,T/FC_visitante,ET_visitante,VI_visitante,EF_visitante
116,73,2021-11-05,3,1,2021-2022,Flamengo,Mogi,88.40066666666667,36.9,37.867333333333335,13.633333333333333,43.134,11.932666666666668,31.199333333333335,19.333333333333332,11.999333333333334,2.0386666666666664,12.299333333333333,33.9,35.94533333333334,18.932666666666666,34.166666666666664,55.276666666666664,13.633333333333333,17.933333333333334,76.222,1.4660000000000002,7.266666666666667,0.6900000000000001,1.6006666666666665,16.433333333333334,0.10733333333333334,11.999333333333334,2.2,106.59933333333333,78.93266666666666,27.6,39.99933333333333,11.333333333333334,38.566,11.499333333333334,27.066666666666666,20.933333333333334,14.4,1.4853333333333334,9.199333333333334,28.332666666666668,32.080666666666666,20.000666666666667,37.766,53.06733333333332,11.333333333333334,14.400666666666666,77.96933333333335,2.3993333333333333,6.534,0.4679999999999999,2.6993333333333336,20.499333333333333,0.13333333333333333,14.4,2.1006666666666667,93.29933333333334
