placar_casa,placar_visitante,data,round,stage,ano,equipe_casa,equipe_visitante,Pts_casa,3P_casa,2P_casa,LL_casa,RT_casa,RO_casa,RD_casa,AS_casa,ER_casa,IA%_casa,3PC_casa,3PT_casa,3P%_casa,2PC_casa,2PT_casa,2P%_casa,LLC_casa,LLT_casa,LL%_casa,EN_casa,BR_casa,B/E_casa,TO_casa,FC_casa,T/FC_casa,ET_casa,VI_casa,EF_casa,Pts_visitante,3P_visitante,2P_visitante,LL_visitante,RT_visitante,RO_visitante,RD_visitante,AS_visitante,ER_visitante,IA%_visitante,3PC_visitante,3PT_visitante,3P%_visitante,2PC_visitante,2PT_visitante,2P%_visitante,LLC_visitante,LLT_visitante,LL%_visitante,EN_visitante,BR_visitante,B/E_visitante,TO_visitante,FC_visitante,T/FC_visitante,ET_visitante,VI_visitante,EF_visitante
91,85,2022-01-10,12,1,2021-2022,Rio Claro,São Paulo,73.83333333333333,23.4,36.06666666666667,14.366666666666667,35.3,10.066666666666666,25.233333333333334,16.2,11.666666666666666,1.4406666666666665,7.8,25.4,31.141333333333325,18.033333333333335,37.5,48.116000000000014,14.366666666666667,19.4,73.21733333333333,1.6333333333333333,7.633333333333334,0.6726666666666666,1.4666666666666666,22.466666666666665,0.06466666666666666,11.666666666666666,2.3666666666666667,80.66666666666667,80.06666666666666,28.0,40.8,11.266666666666667,33.666666666666664,6.0,27.666666666666668,18.666666666666668,11.666666666666666,1.6953333333333334,9.333333333333334,28.066666666666666,32.967333333333336,20.4,33.86666666666667,60.37266666666665,11.266666666666667,15.533333333333333,71.99199999999999,1.8,7.133333333333334,0.6126666666666666,2.6,17.066666666666666,0.15333333333333332,11.666666666666666,1.8666666666666667,94.0
