placar_casa,placar_visitante,data,round,stage,ano,equipe_casa,equipe_visitante,Pts_casa,3P_casa,2P_casa,LL_casa,RT_casa,RO_casa,RD_casa,AS_casa,ER_casa,IA%_casa,3PC_casa,3PT_casa,3P%_casa,2PC_casa,2PT_casa,2P%_casa,LLC_casa,LLT_casa,LL%_casa,EN_casa,BR_casa,B/E_casa,TO_casa,FC_casa,T/FC_casa,ET_casa,VI_casa,EF_casa,Pts_visitante,3P_visitante,2P_visitante,LL_visitante,RT_visitante,RO_visitante,RD_visitante,AS_visitante,ER_visitante,IA%_visitante,3PC_visitante,3PT_visitante,3P%_visitante,2PC_visitante,2PT_visitante,2P%_visitante,LLC_visitante,LLT_visitante,LL%_visitante,EN_visitante,BR_visitante,B/E_visitante,TO_visitante,FC_visitante,T/FC_visitante,ET_visitante,VI_visitante,EF_visitante
72,87,2021-12-11,7,1,2021-2022,UNIFACISA,Paulistano,79.866,30.5,37.93266666666667,11.433333333333334,37.566,12.100666666666665,25.467333333333332,17.834,13.766666666666667,1.3699999999999999,10.167333333333334,28.767333333333333,35.416000000000004,18.967333333333332,37.60066666666667,51.00466666666667,11.433333333333334,15.734,71.61333333333333,1.6,7.166666666666667,0.5359999999999999,1.3666666666666667,19.934,0.07133333333333333,13.766666666666667,3.067333333333333,88.50066666666666,74.66666666666667,25.6,37.13333333333333,11.933333333333334,38.36666666666667,11.666666666666666,26.7,15.0,11.2,1.5586666666666666,8.533333333333333,27.2,31.493333333333332,18.566666666666666,40.833333333333336,45.95466666666667,11.933333333333334,16.6,73.352,1.5,6.833333333333333,0.666,2.1,20.3,0.10666666666666665,11.2,2.8333333333333335,80.16666666666667
