placar_casa,placar_visitante,data,round,stage,ano,equipe_casa,equipe_visitante,Pts_casa,3P_casa,2P_casa,LL_casa,RT_casa,RO_casa,RD_casa,AS_casa,ER_casa,IA%_casa,3PC_casa,3PT_casa,3P%_casa,2PC_casa,2PT_casa,2P%_casa,LLC_casa,LLT_casa,LL%_casa,EN_casa,BR_casa,B/E_casa,TO_casa,FC_casa,T/FC_casa,ET_casa,VI_casa,EF_casa,Pts_visitante,3P_visitante,2P_visitante,LL_visitante,RT_visitante,RO_visitante,RD_visitante,AS_visitante,ER_visitante,IA%_visitante,3PC_visitante,3PT_visitante,3P%_visitante,2PC_visitante,2PT_visitante,2P%_visitante,LLC_visitante,LLT_visitante,LL%_visitante,EN_visitante,BR_visitante,B/E_visitante,TO_visitante,FC_visitante,T/FC_visitante,ET_visitante,VI_visitante,EF_visitante
82,75,2022-01-11,12,1,2021-2022,BRB/Brasília,Fortaleza B. C. / CFO,66.934,18.4,34.400666666666666,14.133333333333333,40.867333333333335,10.532666666666668,30.332666666666665,12.266000000000002,15.733333333333333,0.8346666666666664,6.132666666666666,22.066666666666666,27.879999999999995,17.199333333333332,37.8,45.81266666666667,14.133333333333333,20.266,69.56,0.9993333333333333,4.199333333333333,0.27799999999999997,2.7340000000000004,17.732666666666663,0.1566666666666667,15.733333333333333,2.3340000000000005,68.6,74.46666666666667,20.6,39.86666666666667,14.0,39.4,10.733333333333333,28.666666666666668,13.266666666666667,13.266666666666667,1.056,6.866666666666666,25.0,28.60133333333334,19.933333333333334,42.46666666666667,47.056666666666665,14.0,20.266666666666666,69.23,1.1333333333333333,6.333333333333333,0.5000000000000001,2.066666666666667,19.6,0.10933333333333335,13.266666666666667,2.8,75.33333333333333
