placar_casa,placar_visitante,data,round,stage,ano,equipe_casa,equipe_visitante,Pts_casa,3P_casa,2P_casa,LL_casa,RT_casa,RO_casa,RD_casa,AS_casa,ER_casa,IA%_casa,3PC_casa,3PT_casa,3P%_casa,2PC_casa,2PT_casa,2P%_casa,LLC_casa,LLT_casa,LL%_casa,EN_casa,BR_casa,B/E_casa,TO_casa,FC_casa,T/FC_casa,ET_casa,VI_casa,EF_casa,Pts_visitante,3P_visitante,2P_visitante,LL_visitante,RT_visitante,RO_visitante,RD_visitante,AS_visitante,ER_visitante,IA%_visitante,3PC_visitante,3PT_visitante,3P%_visitante,2PC_visitante,2PT_visitante,2P%_visitante,LLC_visitante,LLT_visitante,LL%_visitante,EN_visitante,BR_visitante,B/E_visitante,TO_visitante,FC_visitante,T/FC_visitante,ET_visitante,VI_visitante,EF_visitante
79,77,2021-11-16,5,1,2021-2022,São Paulo,Bauru Basket,82.6,30.6,40.4,11.6,37.733333333333334,9.2,28.533333333333335,16.466666666666665,10.533333333333333,1.7113333333333334,10.2,29.733333333333334,33.584,20.2,35.8,56.64599999999999,11.6,15.466666666666667,74.578,2.066666666666667,5.866666666666666,0.5806666666666668,3.0,15.533333333333333,0.19666666666666666,10.533333333333333,2.3333333333333335,96.13333333333334,78.13333333333334,25.4,39.510666666666665,13.222666666666667,37.733333333333334,8.822666666666667,28.910666666666664,17.289333333333335,13.222666666666667,1.3999999999999997,8.466666666666667,27.110666666666663,31.424000000000003,19.756000000000004,33.977333333333334,58.52666666666667,13.222666666666667,18.02266666666667,75.19666666666666,1.3773333333333333,5.933333333333334,0.46333333333333326,2.5106666666666664,19.02266666666667,0.13266666666666665,13.222666666666667,2.3333333333333335,90.71066666666665
