placar_casa,placar_visitante,data,round,stage,ano,equipe_casa,equipe_visitante,Pts_casa,3P_casa,2P_casa,LL_casa,RT_casa,RO_casa,RD_casa,AS_casa,ER_casa,IA%_casa,3PC_casa,3PT_casa,3P%_casa,2PC_casa,2PT_casa,2P%_casa,LLC_casa,LLT_casa,LL%_casa,EN_casa,BR_casa,B/E_casa,TO_casa,FC_casa,T/FC_casa,ET_casa,VI_casa,EF_casa,Pts_visitante,3P_visitante,2P_visitante,LL_visitante,RT_visitante,RO_visitante,RD_visitante,AS_visitante,ER_visitante,IA%_visitante,3PC_visitante,3PT_visitante,3P%_visitante,2PC_visitante,2PT_visitante,2P%_visitante,LLC_visitante,LLT_visitante,LL%_visitante,EN_visitante,BR_visitante,B/E_visitante,TO_visitante,FC_visitante,T/FC_visitante,ET_visitante,VI_visitante,EF_visitante
77,65,2021-10-28,2,1,2021-2022,Bauru Basket,Rio Claro,84.1,29.1,41.39933333333333,13.600666666666665,37.666666666666664,9.267333333333333,28.39933333333333,18.267333333333333,13.133999999999999,1.502,9.7,26.865999999999996,35.81466666666667,20.700666666666667,35.866,57.96933333333334,13.600666666666665,19.300666666666665,72.04066666666668,1.6993333333333334,7.1,0.57,1.866,20.134,0.092,13.133999999999999,2.2666666666666666,97.83266666666668,84.578,26.266666666666666,40.112,18.199333333333335,36.022,9.267333333333333,26.754666666666665,18.755333333333333,12.778,1.5593333333333335,8.756,24.034,36.53533333333333,20.054666666666666,37.687999999999995,53.50000000000001,18.199333333333335,23.345333333333333,77.88066666666666,2.0773333333333333,5.010666666666666,0.41600000000000004,1.156,23.5,0.05200000000000002,12.778,2.6,94.68933333333332
