placar_casa,placar_visitante,data,round,stage,ano,equipe_casa,equipe_visitante,Pts_casa,3P_casa,2P_casa,LL_casa,RT_casa,RO_casa,RD_casa,AS_casa,ER_casa,IA%_casa,3PC_casa,3PT_casa,3P%_casa,2PC_casa,2PT_casa,2P%_casa,LLC_casa,LLT_casa,LL%_casa,EN_casa,BR_casa,B/E_casa,TO_casa,FC_casa,T/FC_casa,ET_casa,VI_casa,EF_casa,Pts_visitante,3P_visitante,2P_visitante,LL_visitante,RT_visitante,RO_visitante,RD_visitante,AS_visitante,ER_visitante,IA%_visitante,3PC_visitante,3PT_visitante,3P%_visitante,2PC_visitante,2PT_visitante,2P%_visitante,LLC_visitante,LLT_visitante,LL%_visitante,EN_visitante,BR_visitante,B/E_visitante,TO_visitante,FC_visitante,T/FC_visitante,ET_visitante,VI_visitante,EF_visitante
72,64,2021-11-10,4,1,2021-2022,Caxias do Sul Basquete,Cerrado,76.39933333333333,26.8,37.06733333333333,12.533999999999999,35.79933333333334,9.666,26.133333333333333,16.466666666666665,12.934,1.3166666666666667,8.932666666666668,24.467333333333332,36.68866666666667,18.532666666666668,35.800666666666665,51.484,12.533999999999999,18.6,66.90066666666667,0.7993333333333333,5.666666666666667,0.444,1.3333333333333333,21.200666666666667,0.061333333333333344,12.934,2.2,83.86666666666666,75.60066666666668,25.0,40.266,10.332666666666666,38.768,11.300666666666666,27.467333333333332,13.866666666666667,12.900666666666668,1.1320000000000001,8.334,27.866666666666667,30.270666666666667,20.134,41.234,48.911333333333324,10.332666666666666,13.800666666666666,74.33200000000004,1.8313333333333333,7.433333333333334,0.6020000000000001,2.266,17.534,0.128,12.900666666666668,2.5993333333333335,80.93533333333332
