placar_casa,placar_visitante,data,round,stage,ano,equipe_casa,equipe_visitante,Pts_casa,3P_casa,2P_casa,LL_casa,RT_casa,RO_casa,RD_casa,AS_casa,ER_casa,IA%_casa,3PC_casa,3PT_casa,3P%_casa,2PC_casa,2PT_casa,2P%_casa,LLC_casa,LLT_casa,LL%_casa,EN_casa,BR_casa,B/E_casa,TO_casa,FC_casa,T/FC_casa,ET_casa,VI_casa,EF_casa,Pts_visitante,3P_visitante,2P_visitante,LL_visitante,RT_visitante,RO_visitante,RD_visitante,AS_visitante,ER_visitante,IA%_visitante,3PC_visitante,3PT_visitante,3P%_visitante,2PC_visitante,2PT_visitante,2P%_visitante,LLC_visitante,LLT_visitante,LL%_visitante,EN_visitante,BR_visitante,B/E_visitante,TO_visitante,FC_visitante,T/FC_visitante,ET_visitante,VI_visitante,EF_visitante
94,62,2021-11-03,3,1,2021-2022,Flamengo,Pato Basquete,87.334,36.2,37.20066666666666,13.933333333333334,42.467333333333336,11.666,30.799333333333333,18.933333333333334,11.532666666666668,2.078,12.066,33.8,35.41933333333334,18.599333333333334,33.8,54.934666666666665,13.933333333333334,18.066666666666666,77.15333333333335,1.4660000000000002,7.066666666666666,0.6946666666666668,1.8006666666666666,16.266666666666666,0.12666666666666668,11.532666666666668,2.3333333333333335,104.99933333333334,72.11,24.4,35.11133333333334,12.600666666666665,35.244,10.155333333333333,25.09,14.822000000000001,14.423333333333336,1.3153333333333335,8.132666666666667,26.11,31.134666666666668,17.555333333333333,37.489333333333335,46.74000000000001,12.600666666666665,19.689333333333334,64.02066666666667,1.0233333333333332,7.400666666666667,0.548,1.5566666666666669,22.59933333333333,0.06799999999999999,14.423333333333336,2.777333333333333,71.71000000000001
