placar_casa,placar_visitante,data,round,stage,ano,equipe_casa,equipe_visitante,Pts_casa,3P_casa,2P_casa,LL_casa,RT_casa,RO_casa,RD_casa,AS_casa,ER_casa,IA%_casa,3PC_casa,3PT_casa,3P%_casa,2PC_casa,2PT_casa,2P%_casa,LLC_casa,LLT_casa,LL%_casa,EN_casa,BR_casa,B/E_casa,TO_casa,FC_casa,T/FC_casa,ET_casa,VI_casa,EF_casa,Pts_visitante,3P_visitante,2P_visitante,LL_visitante,RT_visitante,RO_visitante,RD_visitante,AS_visitante,ER_visitante,IA%_visitante,3PC_visitante,3PT_visitante,3P%_visitante,2PC_visitante,2PT_visitante,2P%_visitante,LLC_visitante,LLT_visitante,LL%_visitante,EN_visitante,BR_visitante,B/E_visitante,TO_visitante,FC_visitante,T/FC_visitante,ET_visitante,VI_visitante,EF_visitante
74,90,2021-12-07,7,1,2021-2022,Cerrado,Minas,76.13333333333334,25.0,40.4,10.733333333333333,41.400666666666666,12.867333333333333,28.533333333333335,14.666666666666666,13.466666666666667,1.1673333333333331,8.334,29.333333333333332,28.960666666666665,20.2,41.534,48.74333333333334,10.733333333333333,15.533333333333333,69.45266666666666,1.932,7.467333333333333,0.5833333333333334,2.3333333333333335,18.0,0.13,13.466666666666667,2.466666666666667,81.40133333333333,82.86666666666666,32.0,37.733333333333334,13.133333333333333,37.06666666666667,9.4,27.666666666666668,17.333333333333332,13.0,1.4726666666666666,10.666666666666666,28.266666666666666,37.77866666666667,18.866666666666667,33.53333333333333,56.62266666666667,13.133333333333333,18.0,74.03133333333334,1.9333333333333333,6.8,0.56,2.066666666666667,17.266666666666666,0.13533333333333333,13.0,2.7333333333333334,96.0
