placar_casa,placar_visitante,data,round,stage,ano,equipe_casa,equipe_visitante,Pts_casa,3P_casa,2P_casa,LL_casa,RT_casa,RO_casa,RD_casa,AS_casa,ER_casa,IA%_casa,3PC_casa,3PT_casa,3P%_casa,2PC_casa,2PT_casa,2P%_casa,LLC_casa,LLT_casa,LL%_casa,EN_casa,BR_casa,B/E_casa,TO_casa,FC_casa,T/FC_casa,ET_casa,VI_casa,EF_casa,Pts_visitante,3P_visitante,2P_visitante,LL_visitante,RT_visitante,RO_visitante,RD_visitante,AS_visitante,ER_visitante,IA%_visitante,3PC_visitante,3PT_visitante,3P%_visitante,2PC_visitante,2PT_visitante,2P%_visitante,LLC_visitante,LLT_visitante,LL%_visitante,EN_visitante,BR_visitante,B/E_visitante,TO_visitante,FC_visitante,T/FC_visitante,ET_visitante,VI_visitante,EF_visitante
81,60,2021-11-08,4,1,2021-2022,Pinheiros,Fortaleza B. C. / CFO,71.044,22.933333333333334,36.044,12.066666666666666,39.156666666666666,11.289333333333333,27.86733333333333,16.866,14.51,1.1780000000000002,7.6433333333333335,26.510666666666665,28.54933333333333,18.02266666666667,41.288666666666664,43.57733333333332,12.066666666666666,17.110666666666663,70.62066666666666,1.6233333333333335,7.800666666666667,0.5373333333333333,2.8006666666666664,18.622,0.15066666666666664,14.51,2.067333333333333,75.97733333333332,78.33399999999999,25.5,40.8,12.033999999999999,39.766,11.133999999999999,28.634000000000004,13.999333333333334,13.099333333333334,1.1586666666666665,8.5,30.366666666666667,27.57133333333333,20.4,39.2,51.62133333333334,12.033999999999999,17.134,71.62266666666667,0.666,7.600666666666667,0.6213333333333334,2.7326666666666664,19.50066666666667,0.15066666666666664,13.099333333333334,3.1659999999999995,83.56666666666666
