placar_casa,placar_visitante,data,round,stage,ano,equipe_casa,equipe_visitante,Pts_casa,3P_casa,2P_casa,LL_casa,RT_casa,RO_casa,RD_casa,AS_casa,ER_casa,IA%_casa,3PC_casa,3PT_casa,3P%_casa,2PC_casa,2PT_casa,2P%_casa,LLC_casa,LLT_casa,LL%_casa,EN_casa,BR_casa,B/E_casa,TO_casa,FC_casa,T/FC_casa,ET_casa,VI_casa,EF_casa,Pts_visitante,3P_visitante,2P_visitante,LL_visitante,RT_visitante,RO_visitante,RD_visitante,AS_visitante,ER_visitante,IA%_visitante,3PC_visitante,3PT_visitante,3P%_visitante,2PC_visitante,2PT_visitante,2P%_visitante,LLC_visitante,LLT_visitante,LL%_visitante,EN_visitante,BR_visitante,B/E_visitante,TO_visitante,FC_visitante,T/FC_visitante,ET_visitante,VI_visitante,EF_visitante
75,91,2021-12-30,10,1,2021-2022,Cerrado,Flamengo,77.06666666666666,26.933333333333334,39.6,10.533333333333333,40.778000000000006,13.044666666666668,27.733333333333334,15.466666666666667,13.666666666666666,1.2193333333333334,8.978000000000002,30.6,29.760666666666665,19.8,40.11133333333334,49.385999999999996,10.533333333333333,15.333333333333334,69.01666666666667,2.3106666666666666,6.978,0.5273333333333333,2.6,18.066666666666666,0.146,13.666666666666666,2.466666666666667,82.48933333333335,87.46666666666667,37.4,36.93333333333333,13.133333333333333,41.733333333333334,11.8,29.933333333333334,19.666666666666668,13.4,1.8213333333333332,12.466666666666667,32.8,38.49333333333333,18.466666666666665,32.2,57.80933333333333,13.133333333333333,17.866666666666667,73.20466666666668,1.0,6.133333333333334,0.5413333333333333,1.9333333333333333,17.6,0.11333333333333336,13.4,2.6,104.73333333333333
