placar_casa,placar_visitante,data,round,stage,ano,equipe_casa,equipe_visitante,Pts_casa,3P_casa,2P_casa,LL_casa,RT_casa,RO_casa,RD_casa,AS_casa,ER_casa,IA%_casa,3PC_casa,3PT_casa,3P%_casa,2PC_casa,2PT_casa,2P%_casa,LLC_casa,LLT_casa,LL%_casa,EN_casa,BR_casa,B/E_casa,TO_casa,FC_casa,T/FC_casa,ET_casa,VI_casa,EF_casa,Pts_visitante,3P_visitante,2P_visitante,LL_visitante,RT_visitante,RO_visitante,RD_visitante,AS_visitante,ER_visitante,IA%_visitante,3PC_visitante,3PT_visitante,3P%_visitante,2PC_visitante,2PT_visitante,2P%_visitante,LLC_visitante,LLT_visitante,LL%_visitante,EN_visitante,BR_visitante,B/E_visitante,TO_visitante,FC_visitante,T/FC_visitante,ET_visitante,VI_visitante,EF_visitante
70,69,2021-10-30,2,1,2021-2022,Mogi,Corinthians,79.67666666666668,27.766666666666666,40.066,11.844,39.47666666666667,11.655333333333333,27.82266666666667,21.02266666666667,14.477333333333332,1.4833333333333334,9.255333333333333,28.922,31.468666666666664,20.034,37.48866666666666,53.501999999999995,11.844,15.023333333333335,78.07266666666668,2.3766666666666665,6.244666666666666,0.44733333333333325,2.822,20.976666666666667,0.13533333333333336,14.477333333333332,2.0233333333333334,94.466,83.56600000000002,36.3,34.73266666666667,12.533333333333333,36.16733333333333,9.766,26.39933333333333,18.666666666666668,12.632666666666667,1.544,12.1,30.29933333333333,40.11133333333334,17.36733333333333,34.333999999999996,50.470666666666666,12.533333333333333,16.500666666666667,76.82866666666668,1.366,6.733333333333333,0.5466666666666667,1.9326666666666668,18.766,0.10533333333333335,12.632666666666667,1.7666666666666666,95.3
