placar_casa,placar_visitante,data,round,stage,ano,equipe_casa,equipe_visitante,Pts_casa,3P_casa,2P_casa,LL_casa,RT_casa,RO_casa,RD_casa,AS_casa,ER_casa,IA%_casa,3PC_casa,3PT_casa,3P%_casa,2PC_casa,2PT_casa,2P%_casa,LLC_casa,LLT_casa,LL%_casa,EN_casa,BR_casa,B/E_casa,TO_casa,FC_casa,T/FC_casa,ET_casa,VI_casa,EF_casa,Pts_visitante,3P_visitante,2P_visitante,LL_visitante,RT_visitante,RO_visitante,RD_visitante,AS_visitante,ER_visitante,IA%_visitante,3PC_visitante,3PT_visitante,3P%_visitante,2PC_visitante,2PT_visitante,2P%_visitante,LLC_visitante,LLT_visitante,LL%_visitante,EN_visitante,BR_visitante,B/E_visitante,TO_visitante,FC_visitante,T/FC_visitante,ET_visitante,VI_visitante,EF_visitante
77,72,2021-10-28,2,1,2021-2022,Mogi,Paulistano,80.06533333333333,27.8,40.266,11.999333333333334,39.79866666666667,11.8,28.000666666666667,21.000666666666667,14.599333333333334,1.4713333333333334,9.266666666666667,29.466666666666665,30.755333333333333,20.134,37.333333333333336,53.95399999999999,11.999333333333334,15.268,77.76733333333333,2.3320000000000003,6.0,0.4279999999999999,2.933333333333333,21.398666666666667,0.13733333333333334,14.599333333333334,2.001333333333333,94.53266666666667,75.8,28.1,36.53333333333333,11.166666666666666,41.63333333333333,13.466666666666667,28.166666666666668,17.833333333333332,11.233333333333333,1.7446666666666668,9.366666666666667,29.566666666666666,31.924666666666667,18.266666666666666,38.233333333333334,48.338666666666654,11.166666666666666,16.966666666666665,67.16466666666666,1.5666666666666667,7.466666666666667,0.7166666666666667,1.7333333333333334,19.1,0.08866666666666667,11.233333333333333,2.1333333333333333,87.26666666666667
