placar_casa,placar_visitante,data,round,stage,ano,equipe_casa,equipe_visitante,Pts_casa,3P_casa,2P_casa,LL_casa,RT_casa,RO_casa,RD_casa,AS_casa,ER_casa,IA%_casa,3PC_casa,3PT_casa,3P%_casa,2PC_casa,2PT_casa,2P%_casa,LLC_casa,LLT_casa,LL%_casa,EN_casa,BR_casa,B/E_casa,TO_casa,FC_casa,T/FC_casa,ET_casa,VI_casa,EF_casa,Pts_visitante,3P_visitante,2P_visitante,LL_visitante,RT_visitante,RO_visitante,RD_visitante,AS_visitante,ER_visitante,IA%_visitante,3PC_visitante,3PT_visitante,3P%_visitante,2PC_visitante,2PT_visitante,2P%_visitante,LLC_visitante,LLT_visitante,LL%_visitante,EN_visitante,BR_visitante,B/E_visitante,TO_visitante,FC_visitante,T/FC_visitante,ET_visitante,VI_visitante,EF_visitante
95,89,2012-12-10,2,1,2012-2013,Uberlândia,Brasília,77.6,30.6,38.666666666666664,16.133333333333333,29.066666666666666,6.733333333333333,22.333333333333332,13.733333333333333,11.466666666666667,1.3306666666666667,7.6,19.8,38.220000000000006,19.333333333333332,36.733333333333334,52.778,16.133333333333333,20.0,80.66533333333334,2.933333333333333,5.933333333333334,0.5806666666666666,2.6,20.333333333333332,0.13466666666666666,11.466666666666667,2.466666666666667,90.33333333333333,84.8,24.0,40.266666666666666,20.333333333333332,30.533333333333335,7.733333333333333,22.8,14.133333333333333,14.333333333333334,1.0286666666666666,8.066666666666666,22.4,35.43933333333333,20.133333333333333,35.53333333333333,56.71933333333333,20.333333333333332,24.266666666666666,83.82266666666669,0.8,7.6,0.552,3.4,23.4,0.15200000000000002,14.333333333333334,2.933333333333333,99.33333333333333
