placar_casa,placar_visitante,data,round,stage,ano,equipe_casa,equipe_visitante,Pts_casa,3P_casa,2P_casa,LL_casa,RT_casa,RO_casa,RD_casa,AS_casa,ER_casa,IA%_casa,3PC_casa,3PT_casa,3P%_casa,2PC_casa,2PT_casa,2P%_casa,LLC_casa,LLT_casa,LL%_casa,EN_casa,BR_casa,B/E_casa,TO_casa,FC_casa,T/FC_casa,ET_casa,VI_casa,EF_casa,Pts_visitante,3P_visitante,2P_visitante,LL_visitante,RT_visitante,RO_visitante,RD_visitante,AS_visitante,ER_visitante,IA%_visitante,3PC_visitante,3PT_visitante,3P%_visitante,2PC_visitante,2PT_visitante,2P%_visitante,LLC_visitante,LLT_visitante,LL%_visitante,EN_visitante,BR_visitante,B/E_visitante,TO_visitante,FC_visitante,T/FC_visitante,ET_visitante,VI_visitante,EF_visitante
94,83,2012-12-22,10,1,2012-2013,Brasília,Joinville,84.46666666666667,32.8,38.13333333333333,20.133333333333333,29.533333333333335,8.0,21.533333333333335,14.8,13.2,1.2666666666666666,8.733333333333333,24.066666666666666,36.015333333333324,19.066666666666666,34.8,54.95799999999999,20.133333333333333,24.533333333333335,82.20533333333333,1.0,7.466666666666667,0.646,2.533333333333333,23.8,0.11133333333333335,13.2,3.466666666666667,98.0,74.53333333333333,45.4,43.6,17.533333333333335,33.46666666666667,10.933333333333334,22.533333333333335,12.0,15.933333333333334,0.798,4.466666666666667,19.133333333333333,24.048,21.8,44.93333333333333,48.552,17.533333333333335,24.266666666666666,73.18666666666667,1.6,8.6,0.5599999999999999,2.3333333333333335,23.266666666666666,0.10400000000000001,15.933333333333334,3.8666666666666667,81.06666666666666
