placar_casa,placar_visitante,data,round,stage,ano,equipe_casa,equipe_visitante,Pts_casa,3P_casa,2P_casa,LL_casa,RT_casa,RO_casa,RD_casa,AS_casa,ER_casa,IA%_casa,3PC_casa,3PT_casa,3P%_casa,2PC_casa,2PT_casa,2P%_casa,LLC_casa,LLT_casa,LL%_casa,EN_casa,BR_casa,B/E_casa,TO_casa,FC_casa,T/FC_casa,ET_casa,VI_casa,EF_casa,Pts_visitante,3P_visitante,2P_visitante,LL_visitante,RT_visitante,RO_visitante,RD_visitante,AS_visitante,ER_visitante,IA%_visitante,3PC_visitante,3PT_visitante,3P%_visitante,2PC_visitante,2PT_visitante,2P%_visitante,LLC_visitante,LLT_visitante,LL%_visitante,EN_visitante,BR_visitante,B/E_visitante,TO_visitante,FC_visitante,T/FC_visitante,ET_visitante,VI_visitante,EF_visitante
83,76,2012-12-08,6,1,2012-2013,Coop/São José Basketball,Joinville,84.13333333333334,31.6,40.13333333333333,15.0,29.733333333333334,8.666666666666666,21.066666666666666,16.2,13.533333333333333,1.4846666666666666,9.666666666666666,25.266666666666666,38.9,20.066666666666666,35.333333333333336,56.351333333333336,15.0,19.2,78.676,1.2,5.466666666666667,0.4719999999999999,2.533333333333333,20.333333333333332,0.126,13.533333333333333,1.4666666666666666,95.13333333333334,78.6,34.2,43.06666666666667,19.733333333333334,33.8,11.066666666666666,22.733333333333334,13.066666666666666,15.6,0.9093333333333333,5.266666666666667,18.6,28.87466666666667,21.533333333333335,44.4,48.63533333333333,19.733333333333334,26.8,74.55866666666665,1.4666666666666666,8.266666666666667,0.5619999999999999,2.0,23.666666666666668,0.08666666666666667,15.6,4.266666666666667,88.2
