placar_casa,placar_visitante,data,round,stage,ano,equipe_casa,equipe_visitante,Pts_casa,3P_casa,2P_casa,LL_casa,RT_casa,RO_casa,RD_casa,AS_casa,ER_casa,IA%_casa,3PC_casa,3PT_casa,3P%_casa,2PC_casa,2PT_casa,2P%_casa,LLC_casa,LLT_casa,LL%_casa,EN_casa,BR_casa,B/E_casa,TO_casa,FC_casa,T/FC_casa,ET_casa,VI_casa,EF_casa,Pts_visitante,3P_visitante,2P_visitante,LL_visitante,RT_visitante,RO_visitante,RD_visitante,AS_visitante,ER_visitante,IA%_visitante,3PC_visitante,3PT_visitante,3P%_visitante,2PC_visitante,2PT_visitante,2P%_visitante,LLC_visitante,LLT_visitante,LL%_visitante,EN_visitante,BR_visitante,B/E_visitante,TO_visitante,FC_visitante,T/FC_visitante,ET_visitante,VI_visitante,EF_visitante
87,70,2013-01-12,14,1,2012-2013,L. Sorocabana,Suzano,71.86666666666666,52.0,40.8,15.266666666666667,26.6,7.2,19.4,9.6,11.0,0.9280000000000002,5.266666666666667,18.866666666666667,29.35466666666667,20.4,38.6,52.78533333333334,15.266666666666667,21.4,71.77,2.0,7.933333333333334,0.7719999999999999,1.5333333333333334,18.8,0.07866666666666665,11.0,2.2,76.93333333333334,74.16666666666667,58.0,38.666666666666664,13.0,27.25,9.666666666666666,17.583333333333332,11.166666666666666,17.916666666666668,0.6508333333333333,7.5,22.333333333333332,33.345,19.333333333333332,39.083333333333336,49.82,13.0,20.0,65.1025,0.5,7.833333333333333,0.4733333333333332,2.25,18.916666666666668,0.12416666666666666,17.916666666666668,3.4166666666666665,73.58333333333333
