placar_casa,placar_visitante,data,round,stage,ano,equipe_casa,equipe_visitante,Pts_casa,3P_casa,2P_casa,LL_casa,RT_casa,RO_casa,RD_casa,AS_casa,ER_casa,IA%_casa,3PC_casa,3PT_casa,3P%_casa,2PC_casa,2PT_casa,2P%_casa,LLC_casa,LLT_casa,LL%_casa,EN_casa,BR_casa,B/E_casa,TO_casa,FC_casa,T/FC_casa,ET_casa,VI_casa,EF_casa,Pts_visitante,3P_visitante,2P_visitante,LL_visitante,RT_visitante,RO_visitante,RD_visitante,AS_visitante,ER_visitante,IA%_visitante,3PC_visitante,3PT_visitante,3P%_visitante,2PC_visitante,2PT_visitante,2P%_visitante,LLC_visitante,LLT_visitante,LL%_visitante,EN_visitante,BR_visitante,B/E_visitante,TO_visitante,FC_visitante,T/FC_visitante,ET_visitante,VI_visitante,EF_visitante
97,77,2013-01-05,11,1,2012-2013,Minas,Coop/São José Basketball,78.73333333333333,41.6,42.0,15.733333333333333,26.866666666666667,8.533333333333333,18.333333333333332,12.8,12.6,1.1480000000000001,7.0,20.133333333333333,34.57866666666667,21.0,39.8,53.03066666666666,15.733333333333333,20.733333333333334,75.31466666666665,1.1333333333333333,7.533333333333333,0.6493333333333332,2.1333333333333333,21.866666666666667,0.09933333333333333,12.6,3.066666666666667,86.6,82.33333333333333,46.8,40.666666666666664,15.066666666666666,30.933333333333334,8.866666666666667,22.066666666666666,15.133333333333333,14.8,1.0926666666666667,8.866666666666667,24.6,36.77466666666667,20.333333333333332,37.666666666666664,53.08133333333334,15.066666666666666,19.133333333333333,77.78,0.6666666666666666,6.466666666666667,0.5086666666666667,2.466666666666667,20.733333333333334,0.12466666666666666,14.8,1.6666666666666667,91.13333333333334
