placar_casa,placar_visitante,data,round,stage,ano,equipe_casa,equipe_visitante,Pts_casa,3P_casa,2P_casa,LL_casa,RT_casa,RO_casa,RD_casa,AS_casa,ER_casa,IA%_casa,3PC_casa,3PT_casa,3P%_casa,2PC_casa,2PT_casa,2P%_casa,LLC_casa,LLT_casa,LL%_casa,EN_casa,BR_casa,B/E_casa,TO_casa,FC_casa,T/FC_casa,ET_casa,VI_casa,EF_casa,Pts_visitante,3P_visitante,2P_visitante,LL_visitante,RT_visitante,RO_visitante,RD_visitante,AS_visitante,ER_visitante,IA%_visitante,3PC_visitante,3PT_visitante,3P%_visitante,2PC_visitante,2PT_visitante,2P%_visitante,LLC_visitante,LLT_visitante,LL%_visitante,EN_visitante,BR_visitante,B/E_visitante,TO_visitante,FC_visitante,T/FC_visitante,ET_visitante,VI_visitante,EF_visitante
73,64,2013-01-12,14,1,2012-2013,Uberlândia,Espírito Santo,82.4,54.4,40.8,15.6,30.333333333333332,7.066666666666666,23.266666666666666,17.0,13.0,1.3506666666666665,8.666666666666666,22.333333333333332,39.10866666666667,20.4,35.46666666666667,57.90599999999999,15.6,18.4,83.46066666666667,3.066666666666667,5.466666666666667,0.4493333333333333,1.6,19.8,0.08600000000000002,13.0,3.0,98.06666666666666,78.33333333333333,47.4,34.0,16.533333333333335,27.733333333333334,7.866666666666666,19.866666666666667,11.266666666666667,13.733333333333333,0.8826666666666665,9.266666666666667,24.066666666666666,38.8,17.0,35.86666666666667,47.324666666666666,16.533333333333335,21.4,76.53733333333335,1.1333333333333333,8.0,0.6106666666666667,1.8,20.866666666666667,0.08600000000000001,13.733333333333333,3.8666666666666667,83.6
