placar_casa,placar_visitante,data,round,stage,ano,equipe_casa,equipe_visitante,Pts_casa,3P_casa,2P_casa,LL_casa,RT_casa,RO_casa,RD_casa,AS_casa,ER_casa,IA%_casa,3PC_casa,3PT_casa,3P%_casa,2PC_casa,2PT_casa,2P%_casa,LLC_casa,LLT_casa,LL%_casa,EN_casa,BR_casa,B/E_casa,TO_casa,FC_casa,T/FC_casa,ET_casa,VI_casa,EF_casa,Pts_visitante,3P_visitante,2P_visitante,LL_visitante,RT_visitante,RO_visitante,RD_visitante,AS_visitante,ER_visitante,IA%_visitante,3PC_visitante,3PT_visitante,3P%_visitante,2PC_visitante,2PT_visitante,2P%_visitante,LLC_visitante,LLT_visitante,LL%_visitante,EN_visitante,BR_visitante,B/E_visitante,TO_visitante,FC_visitante,T/FC_visitante,ET_visitante,VI_visitante,EF_visitante
72,89,2012-12-08,6,1,2012-2013,Mogi,Limeira,69.75,57.0,38.0,16.0,35.0,11.25,23.75,10.25,16.5,0.6549999999999999,5.25,17.0,30.572499999999998,19.0,39.75,48.027499999999996,16.0,23.25,67.665,1.0,6.5,0.38,1.25,23.5,0.060000000000000005,16.5,4.0,77.75,81.66666666666667,31.4,39.46666666666667,16.8,24.133333333333333,5.466666666666667,18.666666666666668,12.666666666666666,12.733333333333333,1.0639999999999998,8.466666666666667,22.666666666666668,37.34,19.733333333333334,36.06666666666667,54.803333333333335,16.8,21.2,80.07866666666668,1.4666666666666666,6.4,0.5166666666666666,1.2,23.0,0.05466666666666667,12.733333333333333,2.7333333333333334,85.53333333333333
