placar_casa,placar_visitante,data,round,stage,ano,equipe_casa,equipe_visitante,Pts_casa,3P_casa,2P_casa,LL_casa,RT_casa,RO_casa,RD_casa,AS_casa,ER_casa,IA%_casa,3PC_casa,3PT_casa,3P%_casa,2PC_casa,2PT_casa,2P%_casa,LLC_casa,LLT_casa,LL%_casa,EN_casa,BR_casa,B/E_casa,TO_casa,FC_casa,T/FC_casa,ET_casa,VI_casa,EF_casa,Pts_visitante,3P_visitante,2P_visitante,LL_visitante,RT_visitante,RO_visitante,RD_visitante,AS_visitante,ER_visitante,IA%_visitante,3PC_visitante,3PT_visitante,3P%_visitante,2PC_visitante,2PT_visitante,2P%_visitante,LLC_visitante,LLT_visitante,LL%_visitante,EN_visitante,BR_visitante,B/E_visitante,TO_visitante,FC_visitante,T/FC_visitante,ET_visitante,VI_visitante,EF_visitante
95,71,2012-11-26,2,1,2012-2013,Paulistano,Joinville,80.0,29.0,37.333333333333336,16.866666666666667,28.133333333333333,7.2,20.933333333333334,14.2,13.133333333333333,1.1326666666666667,8.6,23.266666666666666,36.791333333333334,18.666666666666668,35.2,53.193999999999996,16.866666666666667,23.866666666666667,67.41866666666667,1.4666666666666666,7.333333333333333,0.5920000000000001,1.6,22.4,0.07733333333333335,13.133333333333333,3.3333333333333335,87.93333333333334,79.53333333333333,20.2,42.666666666666664,20.466666666666665,33.333333333333336,11.6,21.733333333333334,12.533333333333333,13.4,1.0313333333333334,5.466666666666667,17.933333333333334,30.940000000000005,21.333333333333332,46.266666666666666,46.306000000000004,20.466666666666665,28.266666666666666,73.66933333333333,1.5333333333333334,7.933333333333334,0.6486666666666666,1.7333333333333334,23.2,0.076,13.4,3.6666666666666665,87.93333333333334
