placar_casa,placar_visitante,data,round,stage,ano,equipe_casa,equipe_visitante,Pts_casa,3P_casa,2P_casa,LL_casa,RT_casa,RO_casa,RD_casa,AS_casa,ER_casa,IA%_casa,3PC_casa,3PT_casa,3P%_casa,2PC_casa,2PT_casa,2P%_casa,LLC_casa,LLT_casa,LL%_casa,EN_casa,BR_casa,B/E_casa,TO_casa,FC_casa,T/FC_casa,ET_casa,VI_casa,EF_casa,Pts_visitante,3P_visitante,2P_visitante,LL_visitante,RT_visitante,RO_visitante,RD_visitante,AS_visitante,ER_visitante,IA%_visitante,3PC_visitante,3PT_visitante,3P%_visitante,2PC_visitante,2PT_visitante,2P%_visitante,LLC_visitante,LLT_visitante,LL%_visitante,EN_visitante,BR_visitante,B/E_visitante,TO_visitante,FC_visitante,T/FC_visitante,ET_visitante,VI_visitante,EF_visitante
109,73,2012-12-22,10,1,2012-2013,Uberlândia,Suzano,80.26666666666667,43.8,38.666666666666664,16.0,30.133333333333333,7.0,23.133333333333333,15.266666666666667,12.666666666666666,1.2459999999999998,8.533333333333333,21.666666666666668,40.185333333333325,19.333333333333332,35.93333333333333,54.21933333333333,16.0,19.066666666666666,83.80866666666667,3.2,5.133333333333334,0.43400000000000005,2.1333333333333333,20.8,0.10733333333333334,12.666666666666666,2.7333333333333334,93.26666666666667,77.625,58.875,39.25,14.0,26.75,9.0,17.75,11.625,17.125,0.7075,8.125,23.5,35.27625,19.625,39.5,50.323750000000004,14.0,20.875,66.6825,0.5,8.375,0.53375,2.625,19.625,0.14125000000000001,17.125,3.375,78.0
