placar_casa,placar_visitante,data,round,stage,ano,equipe_casa,equipe_visitante,Pts_casa,3P_casa,2P_casa,LL_casa,RT_casa,RO_casa,RD_casa,AS_casa,ER_casa,IA%_casa,3PC_casa,3PT_casa,3P%_casa,2PC_casa,2PT_casa,2P%_casa,LLC_casa,LLT_casa,LL%_casa,EN_casa,BR_casa,B/E_casa,TO_casa,FC_casa,T/FC_casa,ET_casa,VI_casa,EF_casa,Pts_visitante,3P_visitante,2P_visitante,LL_visitante,RT_visitante,RO_visitante,RD_visitante,AS_visitante,ER_visitante,IA%_visitante,3PC_visitante,3PT_visitante,3P%_visitante,2PC_visitante,2PT_visitante,2P%_visitante,LLC_visitante,LLT_visitante,LL%_visitante,EN_visitante,BR_visitante,B/E_visitante,TO_visitante,FC_visitante,T/FC_visitante,ET_visitante,VI_visitante,EF_visitante
87,92,2013-01-05,11,1,2012-2013,Pinheiros,Uberlândia,85.53333333333333,41.0,38.13333333333333,20.4,32.13333333333333,7.933333333333334,24.2,15.466666666666667,14.866666666666667,1.1266666666666665,9.0,25.6,35.71066666666666,19.066666666666666,34.86666666666667,55.00933333333332,20.4,26.866666666666667,75.72866666666667,1.5333333333333334,7.466666666666667,0.5486666666666665,2.466666666666667,23.666666666666668,0.10866666666666666,14.866666666666667,3.066666666666667,98.86666666666666,81.33333333333333,46.6,39.2,15.933333333333334,29.866666666666667,6.866666666666666,23.0,15.666666666666666,12.8,1.2639999999999998,8.733333333333333,21.666666666666668,41.09466666666667,19.6,35.93333333333333,54.90266666666667,15.933333333333334,19.133333333333333,83.24600000000001,3.2,5.4,0.45200000000000007,2.066666666666667,20.133333333333333,0.10800000000000001,12.8,2.8,95.06666666666666
