placar_casa,placar_visitante,data,round,stage,ano,equipe_casa,equipe_visitante,Pts_casa,3P_casa,2P_casa,LL_casa,RT_casa,RO_casa,RD_casa,AS_casa,ER_casa,IA%_casa,3PC_casa,3PT_casa,3P%_casa,2PC_casa,2PT_casa,2P%_casa,LLC_casa,LLT_casa,LL%_casa,EN_casa,BR_casa,B/E_casa,TO_casa,FC_casa,T/FC_casa,ET_casa,VI_casa,EF_casa,Pts_visitante,3P_visitante,2P_visitante,LL_visitante,RT_visitante,RO_visitante,RD_visitante,AS_visitante,ER_visitante,IA%_visitante,3PC_visitante,3PT_visitante,3P%_visitante,2PC_visitante,2PT_visitante,2P%_visitante,LLC_visitante,LLT_visitante,LL%_visitante,EN_visitante,BR_visitante,B/E_visitante,TO_visitante,FC_visitante,T/FC_visitante,ET_visitante,VI_visitante,EF_visitante
76,67,2012-11-29,3,1,2012-2013,Tijuca,Mogi,76.93333333333334,21.8,44.266666666666666,17.466666666666665,27.666666666666668,7.333333333333333,20.333333333333332,10.2,12.133333333333333,0.8540000000000002,5.066666666666666,17.266666666666666,28.482666666666667,22.133333333333333,41.8,53.67733333333334,17.466666666666665,23.4,73.34333333333333,1.0666666666666667,8.066666666666666,0.7266666666666667,1.5333333333333334,21.666666666666668,0.08066666666666668,12.133333333333333,2.8666666666666667,82.53333333333333,72.0,57.0,38.0,14.5,36.5,12.0,24.5,13.5,15.5,0.8799999999999999,6.5,17.5,37.254999999999995,19.0,41.0,46.019999999999996,14.5,20.5,68.125,1.5,5.5,0.355,1.0,21.5,0.05,15.5,3.5,83.5
