placar_casa,placar_visitante,data,round,stage,ano,equipe_casa,equipe_visitante,Pts_casa,3P_casa,2P_casa,LL_casa,RT_casa,RO_casa,RD_casa,AS_casa,ER_casa,IA%_casa,3PC_casa,3PT_casa,3P%_casa,2PC_casa,2PT_casa,2P%_casa,LLC_casa,LLT_casa,LL%_casa,EN_casa,BR_casa,B/E_casa,TO_casa,FC_casa,T/FC_casa,ET_casa,VI_casa,EF_casa,Pts_visitante,3P_visitante,2P_visitante,LL_visitante,RT_visitante,RO_visitante,RD_visitante,AS_visitante,ER_visitante,IA%_visitante,3PC_visitante,3PT_visitante,3P%_visitante,2PC_visitante,2PT_visitante,2P%_visitante,LLC_visitante,LLT_visitante,LL%_visitante,EN_visitante,BR_visitante,B/E_visitante,TO_visitante,FC_visitante,T/FC_visitante,ET_visitante,VI_visitante,EF_visitante
76,74,2013-01-19,16,1,2012-2013,Minas,Fortaleza B. C. / CFO,81.86666666666666,58.2,43.333333333333336,16.133333333333333,25.333333333333332,7.2,18.133333333333333,13.333333333333334,13.4,1.1366666666666665,7.466666666666667,20.666666666666668,35.71000000000001,21.666666666666668,38.13333333333333,57.174,16.133333333333333,20.133333333333333,80.05533333333332,0.6666666666666666,7.6,0.6120000000000001,1.8,21.533333333333335,0.08466666666666668,13.4,3.1333333333333333,90.0,78.64285714285714,66.21428571428571,44.142857142857146,13.928571428571429,30.785714285714285,8.857142857142858,21.928571428571427,12.928571428571429,11.928571428571429,1.2,6.857142857142857,20.642857142857142,33.87285714285714,22.071428571428573,41.57142857142857,53.396428571428565,13.928571428571429,19.071428571428573,72.10857142857144,1.2857142857142858,7.071428571428571,0.6857142857142858,2.4285714285714284,20.428571428571427,0.1207142857142857,11.928571428571429,2.7142857142857144,89.35714285714286
