placar_casa,placar_visitante,data,round,stage,ano,equipe_casa,equipe_visitante,Pts_casa,3P_casa,2P_casa,LL_casa,RT_casa,RO_casa,RD_casa,AS_casa,ER_casa,IA%_casa,3PC_casa,3PT_casa,3P%_casa,2PC_casa,2PT_casa,2P%_casa,LLC_casa,LLT_casa,LL%_casa,EN_casa,BR_casa,B/E_casa,TO_casa,FC_casa,T/FC_casa,ET_casa,VI_casa,EF_casa,Pts_visitante,3P_visitante,2P_visitante,LL_visitante,RT_visitante,RO_visitante,RD_visitante,AS_visitante,ER_visitante,IA%_visitante,3PC_visitante,3PT_visitante,3P%_visitante,2PC_visitante,2PT_visitante,2P%_visitante,LLC_visitante,LLT_visitante,LL%_visitante,EN_visitante,BR_visitante,B/E_visitante,TO_visitante,FC_visitante,T/FC_visitante,ET_visitante,VI_visitante,EF_visitante
83,81,2013-01-17,15,1,2012-2013,Mogi,Uberlândia,73.92307692307692,57.23076923076923,38.15384615384615,17.307692307692307,32.84615384615385,9.76923076923077,23.076923076923077,12.307692307692308,14.846153846153847,0.9530769230769229,6.153846153846154,19.46153846153846,31.635384615384616,19.076923076923077,41.30769230769231,46.385384615384616,17.307692307692307,23.23076923076923,73.69076923076923,0.5384615384615384,5.615384615384615,0.39384615384615385,1.1538461538461537,22.615384615384617,0.05384615384615385,14.846153846153847,2.6923076923076925,78.15384615384616,82.13333333333334,57.6,41.06666666666667,14.666666666666666,30.266666666666666,6.8,23.466666666666665,17.333333333333332,13.666666666666666,1.3306666666666667,8.8,22.733333333333334,39.17666666666667,20.533333333333335,35.2,58.80266666666667,14.666666666666666,17.6,82.06866666666666,3.1333333333333333,5.533333333333333,0.4326666666666666,1.5333333333333334,19.6,0.08333333333333333,13.666666666666666,2.7333333333333334,97.26666666666667
