placar_casa,placar_visitante,data,round,stage,ano,equipe_casa,equipe_visitante,Pts_casa,3P_casa,2P_casa,LL_casa,RT_casa,RO_casa,RD_casa,AS_casa,ER_casa,IA%_casa,3PC_casa,3PT_casa,3P%_casa,2PC_casa,2PT_casa,2P%_casa,LLC_casa,LLT_casa,LL%_casa,EN_casa,BR_casa,B/E_casa,TO_casa,FC_casa,T/FC_casa,ET_casa,VI_casa,EF_casa,Pts_visitante,3P_visitante,2P_visitante,LL_visitante,RT_visitante,RO_visitante,RD_visitante,AS_visitante,ER_visitante,IA%_visitante,3PC_visitante,3PT_visitante,3P%_visitante,2PC_visitante,2PT_visitante,2P%_visitante,LLC_visitante,LLT_visitante,LL%_visitante,EN_visitante,BR_visitante,B/E_visitante,TO_visitante,FC_visitante,T/FC_visitante,ET_visitante,VI_visitante,EF_visitante
80,90,2012-12-15,8,1,2012-2013,Paulistano,Espírito Santo,80.06666666666666,43.4,40.666666666666664,16.0,31.666666666666668,9.133333333333333,22.533333333333335,15.733333333333333,15.2,1.0613333333333332,7.8,21.133333333333333,37.986,20.333333333333332,38.6,52.846666666666664,16.0,24.133333333333333,65.31199999999998,2.2666666666666666,7.2,0.4953333333333333,1.6,23.066666666666666,0.07133333333333333,15.2,3.1333333333333333,92.6,72.33333333333333,37.0,34.13333333333333,13.6,27.6,7.933333333333334,19.666666666666668,10.933333333333334,13.666666666666666,0.8953333333333333,8.2,22.266666666666666,36.49933333333333,17.066666666666666,37.53333333333333,45.359333333333325,13.6,17.933333333333334,75.87599999999999,0.9333333333333333,7.0,0.5426666666666667,1.8,20.533333333333335,0.09533333333333335,13.666666666666666,3.2,74.66666666666667
