placar_casa,placar_visitante,data,round,stage,ano,equipe_casa,equipe_visitante,Pts_casa,3P_casa,2P_casa,LL_casa,RT_casa,RO_casa,RD_casa,AS_casa,ER_casa,IA%_casa,3PC_casa,3PT_casa,3P%_casa,2PC_casa,2PT_casa,2P%_casa,LLC_casa,LLT_casa,LL%_casa,EN_casa,BR_casa,B/E_casa,TO_casa,FC_casa,T/FC_casa,ET_casa,VI_casa,EF_casa,Pts_visitante,3P_visitante,2P_visitante,LL_visitante,RT_visitante,RO_visitante,RD_visitante,AS_visitante,ER_visitante,IA%_visitante,3PC_visitante,3PT_visitante,3P%_visitante,2PC_visitante,2PT_visitante,2P%_visitante,LLC_visitante,LLT_visitante,LL%_visitante,EN_visitante,BR_visitante,B/E_visitante,TO_visitante,FC_visitante,T/FC_visitante,ET_visitante,VI_visitante,EF_visitante
89,88,2012-12-06,5,1,2012-2013,Paulistano,Pinheiros,78.4,37.8,38.53333333333333,15.266666666666667,31.0,8.0,23.0,15.6,14.333333333333334,1.1226666666666667,8.2,22.4,37.102,19.266666666666666,36.53333333333333,53.157999999999994,15.266666666666667,23.066666666666666,64.95333333333333,2.1333333333333333,7.4,0.5466666666666666,1.6,21.8,0.07866666666666669,14.333333333333334,3.2666666666666666,91.46666666666667,80.13333333333334,24.8,40.93333333333333,17.6,32.13333333333333,8.666666666666666,23.466666666666665,15.333333333333334,14.866666666666667,1.0686666666666664,7.2,22.0,33.03066666666667,20.466666666666665,38.13333333333333,53.777333333333324,17.6,24.4,72.74133333333334,1.9333333333333333,7.0,0.48666666666666664,2.1333333333333333,23.933333333333334,0.08933333333333333,14.866666666666667,3.7333333333333334,93.13333333333334
