placar_casa,placar_visitante,data,round,stage,ano,equipe_casa,equipe_visitante,Pts_casa,3P_casa,2P_casa,LL_casa,RT_casa,RO_casa,RD_casa,AS_casa,ER_casa,IA%_casa,3PC_casa,3PT_casa,3P%_casa,2PC_casa,2PT_casa,2P%_casa,LLC_casa,LLT_casa,LL%_casa,EN_casa,BR_casa,B/E_casa,TO_casa,FC_casa,T/FC_casa,ET_casa,VI_casa,EF_casa,Pts_visitante,3P_visitante,2P_visitante,LL_visitante,RT_visitante,RO_visitante,RD_visitante,AS_visitante,ER_visitante,IA%_visitante,3PC_visitante,3PT_visitante,3P%_visitante,2PC_visitante,2PT_visitante,2P%_visitante,LLC_visitante,LLT_visitante,LL%_visitante,EN_visitante,BR_visitante,B/E_visitante,TO_visitante,FC_visitante,T/FC_visitante,ET_visitante,VI_visitante,EF_visitante
77,74,2023-12-21,10,1,2023-2024,Flamengo,Fortaleza B. C. / CFO,81.06666666666666,28.2,37.333333333333336,15.533333333333333,38.8,13.133333333333333,25.666666666666668,19.066666666666666,12.866666666666667,1.584,9.4,31.4,30.12933333333333,18.666666666666668,32.8,56.539333333333325,15.533333333333333,19.8,78.368,1.8666666666666667,8.0,0.6386666666666666,1.6666666666666667,17.4,0.096,12.866666666666667,2.7333333333333334,95.33333333333333,77.222,24.533333333333335,40.355333333333334,12.333333333333334,36.6,7.666666666666667,28.933333333333334,16.64466666666667,13.288666666666668,1.3206666666666664,8.178,23.15533333333333,35.010000000000005,20.178,36.86666666666667,54.63533333333334,12.333333333333334,18.533333333333335,66.14399999999999,1.422,5.822,0.4753333333333334,2.0886666666666667,18.622,0.12066666666666667,13.288666666666668,2.7333333333333334,87.222
