placar_casa,placar_visitante,data,round,stage,ano,equipe_casa,equipe_visitante,Pts_casa,3P_casa,2P_casa,LL_casa,RT_casa,RO_casa,RD_casa,AS_casa,ER_casa,IA%_casa,3PC_casa,3PT_casa,3P%_casa,2PC_casa,2PT_casa,2P%_casa,LLC_casa,LLT_casa,LL%_casa,EN_casa,BR_casa,B/E_casa,TO_casa,FC_casa,T/FC_casa,ET_casa,VI_casa,EF_casa,Pts_visitante,3P_visitante,2P_visitante,LL_visitante,RT_visitante,RO_visitante,RD_visitante,AS_visitante,ER_visitante,IA%_visitante,3PC_visitante,3PT_visitante,3P%_visitante,2PC_visitante,2PT_visitante,2P%_visitante,LLC_visitante,LLT_visitante,LL%_visitante,EN_visitante,BR_visitante,B/E_visitante,TO_visitante,FC_visitante,T/FC_visitante,ET_visitante,VI_visitante,EF_visitante
95,67,2023-11-20,6,1,2023-2024,Bauru Basket,União Corinthians,77.0,30.8,35.733333333333334,10.466666666666667,31.066666666666666,8.666666666666666,22.4,16.933333333333334,11.6,1.474,10.266666666666667,28.133333333333333,36.11733333333334,17.866666666666667,35.733333333333334,50.056666666666665,10.466666666666667,13.666666666666666,74.38799999999999,1.7333333333333334,8.0,0.7113333333333334,1.1333333333333333,18.666666666666668,0.064,11.6,2.7333333333333334,83.6,77.59933333333333,28.2,33.333999999999996,16.067333333333334,36.534,7.866666666666666,28.667333333333332,15.934,14.200666666666667,1.1520000000000001,9.4,27.733333333333334,34.48733333333333,16.666,33.199333333333335,49.89666666666666,16.067333333333334,21.199333333333335,75.192,1.0666666666666667,6.266666666666667,0.44800000000000006,2.1333333333333333,21.400666666666666,0.10066666666666667,14.200666666666667,2.3333333333333335,84.266
