placar_casa,placar_visitante,data,round,stage,ano,equipe_casa,equipe_visitante,Pts_casa,3P_casa,2P_casa,LL_casa,RT_casa,RO_casa,RD_casa,AS_casa,ER_casa,IA%_casa,3PC_casa,3PT_casa,3P%_casa,2PC_casa,2PT_casa,2P%_casa,LLC_casa,LLT_casa,LL%_casa,EN_casa,BR_casa,B/E_casa,TO_casa,FC_casa,T/FC_casa,ET_casa,VI_casa,EF_casa,Pts_visitante,3P_visitante,2P_visitante,LL_visitante,RT_visitante,RO_visitante,RD_visitante,AS_visitante,ER_visitante,IA%_visitante,3PC_visitante,3PT_visitante,3P%_visitante,2PC_visitante,2PT_visitante,2P%_visitante,LLC_visitante,LLT_visitante,LL%_visitante,EN_visitante,BR_visitante,B/E_visitante,TO_visitante,FC_visitante,T/FC_visitante,ET_visitante,VI_visitante,EF_visitante
80,77,2023-10-31,3,1,2023-2024,Fortaleza B. C. / CFO,Bauru Basket,75.77733333333332,25.333333333333332,35.82266666666667,14.622666666666667,35.733333333333334,8.644,27.089333333333336,12.466666666666667,12.066666666666666,1.0493333333333335,8.443999999999999,25.489333333333335,33.472,17.910666666666664,37.266666666666666,47.9,14.622666666666667,21.644,68.65266666666666,1.4893333333333334,6.289333333333333,0.5459999999999999,1.044,20.510666666666665,0.052666666666666674,12.066666666666666,2.822666666666667,75.82266666666668,79.91133333333333,31.466666666666665,35.821999999999996,12.621999999999998,31.778000000000002,7.8886666666666665,23.888666666666666,17.511333333333333,11.778,1.5286666666666666,10.488666666666665,28.8,36.21333333333333,17.911333333333335,32.733333333333334,54.63600000000001,12.621999999999998,15.888666666666666,77.48866666666666,1.4446666666666668,8.555333333333332,0.746,1.6219999999999999,19.35533333333333,0.08933333333333332,11.778,3.022,91.2
