placar_casa,placar_visitante,data,round,stage,ano,equipe_casa,equipe_visitante,Pts_casa,3P_casa,2P_casa,LL_casa,RT_casa,RO_casa,RD_casa,AS_casa,ER_casa,IA%_casa,3PC_casa,3PT_casa,3P%_casa,2PC_casa,2PT_casa,2P%_casa,LLC_casa,LLT_casa,LL%_casa,EN_casa,BR_casa,B/E_casa,TO_casa,FC_casa,T/FC_casa,ET_casa,VI_casa,EF_casa,Pts_visitante,3P_visitante,2P_visitante,LL_visitante,RT_visitante,RO_visitante,RD_visitante,AS_visitante,ER_visitante,IA%_visitante,3PC_visitante,3PT_visitante,3P%_visitante,2PC_visitante,2PT_visitante,2P%_visitante,LLC_visitante,LLT_visitante,LL%_visitante,EN_visitante,BR_visitante,B/E_visitante,TO_visitante,FC_visitante,T/FC_visitante,ET_visitante,VI_visitante,EF_visitante
84,53,2023-11-24,6,1,2023-2024,Cerrado,BRB/Brasília,74.40133333333333,28.0,35.733333333333334,10.666,39.465333333333334,12.267333333333333,27.2,15.934,14.733333333333336,1.116,9.333333333333336,30.199333333333332,30.73733333333333,17.866666666666664,36.733333333333334,49.40066666666666,10.666,17.668000000000003,61.830000000000005,1.266666666666667,6.8,0.47666666666666657,1.9999999999999996,17.266666666666662,0.11333333333333331,14.733333333333336,2.666666666666667,77.13266666666667,72.3,27.4,30.8,14.1,34.2,9.333333333333334,24.866666666666667,14.766666666666667,15.633333333333333,0.9939999999999999,9.133333333333333,27.333333333333332,32.83866666666666,15.4,34.3,44.79600000000001,14.1,20.2,69.05199999999999,1.4333333333333333,6.4,0.43733333333333335,1.1,20.8,0.053333333333333344,15.633333333333333,3.5,69.93333333333334
