placar_casa,placar_visitante,data,round,stage,ano,equipe_casa,equipe_visitante,Pts_casa,3P_casa,2P_casa,LL_casa,RT_casa,RO_casa,RD_casa,AS_casa,ER_casa,IA%_casa,3PC_casa,3PT_casa,3P%_casa,2PC_casa,2PT_casa,2P%_casa,LLC_casa,LLT_casa,LL%_casa,EN_casa,BR_casa,B/E_casa,TO_casa,FC_casa,T/FC_casa,ET_casa,VI_casa,EF_casa,Pts_visitante,3P_visitante,2P_visitante,LL_visitante,RT_visitante,RO_visitante,RD_visitante,AS_visitante,ER_visitante,IA%_visitante,3PC_visitante,3PT_visitante,3P%_visitante,2PC_visitante,2PT_visitante,2P%_visitante,LLC_visitante,LLT_visitante,LL%_visitante,EN_visitante,BR_visitante,B/E_visitante,TO_visitante,FC_visitante,T/FC_visitante,ET_visitante,VI_visitante,EF_visitante
65,74,2023-10-30,3,1,2023-2024,União Corinthians,R10 Score Vasco da Gama,78.93333333333334,30.8,35.60133333333333,12.533999999999999,36.934666666666665,8.199333333333334,28.733333333333338,17.534,12.334,1.4733333333333334,10.266666666666667,31.86733333333333,32.501333333333335,17.79866666666667,33.06666666666666,53.430666666666674,12.533999999999999,17.866,69.47200000000001,1.5339999999999998,6.534,0.5559999999999998,2.732666666666667,20.533333333333335,0.13533333333333336,12.334,2.332666666666667,88.132,75.53333333333333,21.2,38.93333333333333,15.4,38.0,12.733333333333333,25.266666666666666,18.066666666666666,15.2,1.2133333333333334,7.066666666666666,25.466666666666665,28.021333333333335,19.466666666666665,39.733333333333334,49.46933333333334,15.4,21.266666666666666,72.36,0.5333333333333333,6.733333333333333,0.4673333333333334,0.5333333333333333,19.6,0.029333333333333336,15.2,1.8666666666666667,79.0
