placar_casa,placar_visitante,data,round,stage,ano,equipe_casa,equipe_visitante,Pts_casa,3P_casa,2P_casa,LL_casa,RT_casa,RO_casa,RD_casa,AS_casa,ER_casa,IA%_casa,3PC_casa,3PT_casa,3P%_casa,2PC_casa,2PT_casa,2P%_casa,LLC_casa,LLT_casa,LL%_casa,EN_casa,BR_casa,B/E_casa,TO_casa,FC_casa,T/FC_casa,ET_casa,VI_casa,EF_casa,Pts_visitante,3P_visitante,2P_visitante,LL_visitante,RT_visitante,RO_visitante,RD_visitante,AS_visitante,ER_visitante,IA%_visitante,3PC_visitante,3PT_visitante,3P%_visitante,2PC_visitante,2PT_visitante,2P%_visitante,LLC_visitante,LLT_visitante,LL%_visitante,EN_visitante,BR_visitante,B/E_visitante,TO_visitante,FC_visitante,T/FC_visitante,ET_visitante,VI_visitante,EF_visitante
77,83,2023-11-09,4,1,2023-2024,Cerrado,Caxias do Sul Basquete,72.90066666666665,27.0,35.510666666666665,10.388,37.010666666666665,10.456,26.556,14.600666666666664,15.88933333333333,0.9526666666666667,9.000666666666666,31.521333333333327,27.988666666666674,17.756000000000004,34.45533333333333,52.39199999999999,10.388,16.22266666666666,64.00666666666669,1.3106666666666666,6.934,0.452,1.7786666666666666,16.145333333333333,0.11333333333333334,15.88933333333333,2.8546666666666662,72.278,67.934,21.6,33.266666666666666,13.067333333333332,33.23266666666667,8.266,24.966666666666665,12.833333333333334,15.3,0.8806666666666667,7.2,24.166666666666668,30.21533333333333,16.633333333333333,35.866,46.90866666666666,13.067333333333332,19.4,66.33666666666667,0.5326666666666667,8.067333333333334,0.5586666666666668,2.1006666666666667,21.132666666666662,0.1026666666666667,15.3,3.3659999999999997,66.334
