placar_casa,placar_visitante,data,round,stage,ano,equipe_casa,equipe_visitante,Pts_casa,3P_casa,2P_casa,LL_casa,RT_casa,RO_casa,RD_casa,AS_casa,ER_casa,IA%_casa,3PC_casa,3PT_casa,3P%_casa,2PC_casa,2PT_casa,2P%_casa,LLC_casa,LLT_casa,LL%_casa,EN_casa,BR_casa,B/E_casa,TO_casa,FC_casa,T/FC_casa,ET_casa,VI_casa,EF_casa,Pts_visitante,3P_visitante,2P_visitante,LL_visitante,RT_visitante,RO_visitante,RD_visitante,AS_visitante,ER_visitante,IA%_visitante,3PC_visitante,3PT_visitante,3P%_visitante,2PC_visitante,2PT_visitante,2P%_visitante,LLC_visitante,LLT_visitante,LL%_visitante,EN_visitante,BR_visitante,B/E_visitante,TO_visitante,FC_visitante,T/FC_visitante,ET_visitante,VI_visitante,EF_visitante
72,68,2010-02-07,2,2,2009-2010,Assis,Araraquara,74.06666666666666,23.0,36.266666666666666,14.8,31.466666666666665,8.8,22.666666666666668,10.466666666666667,12.4,1.0186666666666668,7.666666666666667,24.133333333333333,31.38666666666667,18.133333333333333,35.266666666666666,51.330000000000005,14.8,22.066666666666666,66.748,1.9333333333333333,4.733333333333333,0.4066666666666666,2.8,18.733333333333334,0.15133333333333335,12.4,2.0,70.26666666666667,74.66666666666667,25.6,38.93333333333333,10.133333333333333,29.2,8.0,21.2,15.666666666666666,14.533333333333333,1.1506666666666667,8.533333333333333,25.066666666666666,34.297333333333334,19.466666666666665,38.8,50.635999999999996,10.133333333333333,13.533333333333333,75.43533333333333,2.8,8.333333333333334,0.6213333333333332,3.066666666666667,21.0,0.152,14.533333333333333,1.6,77.13333333333334
