placar_casa,placar_visitante,data,round,stage,ano,equipe_casa,equipe_visitante,Pts_casa,3P_casa,2P_casa,LL_casa,RT_casa,RO_casa,RD_casa,AS_casa,ER_casa,IA%_casa,3PC_casa,3PT_casa,3P%_casa,2PC_casa,2PT_casa,2P%_casa,LLC_casa,LLT_casa,LL%_casa,EN_casa,BR_casa,B/E_casa,TO_casa,FC_casa,T/FC_casa,ET_casa,VI_casa,EF_casa,Pts_visitante,3P_visitante,2P_visitante,LL_visitante,RT_visitante,RO_visitante,RD_visitante,AS_visitante,ER_visitante,IA%_visitante,3PC_visitante,3PT_visitante,3P%_visitante,2PC_visitante,2PT_visitante,2P%_visitante,LLC_visitante,LLT_visitante,LL%_visitante,EN_visitante,BR_visitante,B/E_visitante,TO_visitante,FC_visitante,T/FC_visitante,ET_visitante,VI_visitante,EF_visitante
75,74,2020-11-18,2,1,2020-2021,Paulistano,Corinthians,80.66666666666667,31.6,37.066,12.000666666666666,39.867333333333335,12.434,27.433333333333334,17.833333333333332,12.2,1.676666666666667,10.533333333333333,33.56733333333334,31.817333333333334,18.534000000000002,34.29933333333334,54.16066666666667,12.000666666666666,17.0,69.784,2.7340000000000004,4.966666666666667,0.4106666666666666,1.8,19.9,0.08933333333333332,12.2,2.433333333333333,89.03333333333333,80.93333333333334,30.1,35.666666666666664,15.166666666666666,35.333333333333336,9.7,25.633333333333333,17.433333333333334,12.6,1.4226666666666667,10.033333333333333,26.866666666666667,37.025999999999996,17.833333333333332,36.233333333333334,49.398,15.166666666666666,19.433333333333334,78.08533333333334,1.5,7.066666666666666,0.594,1.9,22.0,0.09000000000000001,12.6,2.033333333333333,90.56666666666666
