placar_casa,placar_visitante,data,round,stage,ano,equipe_casa,equipe_visitante,Pts_casa,3P_casa,2P_casa,LL_casa,RT_casa,RO_casa,RD_casa,AS_casa,ER_casa,IA%_casa,3PC_casa,3PT_casa,3P%_casa,2PC_casa,2PT_casa,2P%_casa,LLC_casa,LLT_casa,LL%_casa,EN_casa,BR_casa,B/E_casa,TO_casa,FC_casa,T/FC_casa,ET_casa,VI_casa,EF_casa,Pts_visitante,3P_visitante,2P_visitante,LL_visitante,RT_visitante,RO_visitante,RD_visitante,AS_visitante,ER_visitante,IA%_visitante,3PC_visitante,3PT_visitante,3P%_visitante,2PC_visitante,2PT_visitante,2P%_visitante,LLC_visitante,LLT_visitante,LL%_visitante,EN_visitante,BR_visitante,B/E_visitante,TO_visitante,FC_visitante,T/FC_visitante,ET_visitante,VI_visitante,EF_visitante
105,70,2020-11-22,2,1,2020-2021,Flamengo,Pato Basquete,88.23266666666669,33.5,36.934,17.798666666666666,40.10066666666667,11.266,28.832666666666665,21.367333333333338,12.400000000000002,1.7253333333333332,11.16733333333333,31.466666666666665,35.736666666666665,18.465999999999998,33.468,55.221999999999994,17.798666666666666,23.965999999999998,74.52133333333335,1.3999999999999995,7.634666666666667,0.6373333333333334,2.5673333333333335,17.933333333333334,0.142,12.400000000000002,1.6993333333333334,106.032,74.1,20.166666666666668,39.0,14.933333333333334,34.756,11.133333333333333,23.622666666666667,17.577333333333335,12.310666666666668,1.458,6.722666666666667,22.133333333333333,30.45466666666667,19.5,42.65599999999999,45.306,14.933333333333334,20.066666666666666,74.42933333333333,1.0333333333333334,6.422666666666667,0.5353333333333334,1.7560000000000002,22.066666666666666,0.08066666666666669,12.310666666666668,2.4893333333333336,78.6
