placar_casa,placar_visitante,data,round,stage,ano,equipe_casa,equipe_visitante,Pts_casa,3P_casa,2P_casa,LL_casa,RT_casa,RO_casa,RD_casa,AS_casa,ER_casa,IA%_casa,3PC_casa,3PT_casa,3P%_casa,2PC_casa,2PT_casa,2P%_casa,LLC_casa,LLT_casa,LL%_casa,EN_casa,BR_casa,B/E_casa,TO_casa,FC_casa,T/FC_casa,ET_casa,VI_casa,EF_casa,Pts_visitante,3P_visitante,2P_visitante,LL_visitante,RT_visitante,RO_visitante,RD_visitante,AS_visitante,ER_visitante,IA%_visitante,3PC_visitante,3PT_visitante,3P%_visitante,2PC_visitante,2PT_visitante,2P%_visitante,LLC_visitante,LLT_visitante,LL%_visitante,EN_visitante,BR_visitante,B/E_visitante,TO_visitante,FC_visitante,T/FC_visitante,ET_visitante,VI_visitante,EF_visitante
71,85,2020-11-23,3,1,2020-2021,Brasília,Corinthians,75.53266666666667,22.4,36.39933333333333,16.733333333333334,34.93333333333333,9.866666666666667,25.066666666666666,15.800666666666665,15.799333333333335,1.0593333333333335,7.466666666666667,22.865999999999996,32.436,18.20066666666667,35.93266666666667,50.733999999999995,16.733333333333334,23.065999999999995,73.096,0.5993333333333334,5.467333333333333,0.36666666666666675,1.7333333333333334,16.400666666666663,0.10866666666666669,15.799333333333335,2.8666666666666667,78.06666666666666,81.4,30.2,35.733333333333334,15.466666666666667,35.4,9.733333333333333,25.666666666666668,17.733333333333334,12.933333333333334,1.4153333333333333,10.066666666666666,27.2,36.60466666666666,17.866666666666667,35.666666666666664,50.141333333333336,15.466666666666667,19.4,80.01066666666665,1.4666666666666666,6.733333333333333,0.5526666666666666,2.2,21.933333333333334,0.10400000000000001,12.933333333333334,2.1333333333333333,91.66666666666667
