placar_casa,placar_visitante,data,round,stage,ano,equipe_casa,equipe_visitante,Pts_casa,3P_casa,2P_casa,LL_casa,RT_casa,RO_casa,RD_casa,AS_casa,ER_casa,IA%_casa,3PC_casa,3PT_casa,3P%_casa,2PC_casa,2PT_casa,2P%_casa,LLC_casa,LLT_casa,LL%_casa,EN_casa,BR_casa,B/E_casa,TO_casa,FC_casa,T/FC_casa,ET_casa,VI_casa,EF_casa,Pts_visitante,3P_visitante,2P_visitante,LL_visitante,RT_visitante,RO_visitante,RD_visitante,AS_visitante,ER_visitante,IA%_visitante,3PC_visitante,3PT_visitante,3P%_visitante,2PC_visitante,2PT_visitante,2P%_visitante,LLC_visitante,LLT_visitante,LL%_visitante,EN_visitante,BR_visitante,B/E_visitante,TO_visitante,FC_visitante,T/FC_visitante,ET_visitante,VI_visitante,EF_visitante
89,56,2018-11-13,5,1,2018-2019,Joinville / AABJ,Bauru Basket,71.14285714285714,28.714285714285715,29.427142857142858,13.001428571428571,37.0,11.572857142857142,25.427142857142858,14.714285714285714,14.430000000000001,1.1142857142857143,9.570000000000002,27.285714285714285,35.20714285714286,14.715714285714284,32.85857142857143,45.10857142857143,13.001428571428571,20.284285714285716,64.2357142857143,1.4271428571428573,7.43,0.57,1.7157142857142857,17.285714285714285,0.09285714285714286,14.430000000000001,2.712857142857143,74.28571428571429,77.70199999999998,29.1,33.8,14.801999999999998,36.99999999999999,8.202000000000002,28.801000000000005,17.198,12.699,1.3980000000000001,9.699,25.898999999999994,37.821000000000005,16.9,33.501000000000005,50.474000000000004,14.801999999999998,20.400000000000002,72.37300000000002,1.202,5.501,0.44000000000000006,1.6,21.398999999999994,0.07299999999999998,12.699,2.7009999999999996,87.9
