placar_casa,placar_visitante,data,round,stage,ano,equipe_casa,equipe_visitante,Pts_casa,3P_casa,2P_casa,LL_casa,RT_casa,RO_casa,RD_casa,AS_casa,ER_casa,IA%_casa,3PC_casa,3PT_casa,3P%_casa,2PC_casa,2PT_casa,2P%_casa,LLC_casa,LLT_casa,LL%_casa,EN_casa,BR_casa,B/E_casa,TO_casa,FC_casa,T/FC_casa,ET_casa,VI_casa,EF_casa,Pts_visitante,3P_visitante,2P_visitante,LL_visitante,RT_visitante,RO_visitante,RD_visitante,AS_visitante,ER_visitante,IA%_visitante,3PC_visitante,3PT_visitante,3P%_visitante,2PC_visitante,2PT_visitante,2P%_visitante,LLC_visitante,LLT_visitante,LL%_visitante,EN_visitante,BR_visitante,B/E_visitante,TO_visitante,FC_visitante,T/FC_visitante,ET_visitante,VI_visitante,EF_visitante
84,82,2019-01-31,4,2,2018-2019,Brasília,Corinthians,75.801,28.2,35.20100000000001,12.4,31.2,6.699,24.500999999999998,16.7,12.7,1.3930000000000002,9.4,26.898999999999994,35.059000000000005,17.599,32.601000000000006,53.914,12.4,18.201,68.47,0.5,6.3,0.533,2.3,21.0,0.11200000000000002,12.7,1.8009999999999997,81.099,79.45,21.6,39.599,18.250999999999998,38.15,11.498999999999999,26.651000000000003,17.649,13.549000000000001,1.3780000000000001,7.2010000000000005,23.298999999999996,30.993000000000002,19.801,40.54899999999999,49.323,18.250999999999998,23.498999999999995,77.884,2.15,7.15,0.534,1.8509999999999998,24.701000000000004,0.072,13.549000000000001,2.15,88.50099999999999
