placar_casa,placar_visitante,data,round,stage,ano,equipe_casa,equipe_visitante,Pts_casa,3P_casa,2P_casa,LL_casa,RT_casa,RO_casa,RD_casa,AS_casa,ER_casa,IA%_casa,3PC_casa,3PT_casa,3P%_casa,2PC_casa,2PT_casa,2P%_casa,LLC_casa,LLT_casa,LL%_casa,EN_casa,BR_casa,B/E_casa,TO_casa,FC_casa,T/FC_casa,ET_casa,VI_casa,EF_casa,Pts_visitante,3P_visitante,2P_visitante,LL_visitante,RT_visitante,RO_visitante,RD_visitante,AS_visitante,ER_visitante,IA%_visitante,3PC_visitante,3PT_visitante,3P%_visitante,2PC_visitante,2PT_visitante,2P%_visitante,LLC_visitante,LLT_visitante,LL%_visitante,EN_visitante,BR_visitante,B/E_visitante,TO_visitante,FC_visitante,T/FC_visitante,ET_visitante,VI_visitante,EF_visitante
84,90,2019-01-10,1,2,2018-2019,Joinville / AABJ,Mogi,77.53846153846153,33.23076923076923,32.46076923076923,11.846923076923076,36.23076923076923,11.462307692307691,24.76846153846154,15.307692307692308,13.308461538461538,1.2846153846153845,11.076153846153847,29.076923076923077,37.87769230769231,16.23153846153846,34.15461538461538,47.599999999999994,11.846923076923076,18.153076923076924,64.4723076923077,1.0761538461538462,6.693076923076922,0.5615384615384615,2.1546153846153846,20.153846153846153,0.10230769230769231,13.308461538461538,2.460769230769231,82.23076923076923,87.99933333333334,26.0,45.26733333333333,16.733999999999998,39.034666666666666,11.266666666666667,27.766,20.767333333333337,12.932,1.696,8.666666666666666,23.73466666666667,36.548,22.63266666666667,41.166000000000004,55.14999999999999,16.733999999999998,22.66666666666667,73.81,1.2653333333333334,6.966666666666667,0.5533333333333332,3.2680000000000002,20.165999999999997,0.1633333333333333,12.932,2.233333333333333,105.4
