placar_casa,placar_visitante,data,round,stage,ano,equipe_casa,equipe_visitante,Pts_casa,3P_casa,2P_casa,LL_casa,RT_casa,RO_casa,RD_casa,AS_casa,ER_casa,IA%_casa,3PC_casa,3PT_casa,3P%_casa,2PC_casa,2PT_casa,2P%_casa,LLC_casa,LLT_casa,LL%_casa,EN_casa,BR_casa,B/E_casa,TO_casa,FC_casa,T/FC_casa,ET_casa,VI_casa,EF_casa,Pts_visitante,3P_visitante,2P_visitante,LL_visitante,RT_visitante,RO_visitante,RD_visitante,AS_visitante,ER_visitante,IA%_visitante,3PC_visitante,3PT_visitante,3P%_visitante,2PC_visitante,2PT_visitante,2P%_visitante,LLC_visitante,LLT_visitante,LL%_visitante,EN_visitante,BR_visitante,B/E_visitante,TO_visitante,FC_visitante,T/FC_visitante,ET_visitante,VI_visitante,EF_visitante
76,80,2019-01-15,2,2,2018-2019,Brasília,Mogi,77.86733333333333,27.4,34.934,15.533333333333333,33.266666666666666,9.066,24.20066666666667,16.533333333333335,13.4,1.3093333333333335,9.133333333333333,26.865999999999996,33.940666666666665,17.465999999999998,35.26733333333333,49.72533333333333,15.533333333333333,21.467333333333336,73.00933333333334,0.6666666666666666,6.266666666666667,0.4960000000000001,2.6,22.133333333333333,0.11933333333333336,13.4,1.8673333333333337,81.53266666666667,88.266,26.0,45.734,16.534,39.534666666666666,11.066666666666666,28.465999999999998,21.20066666666667,13.398666666666667,1.6826666666666665,8.666666666666666,23.201333333333334,37.172000000000004,22.866,41.39933333333333,55.37799999999999,16.534,22.600000000000005,73.24,1.332,7.133333333333334,0.5513333333333333,3.6013333333333337,19.865999999999996,0.18133333333333332,13.398666666666667,2.266666666666666,107.0
