placar_casa,placar_visitante,data,round,stage,ano,equipe_casa,equipe_visitante,Pts_casa,3P_casa,2P_casa,LL_casa,RT_casa,RO_casa,RD_casa,AS_casa,ER_casa,IA%_casa,3PC_casa,3PT_casa,3P%_casa,2PC_casa,2PT_casa,2P%_casa,LLC_casa,LLT_casa,LL%_casa,EN_casa,BR_casa,B/E_casa,TO_casa,FC_casa,T/FC_casa,ET_casa,VI_casa,EF_casa,Pts_visitante,3P_visitante,2P_visitante,LL_visitante,RT_visitante,RO_visitante,RD_visitante,AS_visitante,ER_visitante,IA%_visitante,3PC_visitante,3PT_visitante,3P%_visitante,2PC_visitante,2PT_visitante,2P%_visitante,LLC_visitante,LLT_visitante,LL%_visitante,EN_visitante,BR_visitante,B/E_visitante,TO_visitante,FC_visitante,T/FC_visitante,ET_visitante,VI_visitante,EF_visitante
77,84,2018-11-23,6,1,2018-2019,Joinville / AABJ,Brasília,73.375,31.5,29.74875,12.126249999999999,37.625,12.251249999999999,25.37375,15.25,13.50125,1.3137500000000002,10.498750000000001,28.375,36.70875,14.876249999999999,33.12625,45.183749999999996,12.126249999999999,18.87375,64.54,1.37375,7.50125,0.64125,1.75125,17.875,0.0925,13.50125,2.3737500000000002,79.0,79.76666666666667,26.2,36.666666666666664,16.9,34.833333333333336,10.733333333333333,24.1,16.666666666666668,14.966666666666667,1.1446666666666665,8.733333333333333,25.466666666666665,34.289333333333325,18.333333333333332,37.733333333333334,48.832,16.9,21.933333333333334,77.98066666666666,1.0666666666666667,6.666666666666667,0.444,2.3666666666666667,23.666666666666668,0.10200000000000002,14.966666666666667,2.2333333333333334,84.1
