placar_casa,placar_visitante,data,round,stage,ano,equipe_casa,equipe_visitante,Pts_casa,3P_casa,2P_casa,LL_casa,RT_casa,RO_casa,RD_casa,AS_casa,ER_casa,IA%_casa,3PC_casa,3PT_casa,3P%_casa,2PC_casa,2PT_casa,2P%_casa,LLC_casa,LLT_casa,LL%_casa,EN_casa,BR_casa,B/E_casa,TO_casa,FC_casa,T/FC_casa,ET_casa,VI_casa,EF_casa,Pts_visitante,3P_visitante,2P_visitante,LL_visitante,RT_visitante,RO_visitante,RD_visitante,AS_visitante,ER_visitante,IA%_visitante,3PC_visitante,3PT_visitante,3P%_visitante,2PC_visitante,2PT_visitante,2P%_visitante,LLC_visitante,LLT_visitante,LL%_visitante,EN_visitante,BR_visitante,B/E_visitante,TO_visitante,FC_visitante,T/FC_visitante,ET_visitante,VI_visitante,EF_visitante
93,73,2018-10-30,3,1,2018-2019,Flamengo,Mogi,87.46666666666667,30.0,38.132666666666665,19.334000000000003,40.466,12.734000000000004,27.734,20.465999999999998,12.866666666666667,1.6819999999999997,10.0,29.800666666666668,33.20399999999999,19.067333333333337,37.2,51.686000000000014,19.334000000000003,24.532666666666664,78.59933333333335,1.6,5.799333333333333,0.47933333333333333,1.8,21.867333333333338,0.08266666666666668,12.866666666666667,2.066,99.99933333333333,85.59933333333333,28.2,40.66733333333333,16.733999999999998,39.26733333333333,12.533999999999997,26.733333333333334,18.4,11.866000000000003,1.6566666666666667,9.400666666666666,28.334000000000003,34.14133333333333,20.332666666666665,37.532666666666664,54.392,16.733999999999998,22.665999999999997,73.866,1.6659999999999997,7.667333333333334,0.6826666666666666,1.8006666666666666,20.933333333333334,0.08600000000000002,11.866000000000003,2.1340000000000003,98.79933333333332
