placar_casa,placar_visitante,data,round,stage,ano,equipe_casa,equipe_visitante,Pts_casa,3P_casa,2P_casa,LL_casa,RT_casa,RO_casa,RD_casa,AS_casa,ER_casa,IA%_casa,3PC_casa,3PT_casa,3P%_casa,2PC_casa,2PT_casa,2P%_casa,LLC_casa,LLT_casa,LL%_casa,EN_casa,BR_casa,B/E_casa,TO_casa,FC_casa,T/FC_casa,ET_casa,VI_casa,EF_casa,Pts_visitante,3P_visitante,2P_visitante,LL_visitante,RT_visitante,RO_visitante,RD_visitante,AS_visitante,ER_visitante,IA%_visitante,3PC_visitante,3PT_visitante,3P%_visitante,2PC_visitante,2PT_visitante,2P%_visitante,LLC_visitante,LLT_visitante,LL%_visitante,EN_visitante,BR_visitante,B/E_visitante,TO_visitante,FC_visitante,T/FC_visitante,ET_visitante,VI_visitante,EF_visitante
75,88,2018-12-14,9,1,2018-2019,R10 Score Vasco da Gama,Mogi,73.33333333333333,24.3,35.93333333333333,13.1,36.1,9.533333333333333,26.566666666666666,16.066666666666666,14.766666666666667,1.1293333333333335,8.1,24.3,32.96066666666666,17.966666666666665,38.4,46.72599999999999,13.1,18.833333333333332,69.542,0.7333333333333333,7.233333333333333,0.5033333333333333,1.5666666666666667,20.1,0.08133333333333335,14.766666666666667,2.566666666666667,77.16666666666667,87.39933333333333,27.0,43.06733333333333,17.334,38.068000000000005,11.000000000000002,27.065999999999995,19.867333333333338,12.79866666666667,1.6019999999999999,9.0,25.33466666666667,36.057333333333325,21.532666666666668,39.866,53.76266666666666,17.334,23.000000000000004,75.472,1.3319999999999999,7.266666666666667,0.5820000000000001,2.6013333333333337,20.865999999999996,0.126,12.79866666666667,2.5333333333333328,102.00000000000001
