placar_casa,placar_visitante,data,round,stage,ano,equipe_casa,equipe_visitante,Pts_casa,3P_casa,2P_casa,LL_casa,RT_casa,RO_casa,RD_casa,AS_casa,ER_casa,IA%_casa,3PC_casa,3PT_casa,3P%_casa,2PC_casa,2PT_casa,2P%_casa,LLC_casa,LLT_casa,LL%_casa,EN_casa,BR_casa,B/E_casa,TO_casa,FC_casa,T/FC_casa,ET_casa,VI_casa,EF_casa,Pts_visitante,3P_visitante,2P_visitante,LL_visitante,RT_visitante,RO_visitante,RD_visitante,AS_visitante,ER_visitante,IA%_visitante,3PC_visitante,3PT_visitante,3P%_visitante,2PC_visitante,2PT_visitante,2P%_visitante,LLC_visitante,LLT_visitante,LL%_visitante,EN_visitante,BR_visitante,B/E_visitante,TO_visitante,FC_visitante,T/FC_visitante,ET_visitante,VI_visitante,EF_visitante
76,85,2018-10-26,2,1,2018-2019,Pinheiros,Corinthians,81.85099999999998,26.85,38.301,16.7,33.29899999999999,8.701,24.601000000000006,15.099,12.748999999999999,1.241,8.949,24.501000000000005,35.98799999999999,19.148999999999994,36.85,52.227,16.7,22.049000000000003,76.09700000000001,1.3,7.05,0.5609999999999999,2.5989999999999993,19.301000000000005,0.13200000000000003,12.748999999999999,2.25,88.55,83.66666666666667,20.5,45.666666666666664,17.5,34.0,10.833333333333334,23.166666666666668,15.333333333333334,10.0,1.5200000000000002,6.833333333333333,20.0,34.42666666666667,22.833333333333332,45.0,51.163333333333334,17.5,22.0,79.41666666666667,1.3333333333333333,6.0,0.6266666666666666,1.5,26.5,0.06,10.0,1.3333333333333333,90.66666666666667
