placar_casa,placar_visitante,data,round,stage,ano,equipe_casa,equipe_visitante,Pts_casa,3P_casa,2P_casa,LL_casa,RT_casa,RO_casa,RD_casa,AS_casa,ER_casa,IA%_casa,3PC_casa,3PT_casa,3P%_casa,2PC_casa,2PT_casa,2P%_casa,LLC_casa,LLT_casa,LL%_casa,EN_casa,BR_casa,B/E_casa,TO_casa,FC_casa,T/FC_casa,ET_casa,VI_casa,EF_casa,Pts_visitante,3P_visitante,2P_visitante,LL_visitante,RT_visitante,RO_visitante,RD_visitante,AS_visitante,ER_visitante,IA%_visitante,3PC_visitante,3PT_visitante,3P%_visitante,2PC_visitante,2PT_visitante,2P%_visitante,LLC_visitante,LLT_visitante,LL%_visitante,EN_visitante,BR_visitante,B/E_visitante,TO_visitante,FC_visitante,T/FC_visitante,ET_visitante,VI_visitante,EF_visitante
75,80,2019-01-16,2,2,2018-2019,Minas,Coop/São José Basketball,78.06733333333332,26.4,35.60066666666667,16.066666666666666,36.13466666666667,9.732666666666667,26.400000000000002,16.799333333333337,14.132666666666669,1.2299999999999998,8.801333333333334,25.466666666666665,34.32600000000001,17.799333333333333,35.8,49.91733333333334,16.066666666666666,22.200000000000003,72.15,1.8006666666666666,7.800666666666667,0.5800000000000001,2.1333333333333333,20.60066666666667,0.1046666666666667,14.132666666666669,1.865333333333333,85.734,80.4,25.6,38.666666666666664,16.133333333333333,36.266666666666666,10.0,26.266666666666666,19.133333333333333,14.6,1.3713333333333335,8.533333333333333,26.2,33.33266666666667,19.333333333333332,36.13333333333333,53.581999999999994,16.133333333333333,21.266666666666666,76.40333333333332,0.9333333333333333,6.733333333333333,0.47666666666666674,2.0,23.733333333333334,0.08800000000000001,14.6,2.6,90.06666666666666
