placar_casa,placar_visitante,data,round,stage,ano,equipe_casa,equipe_visitante,Pts_casa,3P_casa,2P_casa,LL_casa,RT_casa,RO_casa,RD_casa,AS_casa,ER_casa,IA%_casa,3PC_casa,3PT_casa,3P%_casa,2PC_casa,2PT_casa,2P%_casa,LLC_casa,LLT_casa,LL%_casa,EN_casa,BR_casa,B/E_casa,TO_casa,FC_casa,T/FC_casa,ET_casa,VI_casa,EF_casa,Pts_visitante,3P_visitante,2P_visitante,LL_visitante,RT_visitante,RO_visitante,RD_visitante,AS_visitante,ER_visitante,IA%_visitante,3PC_visitante,3PT_visitante,3P%_visitante,2PC_visitante,2PT_visitante,2P%_visitante,LLC_visitante,LLT_visitante,LL%_visitante,EN_visitante,BR_visitante,B/E_visitante,TO_visitante,FC_visitante,T/FC_visitante,ET_visitante,VI_visitante,EF_visitante
73,67,2018-11-15,5,1,2018-2019,Mogi,Bauru Basket,86.06600000000002,28.266666666666666,40.934,16.86733333333333,38.312,11.422666666666666,26.888666666666666,18.511333333333333,12.421333333333335,1.6179999999999997,9.422666666666666,27.24533333333334,35.68533333333333,20.465999999999998,38.33266666666667,53.33666666666666,16.86733333333333,22.577333333333332,74.35933333333332,1.4213333333333333,7.489333333333334,0.6519999999999999,2.112,20.688666666666666,0.10333333333333335,12.421333333333335,2.556,98.64400000000002,77.43466666666667,28.0,34.2,15.234666666666664,37.53333333333333,8.801333333333334,28.734,16.898666666666667,13.499333333333336,1.3039999999999998,9.332666666666666,26.665999999999997,35.394000000000005,17.1,33.00066666666667,51.85199999999999,15.234666666666664,20.666666666666668,73.33066666666669,1.368,5.967333333333333,0.4513333333333334,1.6333333333333333,21.465999999999998,0.07533333333333335,13.499333333333336,3.0340000000000003,87.26666666666667
