placar_casa,placar_visitante,data,round,stage,ano,equipe_casa,equipe_visitante,Pts_casa,3P_casa,2P_casa,LL_casa,RT_casa,RO_casa,RD_casa,AS_casa,ER_casa,IA%_casa,3PC_casa,3PT_casa,3P%_casa,2PC_casa,2PT_casa,2P%_casa,LLC_casa,LLT_casa,LL%_casa,EN_casa,BR_casa,B/E_casa,TO_casa,FC_casa,T/FC_casa,ET_casa,VI_casa,EF_casa,Pts_visitante,3P_visitante,2P_visitante,LL_visitante,RT_visitante,RO_visitante,RD_visitante,AS_visitante,ER_visitante,IA%_visitante,3PC_visitante,3PT_visitante,3P%_visitante,2PC_visitante,2PT_visitante,2P%_visitante,LLC_visitante,LLT_visitante,LL%_visitante,EN_visitante,BR_visitante,B/E_visitante,TO_visitante,FC_visitante,T/FC_visitante,ET_visitante,VI_visitante,EF_visitante
84,77,2018-11-08,4,1,2018-2019,Sesi Franca,Flamengo,81.7,29.2,36.86666666666667,15.633333333333333,34.266666666666666,9.0,25.266666666666666,16.6,12.233333333333333,1.4439999999999995,9.733333333333333,26.8,35.288,18.433333333333334,33.2,55.754666666666665,15.633333333333333,19.8,78.06466666666667,2.1,6.466666666666667,0.5373333333333333,1.4333333333333333,20.9,0.078,12.233333333333333,1.8,92.23333333333333,83.55466666666666,28.4,39.15466666666667,16.0,41.15466666666667,13.178666666666665,27.978666666666673,20.17733333333333,13.866666666666667,1.5613333333333335,9.466666666666667,29.111333333333334,32.15533333333333,19.57866666666667,39.532666666666664,49.96266666666667,16.0,20.444,77.38133333333332,1.3333333333333333,6.643333333333333,0.5053333333333333,1.8453333333333337,21.511333333333333,0.08533333333333334,13.866666666666667,1.8880000000000001,95.444
