placar_casa,placar_visitante,data,round,stage,ano,equipe_casa,equipe_visitante,Pts_casa,3P_casa,2P_casa,LL_casa,RT_casa,RO_casa,RD_casa,AS_casa,ER_casa,IA%_casa,3PC_casa,3PT_casa,3P%_casa,2PC_casa,2PT_casa,2P%_casa,LLC_casa,LLT_casa,LL%_casa,EN_casa,BR_casa,B/E_casa,TO_casa,FC_casa,T/FC_casa,ET_casa,VI_casa,EF_casa,Pts_visitante,3P_visitante,2P_visitante,LL_visitante,RT_visitante,RO_visitante,RD_visitante,AS_visitante,ER_visitante,IA%_visitante,3PC_visitante,3PT_visitante,3P%_visitante,2PC_visitante,2PT_visitante,2P%_visitante,LLC_visitante,LLT_visitante,LL%_visitante,EN_visitante,BR_visitante,B/E_visitante,TO_visitante,FC_visitante,T/FC_visitante,ET_visitante,VI_visitante,EF_visitante
87,75,2019-01-10,1,2,2018-2019,Pinheiros,Minas,80.134,31.2,36.00066666666667,12.933333333333334,34.199333333333335,10.600666666666665,23.600666666666665,14.732666666666667,11.932666666666668,1.3673333333333333,10.399333333333335,28.800666666666665,35.937999999999995,17.999333333333333,35.46666666666667,51.228666666666676,12.933333333333334,16.932666666666666,76.11266666666667,1.0666666666666667,7.8,0.7173333333333335,2.332666666666667,18.400666666666666,0.12066666666666667,11.932666666666668,2.4,87.33333333333333,77.16733333333333,26.8,34.734,15.633333333333331,36.134666666666675,9.932666666666668,26.200000000000003,16.566000000000003,14.132666666666669,1.216,8.934666666666667,26.333333333333332,33.86866666666667,17.366,34.96666666666667,49.92666666666667,15.633333333333331,22.26666666666667,70.59066666666668,1.7339999999999998,7.534000000000001,0.5646666666666665,2.066666666666667,20.10066666666667,0.10400000000000005,14.132666666666669,1.8319999999999999,83.46733333333333
