placar_casa,placar_visitante,data,round,stage,ano,equipe_casa,equipe_visitante,Pts_casa,3P_casa,2P_casa,LL_casa,RT_casa,RO_casa,RD_casa,AS_casa,ER_casa,IA%_casa,3PC_casa,3PT_casa,3P%_casa,2PC_casa,2PT_casa,2P%_casa,LLC_casa,LLT_casa,LL%_casa,EN_casa,BR_casa,B/E_casa,TO_casa,FC_casa,T/FC_casa,ET_casa,VI_casa,EF_casa,Pts_visitante,3P_visitante,2P_visitante,LL_visitante,RT_visitante,RO_visitante,RD_visitante,AS_visitante,ER_visitante,IA%_visitante,3PC_visitante,3PT_visitante,3P%_visitante,2PC_visitante,2PT_visitante,2P%_visitante,LLC_visitante,LLT_visitante,LL%_visitante,EN_visitante,BR_visitante,B/E_visitante,TO_visitante,FC_visitante,T/FC_visitante,ET_visitante,VI_visitante,EF_visitante
65,73,2019-03-26,12,2,2018-2019,Coop/São José Basketball,Paulistano,76.74900000000001,23.55,37.599,15.6,36.099,9.751000000000001,26.351000000000006,17.898999999999994,15.599,1.159,7.851000000000001,25.748999999999995,30.659,18.801000000000005,34.699,54.041,15.6,20.551000000000005,74.50699999999999,1.001,7.4510000000000005,0.49800000000000005,0.951,24.101000000000006,0.043000000000000003,15.599,1.6509999999999998,84.8,88.583,34.8,38.6,15.182999999999998,40.483,12.217,28.267000000000003,18.117,15.532999999999998,1.21,11.6,31.917,36.26200000000001,19.3,34.117000000000004,56.501,15.182999999999998,20.2,75.046,2.617,5.2,0.33999999999999997,2.367,22.65,0.11000000000000001,15.532999999999998,1.85,98.31700000000001
