placar_casa,placar_visitante,data,round,stage,ano,equipe_casa,equipe_visitante,Pts_casa,3P_casa,2P_casa,LL_casa,RT_casa,RO_casa,RD_casa,AS_casa,ER_casa,IA%_casa,3PC_casa,3PT_casa,3P%_casa,2PC_casa,2PT_casa,2P%_casa,LLC_casa,LLT_casa,LL%_casa,EN_casa,BR_casa,B/E_casa,TO_casa,FC_casa,T/FC_casa,ET_casa,VI_casa,EF_casa,Pts_visitante,3P_visitante,2P_visitante,LL_visitante,RT_visitante,RO_visitante,RD_visitante,AS_visitante,ER_visitante,IA%_visitante,3PC_visitante,3PT_visitante,3P%_visitante,2PC_visitante,2PT_visitante,2P%_visitante,LLC_visitante,LLT_visitante,LL%_visitante,EN_visitante,BR_visitante,B/E_visitante,TO_visitante,FC_visitante,T/FC_visitante,ET_visitante,VI_visitante,EF_visitante
65,71,2018-12-11,9,1,2018-2019,R10 Score Vasco da Gama,Pinheiros,74.33333333333333,24.0,35.86666666666667,14.466666666666667,35.733333333333334,9.4,26.333333333333332,16.0,15.066666666666666,1.0946666666666667,8.0,24.133333333333333,32.79933333333334,17.933333333333334,37.733333333333334,47.431999999999995,14.466666666666667,20.2,70.20466666666667,0.8,7.133333333333334,0.48400000000000004,1.6,20.666666666666668,0.08066666666666666,15.066666666666666,3.0,78.06666666666666,80.40066666666667,28.6,36.934,14.866666666666667,32.93266666666666,9.200666666666667,23.733999999999998,13.999333333333334,11.999333333333334,1.3153333333333335,9.532666666666668,26.467333333333332,35.90533333333333,18.466,36.13333333333333,51.60866666666667,14.866666666666667,19.599333333333334,76.06733333333334,0.9333333333333333,7.933333333333334,0.7233333333333333,2.399333333333333,19.067333333333334,0.12200000000000001,11.999333333333334,2.3333333333333335,86.26666666666667
