placar_casa,placar_visitante,data,round,stage,ano,equipe_casa,equipe_visitante,Pts_casa,3P_casa,2P_casa,LL_casa,RT_casa,RO_casa,RD_casa,AS_casa,ER_casa,IA%_casa,3PC_casa,3PT_casa,3P%_casa,2PC_casa,2PT_casa,2P%_casa,LLC_casa,LLT_casa,LL%_casa,EN_casa,BR_casa,B/E_casa,TO_casa,FC_casa,T/FC_casa,ET_casa,VI_casa,EF_casa,Pts_visitante,3P_visitante,2P_visitante,LL_visitante,RT_visitante,RO_visitante,RD_visitante,AS_visitante,ER_visitante,IA%_visitante,3PC_visitante,3PT_visitante,3P%_visitante,2PC_visitante,2PT_visitante,2P%_visitante,LLC_visitante,LLT_visitante,LL%_visitante,EN_visitante,BR_visitante,B/E_visitante,TO_visitante,FC_visitante,T/FC_visitante,ET_visitante,VI_visitante,EF_visitante
81,92,2019-01-14,2,2,2018-2019,Joinville / AABJ,R10 Score Vasco da Gama,78.0,33.642857142857146,32.85642857142857,11.500714285714285,35.785714285714285,11.429285714285713,24.356428571428573,14.857142857142858,13.429285714285713,1.2357142857142858,11.213571428571429,29.571428571428573,37.75142857142857,16.429285714285715,34.78642857142857,47.35642857142857,11.500714285714285,17.499285714285715,65.42285714285715,1.1421428571428571,7.357857142857142,0.597857142857143,2.1435714285714282,20.571428571428573,0.10071428571428573,13.429285714285713,2.4992857142857146,81.85714285714286,73.0,24.0,36.0,13.0,37.6,10.333333333333334,27.266666666666666,16.333333333333332,14.2,1.184,8.0,24.533333333333335,32.34533333333333,18.0,39.6,45.41599999999999,13.0,18.733333333333334,69.68733333333333,0.7333333333333333,6.933333333333334,0.5046666666666666,1.6666666666666667,19.2,0.08733333333333335,14.2,2.2666666666666666,77.46666666666667
