placar_casa,placar_visitante,data,round,stage,ano,equipe_casa,equipe_visitante,Pts_casa,3P_casa,2P_casa,LL_casa,RT_casa,RO_casa,RD_casa,AS_casa,ER_casa,IA%_casa,3PC_casa,3PT_casa,3P%_casa,2PC_casa,2PT_casa,2P%_casa,LLC_casa,LLT_casa,LL%_casa,EN_casa,BR_casa,B/E_casa,TO_casa,FC_casa,T/FC_casa,ET_casa,VI_casa,EF_casa,Pts_visitante,3P_visitante,2P_visitante,LL_visitante,RT_visitante,RO_visitante,RD_visitante,AS_visitante,ER_visitante,IA%_visitante,3PC_visitante,3PT_visitante,3P%_visitante,2PC_visitante,2PT_visitante,2P%_visitante,LLC_visitante,LLT_visitante,LL%_visitante,EN_visitante,BR_visitante,B/E_visitante,TO_visitante,FC_visitante,T/FC_visitante,ET_visitante,VI_visitante,EF_visitante
72,69,2018-11-07,4,1,2018-2019,Joinville / AABJ,Fortaleza B. C. / CFO,71.0,29.5,27.998333333333335,13.501666666666665,36.166666666666664,11.168333333333331,24.998333333333335,14.666666666666666,15.668333333333335,0.9433333333333334,9.831666666666667,27.0,36.47666666666667,14.001666666666665,31.668333333333333,44.71,13.501666666666665,20.49833333333333,66.17,1.3316666666666668,7.501666666666666,0.4983333333333333,1.1683333333333332,17.0,0.065,15.668333333333335,2.831666666666667,72.83333333333333,73.501,24.6,36.801,12.1,36.20100000000001,10.3,25.901000000000003,12.001000000000001,12.799,0.9740000000000002,8.2,25.598999999999997,31.817,18.399,38.2,49.09,12.1,17.499000000000002,69.94,1.9009999999999998,5.8,0.4669999999999999,2.099,19.901,0.10900000000000003,12.799,2.2,74.099
