placar_casa,placar_visitante,data,round,stage,ano,equipe_casa,equipe_visitante,Pts_casa,3P_casa,2P_casa,LL_casa,RT_casa,RO_casa,RD_casa,AS_casa,ER_casa,IA%_casa,3PC_casa,3PT_casa,3P%_casa,2PC_casa,2PT_casa,2P%_casa,LLC_casa,LLT_casa,LL%_casa,EN_casa,BR_casa,B/E_casa,TO_casa,FC_casa,T/FC_casa,ET_casa,VI_casa,EF_casa,Pts_visitante,3P_visitante,2P_visitante,LL_visitante,RT_visitante,RO_visitante,RD_visitante,AS_visitante,ER_visitante,IA%_visitante,3PC_visitante,3PT_visitante,3P%_visitante,2PC_visitante,2PT_visitante,2P%_visitante,LLC_visitante,LLT_visitante,LL%_visitante,EN_visitante,BR_visitante,B/E_visitante,TO_visitante,FC_visitante,T/FC_visitante,ET_visitante,VI_visitante,EF_visitante
82,73,2018-11-02,3,1,2018-2019,Fortaleza B. C. / CFO,Bauru Basket,73.20066666666665,25.0,34.467333333333336,13.733333333333333,36.833999999999996,10.366666666666667,26.467333333333336,12.833999999999998,13.466000000000003,0.984,8.333333333333334,26.199333333333332,31.636000000000006,17.232666666666663,38.43333333333333,45.44466666666666,13.733333333333333,19.232666666666663,71.67066666666668,1.634,6.466666666666667,0.49466666666666664,2.1659999999999995,20.90066666666667,0.10866666666666669,13.466000000000003,2.2333333333333334,73.39933333333335,81.40066666666667,29.5,36.86666666666667,15.033999999999997,37.400666666666666,9.300666666666666,28.1,17.732666666666663,14.033333333333333,1.3186666666666667,9.832666666666666,26.733333333333334,37.112,18.433333333333334,33.7,54.745333333333335,15.033999999999997,20.567333333333337,73.118,1.400666666666667,6.966666666666667,0.5053333333333333,2.1,22.633333333333333,0.09000000000000002,14.033333333333333,3.1673333333333336,93.86666666666666
