placar_casa,placar_visitante,data,round,stage,ano,equipe_casa,equipe_visitante,Pts_casa,3P_casa,2P_casa,LL_casa,RT_casa,RO_casa,RD_casa,AS_casa,ER_casa,IA%_casa,3PC_casa,3PT_casa,3P%_casa,2PC_casa,2PT_casa,2P%_casa,LLC_casa,LLT_casa,LL%_casa,EN_casa,BR_casa,B/E_casa,TO_casa,FC_casa,T/FC_casa,ET_casa,VI_casa,EF_casa,Pts_visitante,3P_visitante,2P_visitante,LL_visitante,RT_visitante,RO_visitante,RD_visitante,AS_visitante,ER_visitante,IA%_visitante,3PC_visitante,3PT_visitante,3P%_visitante,2PC_visitante,2PT_visitante,2P%_visitante,LLC_visitante,LLT_visitante,LL%_visitante,EN_visitante,BR_visitante,B/E_visitante,TO_visitante,FC_visitante,T/FC_visitante,ET_visitante,VI_visitante,EF_visitante
102,70,2015-11-13,4,1,2015-2016,Flamengo,Rio Claro,85.46666666666667,27.2,44.0,14.266666666666667,35.0,9.066666666666666,25.933333333333334,19.0,9.466666666666667,2.1806666666666668,9.066666666666666,24.333333333333332,37.55466666666667,22.0,38.93333333333333,56.62133333333333,14.266666666666667,18.4,77.09733333333332,2.3333333333333335,9.666666666666666,1.0946666666666667,2.3333333333333335,18.8,0.128,9.466666666666667,1.3333333333333333,105.66666666666667,80.6,23.6,41.2,15.8,30.266666666666666,8.533333333333333,21.733333333333334,17.0,12.933333333333334,1.3973333333333333,7.866666666666666,22.266666666666666,34.81866666666667,20.6,38.4,54.00266666666667,15.8,20.6,76.69999999999999,1.6,10.0,0.826,1.4666666666666666,21.666666666666668,0.06933333333333333,12.933333333333334,3.1333333333333333,89.4
