placar_casa,placar_visitante,data,round,stage,ano,equipe_casa,equipe_visitante,Pts_casa,3P_casa,2P_casa,LL_casa,RT_casa,RO_casa,RD_casa,AS_casa,ER_casa,IA%_casa,3PC_casa,3PT_casa,3P%_casa,2PC_casa,2PT_casa,2P%_casa,LLC_casa,LLT_casa,LL%_casa,EN_casa,BR_casa,B/E_casa,TO_casa,FC_casa,T/FC_casa,ET_casa,VI_casa,EF_casa,Pts_visitante,3P_visitante,2P_visitante,LL_visitante,RT_visitante,RO_visitante,RD_visitante,AS_visitante,ER_visitante,IA%_visitante,3PC_visitante,3PT_visitante,3P%_visitante,2PC_visitante,2PT_visitante,2P%_visitante,LLC_visitante,LLT_visitante,LL%_visitante,EN_visitante,BR_visitante,B/E_visitante,TO_visitante,FC_visitante,T/FC_visitante,ET_visitante,VI_visitante,EF_visitante
90,96,2015-12-17,12,1,2015-2016,Pinheiros,Rio Claro,84.53333333333333,20.6,45.733333333333334,18.2,38.53333333333333,11.4,27.133333333333333,13.133333333333333,13.4,1.0526666666666666,6.866666666666666,18.133333333333333,36.798,22.866666666666667,46.2,49.68999999999999,18.2,23.6,76.394,1.4666666666666666,8.533333333333333,0.6693333333333332,4.266666666666667,21.466666666666665,0.21133333333333332,13.4,2.6,95.6,76.06666666666666,26.2,36.666666666666664,13.2,31.8,8.6,23.2,17.333333333333332,15.733333333333333,1.1413333333333333,8.733333333333333,23.6,36.68999999999999,18.333333333333332,34.2,53.744666666666674,13.2,19.333333333333332,67.12,2.2,10.066666666666666,0.6539999999999999,2.4,22.2,0.11,15.733333333333333,4.066666666666666,85.06666666666666
