placar_casa,placar_visitante,data,round,stage,ano,equipe_casa,equipe_visitante,Pts_casa,3P_casa,2P_casa,LL_casa,RT_casa,RO_casa,RD_casa,AS_casa,ER_casa,IA%_casa,3PC_casa,3PT_casa,3P%_casa,2PC_casa,2PT_casa,2P%_casa,LLC_casa,LLT_casa,LL%_casa,EN_casa,BR_casa,B/E_casa,TO_casa,FC_casa,T/FC_casa,ET_casa,VI_casa,EF_casa,Pts_visitante,3P_visitante,2P_visitante,LL_visitante,RT_visitante,RO_visitante,RD_visitante,AS_visitante,ER_visitante,IA%_visitante,3PC_visitante,3PT_visitante,3P%_visitante,2PC_visitante,2PT_visitante,2P%_visitante,LLC_visitante,LLT_visitante,LL%_visitante,EN_visitante,BR_visitante,B/E_visitante,TO_visitante,FC_visitante,T/FC_visitante,ET_visitante,VI_visitante,EF_visitante
88,90,2015-12-12,10,1,2015-2016,Sesi Franca,Mogi,74.0,23.6,35.733333333333334,14.666666666666666,33.4,9.333333333333334,24.066666666666666,14.8,14.466666666666667,1.153333333333333,7.866666666666666,23.6,32.940000000000005,17.866666666666667,35.2,51.482,14.666666666666666,21.333333333333332,69.416,1.9333333333333333,9.266666666666667,0.7026666666666667,2.8,22.733333333333334,0.12533333333333332,14.466666666666667,3.066666666666667,80.06666666666666,79.46666666666667,22.0,42.93333333333333,14.533333333333333,37.266666666666666,12.466666666666667,24.8,15.066666666666666,13.4,1.2073333333333334,7.333333333333333,22.733333333333334,32.46666666666667,21.466666666666665,41.06666666666667,53.18866666666666,14.533333333333333,20.266666666666666,72.66533333333334,1.6666666666666667,10.066666666666666,0.7953333333333334,2.2666666666666666,22.733333333333334,0.10733333333333334,13.4,3.2,89.86666666666666
