placar_casa,placar_visitante,data,round,stage,ano,equipe_casa,equipe_visitante,Pts_casa,3P_casa,2P_casa,LL_casa,RT_casa,RO_casa,RD_casa,AS_casa,ER_casa,IA%_casa,3PC_casa,3PT_casa,3P%_casa,2PC_casa,2PT_casa,2P%_casa,LLC_casa,LLT_casa,LL%_casa,EN_casa,BR_casa,B/E_casa,TO_casa,FC_casa,T/FC_casa,ET_casa,VI_casa,EF_casa,Pts_visitante,3P_visitante,2P_visitante,LL_visitante,RT_visitante,RO_visitante,RD_visitante,AS_visitante,ER_visitante,IA%_visitante,3PC_visitante,3PT_visitante,3P%_visitante,2PC_visitante,2PT_visitante,2P%_visitante,LLC_visitante,LLT_visitante,LL%_visitante,EN_visitante,BR_visitante,B/E_visitante,TO_visitante,FC_visitante,T/FC_visitante,ET_visitante,VI_visitante,EF_visitante
77,63,2015-11-13,4,1,2015-2016,Paulistano,Vitória,81.26666666666667,21.8,43.733333333333334,15.733333333333333,37.86666666666667,12.133333333333333,25.733333333333334,13.066666666666666,13.266666666666667,1.1533333333333333,7.266666666666667,20.933333333333334,34.082,21.866666666666667,43.93333333333333,50.17466666666667,15.733333333333333,21.266666666666666,74.16866666666668,1.6,9.866666666666667,0.7946666666666666,0.9333333333333333,20.266666666666666,0.046666666666666676,13.266666666666667,3.8,88.46666666666667,64.33333333333333,12.0,37.333333333333336,15.0,34.333333333333336,10.333333333333334,24.0,8.333333333333334,16.333333333333332,0.53,4.0,16.0,26.80666666666667,18.666666666666668,39.0,48.19333333333333,15.0,21.0,70.83666666666666,1.0,8.0,0.5066666666666667,1.6666666666666667,17.0,0.10000000000000002,16.333333333333332,6.0,62.0
