placar_casa,placar_visitante,data,round,stage,ano,equipe_casa,equipe_visitante,Pts_casa,3P_casa,2P_casa,LL_casa,RT_casa,RO_casa,RD_casa,AS_casa,ER_casa,IA%_casa,3PC_casa,3PT_casa,3P%_casa,2PC_casa,2PT_casa,2P%_casa,LLC_casa,LLT_casa,LL%_casa,EN_casa,BR_casa,B/E_casa,TO_casa,FC_casa,T/FC_casa,ET_casa,VI_casa,EF_casa,Pts_visitante,3P_visitante,2P_visitante,LL_visitante,RT_visitante,RO_visitante,RD_visitante,AS_visitante,ER_visitante,IA%_visitante,3PC_visitante,3PT_visitante,3P%_visitante,2PC_visitante,2PT_visitante,2P%_visitante,LLC_visitante,LLT_visitante,LL%_visitante,EN_visitante,BR_visitante,B/E_visitante,TO_visitante,FC_visitante,T/FC_visitante,ET_visitante,VI_visitante,EF_visitante
68,93,2015-11-06,2,1,2015-2016,Pinheiros,Brasília,84.46666666666667,29.6,41.06666666666667,13.8,35.333333333333336,10.733333333333333,24.6,15.4,12.866666666666667,1.2606666666666668,9.866666666666667,22.666666666666668,43.01866666666667,20.533333333333335,41.93333333333333,49.432,13.8,18.333333333333332,74.75666666666667,1.7333333333333334,7.933333333333334,0.6313333333333334,2.6,21.733333333333334,0.12400000000000001,12.866666666666667,2.6666666666666665,94.13333333333334,86.2,27.8,42.8,15.6,32.333333333333336,9.533333333333333,22.8,16.733333333333334,15.533333333333333,1.1273333333333333,9.266666666666667,21.733333333333334,42.69666666666667,21.4,38.266666666666666,56.662000000000006,15.6,18.6,82.61933333333334,2.3333333333333335,7.466666666666667,0.5466666666666666,3.8,22.2,0.1733333333333333,15.533333333333333,2.4,98.66666666666667
