placar_casa,placar_visitante,data,round,stage,ano,equipe_casa,equipe_visitante,Pts_casa,3P_casa,2P_casa,LL_casa,RT_casa,RO_casa,RD_casa,AS_casa,ER_casa,IA%_casa,3PC_casa,3PT_casa,3P%_casa,2PC_casa,2PT_casa,2P%_casa,LLC_casa,LLT_casa,LL%_casa,EN_casa,BR_casa,B/E_casa,TO_casa,FC_casa,T/FC_casa,ET_casa,VI_casa,EF_casa,Pts_visitante,3P_visitante,2P_visitante,LL_visitante,RT_visitante,RO_visitante,RD_visitante,AS_visitante,ER_visitante,IA%_visitante,3PC_visitante,3PT_visitante,3P%_visitante,2PC_visitante,2PT_visitante,2P%_visitante,LLC_visitante,LLT_visitante,LL%_visitante,EN_visitante,BR_visitante,B/E_visitante,TO_visitante,FC_visitante,T/FC_visitante,ET_visitante,VI_visitante,EF_visitante
88,82,2015-11-17,5,1,2015-2016,Coop/São José Basketball,Rio Claro,74.93333333333334,20.8,42.53333333333333,11.6,34.6,8.933333333333334,25.666666666666668,14.933333333333334,12.6,1.2513333333333334,6.933333333333334,21.4,32.93933333333334,21.266666666666666,40.46666666666667,52.57333333333334,11.6,15.8,73.15599999999999,0.7333333333333333,6.266666666666667,0.5059999999999999,2.6666666666666665,18.866666666666667,0.138,12.6,2.3333333333333335,82.93333333333334,80.26666666666667,24.6,40.8,14.866666666666667,29.8,8.266666666666667,21.533333333333335,17.066666666666666,13.533333333333333,1.3626666666666667,8.2,22.6,35.751999999999995,20.4,37.733333333333334,54.306000000000004,14.866666666666667,19.533333333333335,76.03333333333333,1.7333333333333334,9.533333333333333,0.7619999999999999,1.5333333333333334,21.4,0.07400000000000001,13.533333333333333,3.2666666666666666,88.26666666666667
